Age,Tenure_Months,Monthly_Charges,Total_Charges,Support_Calls,Late_Payments,Usage_Hours,Discount,Complaints,Tenure_to_Age_Ratio,Charges_Deviation,Support_Per_Month,Gender,Contract_Type,Internet_Service,Payment_Method,Churn
58.0,12,69.26,804.63,2,2,164.8,5.0,1,0.2068965160523248,2.207555877036768,0.16666652777789354,Female,One year,Fiber optic,Electronic check,0
46.0,5,78.45,399.23,2,3,160.0,0.0,0,0.10869562854442857,-1.3958403083193929,0.39999920000160005,Male,Two year,Fiber optic,Electronic check,0
39.0,7,28.44,193.36,5,1,136.8,0.0,2,0.17948713346483755,0.817182318310973,0.7142846938790088,Male,Month-to-month,No,Bank transfer (automatic),1
58.0,5,23.34,112.59,1,2,10.0,0.0,2,0.08620688168846867,0.8220450359099267,0.19999960000080003,Male,Two year,No,Electronic check,0
41.0,2,89.11,187.11,0,1,163.0,0.0,0,0.04878047590720099,-4.444532227338868,0.0,Female,Two year,Fiber optic,Mailed check,0
38.0,20,54.37,1052.08,3,0,116.3,10.0,0,0.5263156509695655,1.766026301986848,0.1499999250000375,Female,Month-to-month,Fiber optic,Mailed check,0
68.0,33,48.88,1596.91,0,0,68.4,5.0,0,0.4852940462802873,0.48880254278711277,0.0,Female,Two year,DSL,Bank transfer (automatic),0
64.0,2,93.63,186.63,2,0,120.6,0.0,0,0.03124999511718826,0.31546657266713396,0.9999950000249999,Male,One year,Fiber optic,Bank transfer (automatic),0
18.0,14,59.4,847.88,2,1,138.5,0.0,0,0.7777773456792524,-1.1628138837043736,0.1428570408163994,Female,Two year,Fiber optic,Bank transfer (automatic),0
21.0,47,82.48,4069.42,6,1,112.5,10.0,0,2.2380941723361083,-4.10338583332215,0.1276595473064793,Male,Month-to-month,Fiber optic,Mailed check,1
51.0,72,75.0,5624.34,2,1,119.9,0.0,1,1.4117644290657982,-3.115822483913547,0.027777773919753623,Female,Month-to-month,Fiber optic,Electronic check,0
70.0,11,48.04,522.1,1,0,175.6,15.0,2,0.15714283469388074,0.5764067850847354,0.09090900826453795,Male,Month-to-month,DSL,Bank transfer (automatic),1
73.0,43,85.87,3648.51,1,0,167.5,0.0,1,0.5890410151998609,1.0209499648953653,0.0232558085451608,Male,Two year,Fiber optic,Credit card (automatic),0
73.0,12,87.68,1019.13,0,0,134.6,0.0,0,0.16438353912554257,2.7525707728576947,0.0,Female,Two year,Fiber optic,Electronic check,0
29.0,19,112.29,2139.4,4,2,112.3,0.0,1,0.6551721878716593,-0.30994073687330115,0.21052620498620792,Female,Month-to-month,Fiber optic,Bank transfer (automatic),1
60.0,7,83.54,564.53,3,0,235.4,10.0,0,0.11666664722222546,2.892972352896649,0.4285708163274053,Female,Month-to-month,Fiber optic,Electronic check,1
56.0,68,77.86,5121.42,1,2,165.1,0.0,0,1.2142854974490183,2.545011075733669,0.014705880190311736,Male,One year,Fiber optic,Bank transfer (automatic),0
70.0,19,57.5,1078.57,2,0,219.2,0.0,0,0.27142853265306677,0.7331877720064384,0.10526310249310396,Female,Month-to-month,DSL,Bank transfer (automatic),0
45.0,21,91.1,1866.96,4,0,197.6,0.0,1,0.466666562962986,2.1971851918165726,0.19047609977328583,Male,One year,Fiber optic,Bank transfer (automatic),0
42.0,2,27.08,56.8,4,2,79.7,0.0,0,0.04761903628118183,-1.3198580007099956,1.9999900000499997,Male,One year,No,Credit card (automatic),0
24.0,15,61.74,911.49,1,0,132.6,0.0,0,0.6249997395834419,0.9740405106396608,0.06666662222225185,Male,Month-to-month,DSL,Credit card (automatic),0
67.0,21,91.42,1940.76,1,0,186.3,0.0,0,0.3134327890398822,-0.997098849000551,0.04761902494332146,Male,Month-to-month,Fiber optic,Mailed check,0
20.0,27,29.23,762.54,3,1,152.3,15.0,0,1.3499993250003375,0.9877882378562113,0.11111106995886298,Male,Two year,No,Credit card (automatic),0
35.0,24,64.08,1561.33,5,1,167.8,5.0,1,0.6857140897959743,-0.9753895602543565,0.20833324652781396,Female,One year,DSL,Electronic check,0
68.0,6,75.35,453.9,2,1,111.6,0.0,0,0.08823528114187042,-0.2998739168768054,0.33333277777870374,Male,Month-to-month,Fiber optic,Bank transfer (automatic),0
22.0,72,99.77,6906.07,0,2,143.9,0.0,0,3.272725785124643,3.852374433003561,0.0,Female,One year,Fiber optic,Mailed check,0
43.0,37,62.24,2324.24,2,3,199.4,0.0,0,0.8604649161709497,-0.5772803196539513,0.0540540394448542,Female,Month-to-month,DSL,Electronic check,0
69.0,17,29.37,513.52,1,0,145.1,0.0,0,0.24637677588742377,-0.8370410546817304,0.058823494809708936,Male,Two year,No,Bank transfer (automatic),0
69.0,8,18.18,139.15,0,1,137.6,10.0,0,0.11594201218231708,0.78627174216032,0.0,Male,Month-to-month,No,Bank transfer (automatic),1
64.0,8,29.72,233.97,0,0,109.7,15.0,0,0.12499998046875305,0.47378655776680034,0.0,Female,Month-to-month,No,Mailed check,1
48.0,6,56.02,328.04,2,2,179.8,15.0,0,0.12499997395833876,1.3467577887370155,0.33333277777870374,Female,One year,DSL,Mailed check,0
67.0,42,57.46,2295.0,2,0,98.3,5.0,0,0.6268655780797644,2.8171558673438426,0.04761903628118183,Male,Month-to-month,DSL,Mailed check,0
45.0,13,18.0,223.58,7,0,124.1,20.0,1,0.2888888246913723,0.8015516911140814,0.5384611242606736,Female,One year,No,Credit card (automatic),0
48.0,9,27.75,252.44,0,1,163.3,0.0,1,0.18749996093750812,-0.2988577234914196,0.0,Male,Month-to-month,No,Mailed check,1
33.0,33,60.36,2041.67,3,1,180.7,5.0,0,0.9999996969697887,-1.508769130676015,0.09090906336088989,Male,Two year,DSL,Mailed check,0
41.0,4,102.08,401.03,2,0,93.6,5.0,0,0.09756095181440198,1.8227506431233849,0.49999875000312505,Female,Month-to-month,Fiber optic,Credit card (automatic),1
48.0,22,92.59,2084.01,1,2,205.3,5.0,0,0.45833323784724206,-2.1376842146890027,0.04545452479339782,Male,One year,Fiber optic,Mailed check,0
37.0,48,24.84,1207.53,0,2,140.6,5.0,0,1.2972969466765008,-0.3168697589854652,0.0,Male,One year,No,Bank transfer (automatic),0
67.0,12,42.16,505.88,1,0,146.9,0.0,1,0.1791044508799327,0.0033684638596085392,0.08333326388894677,Male,One year,DSL,Electronic check,0
46.0,10,65.18,620.88,2,0,172.0,0.0,1,0.21739125708885715,3.0920620879379186,0.1999998000002,Female,One year,DSL,Mailed check,0
29.0,9,61.45,546.83,1,1,186.9,5.0,0,0.310344720570786,0.6911786209126376,0.11111098765445816,Male,Month-to-month,DSL,Electronic check,1
32.0,1,55.05,55.1,3,0,143.4,0.0,0,0.03124999023437805,-0.04944900550994902,2.9999700002999967,Female,One year,DSL,Mailed check,0
54.0,4,24.86,102.83,3,0,71.0,0.0,0,0.07407406035665548,-0.8474357314106733,0.7499981250046875,Female,One year,No,Mailed check,0
44.0,1,79.05,79.54,1,0,248.3,0.0,1,0.022727267561984642,-0.48920460795392273,0.9999900000999989,Female,Two year,Fiber optic,Mailed check,0
41.0,27,66.56,1886.64,2,2,140.7,5.0,0,0.6585364247472134,-3.315529675729749,0.07407404663924198,Male,Two year,DSL,Electronic check,0
61.0,23,57.92,1277.62,1,2,79.1,0.0,0,0.37704911851653794,2.371328499422397,0.043478241965981754,Female,Month-to-month,DSL,Credit card (automatic),0
68.0,27,57.0,1614.92,5,1,147.1,15.0,0,0.39705876513841687,-2.811829699322338,0.18518511659810497,Female,Month-to-month,DSL,Bank transfer (automatic),1
49.0,6,102.23,604.11,3,1,148.4,0.0,0,0.12244895460225415,1.5451678080536482,0.4999991666680556,Male,One year,Fiber optic,Bank transfer (automatic),0
29.0,39,94.92,3830.63,1,0,101.8,0.0,0,1.344827122473406,-3.3012568663443886,0.025641019066405365,Female,Month-to-month,Fiber optic,Electronic check,1
23.0,14,47.33,639.93,1,1,59.0,0.0,2,0.6086953875237445,1.6207469351807617,0.0714285204081997,Male,Month-to-month,DSL,Bank transfer (automatic),1
26.0,41,71.51,2910.65,2,1,236.8,0.0,2,1.5769224704144345,0.518553900352714,0.04878047590720099,Male,Month-to-month,Fiber optic,Mailed check,1
45.0,21,37.03,741.36,3,2,240.2,15.0,0,0.466666562962986,1.7271596680192047,0.14285707482996438,Male,One year,DSL,Electronic check,0
38.0,27,52.32,1457.71,2,0,85.3,0.0,1,0.7105261288089134,-1.6692392632447195,0.07407404663924198,Female,Two year,DSL,Credit card (automatic),0
27.0,10,18.09,182.03,5,1,171.6,0.0,0,0.37037023319620993,-0.11298179701820388,0.49999950000050003,Male,One year,No,Electronic check,0
22.0,62,57.75,3547.66,4,0,83.4,0.0,0,2.8181805371906647,0.5296866484376395,0.06451611862643247,Female,One year,DSL,Bank transfer (automatic),0
52.0,5,40.53,210.55,0,0,128.8,0.0,1,0.09615382766272544,-1.5799157801684416,0.0,Female,Two year,DSL,Bank transfer (automatic),0
68.0,40,81.12,3265.03,2,1,145.8,5.0,0,0.5882352076124694,-0.5057295935675938,0.04999998750000312,Female,Month-to-month,Fiber optic,Credit card (automatic),0
64.0,6,73.54,442.7,0,2,112.8,0.0,0,0.09374998535156479,-0.24321036131605922,0.0,Female,One year,Fiber optic,Mailed check,0
67.0,72,55.94,3961.98,2,0,179.7,0.0,0,1.0746267052795961,0.9125076427072685,0.027777773919753623,Female,Month-to-month,DSL,Electronic check,0
42.0,24,64.36,1490.27,3,1,213.2,0.0,0,0.571428435374182,2.26544253939894,0.12499994791668836,Male,Month-to-month,DSL,Electronic check,0
32.0,43,55.74,2510.37,0,4,170.5,0.0,0,1.3437495800782562,-2.6406840975153187,0.0,Male,Month-to-month,DSL,Credit card (automatic),0
39.0,16,40.16,644.36,1,1,140.1,0.0,0,0.41025630506248584,-0.1124748297032383,0.06249996093752441,Male,Two year,DSL,Mailed check,0
54.0,23,52.53,1204.41,3,0,161.6,10.0,0,0.425925847050769,0.16437059375191154,0.13043472589794528,Male,Month-to-month,DSL,Mailed check,0
68.0,9,61.25,548.37,3,0,110.5,0.0,0,0.13235292171280563,0.32006769992477757,0.3333329629633745,Male,One year,DSL,Bank transfer (automatic),0
54.0,33,47.35,1623.92,3,0,214.6,0.0,0,0.6111109979424078,-1.859682057672103,0.09090906336088989,Male,Two year,DSL,Bank transfer (automatic),0
71.0,72,68.65,4966.3,2,1,167.6,0.0,0,1.0140843642134698,-0.32637930883619504,0.027777773919753623,Female,Month-to-month,DSL,Electronic check,0
51.0,41,71.97,2887.69,2,0,223.4,0.0,1,0.8039214109958017,1.538553763767382,0.04878047590720099,Male,Month-to-month,Fiber optic,Electronic check,0
53.0,8,76.8,638.52,1,2,139.8,5.0,0,0.15094336774653438,-3.0149002313747104,0.12499984375019532,Female,Two year,Fiber optic,Credit card (automatic),0
52.0,10,28.45,282.85,1,1,136.4,5.0,2,0.19230765532545088,0.16502828497171151,0.0999999000001,Female,Month-to-month,No,Electronic check,1
39.0,35,65.74,2401.2,2,0,92.8,10.0,0,0.8974356673241878,-2.865694684087231,0.05714284081633119,Male,Month-to-month,Fiber optic,Electronic check,0
24.0,27,88.77,2437.56,1,0,79.9,0.0,0,1.1249995312501953,-1.5099665629753503,0.03703702331962099,Female,One year,Fiber optic,Electronic check,0
52.0,6,85.36,501.88,1,0,120.0,0.0,1,0.11538459319527053,1.7134727442120834,0.16666638888935187,Female,Month-to-month,Fiber optic,Mailed check,1
31.0,36,99.22,3577.95,1,0,184.2,5.0,0,1.1612899479709846,-0.1674723923687651,0.027777770061730538,Male,One year,Fiber optic,Mailed check,0
18.0,23,18.0,416.16,1,2,133.6,0.0,0,1.277777067901629,-0.09390517656296637,0.043478241965981754,Male,Month-to-month,No,Electronic check,0
31.0,26,84.87,2205.41,1,0,140.8,15.0,0,0.8387094068679333,0.04657108593420389,0.03846152366864474,Female,One year,Fiber optic,Electronic check,0
48.0,8,33.8,265.47,0,0,83.2,0.0,2,0.16666663194445167,0.6162914796356418,0.0,Male,Month-to-month,No,Bank transfer (automatic),1
26.0,1,52.66,53.8,1,1,67.2,0.0,1,0.03846152366864474,-1.13946200537994,0.9999900000999989,Male,One year,DSL,Electronic check,0
74.0,13,51.85,672.13,3,0,110.0,5.0,1,0.1756756519357227,0.14773207866763016,0.23076905325457442,Male,Month-to-month,DSL,Credit card (automatic),0
32.0,26,98.35,2551.18,1,3,171.3,0.0,0,0.8124997460938292,0.2277300470269097,0.03846152366864474,Male,Month-to-month,Fiber optic,Electronic check,0
49.0,33,102.09,3327.82,3,1,117.4,10.0,2,0.6734692503123979,1.2470002554544806,0.09090906336088989,Male,One year,Fiber optic,Mailed check,0
47.0,8,75.78,585.74,1,0,138.1,5.0,1,0.17021272974197238,2.562591521760595,0.12499984375019532,Male,Month-to-month,Fiber optic,Electronic check,1
57.0,35,28.93,1043.07,3,0,88.2,10.0,1,0.6140349799938631,-0.871991485145287,0.08571426122449678,Female,One year,No,Mailed check,0
52.0,15,60.05,945.22,4,0,231.5,15.0,1,0.2884614829881763,-2.9646246569169037,0.2666664888890074,Male,Two year,DSL,Bank transfer (automatic),0
-4.0,13,45.67,591.6,2,0,197.2,0.0,0,-3.2500081250203126,0.16234269819792502,0.15384603550304962,Female,One year,DSL,Credit card (automatic),0
21.0,16,97.35,1574.28,2,0,153.3,5.0,0,0.7619043990931433,-1.0424385047259364,0.12499992187504883,Male,Two year,Fiber optic,Mailed check,0
73.0,25,72.24,1758.81,2,1,60.6,0.0,1,0.34246570651154706,1.8876281409487348,0.0799999680000128,Female,One year,Fiber optic,Credit card (automatic),0
73.0,16,60.93,998.94,0,2,130.1,0.0,0,0.2191780521673901,-1.5037109789306413,0.0,Female,One year,DSL,Electronic check,0
21.0,2,81.07,169.06,4,0,92.6,5.0,0,0.09523804988664292,-3.459577352113243,1.9999900000499997,Female,Two year,Fiber optic,Electronic check,0
19.0,61,28.49,1822.33,1,2,95.7,10.0,0,3.2105246260396707,-1.3842573976627222,0.016393439935501648,Male,Month-to-month,No,Credit card (automatic),0
34.0,50,57.66,2864.05,3,0,216.8,0.0,2,1.4705878027682933,0.37901145619770205,0.0599999880000024,Male,Month-to-month,DSL,Bank transfer (automatic),0
51.0,27,72.48,1969.41,0,1,188.6,0.0,1,0.5294116608996743,-0.46108409589477617,0.0,Male,Month-to-month,Fiber optic,Bank transfer (automatic),0
67.0,14,105.49,1452.69,1,1,139.1,0.0,2,0.2089551926932548,1.7265026882123493,0.0714285204081997,Male,One year,Fiber optic,Electronic check,1
64.0,30,67.59,2065.67,4,2,147.3,5.0,0,0.4687499267578239,-1.2656437147854263,0.1333332888889037,Female,One year,Fiber optic,Mailed check,0
61.0,12,60.44,745.24,3,2,69.7,0.0,1,0.19672127922601979,-1.6632815805986851,0.24999979166684028,Male,Month-to-month,DSL,Electronic check,0
43.0,30,81.6,2412.87,0,0,136.8,0.0,3,0.697674256354824,1.1710268096577323,0.0,Male,One year,Fiber optic,Electronic check,0
23.0,32,63.79,2074.04,4,0,129.3,0.0,0,1.3913037429114161,-1.0237297457094527,0.1249999609375122,Male,Month-to-month,DSL,Electronic check,1
46.0,24,22.97,548.19,6,2,128.6,20.0,1,0.5217390170132571,0.12875951718353207,0.24999989583337673,Male,Month-to-month,No,Electronic check,1
72.0,22,52.6,1119.69,1,0,153.7,10.0,0,0.30555551311728985,1.7050231340803919,0.04545452479339782,Female,Month-to-month,DSL,Bank transfer (automatic),0
26.0,3,85.96,262.94,0,0,157.7,10.0,1,0.11538457100593423,-1.6863745120849671,0.0,Female,Month-to-month,Fiber optic,Bank transfer (automatic),1
53.0,72,38.03,2770.32,6,0,121.9,5.0,0,1.3584903097188095,-0.4466613226859266,0.08333332175926086,Female,Month-to-month,DSL,Mailed check,1
33.0,46,104.26,4866.04,3,0,145.1,5.0,1,1.3939389715336448,-1.5234552644662358,0.06521737712665714,Female,Month-to-month,Fiber optic,Bank transfer (automatic),0
54.0,51,47.59,2367.63,1,1,113.9,0.0,0,0.9444442695473574,1.165891455707559,0.01960783929258053,Male,One year,DSL,Mailed check,0
69.0,59,20.47,1204.68,2,1,138.2,0.0,1,0.8550723398445884,0.051698375983324496,0.0338982993392713,Male,One year,No,Electronic check,0
51.0,5,23.12,118.9,2,1,151.0,5.0,0,0.09803919646290264,-0.6599524400951218,0.39999920000160005,Male,Month-to-month,No,Bank transfer (automatic),1
32.0,7,46.21,328.24,1,2,136.4,0.0,0,0.21874993164064635,-0.6813615837691671,0.14285693877580175,Female,Month-to-month,DSL,Bank transfer (automatic),1
53.0,34,30.26,1006.92,2,1,141.6,20.0,0,0.6415093129227711,0.6447145927310061,0.058823512110731724,Male,Month-to-month,No,Credit card (automatic),0
22.0,59,89.11,5338.14,4,0,106.3,10.0,0,2.6818169628104713,-1.3669338174688477,0.0677965986785426,Female,Month-to-month,Fiber optic,Bank transfer (automatic),1
68.0,27,36.84,953.86,0,0,155.1,10.0,0,0.39705876513841687,1.5118649363463206,0.0,Male,Two year,DSL,Mailed check,0
19.0,4,74.24,291.57,3,0,159.0,5.0,1,0.21052620498620792,1.347682230794419,0.7499981250046875,Male,One year,Fiber optic,Mailed check,0
46.0,33,53.53,1704.79,0,0,117.4,0.0,0,0.7173911483932286,1.869712624329516,0.0,Female,Two year,DSL,Mailed check,0
74.0,36,20.19,722.49,0,0,146.7,0.0,1,0.48648642074507825,0.12083890810030695,0.0,Female,Month-to-month,No,Electronic check,0
21.0,58,77.24,4266.74,2,0,118.0,5.0,0,2.7619034467126444,3.6755299249086306,0.03448275267538747,Female,Two year,Fiber optic,Electronic check,0
23.0,3,48.94,151.17,1,2,218.9,5.0,0,0.13043472589794528,-1.449832033893216,0.3333322222259259,Male,Month-to-month,DSL,Bank transfer (automatic),1
55.0,7,97.79,666.11,3,1,126.2,0.0,0,0.1272727041322356,2.6315645120507014,0.4285708163274053,Female,One year,Fiber optic,Electronic check,0
47.0,2,54.69,108.72,1,1,106.0,15.0,0,0.042553182435493095,0.3302717986410073,0.49999750001249993,Female,Month-to-month,DSL,Credit card (automatic),0
51.0,67,85.45,5645.93,1,0,167.4,0.0,0,1.3137252326028954,1.182400636955137,0.014925370906661057,Male,Month-to-month,Fiber optic,Electronic check,0
37.0,13,23.47,314.04,5,0,20.4,15.0,0,0.3513512563915523,-0.6869044946888536,0.38461508875762407,Male,Two year,No,Electronic check,0
58.0,63,59.92,3827.89,0,0,153.8,15.0,2,1.0862067092747052,-0.8401490856906122,0.0,Male,Month-to-month,DSL,Electronic check,0
36.0,28,71.65,2087.15,5,0,132.0,15.0,1,0.777777561728455,-2.891044806769713,0.17857136479594116,Female,Month-to-month,Fiber optic,Mailed check,1
73.0,22,31.98,690.27,0,1,149.1,5.0,0,0.3013698217301614,0.6041051708612883,0.0,Male,One year,No,Electronic check,0
66.0,47,89.21,4288.03,2,0,113.1,15.0,2,0.712121104224075,-2.0246614394337286,0.042553182435493095,Female,Month-to-month,Fiber optic,Credit card (automatic),0
62.0,43,74.85,3109.93,5,1,119.3,15.0,0,0.6935482752341491,2.526063331148066,0.11627904272580401,Male,Month-to-month,DSL,Bank transfer (automatic),1
46.0,6,22.13,139.32,5,1,116.5,15.0,0,0.13043475425331427,-1.0899613000645019,0.8333319444467593,Female,One year,No,Bank transfer (automatic),0
27.0,14,51.2,720.94,0,3,110.9,0.0,0,0.5185183264746939,-0.2956775030875036,0.0,Male,Two year,DSL,Mailed check,0
46.0,16,96.23,1542.08,1,2,26.3,0.0,0,0.34782601134217145,-0.14993976253764174,0.06249996093752441,Male,Month-to-month,Fiber optic,Mailed check,0
58.0,8,100.67,780.59,3,0,165.9,0.0,1,0.13793101070154987,3.09637196703504,0.37499953125058594,Female,Month-to-month,Fiber optic,Mailed check,1
52.0,35,48.32,1647.99,3,1,109.9,0.0,0,0.6730767936390781,1.2345848815471783,0.08571426122449678,Male,Month-to-month,DSL,Mailed check,0
43.0,17,86.87,1435.35,2,0,63.1,0.0,0,0.3953487452677336,2.4376967248842902,0.11764698961941787,Male,One year,Fiber optic,Bank transfer (automatic),0
68.0,68,28.32,1862.22,2,1,84.6,0.0,1,0.9999998529411981,0.9344157919976794,0.029411760380623472,Female,Month-to-month,No,Mailed check,0
18.0,15,55.19,811.22,0,1,147.7,0.0,0,0.8333328703706276,1.108702720864848,0.0,Female,One year,DSL,Bank transfer (automatic),0
73.0,42,54.36,2182.21,3,0,184.0,0.0,0,0.575342386939399,2.4026314184210946,0.07142855442177275,Female,Two year,DSL,Electronic check,0
45.0,43,35.88,1560.94,4,0,112.2,10.0,1,0.9555553432099236,-0.42092179048329825,0.0930232341806432,Male,One year,DSL,Electronic check,0
70.0,22,62.9,1450.12,2,1,138.8,0.0,3,0.3142856693877615,-3.014515493402051,0.09090904958679565,Female,Two year,DSL,Bank transfer (automatic),0
39.0,2,61.16,126.31,0,0,126.6,0.0,2,0.05128203813281073,-1.994684226578869,0.0,Female,Month-to-month,DSL,Credit card (automatic),0
25.0,22,42.76,940.32,0,0,104.6,0.0,1,0.8799996480001409,0.018201246272155913,0.0,Male,One year,DSL,Bank transfer (automatic),0
48.0,44,39.62,1763.21,0,1,86.3,15.0,1,0.9166664756944841,-0.452945437966946,0.0,Female,Month-to-month,DSL,Mailed check,0
58.0,8,60.26,490.05,1,0,84.9,10.0,1,0.13793101070154987,-0.9961734297832194,0.12499984375019532,Female,One year,Fiber optic,Bank transfer (automatic),0
37.0,25,58.76,1465.71,2,1,199.8,5.0,0,0.6756754930606775,0.13162345135061315,0.0799999680000128,Male,Month-to-month,DSL,Mailed check,0
63.0,20,21.65,420.77,0,0,164.9,0.0,0,0.31746026706979885,0.6115105192447388,0.0,Male,month-to-month,No,Electronic check,0
59.0,27,83.37,2279.03,4,1,162.8,10.0,0,0.4576270410801625,-1.038487256115829,0.14814809327848397,Female,Month-to-month,Fiber optic,Mailed check,1
36.0,4,94.51,385.08,1,1,138.4,10.0,1,0.11111108024692215,-1.7597593256016921,0.24999937500156252,Male,Month-to-month,Fiber optic,Credit card (automatic),1
22.0,50,22.56,1140.43,1,1,151.8,0.0,0,2.272726239669891,-0.2485954382809119,0.019999996000000797,Male,Two year,No,Bank transfer (automatic),0
29.0,11,81.87,931.23,2,0,214.1,0.0,0,0.37931021403096066,-2.7871957661856612,0.1818180165290759,Male,Two year,Fiber optic,Bank transfer (automatic),0
40.0,65,24.99,1625.77,5,0,146.2,0.0,0,1.6249995937501014,-0.02184230587041469,0.07692306508875921,Male,Two year,No,Electronic check,0
27.0,53,27.98,1547.96,3,2,126.5,10.0,1,1.9629622359399126,-1.2267869421156696,0.056603762904950394,Male,Month-to-month,No,Mailed check,0
73.0,55,49.68,2643.88,3,1,157.5,0.0,1,0.7534245543254035,1.6094632855521311,0.05454544462810097,Male,Month-to-month,DSL,Electronic check,0
19.0,23,28.58,640.22,0,0,70.1,5.0,0,1.2105256786706955,0.7443599285391578,0.0,Female,Month-to-month,No,Bank transfer (automatic),0
37.0,12,55.17,694.78,1,0,144.6,20.0,0,0.3243242366691252,-2.728285084762426,0.08333326388894677,Male,Month-to-month,DSL,Electronic check,0
32.0,18,58.59,1063.82,1,2,168.2,15.0,0,0.5624998242188048,-0.5110782771787257,0.055555524691375174,Male,Month-to-month,DSL,Credit card (automatic),0
42.0,4,28.31,112.0,1,0,119.5,0.0,0,0.09523807256236366,0.3100699998249965,0.24999937500156252,Female,Two year,No,Mailed check,0
29.0,49,55.35,2759.92,1,0,145.1,0.0,0,1.6896545897742794,-0.9748864643088808,0.020408159100375693,Female,Two year,DSL,Electronic check,0
55.0,1,55.49,52.98,3,0,83.9,5.0,0,0.018181814876033656,2.510529794702059,2.9999700002999967,Male,Month-to-month,DSL,Mailed check,1
46.0,8,87.55,722.63,0,0,146.0,0.0,1,0.17391300567108572,-2.7786370892036416,0.0,Male,Two year,Fiber optic,Mailed check,0
38.0,26,49.85,1243.77,2,0,122.1,10.0,0,0.6842103462604351,2.0127107066497274,0.07692304733728948,Male,Month-to-month,DSL,Bank transfer (automatic),0
64.0,27,84.36,2251.88,3,3,86.1,5.0,1,0.4218749340820415,0.9570679270118774,0.11111106995886298,Male,One year,Fiber optic,Mailed check,0
40.0,18,77.91,1404.59,0,2,43.2,0.0,0,0.44999988750002806,-0.12273442625864561,0.0,Male,Month-to-month,Fiber optic,Mailed check,0
35.0,28,91.4,2589.88,1,2,75.3,5.0,1,0.7999997714286367,-1.0956812515424161,0.03571427295918823,Male,One year,Fiber optic,Mailed check,0
74.0,18,21.71,386.73,1,0,55.8,0.0,0,0.24324321037253913,0.22501193610447956,0.055555524691375174,Male,Month-to-month,No,Bank transfer (automatic),0
62.0,36,29.57,1080.08,1,0,96.6,0.0,1,0.5806450676378923,-0.43221388827391394,0.027777770061730538,Male,Month-to-month,No,Electronic check,0
71.0,68,59.59,4012.54,2,0,132.0,20.0,0,0.9577463439793882,0.5820675011665486,0.029411760380623472,Female,Month-to-month,DSL,Mailed check,0
46.0,38,76.4,3016.47,2,4,135.2,0.0,0,0.8260867769376571,-2.9807685840082456,0.05263156509695655,Female,Month-to-month,Fiber optic,Bank transfer (automatic),0
49.0,70,54.63,3900.96,2,3,73.8,15.0,1,1.4285711370262986,-1.0979920388582727,0.0285714244897965,Male,Month-to-month,DSL,Bank transfer (automatic),0
45.0,9,82.41,778.36,0,0,171.1,10.0,0,0.1999999555555654,-4.074348350724065,0.0,Male,Month-to-month,Fiber optic,Electronic check,1
46.0,39,21.1,822.22,0,1,163.8,5.0,0,0.8478259026465429,0.017441303220181226,0.0,Male,Month-to-month,No,Bank transfer (automatic),0
67.0,38,71.11,2621.64,1,1,62.0,0.0,0,0.5671640944531202,2.11949183960742,0.026315782548478276,Male,month-to-month,Fiber optic,Credit card (automatic),0
50.0,41,31.98,1247.85,1,0,88.1,20.0,1,0.8199998360000328,1.544641569599623,0.024390237953600496,Female,Month-to-month,No,Credit card (automatic),0
46.0,36,18.0,642.57,4,0,41.6,5.0,2,0.7826085255198857,0.15083829143380711,0.11111108024692215,Male,One year,No,Credit card (automatic),0
72.0,21,80.77,1696.17,2,0,120.7,0.0,0,0.291666626157413,3.846188643308324e-05,0.09523804988664292,Male,Two year,Fiber optic,Credit card (automatic),0
73.0,6,49.95,292.2,2,0,112.6,0.0,2,0.08219176956277129,1.2500811665313876,0.33333277777870374,Female,Month-to-month,DSL,Bank transfer (automatic),1
44.0,10,86.62,851.48,0,0,145.2,20.0,1,0.22727267561984643,1.4720851479148536,0.0,Male,One year,Fiber optic,Bank transfer (automatic),0
74.0,14,59.33,819.84,2,1,145.7,0.0,0,0.189189163623086,0.7700418285415438,0.1428570408163994,Female,Month-to-month,DSL,Electronic check,0
55.0,14,53.77,753.38,0,0,175.5,15.0,0,0.2545454082644712,-0.042818705129491264,0.0,Male,Two year,DSL,Electronic check,0
65.0,2,31.96,61.86,4,0,190.9,5.0,0,0.030769226035503687,1.0301546492267555,1.9999900000499997,Female,Two year,No,Mailed check,0
64.0,42,97.9,4069.75,3,2,115.3,0.0,0,0.6562498974609535,1.0012135473301242,0.07142855442177275,Male,Two year,Fiber optic,Mailed check,0
39.0,29,21.68,656.74,0,2,170.9,5.0,0,0.7435895529257556,-0.9661990875175555,0.0,Female,One year,No,Electronic check,0
24.0,11,93.14,1045.31,1,1,212.6,0.0,0,0.4583331423611907,-1.888095429004153,0.09090900826453795,Male,Month-to-month,Fiber optic,Mailed check,1
51.0,52,60.85,3301.76,3,0,139.7,5.0,1,1.0196076432141876,-2.6453724047360723,0.057692296597635265,Male,Month-to-month,DSL,Mailed check,0
42.0,34,23.96,798.59,3,2,142.7,0.0,2,0.8095236167800912,0.47206573174537425,0.08823526816609759,Male,One year,No,Mailed check,0
26.0,10,22.79,233.03,1,1,172.7,10.0,1,0.3846152366864474,-0.512976697023305,0.0999999000001,Female,Two year,No,Mailed check,0
37.0,16,101.15,1587.91,2,0,109.6,0.0,1,0.4324323155588336,1.9056870276956062,0.12499992187504883,Male,Month-to-month,Fiber optic,Credit card (automatic),0
26.0,2,75.43,144.52,3,0,110.9,20.0,0,0.07692304733728948,3.1703612981935123,1.4999925000374998,Male,Two year,Fiber optic,Electronic check,0
50.0,20,21.54,435.93,3,0,175.1,15.0,0,0.399999920000016,-0.25648910175545225,0.1499999250000375,Female,One year,No,Credit card (automatic),0
34.0,72,89.28,6246.77,3,2,126.5,15.0,0,2.1176464359863423,2.519317605650329,0.04166666087963043,Female,One year,Fiber optic,Electronic check,0
65.0,21,45.7,995.15,2,0,120.8,15.0,0,0.3230768733727887,-1.688072672346344,0.09523804988664292,Female,Month-to-month,DSL,Mailed check,0
19.0,20,26.84,515.35,5,0,120.5,0.0,0,1.0526310249310395,1.0725128837435562,0.24999987500006252,Female,Two year,No,Credit card (automatic),0
45.0,61,92.18,5809.51,2,2,175.9,0.0,0,1.3555552543210545,-3.057853239696186,0.032786879871003295,Male,Month-to-month,Fiber optic,Bank transfer (automatic),0
32.0,2,100.41,193.18,3,1,100.0,10.0,0,0.0624999804687561,3.820482947585262,1.4999925000374998,Female,Month-to-month,Fiber optic,Mailed check,1
56.0,2,59.34,117.4,1,1,182.2,5.0,0,0.03571427933673583,0.6402934985325075,0.49999750001249993,Male,Month-to-month,DSL,Electronic check,1
46.0,23,95.96,2257.13,2,1,151.5,0.0,0,0.49999989130437145,-2.176044288676408,0.08695648393196351,Female,Month-to-month,Fiber optic,Electronic check,0
50.0,23,90.13,2070.49,1,1,140.5,15.0,1,0.4599999080000184,0.10873479185444523,0.043478241965981754,Female,Month-to-month,Fiber optic,Credit card (automatic),0
50.0,49,23.56,1129.19,2,1,126.5,20.0,0,0.9799998040000392,0.5153108254467682,0.040816318200751385,Female,One year,No,Mailed check,0
74.0,1,78.31,76.57,1,2,136.3,20.0,0,0.013513511687363285,1.7407656923430892,0.9999900000999989,Male,Month-to-month,Fiber optic,Mailed check,1
37.0,14,63.739999999999995,1119.94,2,1,107.9,0.0,0,0.3783782761139794,-16.25565714595919,0.1428570408163994,Female,Month-to-month,Fiber optic,Bank transfer (automatic),0
18.0,16,28.92,468.85,1,1,69.0,5.0,1,0.8888883950620028,-0.38310668555832095,0.06249996093752441,Female,One year,No,Credit card (automatic),0
32.0,7,94.04,652.94,2,0,75.4,15.0,0,0.21874993164064635,0.7629903957279964,0.2857138775516035,Male,One year,Fiber optic,Electronic check,0
69.0,61,52.75,3111.24,1,4,231.3,0.0,0,0.8840578428901676,1.7460739350698518,0.016393439935501648,Female,One year,DSL,Electronic check,0
39.0,1,46.55,44.51,1,0,142.0,0.0,0,0.025641019066405365,2.040445095549046,0.9999900000999989,Female,Month-to-month,DSL,Electronic check,1
37.0,1,29.35,28.51,4,1,149.5,0.0,0,0.0270270197224271,0.8402850971490317,3.9999600003999958,Male,Two year,No,Mailed check,0
31.0,1,31.05,31.51,1,0,223.6,0.0,0,0.03225805411030513,-0.45968490315096844,0.9999900000999989,Male,Month-to-month,No,Electronic check,1
74.0,1,55.22,56.92,4,0,167.2,5.0,1,0.013513511687363285,-1.6994308056919394,3.9999600003999958,Female,Month-to-month,DSL,Electronic check,1
29.0,34,45.82,1616.21,2,2,112.0,0.0,0,1.1724133888229693,-1.7155742542428598,0.058823512110731724,Female,Two year,DSL,Electronic check,0
37.0,19,89.81,1668.79,0,0,160.0,0.0,0,0.5135133747261149,1.9789935952665303,0.0,Female,Month-to-month,Fiber optic,Bank transfer (automatic),0
40.0,4,52.54,219.31,2,1,153.1,0.0,0,0.09999997500000624,-2.287362931592675,0.49999875000312505,Male,Two year,DSL,Credit card (automatic),0
41.0,45,77.46,3657.92,3,0,186.2,10.0,0,1.0975607079120224,-3.8270930473126583,0.06666665185185514,Female,Month-to-month,Fiber optic,Mailed check,0
67.0,3,18.0,53.34,0,1,64.4,0.0,1,0.04477611271998318,0.22005926646911078,0.0,Female,Month-to-month,No,Mailed check,1
72.0,6,20.25,126.36,0,0,119.1,5.0,0,0.08333332175926086,-0.8099649000584996,0.0,Female,One year,No,Electronic check,0
70.0,22,53.73,1126.21,2,0,185.1,5.0,1,0.3142856693877615,2.538659632427432,0.09090904958679565,Female,One year,DSL,Electronic check,0
50.0,27,57.62,1542.09,1,0,182.7,10.0,0,0.5399998920000215,0.5055767090456627,0.03703702331962099,Male,Two year,DSL,Electronic check,0
62.0,43,37.38,1657.29,1,1,111.4,5.0,1,0.6935482752341491,-1.1616189438095432,0.0232558085451608,Male,Month-to-month,No,Electronic check,0
59.0,12,79.84,913.91,4,1,96.7,0.0,0,0.2033897960356278,3.6808967992526647,0.33333305555578707,Male,Month-to-month,Fiber optic,Credit card (automatic),1
68.0,5,79.11,407.97,3,1,138.5,5.0,0,0.07352940095155867,-2.4838368123263876,0.5999988000024,Female,Two year,Fiber optic,Bank transfer (automatic),0
54.0,3,73.27,210.96,0,2,140.8,0.0,2,0.05555554526749162,2.950234399218658,0.0,Female,One year,Fiber optic,Electronic check,0
35.0,4,96.14,370.38,3,0,132.2,0.0,1,0.11428568163266238,3.5452314869212813,0.7499981250046875,Female,Month-to-month,Fiber optic,Credit card (automatic),1
62.0,12,28.38,336.24,0,0,158.8,0.0,1,0.19354835587929742,0.36002334998054053,0.0,Male,Month-to-month,No,Electronic check,0
68.0,1,94.11,94.62,4,0,214.3,0.0,0,0.014705880190311736,-0.5090538094619035,3.9999600003999958,Male,Month-to-month,Fiber optic,Electronic check,1
56.0,8,21.91,180.49,2,1,169.5,0.0,0,0.1428571173469433,-0.6512217984727542,0.24999968750039064,Female,Month-to-month,No,Mailed check,1
21.0,27,96.78,2695.96,1,0,134.2,0.0,1,1.2857136734696792,-3.0703333887654196,0.03703702331962099,Female,Two year,Fiber optic,Mailed check,0
28.0,1,49.51,51.83,3,2,88.1,0.0,3,0.03571427295918823,-2.3194817051829446,2.9999700002999967,Female,Two year,DSL,Credit card (automatic),0
65.0,45,32.3,1407.18,2,0,157.6,20.0,0,0.6923075857988329,1.0293402823688247,0.044444434567903424,Female,Two year,No,Electronic check,0
27.0,11,70.64,738.44,2,1,182.2,5.0,0,0.40740725651583093,3.5091519371345896,0.1818180165290759,Male,Month-to-month,Fiber optic,Bank transfer (automatic),1
57.0,18,30.46,548.02,3,0,144.3,20.0,0,0.3157894182825582,0.014461358632580357,0.16666657407412552,Female,Month-to-month,No,Electronic check,0
56.0,24,82.36,2073.41,1,1,169.8,0.0,0,0.42857135204082997,-4.03204733664694,0.04166664930556279,Male,Month-to-month,DSL,Credit card (automatic),0
41.0,4,88.53,343.28,0,1,197.4,0.0,1,0.09756095181440198,2.710214549463629,0.0,Female,Two year,Fiber optic,Electronic check,0
19.0,29,79.43,2286.99,1,0,205.0,5.0,0,1.5263149861500074,0.5683030557575819,0.03448274673008733,Female,Two year,Fiber optic,Electronic check,0
54.0,21,91.85,1965.11,2,0,166.5,15.0,0,0.3888888168724413,-1.726622106370428,0.09523804988664292,Male,Month-to-month,Fiber optic,Electronic check,0
72.0,20,27.99,533.11,0,0,126.8,0.0,0,0.27777773919753623,1.334513327743334,0.0,Male,One year,No,Credit card (automatic),0
27.0,16,59.09,975.39,2,0,204.3,0.0,0,0.5925923731139359,-1.8718368988519387,0.12499992187504883,Female,Two year,DSL,Electronic check,0
71.0,72,43.45,3008.87,3,0,199.3,0.0,0,1.0140843642134698,1.6601446930354626,0.04166666087963043,Female,Month-to-month,DSL,Electronic check,0
29.0,40,52.13,2045.5,1,1,170.5,0.0,0,1.3793098692034933,0.9925127843718116,0.02499999375000156,Male,Month-to-month,DSL,Mailed check,0
33.0,1,25.1,24.71,2,0,187.0,5.0,0,0.030303021120296626,0.3902470975290271,1.9999800001999979,Female,Month-to-month,No,Electronic check,1
49.0,50,60.04,2881.31,2,0,101.6,0.0,1,1.0204079550187846,2.4138115252376977,0.039999992000001594,Male,Month-to-month,DSL,Mailed check,0
69.0,51,47.49,2438.13,1,1,130.2,0.0,0,0.7391303276622713,-0.3164612144193697,0.01960783929258053,Female,One year,DSL,Electronic check,0
20.0,34,100.68,3531.07,2,0,160.6,10.0,0,1.699999150000425,-3.174969454420733,0.058823512110731724,Female,Month-to-month,Fiber optic,Bank transfer (automatic),0
53.0,12,67.6,803.19,2,1,68.4,5.0,0,0.22641505161980158,0.6675557770368385,0.16666652777789354,Female,Two year,Fiber optic,Bank transfer (automatic),0
45.0,33,65.36,2253.89,3,0,63.5,15.0,0,0.7333331703704066,-2.9396762728253663,0.09090906336088989,Female,One year,Fiber optic,Credit card (automatic),0
19.0,15,99.09,1547.22,1,1,138.6,20.0,0,0.7894732686982796,-4.0579312347125125,0.06666662222225185,Male,Month-to-month,Fiber optic,Electronic check,0
24.0,14,106.15,1448.88,2,2,116.5,0.0,0,0.583333090277879,2.6586453509676033,0.1428570408163994,Male,One year,Fiber optic,Electronic check,0
61.0,16,86.11,1356.72,0,0,158.3,0.0,2,0.26229503896802636,1.315052996841871,0.0,Female,One year,Fiber optic,Bank transfer (automatic),0
23.0,26,79.51,1970.34,2,1,173.9,10.0,1,1.1304342911155256,3.727721454722527,0.07692304733728948,Male,Month-to-month,Fiber optic,Credit card (automatic),0
72.0,1,68.5,71.71,0,0,120.5,0.0,1,0.013888886959876811,-3.209282907170916,0.0,Female,Month-to-month,Fiber optic,Mailed check,1
63.0,2,83.94,169.65,3,1,162.2,0.0,0,0.03174602670697989,-0.8845758771206107,1.4999925000374998,Female,Month-to-month,Fiber optic,Credit card (automatic),1
52.0,1,33.19,33.63,1,0,128.4,0.0,0,0.019230765532545088,-0.43966370336296734,0.9999900000999989,Male,Two year,DSL,Electronic check,0
39.0,7,26.26,180.33,3,0,135.9,5.0,1,0.17948713346483755,0.4986082305596682,0.4285708163274053,Male,Month-to-month,No,Credit card (automatic),1
21.0,46,88.71,3933.36,1,1,170.8,0.0,0,2.190475147392787,3.202192501697283,0.021739125708885716,Female,Month-to-month,Fiber optic,Credit card (automatic),0
19.0,11,56.7,620.78,1,1,196.7,5.0,0,0.5789470637120717,0.26550584954014056,0.09090900826453795,Male,Two year,DSL,Bank transfer (automatic),0
25.0,4,86.17,357.91,2,0,112.0,15.0,1,0.1599999360000256,-3.307276306809243,0.49999875000312505,Female,Two year,Fiber optic,Mailed check,0
66.0,9,51.55,478.03,1,1,135.0,15.0,1,0.13636361570248245,-1.564385428460639,0.11111098765445816,Female,Month-to-month,DSL,Mailed check,1
38.0,29,89.59,2697.5,0,0,234.2,0.0,1,0.76315769390587,-3.4272093044105816,0.0,Female,One year,Fiber optic,Mailed check,0
60.0,6,77.1,470.94,1,0,149.7,0.0,0,0.09999998333333611,-1.3898691835513688,0.16666638888935187,Female,Two year,Fiber optic,Electronic check,0
58.0,4,86.38,336.43,5,0,161.2,0.0,0,0.06896550535077493,2.2727102682243157,1.2499968750078125,Male,Month-to-month,Fiber optic,Mailed check,1
26.0,1,88.2,89.39,2,0,143.0,0.0,0,0.03846152366864474,-1.1891061089389012,1.9999800001999979,Male,One year,Fiber optic,Electronic check,0
47.0,42,39.85,1756.74,2,0,150.1,0.0,0,0.8936168311453551,-1.97713289830169,0.04761903628118183,Male,Month-to-month,DSL,Credit card (automatic),0
20.0,72,78.47,5727.51,1,3,130.6,0.0,0,3.5999982000009,-1.0787389515640342,0.013888886959876811,Male,One year,Fiber optic,Electronic check,0
41.0,26,70.68,1801.67,5,1,105.1,0.0,0,0.6341461867936129,1.385026651912824,0.1923076183432237,Male,Month-to-month,Fiber optic,Mailed check,1
28.0,7,60.83,438.85,2,1,147.8,0.0,0,0.2499999107143176,-1.8627675817606075,0.2857138775516035,Male,One year,DSL,Credit card (automatic),0
40.0,11,82.6,865.24,1,0,130.5,0.0,3,0.27499993125001715,3.9418896891911857,0.09090900826453795,Male,Month-to-month,Fiber optic,Electronic check,1
18.0,1,33.04,32.74,0,0,166.5,0.0,0,0.055555524691375174,0.3003273967260327,0.0,Male,One year,No,Credit card (automatic),0
37.0,7,45.56,327.51,4,3,106.6,0.0,1,0.1891891380569897,-1.2270760184628315,0.571427755103207,Female,Month-to-month,DSL,Credit card (automatic),1
66.0,15,59.96,915.97,1,0,127.5,15.0,1,0.22727269283747076,-1.1046259569160313,0.06666662222225185,Female,One year,DSL,Credit card (automatic),0
70.0,20,18.0,360.7,1,1,236.2,15.0,1,0.285714244897965,-0.03499098250451027,0.0499999750000125,Female,Month-to-month,No,Credit card (automatic),0
52.0,17,63.1,1023.63,3,0,194.2,10.0,0,0.3269230140532665,2.8865060079376406,0.1764704844291268,Female,One year,Fiber optic,Credit card (automatic),0
41.0,20,77.83,1510.69,0,1,157.1,0.0,0,0.48780475907200993,2.29553776723111,0.0,Male,One year,Fiber optic,Mailed check,0
44.0,11,51.45,571.84,1,1,145.5,15.0,1,0.24999994318183108,-0.5354072859933794,0.09090900826453795,Female,Month-to-month,DSL,Bank transfer (automatic),1
27.0,2,48.16,99.24,2,1,157.7,0.0,0,0.07407404663924198,-1.4597519012404945,0.9999950000249999,Female,Two year,DSL,Credit card (automatic),0
70.0,18,83.45,1564.75,2,0,80.4,15.0,1,0.2571428204081685,-3.480507260829299,0.11111104938275035,Male,Two year,Fiber optic,Mailed check,0
21.0,1,80.26,84.24,1,0,146.9,15.0,1,0.04761902494332146,-3.979157608423904,0.9999900000999989,Female,Month-to-month,Fiber optic,Bank transfer (automatic),1
44.0,9,57.11,498.7,1,1,131.1,10.0,0,0.20454540805786178,1.698950456721711,0.11111098765445816,Female,One year,DSL,Electronic check,0
70.0,5,61.06,300.1,4,0,178.7,15.0,0,0.07142856122449125,1.0401200397599126,0.7999984000032001,Female,Month-to-month,DSL,Electronic check,1
64.0,23,46.16,1016.65,3,0,92.7,10.0,2,0.359374943847665,1.9578453052846498,0.13043472589794528,Female,One year,DSL,Electronic check,0
57.0,37,98.19,3526.84,2,0,144.4,5.0,0,0.6491226931363696,2.8700257621552083,0.0540540394448542,Male,Month-to-month,Fiber optic,Bank transfer (automatic),0
70.0,45,18.13,788.75,0,0,143.5,5.0,0,0.6428570510204212,0.6022261172830845,0.0,Male,Month-to-month,No,Electronic check,0
25.0,4,89.47,346.79,2,3,123.3,0.0,2,0.1599999360000256,2.7727167432081217,0.49999875000312505,Male,One year,Fiber optic,Bank transfer (automatic),1
25.0,72,85.25,6196.91,2,1,190.6,0.0,0,2.879998848000461,-0.8181824905302051,0.027777773919753623,Female,Two year,Fiber optic,Mailed check,0
70.0,1,86.96,90.57,3,1,110.8,10.0,0,0.01428571224489825,-3.6090943090569,2.9999700002999967,Male,Two year,Fiber optic,Electronic check,0
72.0,72,51.0,3570.34,1,3,157.7,0.0,1,0.9999998611111304,1.4119513316734285,0.013888886959876811,Male,One year,DSL,Bank transfer (automatic),0
25.0,4,28.54,119.45,0,0,95.2,5.0,0,0.1599999360000256,-1.3224253439366436,0.0,Male,Month-to-month,No,Bank transfer (automatic),1
60.0,29,93.72,2703.29,2,1,101.4,20.0,0,0.48333325277779116,0.503135592022204,0.06896549346017466,Female,Two year,Fiber optic,Mailed check,0
68.0,21,85.93,1760.9,2,1,156.4,15.0,0,0.30882348399654647,2.077658977305248,0.09523804988664292,Male,Month-to-month,Fiber optic,Bank transfer (automatic),0
57.0,9,70.23,615.74,0,1,174.4,5.0,0,0.1578947091412791,1.8145204616439372,0.0,Female,Two year,Fiber optic,Credit card (automatic),0
34.0,65,75.36,5002.2,0,1,122.9,20.0,1,1.911764143598781,-1.5969112373982597,0.0,Female,Two year,Fiber optic,Electronic check,0
46.0,4,76.26,296.95,2,0,125.2,0.0,0,0.08695650283554286,2.0226855932860133,0.49999875000312505,Female,Month-to-month,Fiber optic,Credit card (automatic),1
71.0,46,51.42,2310.09,5,1,47.3,0.0,0,0.647887232691939,1.2006630911602016,0.10869562854442857,Male,Two year,DSL,Electronic check,0
19.0,14,31.2,443.69,1,0,158.1,5.0,0,0.7368417174517277,-0.49212021991413124,0.0714285204081997,Female,One year,No,Electronic check,0
53.0,17,53.5,931.96,3,3,76.4,15.0,2,0.32075465646138557,-1.32114422285634,0.1764704844291268,Male,Two year,DSL,Bank transfer (automatic),0
66.0,10,78.38,757.03,0,2,164.3,0.0,0,0.15151512855831384,2.6770757029242986,0.0,Male,Two year,Fiber optic,Electronic check,0
60.0,1,63.34,65.21,5,1,119.6,5.0,0,0.01666666388888935,-1.8693479065209146,4.999950000499995,Female,One year,DSL,Credit card (automatic),0
46.0,46,64.92,2996.38,1,0,159.2,0.0,0,0.9999997826087429,-0.21868149159097072,0.021739125708885716,Female,Month-to-month,Fiber optic,Electronic check,0
30.0,37,91.12,3451.5,0,0,175.7,0.0,0,1.2333329222223592,-2.163758571957132,0.0,Female,One year,Fiber optic,Electronic check,0
73.0,8,29.97,249.4,3,0,126.0,15.0,2,0.10958902608369506,-1.2049610312987156,0.37499953125058594,Female,Month-to-month,No,Credit card (automatic),1
47.0,12,72.77,907.39,1,1,166.2,5.0,1,0.2553190946129586,-2.8457703201914057,0.08333326388894677,Male,Month-to-month,Fiber optic,Electronic check,0
64.0,66,84.32,5566.27,1,0,100.1,15.0,0,1.0312498388672127,-0.017411464028569412,0.015151512855831386,Female,One year,Fiber optic,Electronic check,0
50.0,26,92.87,2444.34,1,0,217.5,0.0,0,0.5199998960000207,-1.1430407642150868,0.03846152366864474,Male,Month-to-month,Fiber optic,Electronic check,0
66.0,5,80.5,421.83,2,0,186.1,5.0,0,0.07575756427915692,-3.865831268337473,0.39999920000160005,Female,One year,Fiber optic,Bank transfer (automatic),0
26.0,27,105.06,2795.91,1,1,121.6,10.0,0,1.038461139053408,1.5078161304384707,0.03703702331962099,Female,Month-to-month,Fiber optic,Mailed check,0
74.0,25,71.51,1804.83,1,1,148.0,10.0,2,0.3378377921840821,-0.6831711227315509,0.0399999840000064,Female,Month-to-month,Fiber optic,Bank transfer (automatic),1
46.0,23,23.89,525.06,2,0,112.5,15.0,0,0.49999989130437145,1.0613142733416225,0.08695648393196351,Female,One year,No,Credit card (automatic),0
53.0,25,96.92,2366.13,1,2,186.5,0.0,2,0.47169802420791995,2.2748378580648563,0.0399999840000064,Male,One year,Fiber optic,Mailed check,0
24.0,12,76.43,889.0,1,0,208.4,5.0,0,0.49999979166675346,2.3467284027263418,0.08333326388894677,Male,One year,DSL,Mailed check,0
62.0,12,84.62,966.71,1,1,188.1,10.0,1,0.19354835587929742,4.060900465916276,0.08333326388894677,Female,One year,Fiber optic,Electronic check,0
23.0,7,93.15,634.9,3,0,167.3,0.0,0,0.30434769376187226,2.4501295712434796,0.4285708163274053,Female,Month-to-month,Fiber optic,Bank transfer (automatic),1
49.0,1,100.57,104.18,1,0,199.7,0.0,1,0.020408159100375693,-3.608958210417896,0.9999900000999989,Female,Two year,Fiber optic,Electronic check,0
22.0,63,24.58,1622.09,3,1,139.3,0.0,1,2.8636350619840627,-1.1674562305625038,0.04761904006046983,Male,One year,No,Credit card (automatic),0
46.0,4,69.28,267.13,0,1,109.3,0.0,0,0.08695650283554286,2.4976669558325995,0.0,Male,Two year,Fiber optic,Electronic check,0
30.0,28,85.62,854.12,1,1,156.6,10.0,2,0.933333022222326,55.11572518009815,0.03571427295918823,Male,One year,Fiber optic,Credit card (automatic),0
28.0,72,20.44,1412.2,0,1,37.4,0.0,0,2.5714276530615523,0.8261138352619675,0.0,Male,One year,No,Electronic check,0
68.0,13,30.58,404.92,2,1,50.9,10.0,1,0.19117644247405258,-0.5676683479474285,0.15384603550304962,Male,Month-to-month,No,Electronic check,0
73.0,55,94.85,5353.3,2,3,129.3,0.0,0,0.7534245543254035,-2.4827095758709845,0.03636362975206731,Female,Two year,Fiber optic,Mailed check,0
53.0,26,48.33,1286.42,0,0,97.3,0.0,0,0.49056594517623675,-1.1476732778179723,0.0,Male,Month-to-month,DSL,Credit card (automatic),0
40.0,52,81.07,4404.09,4,1,204.9,5.0,0,1.299999675000081,-3.6240221742265106,0.07692306213018035,Female,Two year,Fiber optic,Electronic check,0
55.0,72,44.82,3129.11,3,0,134.6,0.0,1,1.3090906710744235,1.3601449249798705,0.04166666087963043,Female,Month-to-month,DSL,Credit card (automatic),0
41.0,16,33.39,540.91,0,1,158.1,0.0,0,0.39024380725760793,-0.41685387071633073,0.0,Male,Month-to-month,DSL,Electronic check,0
67.0,17,55.67,989.17,2,0,102.0,5.0,0,0.25373130541323796,-2.5164363609197835,0.11764698961941787,Female,Month-to-month,DSL,Credit card (automatic),0
51.0,20,18.0,343.07,1,0,124.4,0.0,0,0.39215678585161057,0.8465085767457126,0.0499999750000125,Male,Month-to-month,No,Electronic check,0
65.0,5,37.84,197.67,1,1,87.4,10.0,0,0.07692306508875921,-1.6939209321581359,0.19999960000080003,Male,Month-to-month,DSL,Mailed check,1
67.0,27,43.65,1149.91,2,1,282.1,5.0,0,0.4029850144798486,1.0607565145346172,0.07407404663924198,Male,Month-to-month,DSL,Bank transfer (automatic),0
18.0,10,78.49,787.14,0,1,167.3,10.0,1,0.5555552469137517,-0.22392128607872053,0.0,Female,One year,Fiber optic,Credit card (automatic),0
51.0,6,68.82,413.99,1,0,69.0,15.0,0,0.11764703575548317,-0.17821833630279116,0.16666638888935187,Male,Two year,DSL,Mailed check,0
63.0,8,96.05,744.62,1,1,107.3,10.0,0,0.12698410682791955,2.972616346729552,0.12499984375019532,Male,Two year,Fiber optic,Electronic check,0
37.0,8,60.6,479.12,3,0,92.6,10.0,0,0.2162161577794168,0.7100748624064224,0.37499953125058594,Male,Two year,DSL,Electronic check,0
71.0,4,102.94,410.57,3,0,208.0,0.0,1,0.05633802023408165,0.2977566056084697,0.7499981250046875,Female,Two year,Fiber optic,Mailed check,0
54.0,39,46.49,1722.47,4,0,40.6,0.0,1,0.722222088477391,2.32411388868875,0.10256407626562146,Female,Month-to-month,DSL,Credit card (automatic),1
51.0,18,58.11,1079.88,0,0,105.4,5.0,0,0.35294110726644956,-1.8833000037222263,0.0,Male,One year,DSL,Mailed check,0
62.0,52,73.84,3892.3,2,2,85.8,0.0,2,0.8387095421436221,-1.0119086823252559,0.038461531065090176,Female,Month-to-month,DSL,Bank transfer (automatic),1
27.0,34,59.07,2076.24,0,1,136.0,5.0,1,1.2592587928671137,-1.9958643923928108,0.0,Female,One year,Fiber optic,Credit card (automatic),0
54.0,19,66.39,1242.46,0,0,101.6,0.0,0,0.35185178669411354,0.9974028382090268,0.0,Male,Month-to-month,DSL,Electronic check,0
62.0,9,76.95,715.25,1,0,248.7,5.0,0,0.14516126690947306,-2.5221339198512,0.11111098765445816,Male,Two year,Fiber optic,Mailed check,0
38.0,4,51.82,210.31,5,1,179.9,0.0,2,0.1052631301939131,-0.7573685565786121,1.2499968750078125,Female,One year,DSL,Bank transfer (automatic),0
70.0,27,51.57,1383.88,2,3,71.0,0.0,2,0.38571423061225274,0.31520416844289656,0.07407404663924198,Female,One year,DSL,Mailed check,0
62.0,50,22.3,1136.53,1,1,115.2,0.0,1,0.8064514828304059,-0.43059545388090825,0.019999996000000797,Male,month-to-month,No,Credit card (automatic),0
38.0,21,56.38,1157.44,3,0,179.7,5.0,0,0.5526314335180438,1.2638357696020108,0.14285707482996438,Male,Month-to-month,DSL,Electronic check,0
57.0,56,98.52,5729.29,4,0,144.8,0.0,0,0.982455967990181,-3.7887317305836206,0.07142855867347166,Female,Month-to-month,Fiber optic,Credit card (automatic),1
46.0,11,66.43,718.88,3,0,123.7,0.0,0,0.23913038279774285,1.0773321387889752,0.2727270247936138,Female,Month-to-month,DSL,Bank transfer (automatic),1
29.0,15,79.86,1190.82,0,2,78.9,0.0,0,0.51724120095131,0.4720529252980583,0.0,Female,Month-to-month,Fiber optic,Electronic check,0
20.0,52,31.25,1630.31,2,2,133.7,10.0,1,2.59999870000065,-0.10210935536358079,0.038461531065090176,Male,Month-to-month,No,Electronic check,0
47.0,20,95.21,1918.49,7,1,170.3,0.0,0,0.425531824354931,-0.7144520377739951,0.3499998250000875,Male,One year,Fiber optic,Credit card (automatic),0
44.0,8,24.6,193.53,0,0,103.7,0.0,1,0.18181814049587713,0.4087802390247006,0.0,Male,Month-to-month,No,Mailed check,1
46.0,17,93.41,1568.61,3,0,139.3,0.0,0,0.36956513705105715,1.1388778065424674,0.1764704844291268,Male,One year,Fiber optic,Bank transfer (automatic),0
42.0,18,62.54,1098.01,0,1,86.2,0.0,0,0.4285713265306365,1.5394783336231441,0.0,Female,Two year,DSL,Credit card (automatic),0
38.0,66,91.84,5879.6,2,0,164.9,0.0,1,1.736841648199566,2.7551650128537943,0.03030302571166277,Male,Month-to-month,Fiber optic,Credit card (automatic),0
53.0,22,48.78,1109.26,0,0,180.8,0.0,1,0.41509426130296956,-1.640886172324464,0.0,Male,Month-to-month,DSL,Electronic check,0
62.0,27,90.89,2486.4,2,0,106.1,0.0,0,0.4354838007284192,-1.1988547819056379,0.07407404663924198,Male,Month-to-month,Fiber optic,Electronic check,1
64.0,4,47.74,184.54,2,0,113.2,0.0,0,0.06249999023437652,1.6051153372116573,0.49999875000312505,Male,Month-to-month,DSL,Electronic check,1
43.0,33,20.46,672.55,2,1,88.2,0.0,0,0.7674416819903065,0.07970314554450653,0.06060604224059325,Male,Two year,No,Mailed check,0
61.0,4,55.2,225.94,0,0,127.8,0.0,0,0.06557375974200659,-1.2848587878530324,0.0,Female,Month-to-month,DSL,Electronic check,0
56.0,16,84.49,1360.82,2,1,164.5,0.0,0,0.2857142346938866,-0.56119684300198,0.12499992187504883,Female,One year,Fiber optic,Electronic check,0
72.0,12,79.63,923.41,1,2,159.1,0.0,0,0.16666664351852173,2.6792307923076635,0.08333326388894677,Female,Month-to-month,DSL,Electronic check,0
65.0,22,52.37,1116.42,4,1,158.4,0.0,1,0.3384614863905405,1.6236594301547953,0.1818180991735913,Female,Two year,DSL,Electronic check,0
48.0,26,87.98,2243.63,2,1,156.2,0.0,0,0.5416665538194679,1.6865716513185873,0.07692304733728948,Female,Two year,Fiber optic,Bank transfer (automatic),0
28.0,1,28.62,28.78,3,1,178.9,20.0,1,0.03571427295918823,-0.1597122028779694,2.9999700002999967,Female,Two year,No,Bank transfer (automatic),0
45.0,33,27.59,953.38,0,0,121.9,10.0,2,0.7333331703704066,-1.3002942756683993,0.0,Female,Month-to-month,No,Bank transfer (automatic),0
32.0,31,23.66,724.67,3,0,193.8,0.0,2,0.9687496972657195,0.28355592788518535,0.09677416233091538,Female,Month-to-month,No,Mailed check,0
19.0,3,21.38,67.24,2,1,207.5,0.0,0,0.15789465373965592,-1.0332586224712585,0.6666644444518518,Male,Month-to-month,No,Mailed check,1
19.0,1,81.42,84.65,2,0,144.0,0.0,0,0.05263155124655198,-3.2291535084649183,1.9999800001999979,Female,Month-to-month,Fiber optic,Electronic check,1
39.0,4,45.41,176.55,1,0,205.2,0.0,0,0.10256407626562146,1.2726103434741276,0.24999937500156252,Female,Two year,DSL,Electronic check,0
62.0,5,26.55,126.52,2,2,28.5,5.0,0,0.08064514828304059,1.246050607898784,0.39999920000160005,Male,Month-to-month,No,Mailed check,1
54.0,18,35.11,616.97,1,0,138.2,0.0,0,0.3333332716049497,0.8339079311622584,0.055555524691375174,Female,Two year,No,Credit card (automatic),0
54.0,31,52.51,1615.62,3,0,109.3,0.0,1,0.57407396776408,0.39324261830883245,0.09677416233091538,Male,Month-to-month,DSL,Mailed check,0
39.0,8,87.48,681.09,0,1,170.6,0.0,0,0.20512815253124292,2.3438564201794776,0.0,Female,One year,Fiber optic,Mailed check,0
21.0,1,65.29,64.43,3,0,84.8,10.0,1,0.04761902494332146,0.8606442935570726,2.9999700002999967,Female,One year,DSL,Electronic check,0
47.0,19,91.4,1747.31,3,1,78.0,0.0,0,0.4042552331371844,-0.5636358086127302,0.15789465373965592,Male,Two year,Fiber optic,Credit card (automatic),0
35.0,21,87.77,1767.23,3,0,76.7,0.0,0,0.5999998285714775,3.616230549414013,0.14285707482996438,Male,One year,Fiber optic,Bank transfer (automatic),0
46.0,5,97.64,505.43,2,1,170.9,0.0,0,0.10869562854442857,-3.445797828404352,0.39999920000160005,Male,Month-to-month,Fiber optic,Bank transfer (automatic),1
53.0,22,31.34,695.96,1,0,222.0,0.0,2,0.41509426130296956,-0.2945310752131505,0.04545452479339782,Female,Month-to-month,No,Electronic check,0
46.0,28,57.34,1555.02,2,0,131.5,0.0,0,0.6086955198488,1.8035912630031206,0.07142854591837645,Male,One year,Fiber optic,Electronic check,0
20.0,1,59.02,59.79,2,0,155.9,5.0,0,0.0499999750000125,-0.7694021059789335,1.9999800001999979,Male,Two year,DSL,Electronic check,0
48.0,3,80.56,248.53,1,1,160.9,20.0,1,0.06249998697916938,-2.2830571898093694,0.3333322222259259,Male,One year,Fiber optic,Bank transfer (automatic),0
49.0,2,69.65,138.01,5,0,32.3,20.0,2,0.040816318200751385,0.6453450232748992,2.4999875000625,Female,One year,DSL,Bank transfer (automatic),0
20.0,1,99.71,94.84,3,0,173.6,0.0,0,0.0499999750000125,4.870948390516091,2.9999700002999967,Male,One year,Fiber optic,Mailed check,0
28.0,17,75.68,1308.11,0,0,88.1,15.0,1,0.6071426403061999,-1.2676017955283498,0.0,Male,Month-to-month,Fiber optic,Electronic check,0
28.0,2,35.7,71.07,3,1,162.9,0.0,0,0.07142854591837645,0.1651776741116393,1.4999925000374998,Male,Two year,DSL,Electronic check,0
54.0,72,53.18,3812.71,2,0,115.4,5.0,2,1.3333330864197988,0.22570179920808187,0.027777773919753623,Female,Month-to-month,DSL,Electronic check,0
68.0,38,44.67,1759.22,2,0,149.5,5.0,0,0.558823447231846,-1.625250974933948,0.05263156509695655,Male,Month-to-month,DSL,Electronic check,0
31.0,4,26.68,109.42,6,2,157.8,0.0,3,0.1290322164412205,-0.6749316126709708,1.499996250009375,Male,Two year,No,Mailed check,0
41.0,16,20.93,322.34,3,1,164.0,10.0,1,0.39024380725760793,0.7837625913983821,0.18749988281257324,Male,Month-to-month,No,Credit card (automatic),0
25.0,14,28.66,395.8,2,2,199.9,15.0,1,0.5599997760000897,0.3885916224345536,0.1428570408163994,Male,Two year,No,Electronic check,0
66.0,1,31.77,30.33,3,4,132.7,0.0,0,0.015151512855831386,1.4403032969670342,2.9999700002999967,Male,Month-to-month,No,Bank transfer (automatic),0
46.0,34,25.19,877.04,2,1,155.1,0.0,2,0.7391302741021143,-0.6052865307980753,0.058823512110731724,Female,Month-to-month,No,Mailed check,1
26.0,38,62.58,2377.47,2,0,183.9,0.0,0,1.4615378994085002,0.015016464469361779,0.05263156509695655,Female,Month-to-month,DSL,Mailed check,0
26.0,40,88.12,3556.56,1,0,95.1,5.0,0,1.5384609467457897,-0.7939777715055385,0.02499999375000156,Female,Month-to-month,Fiber optic,Mailed check,0
44.0,51,77.24,4091.21,0,0,211.1,0.0,0,1.159090645661217,-2.9797881921983986,0.0,Female,Month-to-month,Fiber optic,Credit card (automatic),0
46.0,2,31.54,63.24,2,2,141.2,5.0,1,0.04347825141777143,-0.07984190079049824,0.9999950000249999,Female,Two year,No,Electronic check,0
52.0,7,56.81,412.03,4,1,82.2,15.0,0,0.13461535872781563,-2.051344483793592,0.571427755103207,Male,Month-to-month,DSL,Bank transfer (automatic),1
35.0,13,115.04,1439.73,1,4,124.1,5.0,0,0.37142846530615276,4.291623652597195,0.07692301775152481,Male,Month-to-month,Fiber optic,Bank transfer (automatic),1
59.0,30,62.65,1826.93,2,1,147.2,0.0,0,0.5084744900890694,1.7523536325487825,0.06666664444445185,Male,Month-to-month,Fiber optic,Electronic check,0
50.0,19,75.43,854.12,1,1,97.9,0.0,0,0.3799999240000152,30.476339449295033,0.05263155124655198,Male,One year,Fiber optic,Mailed check,0
19.0,29,81.01,2244.97,0,3,46.3,5.0,0,1.5263149861500074,3.597268073355849,0.0,Female,Month-to-month,Fiber optic,Mailed check,0
54.0,3,96.56,296.01,2,0,161.0,5.0,0,0.05555554526749162,-2.1096711010963247,0.6666644444518518,Male,Month-to-month,Fiber optic,Electronic check,1
54.0,37,97.04,3603.03,1,1,146.6,0.0,0,0.6851850582990633,-0.3391628704965086,0.0270270197224271,Male,Two year,Fiber optic,Bank transfer (automatic),0
41.0,4,91.1,380.95,4,2,215.0,5.0,0,0.09756095181440198,-4.137261906845239,0.9999975000062501,Male,Two year,Fiber optic,Electronic check,0
60.0,8,81.3,649.83,1,2,138.1,5.0,0,0.1333333111111148,0.07135153581056386,0.12499984375019532,Male,Two year,Fiber optic,Credit card (automatic),0
24.0,12,58.09,665.01,0,1,90.6,15.0,0,0.49999979166675346,2.6725461812115157,0.0,Female,One year,DSL,Mailed check,0
64.0,3,25.78,76.22,3,1,85.6,10.0,1,0.04687499267578239,0.3734180219399299,0.9999966666777778,Female,Two year,No,Mailed check,0
61.0,6,54.19,310.9,2,1,164.5,5.0,0,0.09836063961300989,2.373419694300509,0.33333277777870374,Female,Month-to-month,DSL,Mailed check,1
63.0,34,55.43,1793.29,2,1,127.1,5.0,0,0.5396824540186581,2.686191983472952,0.058823512110731724,Female,Two year,DSL,Electronic check,0
69.0,13,31.77,394.15,1,2,141.9,20.0,0,0.18840576979626525,1.4507925532364965,0.07692301775152481,Female,Two year,No,Bank transfer (automatic),0
26.0,26,60.59,1610.67,1,1,187.6,0.0,0,0.9999996153847633,-1.358822327376025,0.03846152366864474,Male,Month-to-month,Fiber optic,Electronic check,1
70.0,52,89.83,4455.95,3,0,120.1,20.0,0,0.742857036734709,4.138670325255717,0.057692296597635265,Male,Two year,Fiber optic,Credit card (automatic),0
28.0,20,74.28,1481.97,2,0,77.0,5.0,0,0.7142854591837646,0.18153704923147984,0.099999950000025,Male,Month-to-month,Fiber optic,Mailed check,0
73.0,50,72.31,3599.62,5,0,61.4,0.0,0,0.6849314130230941,0.3176143984771329,0.099999980000004,Female,Month-to-month,Fiber optic,Credit card (automatic),1
47.0,6,32.0,197.17,1,0,140.9,5.0,1,0.1276595473064793,-0.8616118973135016,0.16666638888935187,Female,Month-to-month,No,Mailed check,1
34.0,28,33.59,944.2,4,1,129.3,0.0,0,0.8235291695502441,-0.13141652806552173,0.1428570918367529,Female,Month-to-month,No,Credit card (automatic),1
24.0,20,78.02,1631.57,1,0,155.6,0.0,0,0.8333329861112558,-3.558459210770394,0.0499999750000125,Female,Month-to-month,Fiber optic,Bank transfer (automatic),0
18.0,20,107.01,2235.75,3,0,151.4,10.0,0,1.1111104938275034,-4.77744410627794,0.1499999250000375,Male,Two year,Fiber optic,Electronic check,0
41.0,1,84.08,81.1,3,2,143.3,5.0,1,0.024390237953600496,2.9808109918900954,2.9999700002999967,Male,One year,Fiber optic,Electronic check,0
51.0,72,76.37,5565.34,0,2,160.9,0.0,0,1.4117644290657982,-0.9263781532808082,0.0,Male,Two year,Fiber optic,Electronic check,0
34.0,6,78.04,480.55,2,2,10.0,0.0,0,0.17647053633219517,-2.051533180778037,0.33333277777870374,Male,Month-to-month,DSL,Mailed check,1
61.0,7,28.75,207.91,2,0,176.3,0.0,1,0.11475407954851154,-0.9513861408769415,0.2857138775516035,Female,Month-to-month,No,Electronic check,1
42.0,3,85.23,254.06,2,0,23.6,5.0,1,0.07142855442177275,0.543615621281262,0.6666644444518518,Male,One year,Fiber optic,Electronic check,0
74.0,5,75.36,383.78,3,1,138.5,0.0,0,0.06756755843681643,-1.3958464883070292,0.5999988000024,Male,Month-to-month,Fiber optic,Mailed check,1
67.0,9,66.17,619.2,2,0,168.2,10.0,0,0.13432833815994952,-2.6299235556405023,0.22222197530891633,Male,Month-to-month,Fiber optic,Electronic check,1
46.0,1,83.7,87.12,1,1,210.3,0.0,0,0.021739125708885716,-3.4191288087119034,0.9999900000999989,Male,One year,Fiber optic,Mailed check,0
57.0,8,53.25,420.08,1,0,216.2,0.0,0,0.14035085257002586,0.7400656374179562,0.12499984375019532,Female,Month-to-month,DSL,Credit card (automatic),0
25.0,2,43.47,90.25,1,0,141.9,0.0,1,0.0799999680000128,-1.6547743761281168,0.49999750001249993,Male,Month-to-month,DSL,Mailed check,0
24.0,9,55.0,492.92,0,0,181.8,5.0,0,0.3749998437500651,0.23117196536448148,0.0,Male,Month-to-month,DSL,Electronic check,1
39.0,72,71.13,5158.21,0,1,61.0,5.0,2,1.8461533727811863,-0.5117956053061619,0.0,Male,One year,Fiber optic,Credit card (automatic),0
58.0,11,84.44,889.27,0,1,118.8,10.0,1,0.18965513971463108,3.5973462205943463,0.0,Male,Month-to-month,Fiber optic,Mailed check,1
41.0,48,89.35,4294.82,2,4,174.8,0.0,0,1.170731421772824,-0.12539802595874505,0.041666657986112916,Female,One year,Fiber optic,Bank transfer (automatic),0
26.0,30,55.27,1646.02,2,0,158.3,0.0,2,1.1538457100593422,0.40268495577168295,0.06666664444445185,Male,One year,Fiber optic,Bank transfer (automatic),0
58.0,12,20.52,235.55,0,0,99.5,5.0,0,0.2068965160523248,0.8908496909585892,0.0,Male,Month-to-month,No,Credit card (automatic),0
35.0,15,69.32,1067.49,2,0,175.6,10.0,2,0.42857130612248395,-1.8459525560316337,0.1333332444445037,Female,Two year,DSL,Electronic check,0
62.0,11,50.12,551.42,1,3,160.8,0.0,1,0.1774193262226893,-0.009045337231512462,0.09090900826453795,Male,Two year,DSL,Mailed check,0
36.0,45,90.57,4176.5,2,1,168.1,0.0,0,1.249999652777874,-2.2410904864243406,0.044444434567903424,Male,One year,Fiber optic,Bank transfer (automatic),0
72.0,4,50.03,192.38,5,2,32.5,0.0,0,0.055555547839507245,1.9351202371994063,1.2499968750078125,Female,Month-to-month,DSL,Electronic check,1
53.0,11,48.63,524.66,1,0,178.4,5.0,0,0.20754713065148478,0.9336797239275256,0.09090900826453795,Female,Month-to-month,DSL,Credit card (automatic),1
74.0,1,62.23,62.37,0,0,134.4,0.0,0,0.013513511687363285,-0.1393763062369331,0.0,Female,Two year,DSL,Electronic check,0
69.0,37,91.48,3301.59,1,1,108.2,0.0,0,0.5362318063432164,2.247861954631915,0.0270270197224271,Male,Month-to-month,Fiber optic,Bank transfer (automatic),0
30.0,8,90.75,740.19,2,0,186.9,0.0,1,0.2666665777778074,-1.7736343454570829,0.24999968750039064,Male,Month-to-month,Fiber optic,Electronic check,1
27.0,30,69.8,2061.15,1,1,124.3,0.0,0,1.1111106995886297,1.0950229016590214,0.033333322222225924,Male,Month-to-month,Fiber optic,Electronic check,1
48.0,11,52.1,555.63,2,1,142.9,10.0,0,0.22916661892362103,1.5882277379747833,0.1818180165290759,Female,Two year,DSL,Mailed check,0
29.0,18,22.25,398.73,3,1,123.8,0.0,1,0.620689441141572,0.09834563980797739,0.16666657407412552,Female,Month-to-month,No,Bank transfer (automatic),0
42.0,19,96.66,1844.41,0,1,139.0,5.0,0,0.4523808446712274,-0.41415943465294447,0.0,Female,One year,Fiber optic,Credit card (automatic),0
26.0,2,95.41,190.83,1,3,73.8,10.0,0,0.07692304733728948,-0.004522927385366415,0.49999750001249993,Female,Month-to-month,Fiber optic,Credit card (automatic),1
72.0,6,85.22,524.94,2,0,202.8,0.0,1,0.08333332175926086,-2.2698541835763706,0.33333277777870374,Female,Month-to-month,Fiber optic,Credit card (automatic),1
50.0,8,87.21,687.08,3,0,56.9,0.0,3,0.15999996800000638,1.3251073561157938,0.37499953125058594,Male,One year,Fiber optic,Electronic check,0
52.0,1,73.3,75.65,2,1,34.6,20.0,0,0.019230765532545088,-2.349243507564921,1.9999800001999979,Female,One year,DSL,Mailed check,0
52.0,5,69.08,359.1,3,1,158.1,15.0,0,0.09615382766272544,-2.739856360287291,0.5999988000024,Male,One year,Fiber optic,Electronic check,0
64.0,59,47.27,2652.22,1,0,109.2,0.0,1,0.9218748559570538,2.3171262631989507,0.01694914966963565,Female,Month-to-month,DSL,Credit card (automatic),0
56.0,28,24.01,678.92,0,0,156.1,15.0,0,0.4999999107143016,-0.2371341974520682,0.0,Male,Month-to-month,No,Electronic check,0
49.0,9,62.75,581.57,0,1,128.4,5.0,2,0.18367343190338123,-1.8688170902032368,0.0,Female,Two year,DSL,Bank transfer (automatic),0
57.0,3,59.28,176.62,2,2,98.0,15.0,0,0.05263156971375969,0.4068629104569652,0.6666644444518518,Female,Two year,DSL,Credit card (automatic),0
58.0,63,28.96,1749.82,2,0,204.1,5.0,0,1.0862067092747052,1.1850837737962294,0.03174602670697989,Female,Month-to-month,No,Credit card (automatic),0
74.0,18,18.0,328.22,1,1,170.9,5.0,0,0.24324321037253913,-0.23443431420315974,0.055555524691375174,Male,One year,No,Bank transfer (automatic),0
52.0,33,82.81,2604.14,3,0,158.7,10.0,0,0.6346152625739879,3.896690579790743,0.09090906336088989,Male,Two year,Fiber optic,Electronic check,0
58.0,31,101.44,3166.23,4,0,156.7,0.0,0,0.5344826664685057,-0.696418665671402,0.1290322164412205,Female,Month-to-month,Fiber optic,Electronic check,1
65.0,33,73.03,2313.99,2,0,147.3,0.0,0,0.5076922295858108,2.9091121578448167,0.06060604224059325,Female,Month-to-month,Fiber optic,Bank transfer (automatic),0
45.0,25,66.56,1691.11,3,0,140.2,5.0,0,0.5555554320987929,-1.0843729422508233,0.1199999520000192,Male,Month-to-month,Fiber optic,Credit card (automatic),0
28.0,26,30.61,798.08,1,0,129.5,0.0,1,0.928571096938894,-0.08537280947199832,0.03846152366864474,Female,Two year,No,Electronic check,0
24.0,46,51.33,2444.66,3,0,174.5,15.0,1,1.9166658680558883,-1.8147710554845489,0.06521737712665714,Female,Month-to-month,DSL,Electronic check,0
35.0,1,55.4,56.39,3,2,76.2,0.0,0,0.028571420408165595,-0.9894361056389442,2.9999700002999967,Male,Month-to-month,DSL,Electronic check,1
50.0,4,62.83,261.11,1,0,83.7,15.0,2,0.07999998400000319,-2.447336806658001,0.24999937500156252,Female,Month-to-month,DSL,Bank transfer (automatic),1
49.0,4,57.03,232.61,1,0,132.7,0.0,1,0.08163263640150277,-1.1223546191134588,0.24999937500156252,Female,One year,DSL,Mailed check,0
34.0,6,90.06,527.25,1,0,107.3,5.0,1,0.17647053633219517,2.1851464580892355,0.16666638888935187,Male,Month-to-month,Fiber optic,Mailed check,1
61.0,23,63.739999999999995,483.25,1,2,150.5,0.0,0,0.37704911851653794,42.72913956993931,0.043478241965981754,Male,Month-to-month,No,Mailed check,0
54.0,56,87.73,5004.65,4,5,217.3,5.0,1,1.0370368449931768,-1.6387340412974822,0.07142855867347166,Female,One year,Fiber optic,Electronic check,0
49.0,1,84.72,81.27,0,3,137.4,0.0,0,0.020408159100375693,3.4508126918730824,0.0,Male,Month-to-month,Fiber optic,Bank transfer (automatic),1
74.0,23,71.56,1575.26,2,0,85.5,10.0,3,0.31081076880935554,3.070464560667588,0.08695648393196351,Female,Two year,Fiber optic,Credit card (automatic),0
59.0,29,36.2,1066.85,3,1,147.2,0.0,0,0.4915253404194338,-0.5879183489936679,0.10344824019026201,Female,Month-to-month,No,Mailed check,0
45.0,3,86.25,264.68,3,0,180.7,15.0,0,0.06666665185185514,-1.976372578758074,0.9999966666777778,Female,Month-to-month,Fiber optic,Electronic check,1
37.0,1,24.08,24.92,2,0,121.6,20.0,0,0.0270270197224271,-0.8397508024919773,1.9999800001999979,Female,Month-to-month,No,Mailed check,1
42.0,20,85.92,1669.54,3,1,150.4,0.0,0,0.47619036281181837,2.4430417384791383,0.1499999250000375,Male,One year,Fiber optic,Electronic check,0
37.0,30,109.21,3115.86,2,2,125.8,0.0,0,0.810810591672813,5.348034620655113,0.06666664444445185,Male,Two year,Fiber optic,Electronic check,0
65.0,5,104.24,510.71,2,1,108.6,10.0,0,0.07692306508875921,2.0982042835914285,0.39999920000160005,Male,Month-to-month,Fiber optic,Electronic check,1
30.0,39,87.61,3448.78,4,0,162.3,0.0,2,1.2999995666668112,-0.8202337358375047,0.10256407626562146,Female,One year,Fiber optic,Mailed check,0
35.0,62,94.81,6110.1,4,0,211.1,5.0,0,1.7714280653062668,-3.7399841048412696,0.06451611862643247,Male,Two year,Fiber optic,Mailed check,0
69.0,26,22.18,577.3,2,0,167.9,20.0,2,0.3768115395925305,-0.023837613908607835,0.07692304733728948,Female,Month-to-month,No,Mailed check,0
31.0,21,79.17,854.12,3,0,204.9,0.0,0,0.6774191363164076,38.49763841541028,0.14285707482996438,Female,Month-to-month,Fiber optic,Credit card (automatic),0
71.0,11,26.63,299.18,2,0,98.3,0.0,0,0.15492955564372454,-0.5681570925844639,0.1818180165290759,Female,Two year,No,Mailed check,0
44.0,4,74.73,288.06,2,2,111.5,0.0,0,0.09090907024793857,2.7151800370499046,0.49999875000312505,Male,Two year,DSL,Mailed check,0
51.0,5,56.61,285.84,0,2,148.9,0.0,1,0.09803919646290264,-0.5578856642286709,0.0,Male,Two year,DSL,Electronic check,0
53.0,26,53.49,1368.61,1,0,200.5,0.0,1,0.49056594517623675,0.851174091856123,0.03846152366864474,Female,One year,DSL,Credit card (automatic),0
58.0,30,58.34,1740.58,2,0,131.4,0.0,0,0.517241290130812,0.3206860064380024,0.06666664444445185,Female,One year,DSL,Mailed check,0
26.0,22,24.27,528.08,1,0,69.3,10.0,0,0.8461535207101843,0.2663745471024761,0.04545452479339782,Female,One year,No,Credit card (automatic),0
47.0,49,68.51,3414.37,1,0,192.1,5.0,0,1.0425529696695808,-1.1710061875497502,0.020408159100375693,Male,Month-to-month,DSL,Electronic check,0
66.0,2,26.03,53.5,3,0,94.7,15.0,1,0.03030302571166277,-0.7198662506687441,1.4999925000374998,Female,One year,No,Electronic check,0
19.0,45,20.77,947.42,0,1,185.0,0.0,2,2.368419806094839,-0.28377309916153237,0.0,Male,Month-to-month,No,Credit card (automatic),1
50.0,21,97.5,2049.06,2,3,144.7,10.0,0,0.4199999160000168,-0.07423925036225398,0.09523804988664292,Female,One year,Fiber optic,Electronic check,0
61.0,12,64.01,750.7,1,1,116.4,0.0,0,0.19672127922601979,1.4517187985676685,0.08333326388894677,Female,One year,DSL,Electronic check,0
28.0,22,20.17,432.6,0,1,80.2,0.0,0,0.7857140051021411,0.5063725743761012,0.0,Male,Month-to-month,No,Electronic check,0
63.0,31,83.31,2671.53,3,0,160.3,0.0,0,0.49206341395818826,-2.8683592973034564,0.09677416233091538,Male,One year,Fiber optic,Mailed check,0
35.0,46,25.04,1137.02,2,0,156.9,5.0,0,1.3142853387756175,0.32217928648276484,0.04347825141777143,Male,Month-to-month,No,Electronic check,0
27.0,18,48.12,882.91,1,1,155.8,0.0,1,0.6666664197531779,-0.930528305262051,0.055555524691375174,Female,Month-to-month,DSL,Mailed check,0
40.0,69,50.91,3428.52,1,1,136.1,0.0,0,1.7249995687501076,1.2213115490852786,0.014492751522789634,Female,Month-to-month,DSL,Credit card (automatic),0
30.0,5,49.17,239.71,1,1,102.2,5.0,0,0.16666661111112963,1.2280958838082299,0.19999960000080003,Male,Two year,DSL,Mailed check,0
46.0,16,72.96,1136.19,1,0,182.6,0.0,0,0.34782601134217145,1.948169382394127,0.06249996093752441,Male,One year,Fiber optic,Electronic check,0
20.0,38,78.47,3008.6,2,1,100.6,10.0,0,1.899999050000475,-0.7036633753517378,0.05263156509695655,Female,One year,Fiber optic,Electronic check,0
71.0,38,51.16,2013.07,1,1,92.6,5.0,0,0.5352111922237757,-1.8155123748651647,0.026315782548478276,Male,Month-to-month,Fiber optic,Mailed check,0
65.0,13,94.91,1198.62,1,1,170.0,0.0,1,0.19999996923077396,2.7085324626673355,0.07692301775152481,Male,Two year,Fiber optic,Mailed check,0
43.0,12,46.56,557.52,2,1,218.9,15.0,0,0.27906970254192964,0.10003871663440833,0.16666652777789354,Male,Month-to-month,DSL,Bank transfer (automatic),0
44.0,5,67.84,332.79,2,0,67.2,0.0,2,0.11363633780992322,1.2821331157337568,0.39999920000160005,Male,Month-to-month,Fiber optic,Bank transfer (automatic),0
55.0,7,88.71,613.61,3,2,91.8,5.0,0,0.1272727041322356,1.0515537977802722,0.4285708163274053,Male,One year,Fiber optic,Mailed check,0
51.0,5,28.64,143.75,1,2,132.4,10.0,0,0.09803919646290264,-0.10994250011500029,0.19999960000080003,Female,Month-to-month,No,Electronic check,1
70.0,20,55.89,1108.7,2,0,150.4,0.0,1,0.285714244897965,0.45502771748613924,0.099999950000025,Male,Month-to-month,DSL,Electronic check,0
66.0,9,87.32,766.98,3,2,130.3,0.0,0,0.13636361570248245,2.1000946887836704,0.3333329629633745,Female,Month-to-month,Fiber optic,Mailed check,1
70.0,36,69.71,2628.64,0,2,100.5,0.0,0,0.514285640816337,-3.3077574950673636,0.0,Female,Month-to-month,DSL,Mailed check,0
52.0,1,55.5,55.2,2,0,173.6,20.0,2,0.019230765532545088,0.30055199448005254,1.9999800001999979,Male,One year,DSL,Mailed check,0
64.0,15,48.39,693.36,2,1,85.7,0.0,0,0.23437496337891195,2.166030815979454,0.1333332444445037,Female,Month-to-month,DSL,Bank transfer (automatic),0
71.0,57,23.6,1357.66,1,1,172.9,0.0,0,0.8028167883356636,-0.21859231252766165,0.017543856571253232,Male,Month-to-month,No,Bank transfer (automatic),0
23.0,7,59.18,405.28,1,0,98.3,0.0,1,0.30434769376187226,1.2829398529430662,0.14285693877580175,Female,Month-to-month,DSL,Credit card (automatic),1
62.0,11,72.83,804.72,2,2,73.8,0.0,0,0.1774193262226893,-0.32629713063897725,0.1818180165290759,Male,One year,DSL,Mailed check,0
34.0,2,85.93,178.15,2,0,212.6,0.0,1,0.058823512110731724,-3.144554627226853,0.9999950000249999,Male,Month-to-month,Fiber optic,Electronic check,1
26.0,22,38.79,852.87,4,0,119.1,0.0,1,0.8461535207101843,0.02319943945479963,0.1818180991735913,Male,Two year,DSL,Electronic check,0
48.0,3,73.53,218.76,3,2,44.9,0.0,2,0.06249998697916938,0.6102430658564515,0.9999966666777778,Female,Month-to-month,Fiber optic,Electronic check,1
47.0,14,24.09,333.74,2,0,115.9,10.0,0,0.29787227704845165,0.2514455989674289,0.1428570408163994,Female,Month-to-month,No,Bank transfer (automatic),0
34.0,20,69.24,1358.39,0,0,114.8,5.0,0,0.5882351211073172,1.3205339597330124,0.0,Male,Month-to-month,Fiber optic,Credit card (automatic),0
42.0,45,92.43,4272.05,1,1,150.8,5.0,1,1.0714283163265912,-2.504423347905913,0.022222217283951712,Male,Month-to-month,Fiber optic,Credit card (automatic),0
62.0,5,103.91,513.45,1,0,152.8,0.0,0,0.08064514828304059,1.220205379589217,0.19999960000080003,Male,Month-to-month,Fiber optic,Bank transfer (automatic),1
59.0,47,23.46,1152.26,1,1,39.2,0.0,0,0.7966100344728755,-1.0561649965606357,0.021276591217746547,Female,Month-to-month,No,Electronic check,0
63.0,5,74.96,376.93,2,1,125.1,5.0,1,0.07936506676744971,-0.42584922830155847,0.39999920000160005,Female,Two year,Fiber optic,Mailed check,0
32.0,24,59.73,1402.95,2,0,123.0,0.0,0,0.7499997656250732,1.2737743567606756,0.08333329861112558,Female,Month-to-month,DSL,Electronic check,0
70.0,16,91.11,1413.05,4,0,133.9,15.0,1,0.228571395918372,2.7944301972311223,0.24999984375009765,Male,Two year,Fiber optic,Mailed check,0
26.0,19,91.73,1808.66,2,1,149.6,5.0,1,0.7307689497042501,-3.4625814775886994,0.10526310249310396,Male,Month-to-month,Fiber optic,Credit card (automatic),0
45.0,2,75.73,153.11,0,0,157.4,10.0,1,0.044444434567903424,-0.8246172269138725,0.0,Male,Month-to-month,DSL,Electronic check,0
68.0,4,75.82,308.39,2,0,47.8,0.0,0,0.058823520761246945,-1.2773072567318735,0.49999875000312505,Female,Month-to-month,Fiber optic,Electronic check,1
46.0,28,27.64,793.99,2,0,104.2,0.0,0,0.6086955198488,-0.716775586865861,0.07142854591837645,Female,Month-to-month,No,Mailed check,0
32.0,66,89.35,6075.71,0,1,189.5,10.0,0,2.062499355468951,-2.7061981733033065,0.0,Female,One year,Fiber optic,Electronic check,0
38.0,13,45.33,560.48,3,0,160.0,0.0,0,0.34210517313021754,2.2161870106253687,0.23076905325457442,Male,Month-to-month,DSL,Electronic check,0
21.0,38,87.26,3307.63,0,1,125.1,5.0,1,1.8095229478462154,0.217128169176803,0.0,Female,Month-to-month,Fiber optic,Credit card (automatic),0
67.0,6,47.67,292.48,1,2,104.9,0.0,1,0.08955222543996635,-1.0765854223576312,0.16666638888935187,Female,Month-to-month,DSL,Electronic check,1
54.0,16,29.48,483.08,1,1,189.1,0.0,0,0.2962962414266219,-0.7124811296992917,0.06249996093752441,Male,One year,No,Mailed check,0
56.0,3,18.0,55.99,2,0,129.2,5.0,0,0.053571419005103746,-0.6632711224295917,0.6666644444518518,Female,Month-to-month,No,Electronic check,1
34.0,14,72.96,991.41,0,0,170.0,0.0,1,0.41176458477512207,2.1450505821067196,0.0,Male,Two year,Fiber optic,Electronic check,0
19.0,48,66.75,3294.83,2,1,180.2,15.0,0,2.5263144598344947,-1.8922773661922037,0.041666657986112916,Female,One year,Fiber optic,Electronic check,0
49.0,41,93.68,3747.72,0,1,93.5,0.0,2,0.8367345231154034,2.2722174165323565,0.0,Female,Month-to-month,Fiber optic,Credit card (automatic),1
34.0,7,56.79,384.33,1,2,140.1,15.0,0,0.20588229238756103,1.8857927202961093,0.14285693877580175,Female,One year,DSL,Credit card (automatic),0
28.0,4,56.27,233.98,2,2,114.0,20.0,0,0.1428570918367529,-2.2248537628655924,0.49999875000312505,Female,Two year,DSL,Electronic check,0
57.0,21,50.08,1085.67,1,0,150.3,0.0,0,0.3684209879963179,-1.6185468102158111,0.04761902494332146,Male,Month-to-month,DSL,Credit card (automatic),0
31.0,15,50.56,755.89,2,0,155.9,0.0,0,0.4838708116545769,0.16736692842204803,0.1333332444445037,Female,Month-to-month,DSL,Electronic check,0
25.0,9,20.17,184.93,6,0,110.1,0.0,0,0.3599998560000576,-0.3777549469389463,0.666665925926749,Male,Month-to-month,No,Mailed check,1
61.0,1,103.06,100.9,1,0,189.2,15.0,0,0.016393439935501648,2.1610089899101013,0.9999900000999989,Female,Month-to-month,Fiber optic,Mailed check,1
38.0,26,98.69,2668.51,1,0,137.8,0.0,0,0.6842103462604351,-3.9449605250151905,0.03846152366864474,Male,Month-to-month,Fiber optic,Mailed check,0
69.0,19,91.09,1671.66,0,0,99.7,0.0,0,0.275362278933003,3.107941043188916,0.0,Male,Month-to-month,Fiber optic,Bank transfer (automatic),0
45.0,14,62.17,831.02,2,3,175.4,0.0,0,0.31111104197532397,2.811470970377883,0.1428570408163994,Female,Month-to-month,Fiber optic,Electronic check,0
32.0,7,74.76,523.32,2,1,221.2,0.0,0,0.21874993164064635,0.00010679984742978377,0.2857138775516035,Male,One year,DSL,Bank transfer (automatic),0
32.0,17,87.28,1470.12,4,0,135.1,0.0,0,0.5312498339844268,0.802403810350711,0.23529397923883574,Female,Month-to-month,Fiber optic,Mailed check,1
40.0,4,109.68,453.27,2,1,167.1,10.0,2,0.09999997500000624,-3.6372167069582275,0.49999875000312505,Female,Two year,Fiber optic,Credit card (automatic),0
73.0,72,63.739999999999995,1361.84,2,0,125.7,10.0,0,0.9863012347532555,44.82555818256136,0.027777773919753623,Male,Month-to-month,No,Bank transfer (automatic),0
53.0,15,18.0,280.81,1,2,168.6,0.0,1,0.28301881452475197,-0.7206541862305436,0.06666662222225185,Female,One year,No,Electronic check,0
66.0,1,20.75,20.94,0,0,93.4,10.0,0,0.015151512855831386,-0.18979060209397858,0.0,Male,Month-to-month,No,Mailed check,1
56.0,35,38.48,1300.99,3,1,105.3,5.0,0,0.624999888392877,1.3088677631806362,0.08571426122449678,Male,One year,DSL,Credit card (automatic),0
60.0,3,23.16,68.69,1,0,170.4,10.0,0,0.049999991666668055,0.26340965530114957,0.3333322222259259,Female,Month-to-month,No,Electronic check,1
52.0,39,87.16,3307.95,4,3,162.4,0.0,1,0.7499998557692584,2.340790979284378,0.10256407626562146,Female,Two year,Fiber optic,Mailed check,0
39.0,1,-20.0,87.01,3,1,168.0,0.0,0,0.025641019066405365,-107.00912990870091,2.9999700002999967,Female,Month-to-month,Fiber optic,Credit card (automatic),1
20.0,5,86.45,444.87,2,0,71.2,0.0,0,0.24999987500006252,-2.5238220523558965,0.39999920000160005,Female,Month-to-month,Fiber optic,Electronic check,1
52.0,19,52.95,1000.29,2,4,189.3,5.0,1,0.36538454511835666,0.30318560358652746,0.10526310249310396,Female,One year,DSL,Credit card (automatic),0
41.0,6,55.72,319.64,1,0,204.6,0.0,0,0.146341427721603,2.446755455407569,0.16666638888935187,Male,One year,DSL,Bank transfer (automatic),0
51.0,5,94.04,464.42,3,0,164.4,20.0,1,0.09803919646290264,1.1561857676284575,0.5999988000024,Female,Month-to-month,Fiber optic,Electronic check,1
38.0,17,83.07,1414.87,3,1,129.7,10.0,0,0.4473683033241307,-0.1575981014128871,0.1764704844291268,Female,Month-to-month,Fiber optic,Electronic check,0
57.0,11,53.66,618.85,2,1,157.9,15.0,0,0.19298242228378557,-2.599039764509314,0.1818180165290759,Male,Month-to-month,DSL,Mailed check,0
72.0,72,72.05,5215.82,2,2,111.3,20.0,0,0.9999998611111304,-0.3919343830646653,0.027777773919753623,Male,One year,Fiber optic,Bank transfer (automatic),0
30.0,9,70.99,658.24,3,3,109.5,0.0,0,0.29999990000003335,-2.147696513670553,0.3333329629633745,Male,One year,Fiber optic,Bank transfer (automatic),0
49.0,5,24.79,124.94,0,1,125.0,0.0,1,0.10204079550187846,-0.19795002409995277,0.0,Male,One year,No,Electronic check,0
29.0,47,72.78,3411.46,1,1,187.5,0.0,2,1.6206890963141047,0.1957601243063607,0.021276591217746547,Female,Two year,Fiber optic,Credit card (automatic),0
37.0,1,77.93,80.81,2,1,138.4,0.0,0,0.0270270197224271,-2.8791919080809123,1.9999800001999979,Female,Month-to-month,Fiber optic,Mailed check,0
24.0,11,55.99,629.92,1,0,47.3,0.0,0,0.4583331423611907,-1.2754024859977378,0.09090900826453795,Male,One year,DSL,Electronic check,0
48.0,72,23.84,1673.92,4,3,111.0,5.0,1,1.499999687500065,0.5911143401230099,0.055555547839507245,Female,One year,No,Mailed check,0
56.0,30,70.74,2104.42,2,0,129.9,15.0,1,0.5357141900510375,0.5926900491033109,0.06666664444445185,Male,One year,Fiber optic,Electronic check,0
62.0,72,87.67,6467.57,5,0,116.1,0.0,0,1.1612901352757845,-2.1573486350904574,0.06944443479938406,Female,Month-to-month,Fiber optic,Electronic check,1
65.0,24,71.44,1796.76,2,0,117.7,0.0,0,0.3692307124260442,-3.4249688062629957,0.08333329861112558,Male,One year,Fiber optic,Electronic check,0
69.0,33,82.65,2819.3,1,0,203.9,10.0,0,0.4782608002520579,-2.7833074444522765,0.030303021120296626,Male,Month-to-month,Fiber optic,Bank transfer (automatic),0
29.0,60,87.22,5143.15,2,1,186.6,5.0,0,2.06896480380524,1.500847619858746,0.0333333277777787,Female,Month-to-month,Fiber optic,Electronic check,0
67.0,6,70.04,402.1,1,0,153.4,0.0,1,0.08955222543996635,3.0234450275916203,0.16666638888935187,Male,Month-to-month,Fiber optic,Electronic check,1
63.0,24,63.739999999999995,2475.84,3,2,166.1,0.0,1,0.38095232048375866,-39.41995701668459,0.12499994791668836,Male,Month-to-month,Fiber optic,Electronic check,0
50.0,2,106.92,215.39,0,0,115.8,5.0,2,0.039999992000001594,-0.7744615276923525,0.0,Female,One year,Fiber optic,Electronic check,0
74.0,30,45.71,1347.54,5,1,122.1,0.0,1,0.40540535062089855,0.7920149726616756,0.16666661111112963,Female,One year,DSL,Mailed check,0
20.0,6,89.7,534.04,4,0,232.6,0.0,2,0.299999850000075,0.6934816775305421,0.6666655555574075,Female,Month-to-month,Fiber optic,Bank transfer (automatic),1
40.0,8,58.24,474.42,1,0,104.4,10.0,1,0.19999995000001247,-1.0624258719676618,0.12499984375019532,Female,One year,Fiber optic,Bank transfer (automatic),0
63.0,67,70.27,4707.31,4,2,174.9,10.0,0,1.063491894683826,0.0116522773653287,0.05970148362664423,Female,Two year,DSL,Credit card (automatic),0
49.0,14,64.9,881.74,3,2,59.6,10.0,1,0.2857142274052597,1.9186164152739948,0.21428556122459913,Female,Month-to-month,DSL,Bank transfer (automatic),0
72.0,12,55.62,673.13,0,1,85.7,0.0,1,0.16666664351852173,-0.4741199215667393,0.0,Male,One year,DSL,Electronic check,0
48.0,72,44.41,3058.58,1,3,57.4,0.0,2,1.499999687500065,1.9297281222599807,0.013888886959876811,Female,Month-to-month,DSL,Electronic check,1
46.0,9,95.5,859.71,3,0,116.9,10.0,0,0.19565213137997142,-0.02322719641423987,0.3333329629633745,Male,Month-to-month,Fiber optic,Electronic check,1
46.0,26,70.55,1915.31,2,1,148.1,10.0,0,0.5652172684310286,-3.115740897791966,0.07692304733728948,Female,Month-to-month,DSL,Bank transfer (automatic),0
34.0,5,41.59,215.23,1,0,212.5,5.0,1,0.1470587802768293,-1.4559139081721781,0.19999960000080003,Female,Month-to-month,DSL,Mailed check,1
61.0,2,50.96,106.28,1,2,171.2,0.0,0,0.032786879871003295,-2.1797343013284944,0.49999750001249993,Male,One year,DSL,Mailed check,0
61.0,10,18.0,178.34,3,0,119.0,20.0,2,0.1639343993550165,0.1660178339821634,0.2999997000003,Male,Month-to-month,No,Mailed check,1
66.0,8,80.62,674.16,2,1,151.5,0.0,0,0.12121210284665108,-3.6498946626316666,0.24999968750039064,Female,Month-to-month,Fiber optic,Mailed check,1
29.0,10,30.81,309.42,4,1,224.7,0.0,1,0.3448274673008733,-0.13196905803094694,0.3999996000004,Male,One year,No,Mailed check,0
27.0,11,28.92,312.25,2,4,152.7,0.0,0,0.40740725651583093,0.5336621693980277,0.1818180165290759,Male,One year,No,Mailed check,0
64.0,1,87.95,86.67,4,0,122.0,0.0,3,0.01562499755859413,1.2808666913330882,3.9999600003999958,Female,Month-to-month,Fiber optic,Bank transfer (automatic),1
36.0,5,59.31,309.22,0,0,90.5,5.0,0,0.13888885030865267,-2.5338763122473864,0.0,Male,Two year,DSL,Mailed check,0
39.0,25,73.98,1926.0,5,1,189.4,10.0,0,0.6410254766601341,-3.059969184012317,0.199999920000032,Female,One year,Fiber optic,Credit card (automatic),0
30.0,13,46.16,606.29,1,0,194.0,0.0,1,0.433333188888937,-0.4776564325719761,0.07692301775152481,Male,One year,DSL,Mailed check,0
28.0,35,93.68,3334.6,3,0,153.2,0.0,0,1.249999553571588,-1.5942584930689776,0.08571426122449678,Female,One year,Fiber optic,Mailed check,0
69.0,18,36.64,665.94,0,0,156.1,0.0,1,0.2608695274102134,-0.3566461129743814,0.0,Female,Month-to-month,DSL,Credit card (automatic),0
27.0,9,54.64,469.05,2,1,96.8,5.0,1,0.33333320987658893,2.5233912406763963,0.22222197530891633,Male,One year,DSL,Mailed check,0
70.0,6,79.47,499.98,2,0,144.1,0.0,0,0.08571427346938951,-3.859861116898145,0.33333277777870374,Female,Month-to-month,Fiber optic,Bank transfer (automatic),1
35.0,7,81.05,549.49,0,1,168.5,20.0,1,0.19999994285715916,2.5515407120846874,0.0,Male,One year,Fiber optic,Bank transfer (automatic),0
22.0,10,35.48,360.22,3,1,263.8,10.0,1,0.4545452479339782,-0.5419639780360299,0.2999997000003,Male,Month-to-month,DSL,Mailed check,0
68.0,7,53.81,363.32,1,0,209.7,5.0,2,0.10294116133218215,1.9072170039757097,0.14285693877580175,Male,Month-to-month,DSL,Electronic check,1
47.0,16,83.37,1299.88,0,0,136.9,10.0,0,0.34042545948394476,2.1275507765307538,0.0,Female,Month-to-month,Fiber optic,Credit card (automatic),0
30.0,17,77.66,1254.35,2,2,125.2,0.0,0,0.5666664777778407,3.8747492854415952,0.11764698961941787,Female,Month-to-month,Fiber optic,Credit card (automatic),0
74.0,7,25.82,172.9,0,0,130.0,0.0,1,0.094594581811543,1.1200352856638744,0.0,Male,Month-to-month,No,Credit card (automatic),1
50.0,69,42.78,2860.8,0,0,175.3,0.0,3,1.3799997240000552,1.319136443603412,0.0,Female,One year,DSL,Mailed check,0
42.0,72,26.22,1975.13,1,1,155.7,10.0,0,1.714285306122546,-1.2123573010614876,0.013888886959876811,Male,Two year,No,Electronic check,0
49.0,8,84.29,671.01,0,0,103.7,15.0,0,0.16326527280300554,0.4138548451814472,0.0,Male,Month-to-month,Fiber optic,Bank transfer (automatic),1
52.0,27,69.73,1907.15,4,1,134.4,0.0,0,0.5192306693787174,-0.9051590240151768,0.14814809327848397,Male,Two year,Fiber optic,Electronic check,0
72.0,11,87.85,938.27,1,1,128.3,0.0,1,0.15277775655864492,2.5528048156319727,0.09090900826453795,Male,One year,Fiber optic,Credit card (automatic),0
25.0,6,80.11,497.72,0,0,209.4,0.0,0,0.2399999040000384,-2.8431950780082076,0.0,Male,Two year,Fiber optic,Bank transfer (automatic),0
20.0,9,30.55,275.44,2,2,102.5,0.0,1,0.4499997750001125,-0.05441043954395752,0.22222197530891633,Male,Month-to-month,No,Credit card (automatic),1
58.0,23,31.8,696.38,1,0,63.1,0.0,2,0.3965516557669559,1.5226218597296253,0.043478241965981754,Male,Two year,No,Credit card (automatic),0
43.0,5,26.21,135.43,2,0,171.3,0.0,0,0.11627904272580401,-0.8759458281083461,0.39999920000160005,Male,Two year,No,Bank transfer (automatic),0
30.0,4,88.38,361.95,3,1,114.7,10.0,0,0.1333332888889037,-2.1072737818155503,0.7499981250046875,Female,Month-to-month,Fiber optic,Mailed check,1
70.0,1,46.12,45.54,2,2,101.5,0.0,0,0.01428571224489825,0.5804553954460445,1.9999800001999979,Female,Two year,DSL,Electronic check,0
61.0,13,27.63,362.06,2,1,142.9,15.0,0,0.21311471916152144,-0.22074780711707476,0.15384603550304962,Male,Month-to-month,No,Electronic check,0
34.0,5,57.37,286.95,0,2,101.3,10.0,2,0.1470587802768293,-0.019885220229561185,0.0,Female,One year,DSL,Credit card (automatic),0
49.0,31,58.94,1771.08,1,0,86.1,15.0,0,0.6326529321116464,1.8084055263207972,0.03225805411030513,Female,Month-to-month,DSL,Mailed check,0
64.0,4,100.11,401.82,1,1,150.4,10.0,1,0.06249999023437652,-0.34474886312784747,0.24999937500156252,Female,Two year,Fiber optic,Electronic check,0
37.0,12,28.01,343.71,1,0,41.1,0.0,0,0.3243242366691252,-0.6324761312698897,0.08333326388894677,Male,Month-to-month,No,Mailed check,0
28.0,5,39.95,203.71,2,1,176.8,0.0,0,0.17857136479594116,-0.7919185161629727,0.39999920000160005,Male,Two year,DSL,Mailed check,0
35.0,10,85.88,867.53,2,0,157.8,10.0,1,0.28571420408165593,-0.8729132470867569,0.1999998000002,Male,Month-to-month,Fiber optic,Mailed check,1
39.0,11,88.3,931.28,3,0,158.8,0.0,1,0.282051209730459,3.638258783401099,0.2727270247936138,Male,Month-to-month,Fiber optic,Credit card (automatic),1
57.0,7,63.58,443.74,3,2,72.4,5.0,1,0.12280699599877262,0.1886619876257285,0.4285708163274053,Female,Two year,DSL,Electronic check,0
45.0,5,99.79,520.39,2,1,168.4,0.0,1,0.11111108641975856,-4.287791844416304,0.39999920000160005,Male,One year,Fiber optic,Bank transfer (automatic),0
26.0,53,94.43,4779.64,2,0,89.7,5.0,0,2.038460754438171,4.248130222994305,0.037735841936633596,Female,Month-to-month,Fiber optic,Mailed check,0
65.0,1,58.05,58.04,2,1,165.0,20.0,0,0.015384613017751844,0.010580394196061604,1.9999800001999979,Female,Month-to-month,DSL,Credit card (automatic),1
48.0,38,67.46,2566.3,0,1,185.5,0.0,1,0.7916665017361454,-0.07419275415981019,0.0,Male,Month-to-month,DSL,Bank transfer (automatic),0
61.0,22,36.36,817.25,3,2,239.8,15.0,0,0.36065567858103625,-0.787710387404374,0.13636357438019348,Male,Month-to-month,DSL,Mailed check,0
27.0,1,63.739999999999995,55.7,1,1,174.1,0.0,0,0.03703702331962099,8.040556994430048,0.9999900000999989,Male,Month-to-month,DSL,Credit card (automatic),0
61.0,30,101.47,2912.88,2,1,223.9,10.0,1,0.49180319806504946,4.374032365322535,0.06666664444445185,Male,Month-to-month,Fiber optic,Electronic check,0
70.0,34,42.12,1387.19,3,1,112.4,5.0,0,0.4857142163265405,1.320306117557024,0.08823526816609759,Female,One year,DSL,Credit card (automatic),0
59.0,4,68.61,271.85,0,1,169.2,10.0,0,0.0677965986785426,0.6476699058252251,0.0,Female,Month-to-month,Fiber optic,Credit card (automatic),1
47.0,14,26.21,352.2,4,1,160.1,10.0,0,0.29787227704845165,1.052875112232062,0.2857140816327988,Female,Two year,No,Electronic check,0
57.0,8,108.39,868.51,3,1,35.1,0.0,0,0.14035085257002586,-0.17361429548213891,0.37499953125058594,Male,Month-to-month,Fiber optic,Electronic check,1
61.0,20,27.51,545.92,0,0,147.3,0.0,0,0.327868798710033,0.21401364799318046,0.0,Female,Two year,No,Mailed check,0
27.0,52,79.77,4095.96,3,2,148.0,10.0,0,1.9259252126202917,1.0015536093166162,0.057692296597635265,Female,Month-to-month,Fiber optic,Electronic check,0
36.0,7,54.93,390.01,0,2,116.0,5.0,0,0.19444439043211376,-0.7856346919504418,0.0,Female,Month-to-month,DSL,Credit card (automatic),1
18.0,20,28.98,577.85,2,0,203.6,0.0,0,1.1111104938275034,0.08751444624277482,0.099999950000025,Male,Month-to-month,No,Bank transfer (automatic),0
66.0,9,43.04,400.38,0,0,107.8,0.0,0,0.13636361570248245,-1.4466172370919637,0.0,Female,One year,DSL,Electronic check,0
73.0,65,91.87,6051.81,3,1,179.0,5.0,0,0.8904108369300223,-1.2347549069607737,0.04615383905325553,Male,Month-to-month,Fiber optic,Mailed check,0
62.0,15,88.6,1357.72,1,1,118.2,0.0,0,0.24193544484912177,-1.914606323595791,0.06666662222225185,Female,One year,Fiber optic,Mailed check,0
64.0,58,22.37,1272.97,2,1,141.4,0.0,0,0.9062498583984596,0.42224516340600715,0.03448275267538747,Female,One year,No,Electronic check,0
42.0,2,56.92,119.32,3,1,129.1,5.0,0,0.04761903628118183,-2.7397017014914837,1.4999925000374998,Male,Month-to-month,DSL,Bank transfer (automatic),0
66.0,35,86.42,3129.55,1,0,113.0,0.0,0,0.5303029499540984,-2.995688738374639,0.028571420408165595,Male,One year,Fiber optic,Electronic check,0
37.0,4,82.93,340.23,2,2,123.0,0.0,1,0.1081080788897084,-2.1272873567816077,0.49999875000312505,Male,Month-to-month,Fiber optic,Electronic check,1
54.0,1,19.2,20.11,2,0,197.3,0.0,2,0.01851851508916387,-0.90979890201098,1.9999800001999979,Female,Two year,No,Electronic check,0
72.0,41,88.24,3781.66,2,1,228.8,0.0,0,0.5694443653549492,-3.9955872596128614,0.04878047590720099,Male,Month-to-month,Fiber optic,Credit card (automatic),0
41.0,32,21.89,675.93,2,1,192.6,0.0,1,0.7804876145152159,0.7671941008768464,0.0624999804687561,Male,One year,No,Credit card (automatic),0
32.0,46,26.95,1195.7,1,0,190.5,0.0,0,1.4374995507813901,0.9565273898853484,0.021739125708885716,Female,One year,No,Electronic check,0
51.0,9,59.73,520.51,2,0,173.3,0.0,0,0.17647055363322478,1.8956198159779802,0.22222197530891633,Female,Month-to-month,DSL,Electronic check,1
51.0,64,96.73,6239.13,4,1,194.9,0.0,0,1.254901714725154,-0.7563910177513975,0.06249999023437652,Male,Month-to-month,Fiber optic,Mailed check,1
67.0,3,41.17,121.1,2,1,151.6,10.0,0,0.04477611271998318,0.8034678884403732,0.6666644444518518,Male,One year,DSL,Bank transfer (automatic),0
37.0,72,78.05,5639.66,0,2,82.9,0.0,0,1.9459454200147512,-0.27860023213885654,0.0,Female,One year,Fiber optic,Electronic check,0
52.0,13,90.87,1186.31,2,1,172.4,0.0,0,0.24999995192308616,-0.3845451888113871,0.15384603550304962,Male,Month-to-month,Fiber optic,Electronic check,1
22.0,69,105.11,7371.04,2,4,83.1,5.0,0,3.1363622107444495,-1.716651184543295,0.02898550304557927,Female,Month-to-month,Fiber optic,Bank transfer (automatic),0
47.0,30,99.04,3093.18,3,2,71.5,5.0,1,0.6382977365323964,-4.065965631344781,0.09999996666667778,Male,One year,Fiber optic,Mailed check,0
73.0,72,86.94,5974.81,0,1,102.3,15.0,1,0.9863012347532555,3.956539303258424,0.0,Male,Two year,Fiber optic,Credit card (automatic),0
26.0,11,77.5,857.21,0,1,104.7,5.0,1,0.4230767603550922,-0.4281109744445786,0.0,Male,Month-to-month,Fiber optic,Electronic check,1
19.0,10,23.55,244.51,1,0,84.1,5.0,0,0.5263155124655198,-0.9009755490244515,0.0999999000001,Female,Month-to-month,No,Electronic check,1
24.0,12,50.82,603.85,1,0,174.6,0.0,0,0.49999979166675346,0.49920860065949313,0.08333326388894677,Male,Two year,DSL,Bank transfer (automatic),0
54.0,72,51.81,3916.07,3,1,103.2,5.0,0,1.3333330864197988,-2.5798535569647782,0.04166666087963043,Male,Month-to-month,DSL,Mailed check,0
64.0,24,54.31,1242.41,2,0,67.6,0.0,0,0.37499994140625914,2.542938236275731,0.08333329861112558,Male,Two year,DSL,Mailed check,0
40.0,28,74.01,2048.63,1,2,144.9,0.0,2,0.6999998250000437,0.8446689876182205,0.03571427295918823,Female,Two year,Fiber optic,Electronic check,0
64.0,19,18.0,331.94,1,2,157.9,0.0,1,0.2968749536132885,0.5294828792195361,0.05263155124655198,Male,One year,No,Electronic check,0
71.0,23,55.82,1267.96,0,0,112.7,0.0,2,0.3239436163459695,0.6913283168137738,0.0,Male,One year,DSL,Electronic check,0
58.0,38,51.4,1961.96,3,0,119.6,5.0,0,0.6551723008323619,-0.23051272881243534,0.07894734764543482,Female,Two year,Fiber optic,Credit card (automatic),0
40.0,72,64.76,4433.53,2,0,248.0,10.0,0,1.7999995500001122,3.183202996777375,0.027777773919753623,Female,Month-to-month,Fiber optic,Credit card (automatic),0
52.0,1,39.6,38.92,2,2,160.5,0.0,1,0.019230765532545088,0.6803891961080382,1.9999800001999979,Male,Month-to-month,DSL,Bank transfer (automatic),1
72.0,2,76.8,155.86,3,2,175.2,0.0,0,0.027777773919753623,-1.1296103519482443,1.4999925000374998,Female,Month-to-month,Fiber optic,Credit card (automatic),1
22.0,9,49.13,452.44,1,0,167.9,0.0,0,0.40909072314058037,-1.1410552543830477,0.11111098765445816,Female,Two year,DSL,Bank transfer (automatic),0
74.0,14,87.89,1201.94,3,1,142.1,0.0,1,0.189189163623086,2.0372041805684376,0.21428556122459913,Female,Month-to-month,Fiber optic,Electronic check,1
25.0,7,75.64,536.4,2,0,125.5,0.0,0,0.2799998880000448,-0.9884619593400572,0.2857138775516035,Male,Month-to-month,Fiber optic,Bank transfer (automatic),1
41.0,20,31.46,658.5,1,1,151.8,10.0,0,0.48780475907200993,-1.4649835375082318,0.0499999750000125,Female,One year,No,Bank transfer (automatic),0
29.0,5,32.74,171.32,0,2,151.2,10.0,0,0.17241373365043666,-1.5239314721370576,0.0,Male,Month-to-month,DSL,Bank transfer (automatic),1
27.0,31,33.65,1050.54,1,2,107.2,0.0,1,1.1481477229082508,-0.23837616503994496,0.03225805411030513,Female,Month-to-month,No,Electronic check,0
73.0,72,90.28,6258.33,3,0,103.3,15.0,0,0.9863012347532555,3.358762072394157,0.04166666087963043,Male,Two year,Fiber optic,Bank transfer (automatic),0
43.0,15,82.13,1177.28,2,1,99.0,0.0,0,0.348837128177412,3.6447189901873287,0.1333332444445037,Male,Two year,Fiber optic,Electronic check,0
46.0,19,84.26,1543.36,0,0,149.0,0.0,1,0.41304338846882854,3.030569068121551,0.0,Male,Month-to-month,Fiber optic,Mailed check,0
57.0,36,64.19,2256.55,0,1,35.5,0.0,0,0.6315788365651164,1.5080729672019544,0.0,Female,Month-to-month,DSL,Electronic check,0
40.0,19,29.25,561.54,0,0,92.2,10.0,1,0.4749998812500297,-0.3047212869887943,0.0,Male,One year,No,Credit card (automatic),0
28.0,13,83.97,1129.95,3,2,70.3,0.0,2,0.464285548469447,-2.949163908335464,0.23076905325457442,Male,Month-to-month,Fiber optic,Bank transfer (automatic),1
64.0,8,23.65,195.95,2,0,60.1,5.0,0,0.12499998046875305,-0.8437193828507716,0.24999968750039064,Female,One year,No,Mailed check,0
58.0,37,47.4,1761.09,3,2,230.4,0.0,0,0.6379309244946682,-0.19701416296913976,0.0810810591672813,Male,Month-to-month,DSL,Bank transfer (automatic),0
25.0,12,61.29,722.57,1,1,116.2,0.0,1,0.4799998080000768,1.0758835117637346,0.08333326388894677,Female,One year,DSL,Bank transfer (automatic),0
37.0,16,66.96,1022.6,3,0,207.5,0.0,1,0.4324323155588336,3.047539945287525,0.18749988281257324,Male,Month-to-month,DSL,Mailed check,0
62.0,4,18.65,73.75,4,0,144.7,15.0,0,0.06451611862643247,0.21254609363476362,0.9999975000062501,Male,Month-to-month,DSL,Mailed check,1
59.0,19,71.16,1359.12,0,2,124.0,5.0,0,0.3220338437230773,-0.3725939302137249,0.0,Female,One year,Fiber optic,Electronic check,0
26.0,1,21.97,21.98,1,3,140.9,5.0,0,0.03846152366864474,-0.009780202197976706,0.9999900000999989,Female,One year,No,Bank transfer (automatic),0
51.0,29,25.62,739.55,5,0,184.1,0.0,0,0.5686273394848353,0.11828465576391523,0.17241373365043666,Female,Month-to-month,No,Mailed check,1
46.0,6,101.45,609.57,2,0,141.2,5.0,0,0.13043475425331427,-0.14483067528222193,0.33333277777870374,Male,Month-to-month,Fiber optic,Credit card (automatic),1
25.0,26,67.86,1834.99,0,0,122.7,0.0,2,1.0399995840001663,-2.716511316726425,0.0,Female,One year,DSL,Electronic check,0
66.0,32,83.83,2701.27,1,1,147.6,15.0,1,0.48484841138660434,-0.5846611204183887,0.03124999023437805,Female,Month-to-month,Fiber optic,Electronic check,0
35.0,6,55.41,346.9,1,0,93.0,5.0,0,0.17142852244899356,-2.4065703057161585,0.16666638888935187,Male,Month-to-month,DSL,Bank transfer (automatic),1
40.0,72,73.42,5513.55,4,1,208.3,5.0,0,1.7999995500001122,-3.1570726976287915,0.055555547839507245,Female,Month-to-month,Fiber optic,Electronic check,1
55.0,19,102.61,1852.98,2,0,62.1,5.0,1,0.3454544826446395,5.084788171164121,0.10526310249310396,Male,One year,Fiber optic,Mailed check,0
43.0,4,63.25,247.31,1,0,55.6,0.0,0,0.0930232341806432,1.4226545683635692,0.24999937500156252,Female,One year,Fiber optic,Mailed check,0
28.0,7,85.01,615.96,2,1,211.0,5.0,0,0.2499999107143176,-2.9841600083428546,0.2857138775516035,Female,Two year,Fiber optic,Electronic check,0
39.0,62,94.71,5891.53,1,0,32.2,0.0,1,1.5897431821171326,-0.3146620927964392,0.016129029656608118,Male,Month-to-month,Fiber optic,Credit card (automatic),0
33.0,12,90.52,1065.07,0,0,139.1,0.0,0,0.36363625344355954,1.764240629799474,0.0,Female,Month-to-month,Fiber optic,Bank transfer (automatic),1
43.0,6,43.08,261.49,1,0,47.4,5.0,0,0.13953485127096482,-0.5015940306766211,0.16666638888935187,Female,Two year,DSL,Electronic check,0
19.0,6,37.63,216.95,4,1,119.1,15.0,0,0.31578930747931183,1.4717269304551195,0.6666655555574075,Female,Month-to-month,DSL,Credit card (automatic),1
50.0,1,56.03,57.48,2,2,116.5,0.0,0,0.019999996000000797,-1.4494252057479358,1.9999800001999979,Male,Two year,DSL,Mailed check,0
34.0,8,77.53,616.38,1,2,120.5,10.0,0,0.2352940484429269,0.4825963092546175,0.12499984375019532,Male,Month-to-month,Fiber optic,Electronic check,1
43.0,70,18.0,1300.63,1,1,169.8,0.0,1,1.6279065981612562,-0.5804259170820139,0.01428571224489825,Female,Month-to-month,No,Credit card (automatic),0
49.0,19,18.86,362.23,2,0,136.7,0.0,0,0.38775502290713815,-0.20472680803852228,0.10526310249310396,Female,Two year,No,Electronic check,0
63.0,21,60.68,1310.14,2,0,96.1,0.0,0,0.3333332804232888,-1.707589339243178,0.09523804988664292,Male,Month-to-month,Fiber optic,Mailed check,0
68.0,22,61.15,1387.04,3,0,142.9,0.0,0,0.3235293641868582,-1.8972440694345138,0.13636357438019348,Male,Month-to-month,Fiber optic,Electronic check,0
22.0,30,84.54,2589.01,1,0,123.9,5.0,2,1.3636357438019346,-1.7603045665651536,0.033333322222225924,Male,One year,Fiber optic,Mailed check,0
61.0,8,85.13,649.1,1,1,116.2,0.0,0,0.13114751948401318,3.992601421748205,0.12499984375019532,Female,Two year,Fiber optic,Bank transfer (automatic),0
32.0,8,90.87,698.15,0,2,137.2,15.0,0,0.2499999218750244,3.6013590858011497,0.0,Male,Two year,Fiber optic,Electronic check,0
49.0,21,52.97,1076.7,2,1,257.4,0.0,0,0.4285713411078895,1.698595843525787,0.09523804988664292,Female,Two year,DSL,Electronic check,0
66.0,9,73.25,653.89,0,0,131.8,0.0,1,0.13636361570248245,0.5956362826263444,0.0,Female,Month-to-month,Fiber optic,Mailed check,1
63.0,18,69.63,1223.67,3,0,126.4,0.0,0,0.28571424036281895,1.6483711009049387,0.16666657407412552,Male,Month-to-month,DSL,Mailed check,0
57.0,25,80.14,1953.87,2,1,157.6,10.0,1,0.4385964142813308,1.9852312619075008,0.0799999680000128,Male,Month-to-month,Fiber optic,Mailed check,0
36.0,11,19.44,207.6,3,1,212.2,0.0,0,0.3055554706790359,0.567289884281923,0.2727270247936138,Female,Month-to-month,No,Electronic check,1
38.0,60,60.1,3627.17,1,1,55.7,0.0,0,1.5789469529086966,-0.3528232578627879,0.01666666388888935,Female,Month-to-month,DSL,Electronic check,0
19.0,25,66.96,1713.07,2,0,131.3,5.0,0,1.3157887811637994,-1.5627725908909724,0.0799999680000128,Female,Month-to-month,Fiber optic,Bank transfer (automatic),0
63.0,27,61.48,1726.97,2,1,113.6,0.0,1,0.42857136054422845,-2.481828162285872,0.07407404663924198,Male,One year,DSL,Bank transfer (automatic),0
69.0,72,103.46,7302.16,2,1,118.6,15.0,0,1.0434781096408536,2.041125197065952,0.027777773919753623,Male,Month-to-month,Fiber optic,Credit card (automatic),0
23.0,38,64.57,2425.82,3,0,174.1,15.0,1,1.6521731947073066,0.7326483782504241,0.07894734764543482,Male,Month-to-month,DSL,Electronic check,0
53.0,5,56.91,289.96,0,1,147.8,15.0,0,0.09433960484158399,-1.0818840162319745,0.0,Male,Two year,DSL,Credit card (automatic),0
60.0,7,50.29,349.4,0,0,148.6,0.0,1,0.11666664722222546,0.3757855917348678,0.0,Female,Two year,DSL,Credit card (automatic),0
50.0,1,77.29,76.59,2,0,151.4,0.0,0,0.019999996000000797,0.7007658923410816,1.9999800001999979,Male,Month-to-month,Fiber optic,Credit card (automatic),1
22.0,72,21.35,1461.27,3,1,120.2,15.0,1,3.272725785124643,1.0545861521408142,0.04166666087963043,Male,Month-to-month,No,Electronic check,0
56.0,42,60.22,2545.78,0,1,179.1,0.0,0,0.7499998660714524,-0.39379509195354956,0.0,Male,One year,DSL,Bank transfer (automatic),0
41.0,22,89.56,2027.86,0,0,150.7,5.0,1,0.536585234979211,-2.6154126475396993,0.0,Male,Month-to-month,Fiber optic,Credit card (automatic),0
40.0,72,95.1,7171.74,2,1,202.6,10.0,0,1.7999995500001122,-4.507486165626915,0.027777773919753623,Female,One year,Fiber optic,Credit card (automatic),0
56.0,36,50.96,1836.26,2,0,185.8,0.0,0,0.642857028061245,-0.04720805355331237,0.055555540123461075,Female,Month-to-month,DSL,Bank transfer (automatic),0
73.0,13,18.0,241.92,3,1,146.1,0.0,1,0.17808216738600446,-0.6092164544488803,0.23076905325457442,Male,One year,No,Bank transfer (automatic),0
69.0,52,95.32,4740.12,0,0,169.5,5.0,2,0.753623079185061,4.163863683872364,0.0,Male,Month-to-month,Fiber optic,Electronic check,0
56.0,55,73.33,3965.21,2,2,140.9,10.0,1,0.9821426817602353,1.2352858354025784,0.03636362975206731,Female,Month-to-month,Fiber optic,Electronic check,0
30.0,25,92.75,2294.74,3,1,254.5,0.0,0,0.8333330555556482,0.960436715825324,0.1199999520000192,Female,One year,Fiber optic,Electronic check,0
43.0,45,34.97,1572.28,2,1,109.6,0.0,1,1.046511384532236,0.030452208788396717,0.044444434567903424,Male,Month-to-month,DSL,Electronic check,0
34.0,33,85.53,2704.45,0,1,133.7,15.0,2,0.9705879498270735,3.576994531213799,0.0,Male,One year,Fiber optic,Electronic check,1
59.0,16,48.7,762.76,3,0,182.5,0.0,0,0.2711863947141704,1.02752979529388,0.18749988281257324,Female,Month-to-month,DSL,Electronic check,0
21.0,40,74.99,3013.02,1,1,145.6,5.0,2,1.9047609977328583,-0.33548116862971256,0.02499999375000156,Female,Two year,Fiber optic,Electronic check,0
40.0,13,19.79,258.84,1,0,114.7,0.0,0,0.32499991875002027,-0.12075391480468056,0.07692301775152481,Male,Month-to-month,No,Electronic check,0
25.0,1,30.95,29.9,1,1,131.2,0.0,0,0.0399999840000064,1.0502989970100316,0.9999900000999989,Male,Month-to-month,No,Credit card (automatic),1
67.0,43,49.6,2056.77,3,0,114.3,0.0,0,0.6417909489864255,1.768150658569617,0.06976742563548241,Male,Two year,DSL,Bank transfer (automatic),0
41.0,72,74.36,5564.41,2,1,80.8,10.0,0,1.7560971326592358,-2.9234614884081225,0.027777773919753623,Male,One year,Fiber optic,Electronic check,0
65.0,3,69.52,215.14,1,1,174.2,0.0,1,0.04615383905325553,-2.1930942896857033,0.3333322222259259,Male,Month-to-month,Fiber optic,Credit card (automatic),1
43.0,7,27.61,196.4,3,0,168.6,0.0,1,0.16279065981612562,-0.44710277556746547,0.4285708163274053,Male,One year,No,Bank transfer (automatic),0
61.0,16,77.41,1300.29,3,1,141.2,5.0,0,0.26229503896802636,-3.858074207453626,0.18749988281257324,Male,Two year,DSL,Mailed check,0
20.0,7,76.12,542.8,1,3,141.0,0.0,0,0.3499998250000875,-1.4227463675051837,0.14285693877580175,Female,Month-to-month,DSL,Bank transfer (automatic),1
34.0,12,76.44,890.7,0,0,139.5,0.0,2,0.35294107266439034,2.215061854115106,0.0,Male,Month-to-month,Fiber optic,Electronic check,0
39.0,15,103.11,1565.69,3,1,136.6,10.0,0,0.38461528599608047,-1.2692637471575097,0.19999986666675557,Male,Two year,Fiber optic,Mailed check,0
34.0,44,100.23,4482.6,0,1,138.0,5.0,0,1.294117266436098,-1.6472495733523687,0.0,Female,Month-to-month,Fiber optic,Mailed check,0
24.0,8,51.42,395.02,3,1,102.3,10.0,1,0.3333331944445023,2.0425617217978527,0.37499953125058594,Male,One year,DSL,Electronic check,0
64.0,38,20.55,796.84,2,0,205.5,5.0,0,0.593749907226577,-0.4194681659294268,0.05263156509695655,Male,Two year,No,Electronic check,0
69.0,8,28.83,225.48,0,1,154.2,0.0,1,0.11594201218231708,0.6450352312059593,0.0,Male,Two year,No,Bank transfer (automatic),0
60.0,21,94.27,2024.4,0,0,126.7,15.0,1,0.34999994166667636,-2.1299540952599614,0.0,Female,Two year,Fiber optic,Electronic check,0
50.0,1,92.47,95.89,2,0,132.5,10.0,0,0.019999996000000797,-3.4190411095889033,1.9999800001999979,Male,Month-to-month,Fiber optic,Bank transfer (automatic),1
68.0,7,73.63,494.22,2,0,132.1,0.0,1,0.10294116133218215,3.0272437182232466,0.2857138775516035,Female,One year,Fiber optic,Electronic check,0
46.0,2,25.67,49.18,3,2,175.9,5.0,0,0.04347825141777143,1.080122949385256,1.4999925000374998,Male,One year,No,Credit card (automatic),0
56.0,10,80.83,846.51,2,1,134.9,0.0,0,0.17857139668367916,-3.8209153490846575,0.1999998000002,Male,Two year,Fiber optic,Mailed check,0
29.0,15,23.88,350.43,1,1,100.4,0.0,0,0.51724120095131,0.5180155746562818,0.06666662222225185,Female,Month-to-month,No,Bank transfer (automatic),0
29.0,7,41.72,291.72,1,0,10.0,0.0,0,0.24137922711061136,0.04577382032310595,0.14285693877580175,Female,Two year,DSL,Electronic check,0
53.0,19,65.56,1287.21,4,0,119.9,0.0,1,0.35849049839801916,-2.187859080074176,0.21052620498620792,Female,One year,DSL,Credit card (automatic),0
52.0,2,91.85,178.99,4,1,230.0,15.0,2,0.038461531065090176,2.355447472762634,1.9999900000499997,Female,Month-to-month,Fiber optic,Electronic check,1
43.0,18,34.34,647.87,1,4,170.6,0.0,0,0.4186045538128944,-1.6527577818012276,0.055555524691375174,Female,Month-to-month,No,Electronic check,0
21.0,8,59.54,466.28,1,1,136.2,0.0,1,0.38095219954657167,1.2550728561589324,0.12499984375019532,Male,One year,DSL,Bank transfer (automatic),0
37.0,16,55.18,913.57,0,1,99.5,15.0,1,0.4324323155588336,-1.918089313694182,0.0,Female,Month-to-month,DSL,Mailed check,0
72.0,32,101.1,3183.89,2,0,55.1,0.0,0,0.44444438271605796,1.6034685926660757,0.0624999804687561,Male,Two year,Fiber optic,Bank transfer (automatic),0
18.0,7,63.45,454.76,2,1,154.4,5.0,0,0.3888886728396262,-1.5156214776836094,0.2857138775516035,Male,Two year,DSL,Mailed check,0
44.0,14,25.37,343.34,1,0,90.6,5.0,0,0.318181745867785,0.8457318030487144,0.0714285204081997,Female,Month-to-month,No,Electronic check,0
71.0,42,18.0,754.22,3,0,163.0,20.0,2,0.5915492124578574,0.04238522800351774,0.07142855442177275,Female,Month-to-month,No,Credit card (automatic),0
74.0,22,19.64,417.72,4,0,187.4,5.0,0,0.2972972571219923,0.6527359033018598,0.1818180991735913,Female,Two year,No,Mailed check,0
55.0,14,48.57,652.43,0,1,142.6,0.0,1,0.2545454082644712,1.9678904300782634,0.0,Female,Month-to-month,DSL,Credit card (automatic),0
68.0,40,76.3,2937.35,2,2,187.8,0.0,0,0.5882352076124694,2.8662683584329187,0.04999998750000312,Female,Two year,Fiber optic,Electronic check,0
60.0,57,42.63,2397.87,2,0,115.4,5.0,1,0.949999841666693,0.5621126434890158,0.035087713142506465,Female,Two year,DSL,Credit card (automatic),0
74.0,72,33.99,2537.54,2,0,100.3,0.0,1,0.9729728414901565,-1.2536062161657995,0.027777773919753623,Male,Two year,No,Electronic check,0
68.0,5,61.8,311.16,1,0,97.6,20.0,0,0.07352940095155867,-0.4318755362489384,0.19999960000080003,Female,Month-to-month,DSL,Bank transfer (automatic),1
57.0,2,42.73,83.83,4,0,56.6,10.0,0,0.035087713142506465,0.8152095739521314,1.9999900000499997,Female,Two year,DSL,Credit card (automatic),0
51.0,72,66.18,4769.1,1,0,154.4,5.0,0,1.4117644290657982,-0.0574908003484893,0.013888886959876811,Male,Month-to-month,DSL,Bank transfer (automatic),0
59.0,42,80.9,3443.89,2,0,144.7,0.0,2,0.7118642861246972,-1.0973614291996512,0.04761903628118183,Female,One year,Fiber optic,Electronic check,0
32.0,47,23.1,1096.91,2,1,112.4,10.0,1,1.4687495410157683,-0.2385056726583663,0.042553182435493095,Male,Month-to-month,No,Electronic check,0
30.0,17,18.0,300.84,4,3,132.0,5.0,2,0.5666664777778407,0.3035398214471634,0.23529397923883574,Male,Month-to-month,No,Bank transfer (automatic),1
33.0,29,54.65,1611.68,0,0,169.3,5.0,0,0.8787876124886022,-0.925153249947158,0.0,Female,Month-to-month,DSL,Mailed check,0
71.0,1,63.25,64.09,2,0,184.5,5.0,0,0.014084505058520413,-0.839359106408935,1.9999800001999979,Male,Month-to-month,DSL,Credit card (automatic),1
43.0,32,40.55,1270.54,3,1,130.0,15.0,0,0.7441858734451456,0.8456374076133102,0.09374997070313415,Male,Two year,DSL,Bank transfer (automatic),0
23.0,40,20.16,833.17,3,2,238.4,10.0,0,1.7391296786392703,-0.6692447926888008,0.07499998125000468,Male,Two year,No,Mailed check,0
23.0,15,90.84,1416.52,3,1,161.3,10.0,0,0.6521736294897263,-3.5946037102641952,0.19999986666675557,Female,One year,Fiber optic,Mailed check,0
53.0,16,63.84,1003.71,3,1,162.4,0.0,1,0.30188673549306877,1.1081642073973725,0.18749988281257324,Male,Month-to-month,DSL,Electronic check,0
71.0,8,68.9,567.33,1,0,160.4,5.0,0,0.1126760404681633,-2.0161613547983137,0.12499984375019532,Male,Month-to-month,Fiber optic,Mailed check,1
65.0,20,62.42,1250.75,6,3,128.8,0.0,1,0.30769226035503683,-0.11746873126563173,0.299999850000075,Female,Month-to-month,DSL,Mailed check,1
34.0,15,80.41,1190.05,3,1,96.6,5.0,0,0.44117634083048796,1.0733862244091767,0.19999986666675557,Male,One year,Fiber optic,Electronic check,0
46.0,1,77.73,73.86,2,1,196.1,5.0,0,0.021739125708885716,3.8707385926140887,1.9999800001999979,Male,One year,Fiber optic,Mailed check,0
22.0,12,72.82,876.52,1,1,118.4,0.0,0,0.5454542975207739,-0.2232724639396224,0.08333326388894677,Male,Two year,Fiber optic,Mailed check,0
74.0,6,52.51,299.53,1,0,135.1,0.0,0,0.08108107012417971,2.588416535972442,0.16666638888935187,Female,Two year,Fiber optic,Electronic check,0
39.0,1,52.01,54.34,1,1,122.6,0.0,1,0.025641019066405365,-2.329456605433947,0.9999900000999989,Female,One year,DSL,Electronic check,0
50.0,9,23.84,223.89,6,0,173.9,0.0,0,0.1799999640000072,-1.0366390259566387,0.666665925926749,Male,Month-to-month,No,Bank transfer (automatic),1
47.0,51,89.07,4738.12,2,1,117.7,0.0,0,1.085106152105074,-3.8342955089616595,0.03921567858516106,Female,Two year,Fiber optic,Mailed check,0
40.0,4,75.31,313.13,0,0,138.6,0.0,0,0.09999997500000624,-2.9723042942392652,0.0,Male,One year,Fiber optic,Credit card (automatic),0
42.0,3,31.0,92.84,3,2,163.4,0.0,0,0.07142855442177275,0.053436488545038685,0.9999966666777778,Female,Month-to-month,No,Bank transfer (automatic),1
50.0,16,35.21,575.75,1,0,147.1,10.0,0,0.31999993600001275,-0.774352509779682,0.06249996093752441,Male,Month-to-month,DSL,Mailed check,0
19.0,16,63.03,1002.52,1,0,157.1,10.0,1,0.8421048199448317,0.3725391609130284,0.06249996093752441,Male,Month-to-month,DSL,Credit card (automatic),0
32.0,42,75.1,3065.9,1,0,177.6,0.0,0,1.312499589843878,2.1023983327623057,0.023809518140590916,Female,Month-to-month,Fiber optic,Bank transfer (automatic),0
41.0,36,115.55,4104.06,0,0,165.5,0.0,0,0.8780485663296179,1.5483650004541687,0.0,Male,One year,Fiber optic,Electronic check,0
70.0,4,72.68,296.74,0,2,134.0,0.0,1,0.057142848979593,-1.5048145379636537,0.0,Female,Two year,Fiber optic,Electronic check,0
29.0,50,70.45,3583.85,2,1,117.7,0.0,1,1.7241373365043668,-1.2269856646028643,0.039999992000001594,Male,Month-to-month,DSL,Mailed check,0
25.0,7,75.09,503.49,0,0,95.9,0.0,3,0.2799998880000448,3.1629598957715785,0.0,Female,Month-to-month,Fiber optic,Bank transfer (automatic),1
30.0,72,86.83,6385.45,3,2,105.1,5.0,0,2.399999200000267,-1.8567932379453822,0.04166666087963043,Male,Month-to-month,Fiber optic,Mailed check,0
49.0,1,74.62,76.56,0,2,166.2,10.0,0,0.020408159100375693,-1.939234407655917,0.0,Male,One year,Fiber optic,Bank transfer (automatic),0
72.0,2,34.14,70.21,1,1,206.8,0.0,0,0.027777773919753623,-0.964824475877613,0.49999750001249993,Male,One year,No,Mailed check,0
34.0,11,24.46,266.05,3,0,150.3,0.0,0,0.3235293166090245,0.2736583512196802,0.2727270247936138,Female,Month-to-month,No,Mailed check,0
66.0,72,20.92,1517.29,2,0,25.5,0.0,0,1.0909089256198596,-0.1534692953514849,0.027777773919753623,Male,Month-to-month,No,Electronic check,0
61.0,21,91.88,2023.76,1,0,160.2,0.0,0,0.3442622386455346,-4.489477919296235,0.04761902494332146,Male,Month-to-month,Fiber optic,Bank transfer (automatic),0
27.0,12,26.82,322.52,3,2,109.3,20.0,0,0.4444442798354519,-0.05664426946310641,0.24999979166684028,Male,Two year,DSL,Bank transfer (automatic),0
53.0,16,47.65,777.72,3,1,117.7,0.0,3,0.30188673549306877,-0.9574696203314943,0.18749988281257324,Male,Month-to-month,DSL,Mailed check,1
62.0,9,61.9,563.74,1,2,192.2,0.0,0,0.14516126690947306,-0.7377081803242476,0.11111098765445816,Female,Month-to-month,Fiber optic,Bank transfer (automatic),0
33.0,50,46.76,2383.43,3,0,191.2,20.0,0,1.5151510560148314,-0.9085904662819004,0.0599999880000024,Male,Month-to-month,DSL,Electronic check,0
31.0,50,97.32,5101.28,1,1,78.2,5.0,0,1.6129027055152563,-4.705579594884071,0.019999996000000797,Female,Month-to-month,Fiber optic,Electronic check,0
45.0,29,78.41,2337.91,2,0,151.8,0.0,2,0.6444443012345997,-2.2075584077384747,0.06896549346017466,Female,Month-to-month,Fiber optic,Mailed check,0
46.0,4,28.55,111.83,1,1,120.4,0.0,1,0.08695650283554286,0.5925698935752628,0.24999937500156252,Male,Month-to-month,No,Mailed check,1
49.0,24,105.03,2562.96,0,1,105.5,5.0,0,0.4897958184090166,-1.7599555041852142,0.0,Female,One year,Fiber optic,Bank transfer (automatic),0
28.0,72,30.85,2127.72,0,1,124.2,20.0,0,2.5714276530615523,1.2983374377309183,0.0,Female,Month-to-month,DSL,Bank transfer (automatic),0
34.0,15,85.46,1288.78,2,0,186.1,0.0,0,0.44117634083048796,-0.4586093875937536,0.1333332444445037,Female,Month-to-month,Fiber optic,Credit card (automatic),0
18.0,6,45.45,272.81,2,2,121.0,0.0,2,0.33333314814825105,-0.01825755290408182,0.33333277777870374,Female,One year,DSL,Electronic check,0
62.0,1,92.02,93.78,1,1,137.6,20.0,0,0.016129029656608118,-1.7590622093779018,0.9999900000999989,Male,Two year,Fiber optic,Electronic check,0
18.0,7,23.68,164.75,5,3,125.0,5.0,1,0.3888886728396262,0.1443193366866602,0.7142846938790088,Male,One year,No,Bank transfer (automatic),0
58.0,55,18.0,977.56,2,1,125.2,0.0,0,0.9482756985731554,0.22618504978454013,0.03636362975206731,Male,Month-to-month,No,Mailed check,0
49.0,10,88.14,915.93,3,0,171.8,10.0,0,0.20408159100375692,-3.4529084070915843,0.2999997000003,Male,Two year,Fiber optic,Electronic check,0
58.0,2,78.99,157.29,4,0,131.3,0.0,1,0.03448275267538747,0.34539322303388076,1.9999900000499997,Male,Month-to-month,Fiber optic,Credit card (automatic),1
44.0,10,85.56,886.73,0,1,161.3,0.0,0,0.22727267561984643,-3.112911327088682,0.0,Male,Month-to-month,Fiber optic,Electronic check,1
46.0,8,79.52,631.23,2,0,100.8,5.0,0,0.17391300567108572,0.6163486295642002,0.24999968750039064,Male,One year,Fiber optic,Electronic check,0
61.0,72,54.59,3823.63,2,0,214.1,20.0,2,1.1803276753561187,1.4840351536062357,0.027777773919753623,Female,Month-to-month,DSL,Credit card (automatic),0
33.0,56,89.38,5179.14,2,2,105.8,5.0,1,1.6969691827366111,-3.104626342031011,0.03571427933673583,Male,Month-to-month,Fiber optic,Bank transfer (automatic),0
68.0,5,21.49,112.69,2,1,45.1,0.0,1,0.07352940095155867,-1.0479549240901562,0.39999920000160005,Female,One year,No,Mailed check,0
40.0,2,28.53,58.47,3,1,102.4,5.0,0,0.04999998750000312,-0.7048538257308685,1.4999925000374998,Female,Month-to-month,No,Bank transfer (automatic),1
62.0,8,27.9,226.35,2,0,199.3,0.0,0,0.12903223725286495,-0.39371463285671027,0.24999968750039064,Male,One year,No,Mailed check,0
38.0,1,23.56,24.33,2,1,258.1,0.0,0,0.026315782548478276,-0.769756702432975,1.9999800001999979,Male,One year,No,Electronic check,0
70.0,17,68.51,1156.04,2,0,134.7,0.0,1,0.24285710816327025,0.5076870601840824,0.11764698961941787,Male,One year,DSL,Bank transfer (automatic),0
34.0,19,44.56,840.99,1,0,154.0,0.0,0,0.5588233650519514,0.297391717162256,0.05263155124655198,Male,Two year,DSL,Electronic check,0
41.0,43,51.93,2194.97,5,1,212.6,0.0,0,1.0487802320048214,0.8841979176283985,0.11627904272580401,Male,Month-to-month,DSL,Electronic check,1
37.0,72,91.8,6778.7,2,5,138.3,10.0,3,1.9459454200147512,-2.3485980349169324,0.027777773919753623,Male,Month-to-month,Fiber optic,Bank transfer (automatic),1
37.0,7,23.38,163.95,4,0,115.9,0.0,0,0.1891891380569897,-0.041395112292697434,0.571427755103207,Female,Month-to-month,No,Electronic check,1
73.0,12,41.81,521.54,4,1,200.8,5.0,0,0.16438353912554257,-1.651630448641292,0.33333305555578707,Female,One year,DSL,Mailed check,0
24.0,19,42.5,833.39,0,0,97.8,10.0,2,0.791666336805693,-1.3626084933639504,0.0,Male,Month-to-month,DSL,Electronic check,0
46.0,12,55.4,654.71,0,1,122.8,0.0,0,0.26086950850662854,0.8408787992676636,0.0,Female,Month-to-month,DSL,Mailed check,0
37.0,72,49.59,3615.25,2,1,130.8,0.0,1,1.9459454200147512,-0.6217985816946339,0.027777773919753623,Male,One year,DSL,Bank transfer (automatic),0
62.0,4,87.49,340.07,5,0,89.2,0.0,0,0.06451611862643247,2.472712543218634,1.2499968750078125,Male,Month-to-month,Fiber optic,Bank transfer (automatic),1
23.0,12,90.44,1067.63,2,3,110.3,0.0,0,0.5217389035917811,1.4709074742437593,0.16666652777789354,Male,Month-to-month,Fiber optic,Credit card (automatic),1
30.0,28,26.28,708.72,2,2,142.2,0.0,1,0.933333022222326,0.9685804683641166,0.07142854591837645,Female,One year,No,Electronic check,0
60.0,6,45.63,272.58,3,0,127.9,0.0,0,0.09999998333333611,0.20007571654047496,0.4999991666680556,Male,Month-to-month,DSL,Mailed check,1
20.0,6,53.71,332.17,2,1,232.9,0.0,0,0.299999850000075,-1.6515743973760095,0.33333277777870374,Male,Month-to-month,DSL,Electronic check,1
54.0,23,104.35,2335.04,4,1,136.3,15.0,1,0.425925847050769,2.8265658797539572,0.17391296786392701,Female,Month-to-month,Fiber optic,Credit card (automatic),1
42.0,17,28.0,481.12,0,3,168.0,0.0,1,0.4047618083900456,-0.3011598228471648,0.0,Male,One year,No,Electronic check,0
73.0,24,46.82,1093.68,1,2,84.4,0.0,1,0.32876707825108514,1.2500189874920835,0.04166664930556279,Male,Two year,DSL,Credit card (automatic),0
49.0,9,56.7,534.4,1,1,183.7,20.0,1,0.18367343190338123,-2.67771180254244,0.11111098765445816,Male,One year,Fiber optic,Electronic check,0
30.0,8,94.95,785.76,8,0,127.1,5.0,0,0.2666665777778074,-3.269877225153465,0.9999987500015626,Male,Month-to-month,Fiber optic,Electronic check,1
43.0,72,28.57,2107.64,2,0,150.9,0.0,0,1.6744182152515776,-0.7027737121147588,0.027777773919753623,Male,Month-to-month,No,Credit card (automatic),0
47.0,1,82.78,85.29,2,1,119.0,0.0,0,0.021276591217746547,-2.509147108528907,1.9999800001999979,Male,One year,Fiber optic,Electronic check,0
20.0,3,50.26,146.73,4,1,89.0,15.0,0,0.1499999250000375,1.3501630327898937,1.3333288889037036,Male,One year,DSL,Bank transfer (automatic),0
49.0,1,89.87,89.15,3,1,157.9,5.0,0,0.020408159100375693,0.7208914910850979,2.9999700002999967,Male,Month-to-month,Fiber optic,Mailed check,1
49.0,39,22.18,865.63,1,0,250.0,20.0,0,0.795918204914652,-0.015635334452476002,0.025641019066405365,Male,One year,No,Mailed check,0
74.0,1,55.17,57.5,1,1,175.8,15.0,0,0.013513511687363285,-2.3294250057499397,0.9999900000999989,Female,Month-to-month,DSL,Electronic check,0
59.0,13,65.88,854.21,1,2,156.3,5.0,1,0.22033894570526344,0.17158900646998632,0.07692301775152481,Female,Month-to-month,DSL,Credit card (automatic),0
43.0,3,77.43,224.31,0,0,156.9,20.0,0,0.06976742563548241,2.660249232502565,0.0,Male,Month-to-month,Fiber optic,Credit card (automatic),0
42.0,2,86.96,169.21,0,2,136.4,0.0,0,0.04761903628118183,2.355423022884878,0.0,Female,One year,Fiber optic,Electronic check,0
36.0,72,96.27,7121.85,2,3,150.9,0.0,0,1.9999994444445985,-2.644569595198675,0.027777773919753623,Female,Month-to-month,Fiber optic,Credit card (automatic),0
52.0,10,96.32,939.44,1,0,101.9,0.0,0,0.19230765532545088,2.3760939439060422,0.0999999000001,Female,Month-to-month,Fiber optic,Electronic check,1
23.0,5,31.46,153.75,2,2,118.1,0.0,0,0.21739120982990878,0.7100614998769998,0.39999920000160005,Male,Two year,No,Bank transfer (automatic),0
25.0,1,66.94,69.32,3,0,175.0,0.0,0,0.0399999840000064,-2.379306806931922,2.9999700002999967,Male,Month-to-month,DSL,Bank transfer (automatic),1
46.0,19,24.46,464.26,1,1,191.4,10.0,0,0.41304338846882854,0.025276018275778966,0.05263155124655198,Male,Month-to-month,No,Mailed check,0
53.0,1,19.35,19.47,2,1,186.7,5.0,0,0.018867920968316798,-0.11980530194697536,1.9999800001999979,Male,Month-to-month,No,Credit card (automatic),1
32.0,16,86.63,1347.23,1,3,110.6,0.0,0,0.4999998437500488,2.428177626138975,0.06249996093752441,Male,Month-to-month,Fiber optic,Bank transfer (automatic),0
64.0,13,91.08,1164.15,4,1,83.1,0.0,2,0.2031249682617237,1.5300688845623824,0.30769207100609924,Female,One year,Fiber optic,Bank transfer (automatic),1
65.0,1,54.48,55.26,0,0,46.1,0.0,0,0.015384613017751844,-0.7794474055259428,0.0,Male,One year,DSL,Electronic check,0
26.0,19,63.72,1202.72,1,0,85.8,20.0,1,0.7307689497042501,0.4189806847470052,0.05263155124655198,Female,Two year,DSL,Electronic check,0
47.0,1,73.0,74.42,4,0,172.1,15.0,0,0.021276591217746547,-1.4192558074419281,3.9999600003999958,Female,One year,DSL,Bank transfer (automatic),0
71.0,19,28.56,545.15,3,1,140.6,0.0,0,0.26760559611188783,-0.13209016205781055,0.15789465373965592,Male,One year,No,Electronic check,0
41.0,12,19.76,244.74,3,3,153.3,0.0,0,0.292682855443206,-0.6349830041808282,0.24999979166684028,Female,Month-to-month,No,Mailed check,0
59.0,26,70.16,1832.11,3,0,179.4,0.0,1,0.4406778914105269,-0.30574212856072336,0.11538457100593423,Male,Two year,DSL,Bank transfer (automatic),0
46.0,8,69.4,535.58,2,0,169.3,0.0,0,0.17391300567108572,2.452583684270394,0.24999968750039064,Male,Month-to-month,DSL,Bank transfer (automatic),1
34.0,7,74.01,535.47,3,1,106.4,0.0,0,0.20588229238756103,-2.4856050062785613,0.4285708163274053,Male,One year,DSL,Credit card (automatic),0
56.0,3,46.79,140.46,1,0,128.2,0.0,0,0.053571419005103746,-0.029843933853555882,0.3333322222259259,Male,Month-to-month,DSL,Electronic check,1
70.0,56,60.51,3448.15,2,0,129.7,10.0,1,0.799999885714302,-1.0640961474828288,0.03571427933673583,Male,Month-to-month,DSL,Credit card (automatic),0
43.0,12,62.93,735.53,2,0,146.5,5.0,1,0.27906970254192964,1.6358844117629872,0.16666652777789354,Male,One year,DSL,Mailed check,0
56.0,18,107.35,1978.5,0,1,128.5,0.0,2,0.3214285140306225,-2.566605601885783,0.0,Male,Two year,Fiber optic,Electronic check,0
54.0,5,94.01,467.04,1,2,243.1,0.0,1,0.09259257544581935,0.6021868156263679,0.19999960000080003,Female,Month-to-month,Fiber optic,Credit card (automatic),1
68.0,1,64.71,63.14,2,3,82.8,0.0,3,0.014705880190311736,1.5706313936860639,1.9999800001999979,Female,One year,DSL,Bank transfer (automatic),0
48.0,13,56.26,737.55,2,0,217.6,5.0,1,0.27083327690973397,-0.4745717426371243,0.15384603550304962,Female,Two year,DSL,Credit card (automatic),0
38.0,4,21.2,83.4,2,1,112.3,10.0,0,0.1052631301939131,0.3500521248696842,0.49999875000312505,Female,Two year,No,Bank transfer (automatic),0
23.0,17,65.17,1060.2,0,1,129.6,0.0,0,0.7391301134216899,2.8053308027465818,0.0,Female,One year,DSL,Mailed check,0
56.0,28,70.96,2057.51,1,1,100.7,0.0,0,0.4999999107143016,-2.5224737562593873,0.03571427295918823,Male,Month-to-month,Fiber optic,Bank transfer (automatic),0
31.0,22,44.16,989.0,1,0,112.6,0.0,1,0.7096771904267127,-0.7945250206704486,0.04545452479339782,Female,Month-to-month,DSL,Electronic check,0
47.0,11,94.45,1027.23,1,1,137.5,0.0,0,0.23404250339521201,1.0655394404186893,0.09090900826453795,Female,Month-to-month,Fiber optic,Electronic check,1
32.0,5,25.28,125.47,0,0,151.0,20.0,0,0.15624995117189025,0.18605018789962458,0.0,Male,Month-to-month,No,Credit card (automatic),1
35.0,19,87.2,1689.95,3,0,168.2,0.0,1,0.5428569877551463,-1.7446900291105152,0.15789465373965592,Male,One year,Fiber optic,Credit card (automatic),0
24.0,19,76.1,1384.13,1,2,65.6,5.0,0,0.791666336805693,3.2510909731099957,0.05263155124655198,Female,Month-to-month,Fiber optic,Mailed check,0
33.0,19,61.94,1124.02,1,0,84.6,5.0,1,0.5757574012856359,2.781083767850646,0.05263155124655198,Male,Month-to-month,DSL,Bank transfer (automatic),0
28.0,4,93.28,391.5,1,1,159.5,5.0,2,0.1428570918367529,-4.594755313111719,0.24999937500156252,Female,Month-to-month,Fiber optic,Mailed check,1
54.0,20,69.03,1394.84,0,0,86.6,0.0,0,0.3703703017832774,-0.7119651290174289,0.0,Female,One year,Fiber optic,Credit card (automatic),0
71.0,64,47.5,3075.79,4,2,102.5,0.0,0,0.9014083237453064,-0.5592112407482404,0.06249999023437652,Male,Month-to-month,DSL,Electronic check,1
66.0,13,41.75,549.43,2,0,126.5,15.0,0,0.196969667125808,-0.5138136432202742,0.15384603550304962,Female,Month-to-month,DSL,Bank transfer (automatic),0
33.0,72,18.0,1244.38,3,0,102.1,0.0,0,2.1818175206613573,0.7169468448684917,0.04166666087963043,Female,One year,No,Bank transfer (automatic),0
25.0,29,41.45,1160.05,0,0,193.5,0.0,0,1.1599995360001856,1.4482896557621885,0.0,Female,One year,DSL,Electronic check,0
65.0,46,25.7,1137.14,1,0,174.8,0.0,1,0.7076921988165847,0.979570591397696,0.021739125708885716,Male,Month-to-month,No,Bank transfer (automatic),0
71.0,39,80.34,3188.32,1,0,170.3,15.0,1,0.5492956972822961,-1.4117739098015534,0.025641019066405365,Female,Month-to-month,Fiber optic,Bank transfer (automatic),0
64.0,12,75.77,952.47,1,0,148.0,0.0,1,0.18749997070312957,-3.602433856305126,0.08333326388894677,Female,Month-to-month,Fiber optic,Mailed check,0
69.0,10,40.8,423.25,1,0,197.2,10.0,1,0.14492751522789635,-1.5249576750423302,0.0999999000001,Male,Month-to-month,DSL,Bank transfer (automatic),1
18.0,3,49.55,153.02,1,0,139.0,0.0,0,0.16666657407412552,-1.4564966450111854,0.3333322222259259,Female,Month-to-month,DSL,Bank transfer (automatic),1
35.0,40,56.01,2294.43,3,0,213.9,10.0,0,1.1428568163266237,-1.3507356598160811,0.07499998125000468,Male,Two year,DSL,Mailed check,0
66.0,39,63.739999999999995,3012.38,4,1,160.3,10.0,1,0.590909001377424,-13.5004930152582,0.10256407626562146,Male,Two year,Fiber optic,Mailed check,0
25.0,19,25.34,469.08,0,1,153.0,0.0,0,0.7599996960001216,0.6515919412673981,0.0,Female,Two year,No,Bank transfer (automatic),0
25.0,13,93.44,1216.26,0,1,38.5,0.0,0,0.5199997920000832,-0.11838957046956011,0.0,Female,One year,Fiber optic,Mailed check,0
49.0,16,26.24,427.1,2,1,95.6,0.0,0,0.3265305456060111,-0.453733316416681,0.12499992187504883,Female,One year,No,Electronic check,0
33.0,2,46.9,98.09,1,1,138.8,0.0,0,0.06060604224059325,-2.1447547762261223,0.49999750001249993,Male,Two year,DSL,Electronic check,0
46.0,16,105.13,1633.75,1,0,60.2,15.0,1,0.34782601134217145,3.020688818319485,0.06249996093752441,Female,One year,Fiber optic,Mailed check,0
66.0,36,18.96,669.52,0,0,170.0,0.0,0,0.5454544628099298,0.3622273882701741,0.0,Female,One year,No,Credit card (automatic),0
68.0,54,81.04,4288.82,0,1,113.5,5.0,0,0.7941175302768337,1.6174221152922144,0.0,Female,Month-to-month,Fiber optic,Mailed check,0
70.0,14,29.81,435.73,4,0,185.6,5.0,0,0.1999999714285755,-1.3135491974648623,0.2857140816327988,Male,Month-to-month,No,Mailed check,1
59.0,72,34.13,2505.86,1,0,76.9,0.0,0,1.2203387762137667,-0.6736062772769031,0.013888886959876811,Female,Month-to-month,DSL,Credit card (automatic),0
23.0,13,53.9,682.37,1,1,106.0,0.0,0,0.5652171455577628,1.4100403768920131,0.07692301775152481,Male,One year,DSL,Credit card (automatic),0
49.0,17,64.49,1060.32,1,1,175.1,0.0,0,0.34693870470638677,2.118271983369418,0.058823494809708936,Male,One year,DSL,Electronic check,0
33.0,9,45.98,412.45,5,2,60.4,5.0,0,0.27272719008266966,0.15227314191872665,0.5555549382722909,Male,Month-to-month,DSL,Mailed check,1
26.0,41,22.94,914.67,2,0,114.3,0.0,0,1.5769224704144345,0.6309810509802354,0.04878047590720099,Female,Month-to-month,No,Electronic check,0
38.0,29,18.0,496.94,2,1,231.3,0.0,1,0.76315769390587,0.8641438399504011,0.06896549346017466,Male,Month-to-month,No,Electronic check,0
25.0,67,84.67,5424.06,2,0,136.5,10.0,0,2.679998928000429,3.7138926800160164,0.029850741813322115,Female,Two year,Fiber optic,Electronic check,0
29.0,4,46.3,192.84,1,1,106.0,10.0,0,0.13793098692034933,-1.9098794753013166,0.24999937500156252,Male,One year,DSL,Credit card (automatic),0
34.0,45,83.27,3598.6,3,0,163.2,20.0,0,1.3235290224914638,3.3011288819713656,0.06666665185185514,Female,Month-to-month,Fiber optic,Mailed check,0
27.0,4,22.9,90.21,1,1,100.6,15.0,2,0.14814809327848397,0.34755638110904385,0.24999937500156252,Female,Month-to-month,No,Mailed check,1
29.0,15,22.41,321.82,3,1,94.0,15.0,1,0.51724120095131,0.955347636434908,0.19999986666675557,Male,Two year,No,Bank transfer (automatic),0
71.0,5,38.32,199.53,3,1,106.6,0.0,0,0.07042252529260207,-1.5859201881596263,0.5999988000024,Female,Month-to-month,No,Credit card (automatic),1
63.0,8,57.72,452.94,3,0,81.4,0.0,1,0.12698410682791955,1.1025707717865316,0.37499953125058594,Male,Two year,Fiber optic,Electronic check,0
60.0,72,75.24,5588.8,1,1,116.3,0.0,1,1.1999998000000334,-2.38221144135953,0.013888886959876811,Male,Two year,Fiber optic,Electronic check,0
66.0,24,71.36,1643.14,0,0,162.4,15.0,3,0.3636363085399532,2.8958618600575505,0.0,Female,Month-to-month,Fiber optic,Mailed check,0
18.0,7,77.31,552.66,2,1,231.8,0.0,1,0.3888886728396262,-1.6413157838345853,0.2857138775516035,Male,One year,Fiber optic,Credit card (automatic),0
21.0,19,81.08,1606.89,0,1,157.7,0.0,0,0.9047614739231077,-3.493113382571906,0.0,Female,Month-to-month,Fiber optic,Mailed check,0
69.0,2,68.74,139.8,2,1,152.6,5.0,1,0.02898550304557927,-1.1596505017475067,0.9999950000249999,Female,Month-to-month,DSL,Electronic check,1
39.0,72,52.93,3768.3,3,1,183.4,5.0,3,1.8461533727811863,0.5925072690962097,0.04166666087963043,Male,One year,DSL,Mailed check,0
74.0,22,38.82,816.62,0,0,175.9,0.0,0,0.2972972571219923,1.700925963215468,0.0,Male,One year,DSL,Bank transfer (automatic),0
27.0,20,60.37,1255.81,1,0,175.0,0.0,0,0.7407404663924199,-2.420468604765702,0.0499999750000125,Female,Month-to-month,Fiber optic,Electronic check,0
25.0,11,68.5,753.16,1,1,162.3,0.0,2,0.4399998240000704,0.030971335480600715,0.09090900826453795,Male,Month-to-month,DSL,Electronic check,1
24.0,12,76.25,882.58,0,0,123.5,5.0,1,0.49999979166675346,2.7017279568933645,0.0,Female,Two year,Fiber optic,Electronic check,0
39.0,7,92.76,648.04,2,0,132.0,0.0,1,0.17948713346483755,0.18298939572943596,0.2857138775516035,Male,Month-to-month,Fiber optic,Mailed check,1
55.0,20,78.12,1597.06,1,1,164.3,5.0,0,0.36363629752067317,-1.732960073519962,0.0499999750000125,Male,Two year,Fiber optic,Electronic check,0
64.0,72,24.48,1829.34,2,0,60.0,10.0,1,1.1249998242187773,-0.9274964711810441,0.027777773919753623,Female,One year,No,Bank transfer (automatic),0
36.0,23,83.84,1897.49,2,2,133.4,0.0,1,0.6388887114198023,1.3404706519692837,0.08695648393196351,Male,Two year,Fiber optic,Credit card (automatic),0
71.0,3,24.48,71.5,1,0,169.3,0.0,2,0.04225351517556124,0.6467461108462977,0.3333322222259259,Female,Two year,No,Credit card (automatic),0
66.0,19,88.13,1640.35,2,0,148.2,5.0,0,0.2878787442607963,1.7958349127184619,0.10526310249310396,Female,Two year,Fiber optic,Bank transfer (automatic),0
39.0,3,85.08,246.3,1,1,73.2,0.0,0,0.07692305719921609,2.9802736657544386,0.3333322222259259,Female,Month-to-month,Fiber optic,Electronic check,1
46.0,3,50.83,150.48,3,1,78.4,5.0,0,0.06521737712665714,0.6701671994426732,0.9999966666777778,Male,Month-to-month,DSL,Mailed check,1
53.0,14,99.59,1410.13,2,1,163.1,0.0,1,0.2641508935564352,-1.1334994832146634,0.1428570408163994,Male,One year,Fiber optic,Electronic check,0
47.0,33,107.76,854.12,3,0,26.2,15.0,0,0.7021275101856361,81.87758360073225,0.09090906336088989,Male,Month-to-month,Fiber optic,Electronic check,0
57.0,34,73.7,2624.07,3,2,134.7,0.0,0,0.5964911234226099,-3.4785067122039095,0.08823526816609759,Male,One year,Fiber optic,Bank transfer (automatic),0
42.0,4,60.43,235.21,2,2,178.3,15.0,0,0.09523807256236366,1.62764700588248,0.49999875000312505,Female,One year,DSL,Mailed check,0
24.0,47,28.07,1318.25,2,4,170.0,0.0,0,1.9583325173614512,0.022133627205612072,0.042553182435493095,Female,Month-to-month,No,Bank transfer (automatic),0
40.0,7,88.98,598.62,1,0,106.6,5.0,0,0.1749999562500109,3.462979310029553,0.14285693877580175,Female,Two year,Fiber optic,Credit card (automatic),0
71.0,23,74.1,1639.75,1,2,116.4,5.0,1,0.3239436163459695,2.806552736281418,0.043478241965981754,Male,Month-to-month,Fiber optic,Bank transfer (automatic),0
45.0,21,51.77,1129.4,1,0,198.4,5.0,1,0.466666562962986,-2.010926770987254,0.04761902494332146,Female,Month-to-month,DSL,Mailed check,0
37.0,19,49.75,986.62,0,0,217.1,0.0,1,0.5135133747261149,-2.1773410908731137,0.0,Female,Month-to-month,DSL,Bank transfer (automatic),0
27.0,14,79.81,1160.2,1,0,112.7,10.0,0,0.5185183264746939,-3.0613693775933086,0.0714285204081997,Male,Two year,Fiber optic,Credit card (automatic),0
22.0,72,23.9,1770.16,0,0,90.8,0.0,0,3.272725785124643,-0.6855521408955383,0.0,Male,One year,No,Credit card (automatic),0
41.0,1,45.04,47.02,3,0,50.7,5.0,0,0.024390237953600496,-1.9795298047019543,2.9999700002999967,Female,Month-to-month,DSL,Electronic check,1
56.0,33,101.62,3355.17,2,1,199.3,0.0,1,0.5892856090561412,-0.05178737218562901,0.06060604224059325,Male,Month-to-month,Fiber optic,Credit card (automatic),0
74.0,26,49.92,1335.07,1,0,174.9,10.0,1,0.3513513038714454,-1.4288264042975314,0.03846152366864474,Female,One year,DSL,Electronic check,0
49.0,5,75.03,361.91,1,0,99.3,10.0,0,0.10204079550187846,2.6481447637104623,0.19999960000080003,Male,Month-to-month,DSL,Mailed check,0
19.0,1,103.7,103.21,0,1,141.3,0.0,0,0.05263155124655198,0.4910320896791234,0.0,Male,Month-to-month,Fiber optic,Credit card (automatic),1
51.0,24,69.47,1676.5,1,0,174.4,15.0,0,0.4705881430219327,-0.38413756077602557,0.04166664930556279,Male,Month-to-month,DSL,Credit card (automatic),0
65.0,10,60.63,584.23,0,0,69.8,0.0,1,0.15384613017751841,2.2070584229415786,0.0,Female,Month-to-month,DSL,Electronic check,1
43.0,12,74.42,882.39,2,0,102.0,20.0,0,0.27906970254192964,0.887561277032276,0.16666652777789354,Female,One year,DSL,Credit card (automatic),0
55.0,51,24.97,1286.9,2,0,80.2,5.0,0,0.9272725586777165,-0.263328385621886,0.03921567858516106,Female,One year,No,Electronic check,0
21.0,8,76.63,603.23,3,0,208.3,5.0,1,0.38095219954657167,1.2263442545696677,0.37499953125058594,Female,One year,Fiber optic,Credit card (automatic),0
43.0,10,64.99,619.83,2,2,120.4,0.0,0,0.23255808545160803,3.007061982938005,0.1999998000002,Male,Two year,DSL,Bank transfer (automatic),0
27.0,20,68.59,1407.65,0,1,149.0,20.0,1,0.7407404663924199,-1.7924648087676047,0.0,Female,Two year,DSL,Bank transfer (automatic),0
48.0,10,95.91,981.03,0,2,113.6,5.0,0,0.20833328993056457,-2.1929018970981105,0.0,Male,One year,Fiber optic,Credit card (automatic),0
55.0,54,72.68,3986.63,1,0,123.6,10.0,0,0.9818180033058175,-1.1464678099133607,0.01851851508916387,Female,One year,DSL,Electronic check,0
23.0,13,20.77,264.99,1,0,181.7,0.0,1,0.5652171455577628,0.38616952602344057,0.07692301775152481,Female,Month-to-month,No,Credit card (automatic),0
53.0,34,56.89,1937.93,1,0,167.7,5.0,0,0.6415093129227711,-0.10792441237516925,0.029411756055365862,Female,One year,DSL,Electronic check,0
70.0,9,92.3,870.46,1,1,180.3,10.0,1,0.12857141020408425,-4.417670313699659,0.11111098765445816,Male,Two year,Fiber optic,Credit card (automatic),0
29.0,43,23.36,1051.08,2,1,135.0,0.0,0,1.4827581093937554,-1.083715245647614,0.0465116170903216,Female,Month-to-month,No,Electronic check,0
63.0,8,46.12,358.11,6,0,126.8,0.0,0,0.12698410682791955,1.3563059546175538,0.7499990625011719,Female,Two year,DSL,Electronic check,0
66.0,42,66.17,2656.84,1,1,168.3,0.0,1,0.6363635399449181,2.9119198233524273,0.023809518140590916,Female,Month-to-month,DSL,Electronic check,0
22.0,5,20.92,107.64,6,0,176.5,0.0,0,0.2272726239669891,-0.6079569440861121,1.1999976000048,Male,Month-to-month,No,Mailed check,1
24.0,29,85.79,2391.86,3,1,103.2,0.0,1,1.208332829861321,3.312097406173308,0.10344824019026201,Female,Month-to-month,Fiber optic,Credit card (automatic),0
38.0,7,67.11,466.49,1,0,207.9,5.0,2,0.1842104778393479,0.46866663047623547,0.14285693877580175,Male,Month-to-month,Fiber optic,Electronic check,1
38.0,8,22.48,178.08,1,1,202.0,0.0,0,0.2105262603878262,0.2200278249652179,0.12499984375019532,Female,Month-to-month,No,Electronic check,1
68.0,5,53.0,266.14,2,2,181.8,10.0,0,0.07352940095155867,-0.22789354421291108,0.39999920000160005,Female,One year,DSL,Mailed check,0
40.0,7,85.09,571.29,0,0,173.5,5.0,1,0.1749999562500109,3.477259446772223,0.0,Female,One year,Fiber optic,Bank transfer (automatic),0
20.0,49,92.79,4376.22,3,1,159.5,0.0,0,2.4499987750006125,3.479405981753885,0.061224477301127074,Male,Month-to-month,Fiber optic,Credit card (automatic),0
65.0,3,50.15,147.58,3,0,154.3,5.0,0,0.04615383905325553,0.9568306438978524,0.9999966666777778,Male,Month-to-month,DSL,Credit card (automatic),1
51.0,11,73.09,837.08,2,0,124.6,10.0,0,0.21568623221838581,-3.0081126380794245,0.1818180165290759,Male,Month-to-month,Fiber optic,Electronic check,1
52.0,15,58.89,912.27,1,1,57.3,5.0,0,0.2884614829881763,-1.9279594546936991,0.06666662222225185,Male,Two year,Fiber optic,Mailed check,0
21.0,1,49.38,48.14,0,0,159.3,0.0,0,0.04761902494332146,1.2404813951860518,0.0,Female,Month-to-month,DSL,Mailed check,1
24.0,4,55.85,216.8,1,3,116.7,0.0,0,0.16666659722225116,1.6501354996612463,0.24999937500156252,Female,Month-to-month,DSL,Credit card (automatic),1
71.0,31,88.89,2647.8,2,0,125.4,15.0,1,0.43661965681413284,3.477124326734085,0.06451610822061025,Female,Two year,Fiber optic,Mailed check,0
47.0,72,77.04,5393.1,2,2,10.0,0.0,0,1.5319145676777515,2.135843736688372,0.027777773919753623,Female,Two year,Fiber optic,Credit card (automatic),0
55.0,10,94.49,923.69,1,1,182.5,0.0,1,0.18181814876033658,2.121092368907611,0.0999999000001,Female,One year,Fiber optic,Mailed check,0
31.0,19,56.8,1036.9,1,0,171.1,5.0,0,0.6129030280957974,2.226344512450247,0.05263155124655198,Male,Month-to-month,DSL,Mailed check,0
56.0,9,45.83,410.82,0,0,196.6,5.0,0,0.16071425701531125,0.18338405179549255,0.0,Male,Month-to-month,DSL,Electronic check,1
32.0,1,84.83,81.36,5,4,153.9,0.0,0,0.03124999023437805,3.4708135918640863,4.999950000499995,Male,One year,Fiber optic,Mailed check,0
23.0,72,52.73,3647.21,2,0,183.9,0.0,1,3.1304334215506864,2.074312591067695,0.027777773919753623,Male,Month-to-month,DSL,Bank transfer (automatic),0
70.0,5,24.46,123.52,2,1,181.1,10.0,2,0.07142856122449125,-0.2439505920988161,0.39999920000160005,Male,Month-to-month,No,Electronic check,1
39.0,23,37.38,899.14,2,0,124.7,0.0,2,0.5897434385273234,-1.7130264812928289,0.08695648393196351,Female,Two year,No,Credit card (automatic),0
43.0,16,92.35,1406.96,3,1,113.6,0.0,0,0.3720929367225728,4.415054959340637,0.18749988281257324,Female,One year,Fiber optic,Bank transfer (automatic),0
74.0,35,43.4,1544.89,1,3,120.4,0.0,0,0.472972909057715,-0.7397016743709486,0.028571420408165595,Female,Month-to-month,DSL,Bank transfer (automatic),0
21.0,29,63.41,1793.27,0,1,110.5,0.0,0,1.3809517233563222,1.573124771336282,0.0,Female,Month-to-month,DSL,Electronic check,0
61.0,32,66.91,2164.54,1,2,152.9,0.0,1,0.5245900779360527,-0.7318538619206691,0.03124999023437805,Male,Two year,Fiber optic,Mailed check,0
36.0,41,85.94,3562.78,1,0,172.2,0.0,2,1.1388885725309519,-0.9570519763287848,0.024390237953600496,Female,Month-to-month,Fiber optic,Electronic check,0
70.0,60,33.1,1955.74,2,1,257.1,0.0,1,0.857142734693895,0.5043387659435439,0.0333333277777787,Female,One year,No,Bank transfer (automatic),0
24.0,14,73.09,1051.35,1,2,173.0,0.0,0,0.583333090277879,-2.0063749311607495,0.0714285204081997,Male,Month-to-month,Fiber optic,Bank transfer (automatic),0
37.0,72,84.97,5866.78,3,0,130.4,0.0,0,1.9459454200147512,3.4869557615339346,0.04166666087963043,Female,Month-to-month,Fiber optic,Credit card (automatic),0
21.0,15,73.95,1116.96,1,2,115.3,0.0,3,0.7142853741498219,-0.5139503573664257,0.06666662222225185,Female,Month-to-month,Fiber optic,Credit card (automatic),1
71.0,51,65.57,854.12,6,1,129.9,20.0,2,0.7183097579845411,48.82255230342111,0.11764703575548317,Male,Two year,Fiber optic,Mailed check,0
48.0,10,26.42,263.37,0,2,177.8,0.0,3,0.20833328993056457,0.08302633697366346,0.0,Male,Month-to-month,No,Electronic check,1
62.0,6,83.16,479.04,2,1,89.3,0.0,3,0.09677417793964871,3.320133066444882,0.33333277777870374,Male,One year,Fiber optic,Credit card (automatic),1
25.0,2,65.76,137.81,0,0,94.6,5.0,2,0.0799999680000128,-3.1446554767226047,0.0,Male,Month-to-month,Fiber optic,Credit card (automatic),1
30.0,59,94.77,5728.31,3,0,195.9,15.0,1,1.9666660111113297,-2.3199835440705954,0.05084744900890695,Female,Month-to-month,Fiber optic,Credit card (automatic),0
74.0,2,27.84,55.83,0,0,175.9,0.0,1,0.02702702337472657,-0.07486042569787088,0.0,Female,Two year,No,Electronic check,0
39.0,8,96.39,791.96,3,0,96.9,0.0,0,0.20512815253124292,-2.604876256404694,0.37499953125058594,Male,One year,Fiber optic,Electronic check,1
68.0,13,72.15,915.38,1,1,136.6,5.0,0,0.19117644247405258,1.7362080106092321,0.07692301775152481,Male,One year,DSL,Mailed check,0
38.0,24,55.47,1355.64,2,2,158.1,0.0,0,0.6315787811634785,-1.014976464593147,0.08333329861112558,Female,Two year,DSL,Electronic check,0
69.0,30,77.4,2325.11,2,0,113.9,10.0,1,0.434782545683689,-0.10364083211972286,0.06666664444445185,Male,Month-to-month,Fiber optic,Mailed check,0
35.0,54,31.59,1661.68,0,0,117.7,15.0,0,1.542856702040942,0.8181538466381788,0.0,Male,Month-to-month,No,Electronic check,0
66.0,7,89.86,620.9,1,1,199.5,15.0,0,0.10606058999081969,1.1601267141046918,0.14285693877580175,Male,Two year,Fiber optic,Mailed check,0
50.0,47,49.31,2357.5,2,2,251.8,0.0,0,0.9399998120000376,-0.8495637958374829,0.042553182435493095,Female,Month-to-month,DSL,Mailed check,0
47.0,12,73.45,846.45,7,1,125.9,0.0,0,0.2553190946129586,2.912558781201014,0.5833328472226273,Male,Month-to-month,Fiber optic,Mailed check,1
30.0,20,94.99,1911.76,4,2,148.1,0.0,2,0.6666664444445185,-0.5979522060239049,0.19999990000005,Female,Month-to-month,Fiber optic,Electronic check,1
53.0,5,74.72,374.9,0,0,107.4,5.0,0,0.09433960484158399,-0.25985004029992353,0.0,Female,Month-to-month,Fiber optic,Credit card (automatic),1
50.0,44,74.1,3384.54,0,2,167.4,20.0,0,0.8799998240000352,-2.8213461542395066,0.0,Female,Month-to-month,Fiber optic,Credit card (automatic),0
54.0,64,94.93,6083.67,2,0,112.9,0.0,0,1.1851849657064877,-0.12732889729234387,0.03124999511718826,Male,One year,Fiber optic,Bank transfer (automatic),0
43.0,59,20.29,1197.45,1,1,183.2,15.0,0,1.3720927041644873,-0.0057592719052088626,0.01694914966963565,Male,Month-to-month,No,Credit card (automatic),0
60.0,2,30.95,62.44,0,1,99.5,0.0,1,0.0333333277777787,-0.2698439007804936,0.0,Male,One year,No,Bank transfer (automatic),0
72.0,12,66.08,789.69,5,2,144.1,20.0,1,0.16666664351852173,0.2725548395376194,0.4166663194447338,Male,Month-to-month,Fiber optic,Credit card (automatic),1
67.0,1,32.38,31.76,0,1,57.2,5.0,0,0.014925370906661057,0.6203175968240338,0.0,Female,One year,No,Credit card (automatic),0
45.0,72,92.68,6902.22,1,1,126.3,15.0,0,1.5999996444445233,-3.184153352200923,0.013888886959876811,Female,Month-to-month,Fiber optic,Electronic check,0
47.0,72,73.33,5531.83,1,0,112.8,5.0,0,1.5319145676777515,-3.500961551255344,0.013888886959876811,Male,Two year,Fiber optic,Electronic check,0
59.0,4,70.33,280.2,3,0,126.3,15.0,0,0.0677965986785426,0.2801751245621773,0.7499981250046875,Female,Month-to-month,DSL,Electronic check,1
58.0,4,65.06,252.03,3,0,164.0,5.0,0,0.06896550535077493,2.052657518356199,0.7499981250046875,Male,Month-to-month,Fiber optic,Mailed check,1
60.0,30,95.0,2980.88,1,1,67.0,0.0,0,0.49999991666668053,-4.362633545788825,0.033333322222225924,Female,One year,Fiber optic,Electronic check,0
45.0,1,82.47,78.52,3,3,94.2,0.0,1,0.022222217283951712,3.950785192148089,2.9999700002999967,Male,Two year,Fiber optic,Credit card (automatic),0
33.0,69,50.8,3453.15,0,0,155.5,0.0,0,2.0909084573004675,0.7543550790789695,0.0,Male,Month-to-month,DSL,Electronic check,0
59.0,13,68.16,842.76,1,0,230.5,5.0,3,0.22033894570526344,3.3323575597249544,0.07692301775152481,Male,Month-to-month,Fiber optic,Bank transfer (automatic),0
19.0,27,88.02,2460.16,0,1,48.6,0.0,0,1.4210518836569033,-3.0970032899987814,0.0,Female,Month-to-month,Fiber optic,Electronic check,1
44.0,26,93.08,2451.01,2,1,112.3,0.0,0,0.5909089566116007,-1.1895791270849685,0.07692304733728948,Male,Month-to-month,Fiber optic,Bank transfer (automatic),0
34.0,72,26.1,1922.2,6,1,141.0,0.0,0,2.1176464359863423,-0.5972185142752053,0.08333332175926086,Female,One year,No,Credit card (automatic),0
44.0,53,68.43,3630.53,1,0,237.0,5.0,0,1.2045451807851861,-0.07055311310317336,0.018867920968316798,Female,One year,DSL,Electronic check,0
33.0,3,58.0,172.41,0,1,185.6,0.0,0,0.09090906336088989,0.5301915660281153,0.0,Female,Two year,DSL,Credit card (automatic),0
32.0,1,77.47,79.35,2,1,149.0,0.0,1,0.03124999023437805,-1.87920650793491,1.9999800001999979,Female,Month-to-month,Fiber optic,Electronic check,1
18.0,20,32.01,646.72,1,2,197.4,5.0,1,1.1111104938275034,-0.32598383200808456,0.0499999750000125,Female,Month-to-month,No,Electronic check,0
74.0,3,56.88,170.42,3,1,98.4,0.0,0,0.04054053506208986,0.07352268825771091,0.9999966666777778,Female,Two year,DSL,Electronic check,0
52.0,8,100.03,835.04,3,2,160.8,0.0,0,0.1538461242603607,-4.349869525163086,0.37499953125058594,Male,One year,Fiber optic,Bank transfer (automatic),0
30.0,36,92.87,3503.1,1,0,229.7,5.0,1,1.1999996000001334,-4.43830630324824,0.027777770061730538,Male,Two year,Fiber optic,Electronic check,0
73.0,1,98.07,96.08,2,0,183.2,0.0,2,0.013698628260461882,1.9909607903920943,1.9999800001999979,Female,Month-to-month,Fiber optic,Credit card (automatic),1
57.0,17,104.04,1739.68,0,0,71.6,5.0,0,0.29824556171130495,1.7059425494455525,0.0,Female,Two year,Fiber optic,Mailed check,0
63.0,1,95.28,93.85,3,0,63.0,0.0,2,0.015873013353489944,1.4309384906151053,2.9999700002999967,Female,Month-to-month,Fiber optic,Bank transfer (automatic),1
38.0,45,80.21,3696.18,2,3,198.1,0.0,0,1.1842102146815223,-1.9273150805966424,0.044444434567903424,Female,One year,Fiber optic,Electronic check,0
27.0,5,54.72,286.09,1,3,182.2,10.0,1,0.18518511659810497,-2.4978855642288735,0.19999960000080003,Male,One year,Fiber optic,Electronic check,0
59.0,8,20.5,156.36,3,0,91.7,15.0,0,0.1355931973570852,0.95502443121946,0.37499953125058594,Female,Month-to-month,No,Credit card (automatic),1
48.0,3,77.67,239.95,3,1,122.1,0.0,1,0.06249998697916938,-2.3130667231109214,0.9999966666777778,Female,Two year,Fiber optic,Electronic check,0
56.0,6,23.9,137.4,1,1,172.2,5.0,2,0.10714283801020749,1.0000381666030513,0.16666638888935187,Female,Month-to-month,No,Electronic check,1
26.0,2,82.33,171.49,0,0,204.8,0.0,0,0.07692304733728948,-3.4145712771436223,0.0,Female,Month-to-month,Fiber optic,Mailed check,1
22.0,2,67.72,132.11,2,1,108.7,15.0,1,0.09090904958679565,1.66533027334863,0.9999950000249999,Female,Month-to-month,DSL,Mailed check,1
33.0,2,75.88,154.19,1,1,177.9,10.0,0,0.06060604224059325,-1.2146145269273632,0.49999750001249993,Female,Two year,Fiber optic,Electronic check,0
70.0,50,54.62,2692.01,0,0,78.3,0.0,0,0.7142856122449125,0.7798107680378408,0.0,Male,Month-to-month,DSL,Electronic check,0
51.0,72,51.39,3687.59,4,0,81.0,0.0,1,1.4117644290657982,0.17347933562787432,0.055555547839507245,Female,Month-to-month,DSL,Mailed check,1
44.0,20,90.29,1855.02,1,0,122.7,5.0,0,0.45454535123969286,-2.460953624523185,0.0499999750000125,Male,Month-to-month,Fiber optic,Electronic check,0
64.0,6,23.03,137.21,3,2,103.4,5.0,0,0.09374998535156479,0.1617047804920304,0.4999991666680556,Male,Month-to-month,No,Mailed check,0
30.0,27,63.39,1708.74,1,2,97.6,0.0,2,0.8999997000001,0.10335677283082134,0.03703702331962099,Male,Month-to-month,DSL,Mailed check,0
29.0,12,67.54,854.12,4,0,192.9,5.0,1,0.41379296076104805,-3.6366073528271983,0.33333305555578707,Female,Month-to-month,Fiber optic,Electronic check,1
45.0,1,88.81,84.8,0,0,100.0,0.0,0,0.022222217283951712,4.0108479915200945,0.0,Male,Two year,Fiber optic,Electronic check,0
50.0,10,45.38,460.36,2,1,146.5,0.0,0,0.199999960000008,-0.6559539640460343,0.1999998000002,Male,Month-to-month,DSL,Bank transfer (automatic),0
42.0,41,85.74,3536.04,4,0,67.6,5.0,0,0.9761902437642276,-0.5048570134495094,0.09756095181440198,Female,One year,Fiber optic,Bank transfer (automatic),0
64.0,11,88.95,951.37,1,1,290.7,0.0,0,0.17187497314453543,2.461896807366543,0.09090900826453795,Female,Month-to-month,Fiber optic,Credit card (automatic),1
44.0,28,68.35,1887.85,2,0,136.1,0.0,1,0.63636349173557,0.9268097939964974,0.07142854591837645,Male,Two year,DSL,Mailed check,0
26.0,42,20.5,834.74,2,0,184.9,0.0,0,1.6153839940830792,0.6252428273231381,0.04761903628118183,Female,Two year,No,Credit card (automatic),0
52.0,22,60.76,1306.97,3,2,88.7,10.0,0,0.42307684171599197,1.3522997307728488,0.13636357438019348,Female,Two year,Fiber optic,Electronic check,0
73.0,41,61.81,2576.71,0,0,125.2,0.0,1,0.5616437586789371,-1.0365700374219387,0.0,Male,month-to-month,Fiber optic,Bank transfer (automatic),0
71.0,40,54.67,2174.44,2,1,97.9,0.0,0,0.5633802023408165,0.30901359024660735,0.04999998750000312,Female,Month-to-month,DSL,Electronic check,0
19.0,9,88.71,806.89,1,1,211.8,10.0,0,0.4736839612189678,-0.9443448285057485,0.11111098765445816,Female,One year,Fiber optic,Credit card (automatic),0
31.0,16,51.44,821.19,1,3,89.1,20.0,3,0.516128865764882,0.11565707771431732,0.06249996093752441,Female,One year,DSL,Credit card (automatic),0
70.0,2,87.24,166.83,4,3,216.2,15.0,0,0.0285714244897965,3.8254170729146324,1.9999900000499997,Male,Month-to-month,Fiber optic,Credit card (automatic),1
45.0,27,71.05,1852.07,4,2,83.2,0.0,0,0.5999998666666962,2.4548402204295456,0.14814809327848397,Female,Month-to-month,Fiber optic,Mailed check,1
51.0,72,50.6,3465.96,3,0,135.7,0.0,0,1.4117644290657982,2.4616733525453682,0.04166666087963043,Female,Month-to-month,DSL,Mailed check,0
33.0,4,80.58,321.1,4,2,81.9,0.0,2,0.1212120844811865,0.30520068699826197,0.9999975000062501,Female,One year,Fiber optic,Credit card (automatic),1
29.0,1,56.38,56.47,0,0,117.8,10.0,1,0.03448274673008733,-0.08943530564693702,0.0,Female,Month-to-month,DSL,Bank transfer (automatic),1
65.0,1,80.67,82.84,0,2,110.0,5.0,1,0.015384613017751844,-2.169171608283918,0.0,Male,Two year,Fiber optic,Electronic check,0
48.0,15,55.47,859.18,3,2,111.8,15.0,1,0.3124999348958469,-1.8086284809143436,0.19999986666675557,Male,Month-to-month,DSL,Mailed check,0
34.0,33,56.11,1893.7,2,2,108.8,0.0,0,0.9705879498270735,-1.274831095505725,0.06060604224059325,Female,Two year,DSL,Credit card (automatic),0
61.0,8,52.02,402.98,0,0,78.2,0.0,0,0.13114751948401318,1.6475629655462924,0.0,Female,Month-to-month,DSL,Credit card (automatic),1
74.0,72,51.04,3570.02,0,0,159.7,0.0,0,0.9729728414901565,1.4563957755005887,0.0,Female,One year,DSL,Electronic check,0
52.0,18,50.77,926.16,2,2,159.3,20.0,1,0.3461537795858116,-0.6833047481640264,0.11111104938275035,Female,Month-to-month,DSL,Credit card (automatic),0
52.0,8,23.39,188.12,2,2,173.1,5.0,1,0.1538461242603607,-0.12497060628674461,0.24999968750039064,Female,Two year,No,Credit card (automatic),0
63.0,1,80.97,77.22,1,0,70.0,10.0,0,0.015873013353489944,3.7507721922780775,0.9999900000999989,Male,One year,Fiber optic,Credit card (automatic),0
37.0,72,48.04,3306.66,2,1,133.5,0.0,0,1.9459454200147512,2.11417304525375,0.027777773919753623,Female,Month-to-month,DSL,Bank transfer (automatic),0
36.0,9,81.28,730.44,0,1,136.8,5.0,0,0.24999993055557482,0.12009017767756802,0.0,Male,Month-to-month,Fiber optic,Credit card (automatic),1
44.0,6,44.05,277.24,2,3,106.8,15.0,0,0.13636360537190786,-2.1565896556839164,0.33333277777870374,Female,Month-to-month,DSL,Mailed check,1
33.0,6,85.19,496.39,0,1,148.1,20.0,1,0.18181812672177977,2.45847121921463,0.0,Female,Month-to-month,Fiber optic,Electronic check,1
61.0,4,85.66,334.05,3,2,74.0,10.0,0,0.06557375974200659,2.1477087807280384,0.7499981250046875,Male,Two year,Fiber optic,Credit card (automatic),0
50.0,61,62.06,3641.19,2,0,146.3,5.0,1,1.2199997560000486,2.368370441250754,0.032786879871003295,Male,One year,DSL,Electronic check,0
42.0,47,91.11,4126.92,0,0,75.1,0.0,1,1.119047352607773,3.303210171657412,0.0,Male,Month-to-month,Fiber optic,Electronic check,0
64.0,8,50.38,418.29,2,0,127.6,15.0,1,0.12499998046875305,-1.9061846422692028,0.24999968750039064,Male,Month-to-month,DSL,Bank transfer (automatic),1
72.0,37,82.03,3054.54,2,0,128.4,0.0,1,0.513888817515442,-0.5251128229424751,0.0540540394448542,Female,Month-to-month,Fiber optic,Credit card (automatic),0
54.0,15,95.81,1436.07,5,0,128.6,5.0,0,0.27777772633745806,0.07206382529078326,0.3333331111112593,Male,One year,Fiber optic,Electronic check,0
58.0,17,64.79,1127.01,2,0,195.8,15.0,0,0.29310339774079347,-1.5046668854900673,0.11764698961941787,Male,One year,Fiber optic,Bank transfer (automatic),0
46.0,72,84.41,6293.54,0,0,139.2,10.0,1,1.5652170510397714,-3.0002656374631016,0.0,Male,Month-to-month,Fiber optic,Mailed check,0
69.0,61,63.739999999999995,2771.27,2,1,200.2,0.0,1,0.8840578428901676,18.30935170994234,0.032786879871003295,Female,Month-to-month,DSL,Credit card (automatic),0
30.0,10,28.65,280.92,1,0,188.0,15.0,0,0.33333322222225925,0.5580280919719023,0.0999999000001,Male,Month-to-month,No,Bank transfer (automatic),1
48.0,9,78.96,718.2,0,0,235.9,0.0,0,0.18749996093750812,-0.8399113334318713,0.0,Female,Two year,Fiber optic,Mailed check,0
71.0,2,32.64,66.17,2,1,198.7,15.0,0,0.028169010117040826,-0.44483457582712305,0.9999950000249999,Female,Month-to-month,No,Electronic check,0
37.0,1,91.19,93.24,3,1,159.6,0.0,3,0.0270270197224271,-2.049067609323899,2.9999700002999967,Male,Two year,Fiber optic,Electronic check,0
20.0,10,77.92,810.95,1,0,61.3,0.0,0,0.49999975000012503,-3.1749189050810998,0.0999999000001,Male,One year,Fiber optic,Electronic check,0
56.0,6,30.77,193.63,2,0,173.7,10.0,1,0.10714283801020749,-1.501612880645201,0.33333277777870374,Male,Month-to-month,No,Mailed check,1
42.0,6,18.91,110.21,0,1,128.8,15.0,1,0.1428571088435455,0.5416972805045326,0.0,Female,Month-to-month,No,Credit card (automatic),1
61.0,7,68.88,476.25,1,0,174.9,5.0,2,0.11475407954851154,0.8443829080244143,0.14285693877580175,Male,Month-to-month,Fiber optic,Mailed check,1
45.0,1,95.2,92.57,1,0,139.7,10.0,0,0.022222217283951712,2.630925690743112,0.9999900000999989,Female,One year,Fiber optic,Credit card (automatic),0
28.0,25,20.17,500.64,4,0,198.5,0.0,0,0.8928568239797058,0.1444080102367984,0.1599999360000256,Male,One year,No,Bank transfer (automatic),0
20.0,3,54.25,170.28,3,0,117.0,0.0,0,0.1499999250000375,-2.5098108006306603,0.9999966666777778,Male,One year,DSL,Mailed check,0
22.0,31,30.99,931.83,1,2,147.8,0.0,0,1.4090902685953324,0.9309774383943719,0.03225805411030513,Female,One year,No,Electronic check,0
29.0,13,95.2,1297.39,2,1,160.6,10.0,2,0.4482757074911354,-4.5991540006507705,0.15384603550304962,Male,Month-to-month,Fiber optic,Mailed check,1
57.0,48,95.91,4789.39,2,1,173.8,0.0,1,0.8421051154201551,-3.8689375460546813,0.041666657986112916,Male,Two year,Fiber optic,Electronic check,0
45.0,35,23.04,790.11,1,1,94.4,0.0,1,0.7777776049383099,0.4654350213042804,0.028571420408165595,Male,Two year,No,Mailed check,0
57.0,1,49.63,51.08,1,0,60.0,0.0,0,0.017543856571253232,-1.4494892051079447,0.9999900000999989,Female,Month-to-month,DSL,Electronic check,1
73.0,10,89.9,878.46,1,0,150.7,0.0,0,0.13698628260461881,2.05408784591215,0.0999999000001,Female,Two year,Fiber optic,Electronic check,0
49.0,16,22.54,356.83,2,0,146.1,0.0,0,0.3265305456060111,0.2381389386631625,0.12499992187504883,Male,Month-to-month,No,Credit card (automatic),0
50.0,3,59.42,185.29,1,2,153.9,0.0,0,0.0599999880000024,-2.3431274562418096,0.3333322222259259,Female,Two year,DSL,Electronic check,0
31.0,18,26.07,484.97,0,0,156.3,0.0,2,0.5806449739854923,-0.8727628095762192,0.0,Female,Month-to-month,No,Credit card (automatic),0
40.0,23,86.22,1893.53,3,3,175.7,20.0,0,0.5749998562500359,3.8926444901545665,0.13043472589794528,Male,Month-to-month,Fiber optic,Electronic check,1
19.0,6,58.67,344.31,3,1,128.6,10.0,1,0.31578930747931183,1.2850956415072616,0.4999991666680556,Female,Month-to-month,DSL,Mailed check,1
25.0,1,25.22,26.12,2,0,39.5,20.0,1,0.0399999840000064,-0.8997388026119744,1.9999800001999979,Female,Month-to-month,No,Electronic check,0
27.0,38,71.58,2842.06,0,0,209.8,10.0,0,1.4074068861455977,-3.211032949728164,0.0,Female,Two year,Fiber optic,Electronic check,0
21.0,29,58.9,1787.81,3,1,134.6,5.0,0,1.3809517233563222,-2.748599431517441,0.10344824019026201,Male,Month-to-month,DSL,Mailed check,0
22.0,3,62.66,187.14,3,1,72.8,20.0,0,0.13636357438019348,0.2802079326402236,0.9999966666777778,Male,Two year,DSL,Bank transfer (automatic),0
46.0,57,39.83,2350.64,0,3,184.9,0.0,1,1.2391301654064857,-1.4092910106506977,0.0,Male,Month-to-month,DSL,Electronic check,0
42.0,17,43.71,753.83,1,0,123.0,10.0,0,0.4047618083900456,-0.6329150924028895,0.058823494809708936,Male,Month-to-month,DSL,Bank transfer (automatic),0
25.0,19,68.88,1258.86,4,1,98.9,0.0,0,0.7599996960001216,2.624245397765577,0.21052620498620792,Male,Month-to-month,DSL,Credit card (automatic),1
35.0,22,70.11,1578.65,1,1,177.9,10.0,0,0.6285712489796431,-1.646785565097474,0.04545452479339782,Female,One year,DSL,Electronic check,0
22.0,72,62.57,4681.96,1,1,201.0,0.0,0,3.272725785124643,-2.457213190664838,0.013888886959876811,Male,One year,DSL,Electronic check,0
68.0,5,21.45,111.32,1,1,190.8,10.0,0,0.07352940095155867,-0.8139554720890558,0.19999960000080003,Female,One year,No,Electronic check,0
71.0,52,59.38,3216.15,3,0,135.2,10.0,0,0.7323942630430615,-2.469026567494886,0.057692296597635265,Male,Month-to-month,DSL,Electronic check,0
43.0,46,110.62,4989.69,1,2,121.3,20.0,0,1.0697671930773969,2.1485018416300505,0.021739125708885716,Male,Month-to-month,Fiber optic,Credit card (automatic),0
56.0,15,52.97,822.95,4,0,105.9,0.0,0,0.26785709502551874,-1.8932967578021689,0.2666664888890074,Female,Month-to-month,DSL,Credit card (automatic),1
18.0,8,66.82,547.15,1,1,163.5,0.0,0,0.4444441975310014,-1.573664507919375,0.12499984375019532,Female,Two year,DSL,Credit card (automatic),0
66.0,2,29.51,59.39,2,2,107.7,0.0,2,0.03030302571166277,-0.18485152574237063,0.9999950000249999,Female,Month-to-month,No,Electronic check,1
65.0,13,32.6,413.45,2,2,176.3,10.0,0,0.19999996923077396,0.7961783106320688,0.15384603550304962,Female,One year,No,Bank transfer (automatic),0
18.0,2,62.93,120.2,4,0,158.7,0.0,1,0.11111104938275035,2.8303004984975075,1.9999900000499997,Female,One year,DSL,Electronic check,0
71.0,63,24.45,1579.34,1,1,179.9,5.0,3,0.8873238186867861,-0.6188849097008067,0.015873013353489944,Male,One year,No,Credit card (automatic),0
50.0,4,62.58,258.08,4,0,113.8,0.0,1,0.07999998400000319,-1.9398387004032571,0.9999975000062501,Female,One year,DSL,Bank transfer (automatic),0
36.0,37,35.45,1318.56,0,0,143.4,0.0,0,1.02777749228403,-0.1867471252034747,0.0,Male,Month-to-month,DSL,Bank transfer (automatic),0
50.0,14,53.17,769.76,3,1,102.2,10.0,0,0.27999994400001116,-1.8128178694158095,0.21428556122459913,Female,Month-to-month,DSL,Mailed check,0
28.0,57,79.18,4424.56,3,3,112.6,5.0,0,2.035713558673729,1.5561539690958028,0.05263156971375969,Female,One year,Fiber optic,Mailed check,0
21.0,1,51.14,49.56,2,1,115.5,5.0,0,0.04761902494332146,1.5804955950440487,1.9999800001999979,Male,Month-to-month,DSL,Credit card (automatic),1
68.0,57,60.07,3525.83,1,0,107.1,10.0,0,0.838235170847769,-1.7866558146217812,0.017543856571253232,Male,Two year,DSL,Credit card (automatic),0
40.0,7,89.74,633.71,2,0,159.7,0.0,0,0.1749999562500109,-0.7898706716133432,0.2857138775516035,Male,Month-to-month,Fiber optic,Credit card (automatic),1
25.0,5,77.96,405.2,2,0,112.0,0.0,0,0.199999920000032,-3.0798379203241666,0.39999920000160005,Female,Month-to-month,Fiber optic,Bank transfer (automatic),0
66.0,72,117.58,8830.64,3,1,145.6,10.0,0,1.0909089256198596,-5.067760743366549,0.04166666087963043,Female,One year,Fiber optic,Credit card (automatic),0
52.0,34,24.63,877.66,1,1,215.1,0.0,0,0.653846028106533,-1.1835218195524035,0.029411756055365862,Male,Month-to-month,No,Mailed check,0
32.0,48,87.94,4137.53,4,0,145.5,5.0,0,1.4999995312501464,1.7414762913591204,0.08333331597222583,Female,Month-to-month,Fiber optic,Credit card (automatic),1
64.0,41,23.11,991.89,1,1,176.5,0.0,1,0.6406248999023594,-1.0824331237967968,0.024390237953600496,Male,Month-to-month,No,Credit card (automatic),0
45.0,5,79.14,375.92,3,0,80.7,5.0,1,0.11111108641975856,3.9561503676992515,0.5999988000024,Male,One year,Fiber optic,Electronic check,0
58.0,9,84.41,792.75,3,0,110.8,0.0,0,0.1551723870392436,-3.6732354630717197,0.3333329629633745,Male,Month-to-month,Fiber optic,Bank transfer (automatic),1
22.0,72,26.45,1819.22,3,0,130.5,5.0,0,3.272725785124643,1.183059064852909,0.04166666087963043,Female,One year,No,Credit card (automatic),0
22.0,72,70.78,5340.49,0,0,120.9,5.0,0,3.272725785124643,-3.3934619203525074,0.0,Female,One year,Fiber optic,Electronic check,0
36.0,37,25.06,897.25,2,2,241.5,5.0,0,1.02777749228403,0.8100065540522827,0.0540540394448542,Female,Month-to-month,No,Mailed check,0
74.0,3,102.53,322.75,1,0,146.1,5.0,0,0.04054053506208986,-5.0529747234175915,0.3333322222259259,Male,One year,Fiber optic,Electronic check,0
52.0,8,97.34,793.88,0,0,234.9,0.0,1,0.1538461242603607,-1.894875956405059,0.0,Male,Two year,Fiber optic,Electronic check,0
40.0,2,46.68,90.56,2,0,119.6,15.0,0,0.04999998750000312,1.400226398868007,0.9999950000249999,Male,One year,DSL,Mailed check,0
61.0,21,113.49,2294.49,1,3,171.0,5.0,1,0.3442622386455346,4.2286234577983635,0.04761902494332146,Female,One year,Fiber optic,Electronic check,0
72.0,25,24.05,613.73,3,1,141.0,5.0,4,0.34722217399692024,-0.4991901803239287,0.1199999520000192,Male,Month-to-month,No,Mailed check,1
65.0,72,25.49,1851.22,1,0,56.7,0.0,1,1.1076921372781328,-0.2213853178631524,0.013888886959876811,Male,Month-to-month,No,Bank transfer (automatic),0
22.0,27,65.87,1802.34,2,0,133.9,0.0,0,1.2272721694217412,-0.8833086098856882,0.07407404663924198,Female,One year,DSL,Credit card (automatic),0
57.0,1,23.9,22.75,1,0,244.5,20.0,0,0.017543856571253232,1.150227497725023,0.9999900000999989,Male,Two year,No,Electronic check,0
33.0,5,64.13,306.77,1,1,102.4,5.0,0,0.15151510560148312,2.776122707754581,0.19999960000080003,Female,Month-to-month,DSL,Mailed check,1
43.0,72,61.12,4371.77,2,1,171.6,15.0,1,1.6744182152515776,0.400980655419346,0.027777773919753623,Female,Month-to-month,DSL,Bank transfer (automatic),0
34.0,44,81.63,3424.05,1,1,104.8,5.0,3,1.294117266436098,3.810699504386477,0.022727267561984642,Male,Month-to-month,Fiber optic,Electronic check,1
72.0,27,89.85,2382.82,0,2,75.7,0.0,1,0.3749999479166739,1.5974400935406976,0.0,Male,One year,Fiber optic,Mailed check,0
18.0,8,50.15,409.16,0,0,192.4,10.0,1,0.4444441975310014,-0.9949360688299222,0.0,Male,Two year,DSL,Electronic check,0
29.0,9,90.84,825.48,2,0,204.2,0.0,0,0.310344720570786,-0.8798980890021255,0.22222197530891633,Female,Month-to-month,Fiber optic,Credit card (automatic),1
56.0,5,65.38,321.8,2,1,154.0,0.0,0,0.08928569834183958,1.0201287197425444,0.39999920000160005,Female,Month-to-month,Fiber optic,Electronic check,1
74.0,18,86.97,1550.69,1,1,99.3,5.0,0,0.24324321037253913,0.8206034163314229,0.055555524691375174,Female,One year,Fiber optic,Electronic check,0
73.0,32,90.51,2860.34,1,1,210.4,0.0,0,0.4383561043347802,1.1244029329990894,0.03124999023437805,Female,Month-to-month,Fiber optic,Mailed check,0
72.0,21,82.67,1667.28,0,0,149.8,5.0,1,0.291666626157413,3.2757520924990047,0.0,Female,Month-to-month,Fiber optic,Electronic check,0
71.0,25,86.28,2079.12,2,0,130.4,0.0,0,0.35211262646301034,3.1152332659066957,0.0799999680000128,Male,Month-to-month,Fiber optic,Bank transfer (automatic),0
40.0,1,100.44,97.38,1,0,179.5,5.0,1,0.02499999375000156,3.0609737902621106,0.9999900000999989,Female,Month-to-month,Fiber optic,Bank transfer (automatic),1
63.0,48,23.15,1128.27,2,2,132.2,15.0,0,0.7619046409675173,-0.35562010299581104,0.041666657986112916,Male,One year,No,Mailed check,0
57.0,13,71.93,893.4,1,2,178.9,0.0,0,0.228070135426292,3.2069759407877427,0.07692301775152481,Female,Two year,Fiber optic,Bank transfer (automatic),0
56.0,5,84.7,440.57,1,0,91.1,0.0,0,0.08928569834183958,-3.4138237723524583,0.19999960000080003,Male,Month-to-month,Fiber optic,Credit card (automatic),1
63.0,9,52.06,455.67,0,2,89.0,0.0,0,0.14285712018140947,1.4300562554930494,0.0,Male,Month-to-month,DSL,Credit card (automatic),1
64.0,8,86.75,680.87,1,1,97.7,0.0,0,0.12499998046875305,1.6413563858045137,0.12499984375019532,Female,One year,Fiber optic,Electronic check,0
59.0,5,94.17,490.95,2,0,150.2,5.0,1,0.08474574834817825,-4.019803620392764,0.39999920000160005,Female,Month-to-month,Fiber optic,Mailed check,1
73.0,10,63.22,603.34,0,2,149.6,0.0,0,0.13698628260461881,2.8860603339396604,0.0,Female,Month-to-month,DSL,Credit card (automatic),1
34.0,58,64.48,3903.15,2,0,82.1,0.0,1,1.7058818512112202,-2.815678052469295,0.03448275267538747,Female,Month-to-month,Fiber optic,Bank transfer (automatic),0
54.0,72,77.51,5711.52,4,2,139.3,15.0,0,1.3333330864197988,-1.8166556490755994,0.055555547839507245,Female,Month-to-month,Fiber optic,Electronic check,1
67.0,36,91.34,3347.35,4,0,117.5,10.0,0,0.5373133526397981,-1.641918616133708,0.11111108024692215,Female,Month-to-month,Fiber optic,Bank transfer (automatic),1
35.0,26,18.0,484.82,2,0,190.9,0.0,1,0.7428569306123055,-0.6469159050323441,0.07692304733728948,Male,One year,No,Credit card (automatic),0
26.0,22,69.28,1536.32,1,0,148.8,5.0,0,0.8461535207101843,-0.552695530592942,0.04545452479339782,Male,Month-to-month,Fiber optic,Credit card (automatic),0
18.0,1,101.13,103.57,1,1,140.5,0.0,1,0.055555524691375174,-2.4389643103568943,0.9999900000999989,Male,Month-to-month,Fiber optic,Mailed check,1
32.0,72,83.51,6290.85,3,1,84.6,0.0,0,2.2499992968752194,-3.8629045315410337,0.04166666087963043,Male,Month-to-month,Fiber optic,Electronic check,0
19.0,61,62.88,3933.47,3,0,160.9,0.0,0,3.2105246260396707,-1.6031041830976633,0.049180319806504946,Female,Month-to-month,DSL,Electronic check,0
39.0,3,77.67,234.66,2,2,108.1,0.0,0,0.07692305719921609,-0.5497392675357702,0.6666644444518518,Male,One year,Fiber optic,Electronic check,0
68.0,8,101.56,798.06,1,1,79.0,0.0,0,0.11764704152249389,1.8026246967191355,0.12499984375019532,Male,One year,Fiber optic,Bank transfer (automatic),0
67.0,33,76.43,2575.85,1,1,174.5,10.0,0,0.4925372399198149,-1.6260369527160634,0.030303021120296626,Female,Month-to-month,DSL,Bank transfer (automatic),0
38.0,70,88.83,6190.91,0,2,205.6,5.0,0,1.8421047783934792,0.38844120593697085,0.0,Male,Month-to-month,Fiber optic,Bank transfer (automatic),0
70.0,1,62.67,62.31,4,0,119.5,15.0,1,0.01428571224489825,0.360623093769064,3.9999600003999958,Female,Month-to-month,DSL,Mailed check,1
23.0,36,81.03,3046.34,1,0,125.3,5.0,0,1.5652167107753432,-3.5905320498522,0.027777770061730538,Female,One year,Fiber optic,Mailed check,0
23.0,36,26.77,956.19,1,0,131.5,0.0,0,1.5652167107753432,0.20917404467387612,0.027777770061730538,Male,Month-to-month,No,Bank transfer (automatic),0
66.0,22,72.15,1646.63,2,2,86.3,0.0,2,0.33333328282829044,-2.696784160552653,0.09090904958679565,Female,Month-to-month,Fiber optic,Electronic check,1
27.0,63,88.94,5843.25,3,1,85.2,0.0,0,2.3333324691361224,-3.8099852777801146,0.04761904006046983,Female,Month-to-month,Fiber optic,Mailed check,0
44.0,5,34.48,180.61,2,1,72.8,0.0,0,0.11363633780992322,-1.6419277561444972,0.39999920000160005,Male,Two year,No,Bank transfer (automatic),0
42.0,12,84.66,1052.48,1,0,138.0,0.0,1,0.285714217687091,-3.046593577838692,0.08333326388894677,Male,Month-to-month,Fiber optic,Mailed check,1
47.0,22,69.72,1557.38,2,2,157.5,0.0,2,0.46808500679042403,-1.0699678227419014,0.09090904958679565,Male,Month-to-month,Fiber optic,Credit card (automatic),1
32.0,7,75.25,540.85,3,0,182.3,0.0,0,0.21874993164064635,-2.0141753368923787,0.4285708163274053,Male,Month-to-month,Fiber optic,Mailed check,1
62.0,12,48.91,591.81,3,1,192.7,0.0,0,0.19354835587929742,-0.4074589021175825,0.24999979166684028,Female,One year,DSL,Bank transfer (automatic),0
48.0,7,21.91,152.64,3,1,130.6,0.0,0,0.1458333029513952,0.10431686526162309,0.4285708163274053,Male,Two year,No,Electronic check,0
44.0,4,99.02,387.25,1,2,168.1,0.0,0,0.09090907024793857,2.2077420306449085,0.24999937500156252,Female,Month-to-month,Fiber optic,Credit card (automatic),1
56.0,26,47.89,1291.25,1,0,167.7,0.0,0,0.4642856313775658,-1.7734424371375255,0.03846152366864474,Male,Two year,DSL,Mailed check,0
43.0,36,84.42,2974.4,0,3,118.1,0.0,0,0.8372091076257888,1.7978007283886939,0.0,Female,Two year,Fiber optic,Credit card (automatic),0
55.0,37,91.25,3467.76,2,2,238.8,0.0,0,0.6727271504132454,-2.473217912643804,0.0540540394448542,Female,Month-to-month,Fiber optic,Electronic check,0
32.0,72,46.09,3273.83,1,0,186.2,0.0,0,2.2499992968752194,0.6201452041465032,0.013888886959876811,Male,One year,DSL,Electronic check,0
58.0,45,97.81,4319.17,3,2,112.5,5.0,0,0.775861935196218,1.8284657736742815,0.06666665185185514,Female,Two year,Fiber optic,Electronic check,0
30.0,3,61.33,184.34,4,0,206.5,5.0,0,0.09999996666667778,-0.1164618451271835,1.3333288889037036,Male,Month-to-month,DSL,Bank transfer (automatic),1
59.0,24,55.15,1334.51,5,1,53.3,10.0,1,0.4067795920712556,-0.45456016476659755,0.20833324652781396,Male,One year,DSL,Mailed check,0
66.0,72,99.07,7048.04,4,4,50.1,0.0,0,1.0909089256198596,1.1805691513098395,0.055555547839507245,Male,One year,Fiber optic,Electronic check,0
60.0,2,85.38,172.34,2,0,205.9,0.0,1,0.0333333277777787,-0.7895691521542432,0.9999950000249999,Female,Two year,Fiber optic,Electronic check,0
20.0,5,72.44,347.22,1,1,211.3,10.0,1,0.24999987500006252,2.9961388877222106,0.19999960000080003,Female,Month-to-month,DSL,Credit card (automatic),1
58.0,28,68.61,1867.57,4,0,119.1,0.0,1,0.4827585374554246,1.9110952496088345,0.1428570918367529,Female,Month-to-month,Fiber optic,Credit card (automatic),1
58.0,37,82.38,3148.28,1,1,124.0,10.0,0,0.6379309244946682,-2.708625651722798,0.0270270197224271,Female,Month-to-month,Fiber optic,Bank transfer (automatic),0
42.0,12,96.07,1145.23,3,0,104.1,5.0,1,0.285714217687091,0.6342461964614898,0.24999979166684028,Female,Month-to-month,Fiber optic,Mailed check,1
29.0,1,73.04,69.79,6,2,180.5,0.0,1,0.03448274673008733,3.2506978930210693,5.999940000599993,Male,One year,Fiber optic,Electronic check,0
39.0,7,72.44,491.33,0,0,84.1,15.0,0,0.17948713346483755,2.2501002712853193,0.0,Female,Two year,Fiber optic,Electronic check,0
54.0,46,37.93,1668.11,1,0,172.9,15.0,1,0.851851694101538,1.6667470137506513,0.021739125708885716,Female,Month-to-month,DSL,Mailed check,0
53.0,1,23.5,22.42,1,0,143.3,5.0,0,0.018867920968316798,1.080224197758021,0.9999900000999989,Female,One year,No,Electronic check,0
67.0,19,70.29,1343.95,2,0,106.1,0.0,1,0.2835820472265601,-0.44417329780353043,0.10526310249310396,Female,One year,Fiber optic,Bank transfer (automatic),0
52.0,14,102.65,1504.96,3,0,147.2,0.0,1,0.26923071745563126,-4.847066073524232,0.21428556122459913,Male,One year,Fiber optic,Bank transfer (automatic),0
60.0,71,70.77,5122.72,4,2,218.5,0.0,1,1.1833331361111439,-1.3809757533836944,0.05633802023408165,Male,One year,Fiber optic,Electronic check,0
64.0,29,75.9,2290.56,2,0,145.9,0.0,0,0.4531249291992298,-3.084800350068832,0.06896549346017466,Male,Month-to-month,Fiber optic,Mailed check,0
21.0,4,66.69,267.76,5,1,222.1,0.0,0,0.19047609977328583,-0.24983265041838365,1.2499968750078125,Female,Month-to-month,Fiber optic,Mailed check,1
59.0,1,96.94,97.33,2,0,131.6,15.0,1,0.01694914966963565,-0.389026709732903,1.9999800001999979,Female,Month-to-month,Fiber optic,Credit card (automatic),1
65.0,67,79.78,5337.83,0,0,72.1,10.0,1,1.0307690721893734,0.1109074132974115,0.0,Female,Month-to-month,Fiber optic,Electronic check,0
66.0,15,86.62,1329.64,6,2,166.6,0.0,0,0.22727269283747076,-2.0226075715949605,0.39999973333351113,Female,Month-to-month,Fiber optic,Credit card (automatic),1
29.0,10,47.92,487.53,2,3,137.4,0.0,1,0.3448274673008733,-0.8329512470487472,0.1999998000002,Female,Month-to-month,DSL,Electronic check,1
43.0,46,83.95,3846.59,2,0,155.3,10.0,1,1.0697671930773969,0.3284964394572967,0.04347825141777143,Female,Two year,Fiber optic,Electronic check,0
31.0,2,80.29,158.08,2,2,142.1,0.0,0,0.06451610822061025,1.250395198024009,0.9999950000249999,Male,One year,Fiber optic,Mailed check,0
53.0,72,80.82,5600.57,1,1,150.3,0.0,0,1.3584903097188095,3.0343163591227267,0.013888886959876811,Female,Month-to-month,Fiber optic,Mailed check,0
41.0,24,34.84,816.09,0,0,158.5,0.0,0,0.585365710886412,0.8362641682232663,0.0,Female,Month-to-month,No,Electronic check,0
47.0,1,92.1,91.23,2,1,189.4,0.0,0,0.021276591217746547,0.8709122908770865,1.9999800001999979,Female,Month-to-month,Fiber optic,Bank transfer (automatic),1
25.0,30,54.69,1653.42,0,0,57.1,10.0,0,1.199999520000192,-0.42398162867279865,0.0,Male,Month-to-month,DSL,Mailed check,0
72.0,9,86.16,783.76,2,0,92.6,0.0,1,0.1249999826388913,-0.9243476840581337,0.22222197530891633,Male,One year,Fiber optic,Credit card (automatic),0
31.0,32,62.2,2080.53,1,3,61.7,15.0,1,1.032257731529764,-2.816542182330565,0.03124999023437805,Male,One year,DSL,Electronic check,0
57.0,6,58.08,344.19,1,0,78.9,10.0,0,0.10526313942751939,0.7150956081739821,0.16666638888935187,Male,Month-to-month,DSL,Mailed check,0
54.0,25,66.33,1658.84,1,0,194.6,0.0,0,0.4629628772290968,-0.023573458570609773,0.0399999840000064,Female,Two year,DSL,Bank transfer (automatic),0
55.0,25,56.61,1348.06,1,0,223.4,20.0,0,0.45454537190084143,2.6876215689513714,0.0399999840000064,Male,Two year,DSL,Credit card (automatic),0
30.0,9,60.22,536.43,2,0,141.2,0.0,1,0.29999990000003335,0.6167328925190105,0.22222197530891633,Female,One year,DSL,Bank transfer (automatic),0
28.0,11,25.44,266.67,1,0,76.0,0.0,0,0.39285700255107053,1.1972947660956663,0.09090900826453795,Male,Month-to-month,No,Electronic check,1
24.0,23,71.98,1628.08,3,2,145.6,15.0,0,0.9583329340279442,1.1939438200244297,0.13043472589794528,Female,Two year,Fiber optic,Bank transfer (automatic),0
45.0,65,83.63,5694.64,2,1,144.1,0.0,0,1.4444441234568615,-3.979832675410364,0.030769226035503687,Female,Month-to-month,Fiber optic,Mailed check,0
56.0,72,32.74,2240.2,2,0,168.5,10.0,0,1.28571405612249,1.6261154324839744,0.027777773919753623,Male,Two year,No,Mailed check,0
45.0,23,47.84,1071.07,0,1,194.4,0.0,0,0.5111109975308894,1.2717593774959255,0.0,Male,Two year,DSL,Credit card (automatic),0
27.0,25,19.34,467.0,2,0,116.7,0.0,0,0.9259255829905249,0.6600074719970124,0.0799999680000128,Female,Two year,No,Credit card (automatic),0
43.0,17,92.75,1593.46,2,0,136.7,10.0,1,0.3953487452677336,-0.9828860394787995,0.11764698961941787,Male,Month-to-month,Fiber optic,Mailed check,0
29.0,6,76.44,455.18,3,2,155.9,5.0,1,0.20689648038052402,0.5767931053448194,0.4999991666680556,Male,Month-to-month,Fiber optic,Mailed check,1
62.0,1,29.66,30.12,0,1,129.5,0.0,0,0.016129029656608118,-0.4596988030119675,0.0,Male,One year,No,Credit card (automatic),0
70.0,2,93.45,185.87,2,1,172.9,5.0,0,0.0285714244897965,0.515464672676643,0.9999950000249999,Female,Month-to-month,Fiber optic,Bank transfer (automatic),1
73.0,27,84.92,2206.96,1,2,207.7,10.0,1,0.3698629630324708,3.180771014529256,0.03703702331962099,Male,Month-to-month,Fiber optic,Mailed check,0
46.0,10,63.06,631.84,3,1,141.9,15.0,0,0.21739125708885715,-0.12393681606318552,0.2999997000003,Female,Month-to-month,DSL,Mailed check,1
61.0,3,85.4,264.28,2,0,127.9,15.0,0,0.049180319806504946,-2.693039689867689,0.6666644444518518,Male,Two year,Fiber optic,Electronic check,0
57.0,4,96.62,380.18,1,1,103.2,20.0,0,0.07017542628501293,1.575237611905962,0.24999937500156252,Female,Month-to-month,Fiber optic,Electronic check,1
63.0,6,58.06,353.16,1,0,140.0,10.0,0,0.09523808012093966,-0.7999019001635048,0.16666638888935187,Female,Two year,DSL,Electronic check,0
37.0,6,28.87,168.08,0,0,67.5,0.0,1,0.1621621183345626,0.8567133554777371,0.0,Male,Two year,No,Mailed check,0
51.0,12,48.57,606.93,1,2,114.0,0.0,0,0.23529407151096635,-2.0074578521184563,0.08333326388894677,Male,Month-to-month,DSL,Electronic check,0
63.0,34,54.53,1907.48,1,1,119.4,10.0,1,0.5396824540186581,-1.5723364404892735,0.029411756055365862,Female,Month-to-month,DSL,Bank transfer (automatic),0
27.0,4,18.0,74.83,1,1,66.0,15.0,0,0.14814809327848397,-0.7074532313669231,0.24999937500156252,Male,Two year,No,Mailed check,0
54.0,1,55.84,57.64,5,1,176.7,15.0,2,0.01851851508916387,-1.7994236057639341,4.999950000499995,Male,Month-to-month,DSL,Mailed check,1
64.0,4,57.68,237.77,1,2,180.2,15.0,0,0.06249999023437652,-1.7623513941215236,0.24999937500156252,Male,Month-to-month,DSL,Credit card (automatic),1
19.0,13,72.12,895.04,0,2,106.2,0.0,1,0.6842101662051757,3.2708221916752365,0.0,Female,Month-to-month,Fiber optic,Bank transfer (automatic),0
74.0,1,79.41,76.59,2,0,176.5,0.0,1,0.013513511687363285,2.820765892341072,1.9999800001999979,Male,One year,Fiber optic,Electronic check,0
56.0,15,64.12,923.1,1,0,50.9,0.0,1,0.26785709502551874,2.5800410266393143,0.06666662222225185,Female,Two year,DSL,Bank transfer (automatic),0
24.0,72,33.05,2433.59,3,2,126.0,10.0,0,2.999998750000521,-0.7498564166866117,0.04166666087963043,Female,Month-to-month,No,Bank transfer (automatic),0
43.0,3,45.85,137.99,3,1,137.2,5.0,1,0.06976742563548241,-0.14651334495551538,0.9999966666777778,Male,One year,DSL,Bank transfer (automatic),0
66.0,64,56.52,3706.65,3,1,220.6,0.0,0,0.9696968227732087,-1.3963972005629302,0.04687499267578239,Male,One year,DSL,Bank transfer (automatic),0
43.0,24,44.8,1057.15,2,2,191.2,0.0,0,0.5581394050838593,0.7521016866242931,0.08333329861112558,Male,Month-to-month,DSL,Mailed check,0
34.0,72,66.66,4613.72,0,1,124.0,20.0,0,2.1176464359863423,2.580564455477159,0.0,Male,Two year,Fiber optic,Bank transfer (automatic),0
23.0,5,66.97,334.67,0,0,188.7,5.0,2,0.21739120982990878,0.03613386773226068,0.0,Female,Month-to-month,Fiber optic,Mailed check,1
57.0,14,73.99,1012.41,0,1,175.1,5.0,0,0.24561399199754524,1.6750516535345241,0.0,Male,Month-to-month,Fiber optic,Mailed check,0
32.0,43,55.29,2304.69,2,0,81.1,5.0,1,1.3437495800782562,1.6925706040533512,0.0465116170903216,Female,Month-to-month,DSL,Credit card (automatic),0
67.0,31,77.94,2366.83,1,1,181.2,0.0,1,0.4626864981064928,1.5906697901065172,0.03225805411030513,Female,One year,Fiber optic,Bank transfer (automatic),0
71.0,1,32.16,30.65,4,0,91.4,0.0,0,0.014084505058520413,1.51030649693503,3.9999600003999958,Male,Month-to-month,No,Credit card (automatic),1
53.0,7,25.08,180.06,2,0,71.8,5.0,1,0.1320754467782176,-0.6428203959708654,0.2857138775516035,Male,Month-to-month,No,Credit card (automatic),1
55.0,1,76.31,74.12,2,1,126.9,5.0,1,0.018181814876033656,2.190741192588078,1.9999800001999979,Male,Month-to-month,Fiber optic,Electronic check,1
29.0,19,88.54,1622.43,2,0,167.7,0.0,1,0.6551721878716593,3.1489923110566735,0.10526310249310396,Female,One year,Fiber optic,Credit card (automatic),0
25.0,37,20.84,737.13,0,0,158.2,0.0,0,1.4799994080002368,0.9175729520073119,0.0,Male,One year,No,Credit card (automatic),0
24.0,12,63.48,780.8,2,1,130.7,0.0,1,0.49999979166675346,-1.5866124444896244,0.16666652777789354,Male,Month-to-month,DSL,Credit card (automatic),0
24.0,4,82.45,337.1,3,0,173.7,0.0,0,0.16666659722225116,-1.8247893130267272,0.7499981250046875,Female,Month-to-month,Fiber optic,Mailed check,1
40.0,7,37.03,270.33,3,0,136.8,10.0,0,0.1749999562500109,-1.5885162592624837,0.4285708163274053,Female,Two year,DSL,Electronic check,0
39.0,9,86.89,797.41,4,1,172.6,5.0,0,0.2307691715976483,-1.7110126655414888,0.44444395061783265,Male,One year,Fiber optic,Credit card (automatic),0
50.0,23,31.77,694.59,3,1,189.3,0.0,0,0.4599999080000184,1.5704479128487314,0.13043472589794528,Male,Month-to-month,No,Bank transfer (automatic),0
54.0,13,54.75,735.26,2,1,159.2,0.0,0,0.24074069615913032,-1.808418031986129,0.15384603550304962,Male,Month-to-month,DSL,Mailed check,0
55.0,19,67.37,1229.27,1,1,254.0,0.0,1,0.3454544826446395,2.6716129991510513,0.05263155124655198,Female,Month-to-month,DSL,Electronic check,0
27.0,4,86.64,341.6,1,2,140.9,0.0,0,0.14814809327848397,1.2402134994662362,0.24999937500156252,Female,Month-to-month,Fiber optic,Mailed check,1
25.0,3,84.05,254.54,2,2,207.0,0.0,0,0.1199999520000192,-0.796383845387183,0.6666644444518518,Male,Two year,Fiber optic,Mailed check,0
62.0,4,81.31,333.33,1,0,97.4,15.0,0,0.06451611862643247,-2.022291669270828,0.24999937500156252,Male,Month-to-month,Fiber optic,Mailed check,1
19.0,5,84.13,427.17,1,1,95.5,10.0,0,0.2631577562327599,-1.3038291323417468,0.19999960000080003,Male,Two year,Fiber optic,Mailed check,0
53.0,30,39.82,1216.53,0,0,146.5,0.0,0,0.5660376290495039,-0.7309864830045072,0.0,Female,Two year,DSL,Electronic check,0
66.0,23,75.08,1719.47,3,0,205.6,0.0,0,0.34848479568412183,0.320467286753356,0.13043472589794528,Female,Two year,Fiber optic,Mailed check,0
38.0,1,69.02,71.57,0,0,172.9,0.0,0,0.026315782548478276,-2.549284307156924,0.0,Female,Month-to-month,Fiber optic,Electronic check,1
28.0,14,97.3,1306.26,2,0,104.3,5.0,4,0.4999998214286352,3.9957809315850454,0.1428570408163994,Male,Month-to-month,Fiber optic,Mailed check,1
72.0,19,84.5,1634.91,3,0,44.8,0.0,0,0.2638888522376594,-1.5478494485003012,0.15789465373965592,Male,Month-to-month,Fiber optic,Electronic check,0
19.0,45,32.7,1532.64,0,1,137.2,0.0,1,2.368419806094839,-1.358659098075755,0.0,Female,month-to-month,DSL,Bank transfer (automatic),0
54.0,72,47.43,3384.58,1,0,173.9,0.0,0,1.3333330864197988,0.4219509733401452,0.013888886959876811,Male,Month-to-month,DSL,Bank transfer (automatic),0
71.0,72,81.77,5786.83,4,1,138.3,0.0,0,1.0140843642134698,1.3973722739760746,0.055555547839507245,Female,One year,Fiber optic,Electronic check,0
26.0,20,61.3,1187.99,1,1,165.9,15.0,1,0.7692304733728949,1.900529699735145,0.0499999750000125,Male,One year,DSL,Bank transfer (automatic),0
66.0,1,103.96,102.15,1,2,104.1,20.0,0,0.015151512855831386,1.811021489785091,0.9999900000999989,Female,Month-to-month,Fiber optic,Bank transfer (automatic),1
50.0,31,34.51,1101.72,1,2,183.0,0.0,0,0.6199998760000247,-1.0293433744053644,0.03225805411030513,Female,Two year,No,Mailed check,0
18.0,8,31.22,259.14,2,0,255.5,0.0,0,0.4444441975310014,-1.1724595094256145,0.24999968750039064,Male,One year,DSL,Electronic check,0
49.0,50,85.52,4188.77,2,0,239.4,5.0,1,1.0204079550187846,1.7446167550766347,0.039999992000001594,Male,Two year,Fiber optic,Electronic check,0
42.0,34,71.83,2505.53,0,0,109.6,0.0,0,0.8095236167800912,-1.8620371494008339,0.0,Female,Two year,DSL,Electronic check,0
20.0,23,39.16,934.41,3,1,236.8,10.0,0,1.1499994250002876,-1.466504075433015,0.13043472589794528,Female,Month-to-month,DSL,Electronic check,0
52.0,1,84.06,85.27,2,1,211.1,0.0,0,0.019230765532545088,-1.2091473085269087,1.9999800001999979,Male,One year,Fiber optic,Electronic check,0
24.0,1,79.33,82.42,2,1,98.5,15.0,0,0.04166664930556279,-3.0891758082419187,1.9999800001999979,Female,One year,Fiber optic,Electronic check,0
21.0,50,44.18,2289.5,0,1,118.2,20.0,2,2.380951247166073,-1.609990842001828,0.0,Male,One year,DSL,Credit card (automatic),0
65.0,32,82.98,2610.31,2,3,32.7,0.0,0,0.492307616568059,1.4078379913006387,0.0624999804687561,Male,One year,Fiber optic,Credit card (automatic),0
40.0,23,25.2,555.98,2,1,127.4,10.0,0,0.5749998562500359,1.0269670317534612,0.08695648393196351,Female,Month-to-month,No,Electronic check,0
24.0,48,62.75,3023.24,1,2,180.1,0.0,1,1.9999991666670138,-0.23415354496800234,0.020833328993056458,Male,Two year,DSL,Bank transfer (automatic),0
73.0,2,67.59,134.01,4,1,137.1,0.0,0,0.027397256520923764,0.5853350233248875,1.9999900000499997,Male,One year,DSL,Electronic check,0
43.0,12,75.55,940.4,2,0,69.2,15.0,0,0.27906970254192964,-2.8166013611655387,0.16666652777789354,Female,Month-to-month,DSL,Mailed check,0
61.0,9,60.07,516.68,2,0,148.8,0.0,0,0.14754095941951484,2.6611748986945614,0.22222197530891633,Male,One year,DSL,Credit card (automatic),0
54.0,21,61.63,1315.69,1,2,169.9,0.0,2,0.3888888168724413,-1.0218749276786099,0.04761902494332146,Female,Month-to-month,Fiber optic,Bank transfer (automatic),1
53.0,9,18.26,158.19,3,2,135.6,0.0,1,0.16981128871485118,0.6833528629412662,0.3333329629633745,Female,One year,No,Bank transfer (automatic),0
57.0,9,25.46,237.74,2,0,166.0,15.0,0,0.1578947091412791,-0.9555262049708837,0.22222197530891633,Male,Month-to-month,DSL,Electronic check,1
66.0,9,61.69,539.83,3,1,122.2,10.0,1,0.13636361570248245,1.708955534493839,0.3333329629633745,Male,Month-to-month,Fiber optic,Mailed check,0
58.0,5,81.72,426.91,1,0,172.4,15.0,0,0.08620688168846867,-3.6618292363415463,0.19999960000080003,Male,Month-to-month,Fiber optic,Bank transfer (automatic),1
46.0,11,50.23,552.54,4,0,62.5,5.0,0,0.23913038279774285,-0.0008634264877969144,0.3636360330581518,Female,Month-to-month,DSL,Electronic check,1
41.0,1,61.01,63.58,0,0,190.4,0.0,0,0.024390237953600496,-2.569364206357932,0.0,Male,Month-to-month,DSL,Bank transfer (automatic),1
70.0,2,87.72,182.12,3,0,10.0,0.0,0,0.0285714244897965,-3.339544702276484,1.4999925000374998,Female,One year,Fiber optic,Bank transfer (automatic),0
32.0,3,52.96,158.84,1,0,10.0,15.0,0,0.09374997070313415,0.013509821633931551,0.3333322222259259,Male,Month-to-month,DSL,Credit card (automatic),0
20.0,39,68.6,2589.15,2,1,137.7,15.0,0,1.9499990250004875,2.2115554842165466,0.05128203813281073,Female,Month-to-month,DSL,Bank transfer (automatic),0
53.0,2,78.84,162.25,2,0,120.1,0.0,0,0.037735841936633596,-2.284594377028114,0.9999950000249999,Female,One year,Fiber optic,Mailed check,0
31.0,4,66.67,261.84,0,0,233.5,20.0,0,0.1290322164412205,1.210163649590882,0.0,Male,One year,Fiber optic,Electronic check,0
21.0,5,72.02,351.77,1,0,91.3,0.0,0,0.2380951247166073,1.6661407077185828,0.19999960000080003,Male,One year,Fiber optic,Electronic check,0
45.0,7,94.42,691.2,2,0,145.5,0.0,0,0.15555552098766198,-4.322716081834173,0.2857138775516035,Male,One year,Fiber optic,Bank transfer (automatic),0
59.0,13,41.2,561.45,2,1,112.4,0.0,0,0.22033894570526344,-1.9884283165936054,0.15384603550304962,Female,Two year,DSL,Bank transfer (automatic),0
64.0,6,77.76,460.58,0,1,178.5,0.0,0,0.09374998535156479,0.9967946053423304,0.0,Male,One year,Fiber optic,Electronic check,0
53.0,3,27.11,77.73,2,0,211.8,5.0,0,0.056603762904950394,1.2000863663787769,0.6666644444518518,Female,Month-to-month,No,Credit card (automatic),1
48.0,34,45.75,1592.49,1,1,120.0,5.0,0,0.7083331857639196,-1.087927400609587,0.029411756055365862,Female,Month-to-month,DSL,Mailed check,0
61.0,12,52.93,629.84,0,0,156.3,5.0,0,0.19672127922601979,0.4433770721857684,0.0,Male,One year,DSL,Bank transfer (automatic),0
45.0,1,91.58,89.0,0,0,154.9,0.0,0,0.022222217283951712,2.5808899911000935,0.0,Female,Month-to-month,Fiber optic,Credit card (automatic),1
22.0,43,73.69,3211.88,2,4,100.0,0.0,0,1.9545445661161063,-1.0048663500310795,0.0465116170903216,Female,Two year,Fiber optic,Bank transfer (automatic),0
36.0,4,63.6,252.27,2,0,138.5,0.0,0,0.11111108024692215,0.5326576683558244,0.49999875000312505,Female,Month-to-month,DSL,Bank transfer (automatic),1
63.0,4,37.58,143.51,5,1,257.4,0.0,0,0.06349205341395978,1.7025896935257663,1.2499968750078125,Female,Two year,DSL,Credit card (automatic),0
71.0,15,89.45,1289.29,2,0,121.2,5.0,0,0.2112675758778062,3.497390635072918,0.1333332444445037,Male,One year,Fiber optic,Bank transfer (automatic),0
33.0,23,47.73,1134.59,1,1,103.7,5.0,0,0.6969694857668224,-1.599978552183238,0.043478241965981754,Female,Month-to-month,DSL,Electronic check,0
37.0,28,54.94,1573.17,3,0,97.0,0.0,0,0.7567565522279588,-1.2446227912061545,0.10714281887756469,Female,Month-to-month,DSL,Bank transfer (automatic),0
22.0,32,55.36,1795.1,1,3,70.7,15.0,2,1.4545447933887303,-0.7368574697320298,0.03124999023437805,Male,Two year,DSL,Electronic check,0
64.0,42,52.97,2334.12,1,2,145.0,0.0,1,0.6562498974609535,-2.6042724823160697,0.023809518140590916,Male,Month-to-month,DSL,Electronic check,0
67.0,37,97.09,3444.17,2,0,183.8,0.0,0,0.5522387235464592,4.004349482608262,0.0540540394448542,Male,Month-to-month,Fiber optic,Mailed check,0
38.0,1,94.49,94.24,1,2,35.5,0.0,0,0.026315782548478276,0.2509423905760997,0.9999900000999989,Female,One year,Fiber optic,Electronic check,0
72.0,33,99.14,3198.36,0,1,170.9,15.0,0,0.45833326967593474,2.2200293696880777,0.0,Male,Two year,Fiber optic,Bank transfer (automatic),0
59.0,65,74.38,4714.54,1,0,78.6,10.0,0,1.1016947285263172,1.8486265432882192,0.015384613017751844,Female,Month-to-month,Fiber optic,Electronic check,0
30.0,18,72.38,1321.35,1,1,91.5,5.0,0,0.5999998000000667,-1.0282925509485779,0.055555524691375174,Male,Two year,Fiber optic,Electronic check,0
57.0,52,64.38,3297.0,1,0,143.9,5.0,0,0.912280541705168,0.9761660391988372,0.019230765532545088,Male,Month-to-month,DSL,Credit card (automatic),0
54.0,3,100.04,299.45,2,0,157.9,10.0,0,0.05555554526749162,0.2236660544464968,0.6666644444518518,Male,Month-to-month,Fiber optic,Electronic check,1
22.0,5,78.71,411.08,1,0,139.7,5.0,0,0.2272726239669891,-3.5058355683288767,0.19999960000080003,Female,Month-to-month,Fiber optic,Mailed check,1
25.0,1,77.96,74.11,0,1,118.7,10.0,2,0.0399999840000064,3.8507410925890753,0.0,Female,One year,Fiber optic,Credit card (automatic),0
61.0,15,56.49,824.88,3,1,268.3,15.0,0,0.24590159903252473,1.4980366613088947,0.19999986666675557,Female,Month-to-month,DSL,Electronic check,0
42.0,6,56.44,348.5,3,1,141.7,0.0,2,0.1428571088435455,-1.6432365279391234,0.4999991666680556,Female,Month-to-month,DSL,Bank transfer (automatic),1
74.0,1,73.18,71.21,0,0,160.9,5.0,0,0.013513511687363285,1.9707120928790829,0.0,Male,One year,Fiber optic,Bank transfer (automatic),0
42.0,32,79.36,2617.11,3,0,197.9,0.0,1,0.7619045804989093,-2.4246619422931417,0.09374997070313415,Female,One year,Fiber optic,Credit card (automatic),0
67.0,72,105.98,7950.92,2,1,185.3,20.0,0,1.0746267052795961,-4.449429107023732,0.027777773919753623,Male,Month-to-month,Fiber optic,Electronic check,0
43.0,14,36.08,529.18,0,1,99.1,10.0,1,0.32558131963225123,-1.7185444296111214,0.0,Male,One year,DSL,Mailed check,0
52.0,23,59.37,1411.62,2,0,133.0,5.0,1,0.442307607248537,-2.0047559240191646,0.08695648393196351,Female,Two year,DSL,Electronic check,0
61.0,21,50.43,1063.18,1,0,110.5,20.0,1,0.3442622386455346,-0.19759493924050986,0.04761902494332146,Male,One year,DSL,Bank transfer (automatic),0
56.0,25,70.36,1706.12,2,0,123.1,0.0,0,0.4464284917091979,2.1152272979090867,0.0799999680000128,Female,Month-to-month,DSL,Mailed check,0
41.0,35,51.4,1751.16,2,3,153.0,10.0,0,0.8536583283760174,1.366871438036732,0.05714284081633119,Male,Month-to-month,DSL,Credit card (automatic),0
43.0,27,83.78,2307.46,1,0,150.9,5.0,0,0.6279068307193416,-1.6814498290926565,0.03703702331962099,Female,Two year,Fiber optic,Credit card (automatic),0
66.0,7,19.23,133.34,4,0,126.7,5.0,0,0.10606058999081969,0.18145578363459336,0.571427755103207,Female,Month-to-month,No,Credit card (automatic),1
36.0,9,57.78,500.35,1,0,112.9,0.0,0,0.24999993055557482,2.1856173270918546,0.11111098765445816,Male,One year,DSL,Credit card (automatic),0
58.0,23,86.26,1968.82,3,2,127.2,0.0,3,0.3965516557669559,0.6591676525358139,0.13043472589794528,Male,One year,Fiber optic,Mailed check,0
66.0,9,86.42,756.57,5,0,68.6,0.0,0,0.13636361570248245,2.3567600702665743,0.5555549382722909,Male,Month-to-month,Fiber optic,Bank transfer (automatic),1
46.0,38,50.32,1977.95,2,0,157.8,5.0,0,0.8260867769376571,-1.7313020917626005,0.05263156509695655,Male,Month-to-month,DSL,Electronic check,0
21.0,47,65.15,2934.9,1,0,215.7,0.0,1,2.2380941723361083,2.7053324350356576,0.021276591217746547,Male,Two year,Fiber optic,Mailed check,0
67.0,33,90.46,2937.77,1,0,68.8,0.0,1,0.4925372399198149,1.4366936434261675,0.030303021120296626,Male,One year,Fiber optic,Electronic check,0
48.0,2,84.0,172.3,2,1,218.5,0.0,1,0.041666657986112916,-2.1495692521537393,0.9999950000249999,Male,Month-to-month,Fiber optic,Electronic check,1
33.0,46,29.76,1341.32,4,0,229.7,5.0,0,1.3939389715336448,0.6008759041574159,0.08695650283554286,Female,Two year,No,Credit card (automatic),0
56.0,23,58.52,1333.59,2,0,136.1,0.0,1,0.41071421237246203,0.5378512965863962,0.08695648393196351,Male,Month-to-month,DSL,Electronic check,0
32.0,53,89.61,4986.45,2,1,156.2,10.0,0,1.6562494824220366,-4.473944512463291,0.037735841936633596,Male,Two year,Fiber optic,Electronic check,0
64.0,72,70.21,5272.98,5,1,191.6,0.0,0,1.1249998242187773,-3.0258231616912212,0.06944443479938406,Male,Month-to-month,Fiber optic,Credit card (automatic),1
47.0,1,75.44,73.98,0,1,116.5,0.0,0,0.021276591217746547,1.4607397926020695,0.0,Male,Month-to-month,Fiber optic,Bank transfer (automatic),1
36.0,2,70.82,141.22,1,1,244.0,15.0,0,0.055555540123461075,0.21035304823475087,0.49999750001249993,Male,Two year,Fiber optic,Electronic check,0
48.0,29,63.739999999999995,1689.63,3,0,170.9,10.0,0,0.6041665407986373,5.476916642442525,0.10344824019026201,Male,One year,DSL,Mailed check,0
58.0,69,64.98,4395.25,4,0,143.7,10.0,1,1.1896549673008676,1.2807338694588637,0.05797100609115854,Female,Month-to-month,DSL,Electronic check,1
63.0,72,71.68,5216.08,3,1,192.2,10.0,0,1.1428569614512758,-0.7655454936742245,0.04166666087963043,Male,Two year,Fiber optic,Bank transfer (automatic),0
25.0,54,67.83,3724.23,3,1,176.2,0.0,0,2.1599991360003457,-1.1372094505167638,0.05555554526749162,Male,One year,Fiber optic,Electronic check,0
35.0,1,28.35,29.37,0,0,160.3,0.0,1,0.028571420408165595,-1.0197063029369673,0.0,Male,Month-to-month,No,Electronic check,0
34.0,3,58.09,167.24,1,0,117.6,15.0,0,0.08823526816609759,2.3435191549361534,0.3333322222259259,Male,Month-to-month,DSL,Mailed check,0
20.0,17,68.07,1193.22,1,1,142.8,0.0,0,0.8499995750002125,-2.119370476840899,0.058823494809708936,Female,One year,DSL,Electronic check,0
62.0,63,79.2,5039.8,1,1,152.0,15.0,0,1.0161288683663114,-0.7968126989186146,0.015873013353489944,Male,Month-to-month,Fiber optic,Mailed check,0
45.0,12,70.24,826.04,2,2,220.6,15.0,0,0.26666660740742054,1.403390697174416,0.16666652777789354,Male,One year,Fiber optic,Credit card (automatic),0
30.0,6,55.99,330.22,2,0,142.4,0.0,0,0.19999993333335556,0.9534250609582244,0.33333277777870374,Female,Two year,DSL,Electronic check,0
69.0,60,79.24,4721.62,1,1,171.2,5.0,2,0.869565091367378,0.5463464489422591,0.01666666388888935,Male,One year,Fiber optic,Electronic check,0
70.0,14,40.34,585.69,2,1,57.4,5.0,0,0.1999999714285755,-1.4949701178784878,0.1428570408163994,Male,Month-to-month,DSL,Electronic check,0
52.0,4,65.4,254.75,1,0,209.4,0.0,0,0.07692306213018035,1.712659218351952,0.24999937500156252,Female,One year,DSL,Mailed check,0
37.0,6,91.57,568.72,3,1,147.9,0.0,0,0.1621621183345626,-3.2165086891522066,0.4999991666680556,Female,Month-to-month,Fiber optic,Bank transfer (automatic),1
39.0,11,87.14,939.47,0,0,138.7,0.0,0,0.282051209730459,1.733714005714532,0.0,Female,One year,Fiber optic,Bank transfer (automatic),0
52.0,6,69.33,414.66,0,0,133.7,0.0,0,0.11538459319527053,0.22011518314134548,0.0,Female,Month-to-month,DSL,Electronic check,1
21.0,18,58.43,1099.2,1,0,180.8,5.0,1,0.8571424489797862,-2.6366327407595946,0.055555524691375174,Male,month-to-month,Fiber optic,Electronic check,0
68.0,72,83.39,6283.94,1,0,185.7,0.0,1,1.058823373702445,-3.8869323226482777,0.013888886959876811,Male,Month-to-month,Fiber optic,Bank transfer (automatic),0
31.0,1,79.99,80.5,0,1,127.6,5.0,0,0.03225805411030513,-0.5091950080499146,0.0,Female,One year,Fiber optic,Electronic check,0
46.0,27,55.79,1507.15,1,1,10.0,0.0,1,0.5869563941399143,-0.03034969616678751,0.03703702331962099,Male,One year,DSL,Bank transfer (automatic),0
40.0,8,43.24,334.68,3,0,104.8,0.0,1,0.19999995000001247,1.4050522936846335,0.37499953125058594,Female,Month-to-month,DSL,Bank transfer (automatic),1
57.0,2,32.43,64.13,2,1,146.7,5.0,1,0.035087713142506465,0.36516032419838496,0.9999950000249999,Female,Month-to-month,No,Bank transfer (automatic),1
45.0,20,85.01,1770.65,1,0,77.3,10.0,0,0.44444434567903424,-3.5224557337721336,0.0499999750000125,Male,Month-to-month,Fiber optic,Mailed check,0
23.0,22,49.63,1138.64,5,0,176.2,5.0,0,0.9565213232515986,-2.126340110754498,0.2272726239669891,Male,One year,DSL,Credit card (automatic),0
54.0,14,51.49,699.94,4,0,173.6,0.0,0,0.2592592112482942,1.4943214254846922,0.2857140816327988,Female,One year,DSL,Electronic check,0
27.0,20,102.89,2034.43,1,0,123.3,0.0,2,0.7407404663924199,1.1685508607245652,0.0499999750000125,Male,Two year,Fiber optic,Electronic check,0
50.0,72,89.54,6364.62,1,3,124.7,20.0,1,1.4399997120000576,1.1425122774288639,0.013888886959876811,Male,Month-to-month,Fiber optic,Bank transfer (automatic),0
55.0,1,96.71,101.43,4,2,129.9,0.0,2,0.018181814876033656,-4.718985710142903,3.9999600003999958,Male,One year,Fiber optic,Bank transfer (automatic),1
41.0,13,80.6,1025.53,1,2,128.7,10.0,0,0.31707309339680645,1.7131376052787601,0.07692301775152481,Male,One year,Fiber optic,Credit card (automatic),0
45.0,12,77.6,899.3,1,2,92.0,10.0,0,0.26666660740742054,2.6583957846701765,0.08333326388894677,Female,Two year,Fiber optic,Electronic check,0
29.0,28,82.09,2231.26,3,1,130.2,0.0,3,0.9655169084424454,2.4021713170816668,0.10714281887756469,Male,Month-to-month,Fiber optic,Mailed check,1
50.0,18,22.92,392.7,2,0,71.7,0.0,0,0.3599999280000144,1.1033454536969707,0.11111104938275035,Male,One year,No,Mailed check,0
51.0,47,61.14,2776.14,2,1,78.4,0.0,0,0.9215684467512849,2.0732040567651,0.042553182435493095,Male,Month-to-month,DSL,Credit card (automatic),0
67.0,33,65.05,2073.54,4,2,203.1,0.0,0,0.4925372399198149,2.215473586220128,0.1212120844811865,Male,Month-to-month,DSL,Mailed check,1
71.0,9,84.58,796.66,4,1,125.7,0.0,1,0.12676054552668373,-3.937679424800635,0.44444395061783265,Male,One year,Fiber optic,Bank transfer (automatic),0
41.0,59,81.85,4880.84,4,0,156.9,0.0,1,1.4390240392624294,-0.8760876735444612,0.0677965986785426,Female,Month-to-month,Fiber optic,Mailed check,1
18.0,17,62.4,1024.79,3,2,105.4,0.0,0,0.9444439197533779,2.1182707539583774,0.1764704844291268,Female,Month-to-month,DSL,Bank transfer (automatic),0
33.0,45,83.82,3734.1,1,0,124.8,20.0,0,1.3636359504133482,0.8400184399959016,0.022222217283951712,Female,Two year,Fiber optic,Electronic check,0
48.0,27,68.35,1918.8,1,3,97.3,5.0,0,0.5624998828125244,-2.7166403456887593,0.03703702331962099,Female,Two year,Fiber optic,Credit card (automatic),0
19.0,46,57.72,2761.77,4,2,96.4,10.0,0,2.421051357341391,-2.3184652090292985,0.08695650283554286,Female,Month-to-month,DSL,Credit card (automatic),1
44.0,1,100.32,99.88,1,0,151.9,5.0,0,0.022727267561984642,0.4409987900121024,0.9999900000999989,Male,Month-to-month,Fiber optic,Credit card (automatic),1
20.0,2,80.96,163.45,2,0,136.2,20.0,0,0.099999950000025,-0.7645913770431179,0.9999950000249999,Male,One year,Fiber optic,Credit card (automatic),0
41.0,7,44.96,304.93,3,0,199.3,5.0,0,0.17073166567520348,1.39863365909477,0.4285708163274053,Female,One year,DSL,Electronic check,0
54.0,34,80.31,2646.42,1,0,103.4,15.0,0,0.6296295130315717,2.4741405399586682,0.029411756055365862,Female,Month-to-month,Fiber optic,Electronic check,1
54.0,27,120.0,3321.99,0,1,141.7,0.0,2,0.4999999074074245,-3.0366210975477372,0.0,Male,Month-to-month,Fiber optic,Mailed check,1
44.0,9,85.86,739.43,0,1,97.9,10.0,1,0.20454540805786178,3.701202398664009,0.0,Female,Month-to-month,Fiber optic,Credit card (automatic),1
54.0,13,63.0,840.21,0,0,204.9,0.0,1,0.24074069615913032,-1.6314887450086673,0.0,Female,Month-to-month,DSL,Credit card (automatic),0
59.0,23,100.54,2349.61,2,1,102.9,0.0,0,0.3898304424016199,-1.616912105690389,0.08695648393196351,Male,One year,Fiber optic,Credit card (automatic),0
72.0,32,21.25,706.79,3,0,137.4,0.0,0,0.44444438271605796,-0.8371805977560598,0.09374997070313415,Female,One year,No,Electronic check,0
49.0,38,57.71,2095.09,1,0,136.9,0.0,0,0.7755100458142763,2.5760671405086484,0.026315782548478276,Male,Month-to-month,DSL,Credit card (automatic),0
31.0,1,77.98,77.36,2,1,164.9,5.0,0,0.03225805411030513,0.6207735922640865,1.9999800001999979,Female,Month-to-month,Fiber optic,Credit card (automatic),1
50.0,28,89.19,2489.52,1,1,135.4,15.0,0,0.5599998880000223,0.27860318264171724,0.03571427295918823,Male,Month-to-month,Fiber optic,Mailed check,0
34.0,15,70.73,1101.61,3,2,102.2,0.0,0,0.44117634083048796,-2.710617706254851,0.19999986666675557,Female,Month-to-month,DSL,Electronic check,0
57.0,14,101.74,1362.18,3,1,110.3,5.0,0,0.24561399199754524,4.441498070358506,0.21428556122459913,Female,month-to-month,Fiber optic,Credit card (automatic),1
60.0,1,63.61,66.15,2,0,141.3,5.0,0,0.01666666388888935,-2.539338506614939,1.9999800001999979,Male,Two year,DSL,Credit card (automatic),0
18.0,8,96.32,785.26,2,0,189.2,0.0,0,0.4444441975310014,-1.8373773032783873,0.24999968750039064,Male,Two year,Fiber optic,Electronic check,0
52.0,9,101.19,883.46,2,1,125.9,0.0,0,0.1730768897929058,3.0278868467923843,0.22222197530891633,Female,One year,Fiber optic,Credit card (automatic),0
70.0,3,96.88,304.56,2,3,59.7,0.0,3,0.042857136734694753,-4.639661601127997,0.6666644444518518,Female,Month-to-month,Fiber optic,Credit card (automatic),1
30.0,10,60.51,614.45,2,2,147.2,20.0,0,0.33333322222225925,-0.9349385550614571,0.1999998000002,Male,Two year,DSL,Electronic check,0
44.0,6,64.51,382.16,1,1,125.4,0.0,2,0.13636360537190786,0.8167728220452943,0.16666638888935187,Female,Two year,Fiber optic,Credit card (automatic),0
63.0,24,43.79,1036.16,2,0,61.0,5.0,1,0.38095232048375866,0.6166846555480561,0.08333329861112558,Male,Month-to-month,DSL,Credit card (automatic),0
73.0,26,64.6,1647.27,0,3,106.8,0.0,1,0.35616433477200893,1.243485906351566,0.0,Female,One year,DSL,Mailed check,0
22.0,5,57.46,296.06,2,3,129.9,10.0,0,0.2272726239669891,-1.7518815762368547,0.39999920000160005,Male,Month-to-month,DSL,Bank transfer (automatic),1
54.0,44,99.49,4516.93,4,2,62.5,0.0,1,0.8148146639232103,-3.167476668755313,0.09090907024793857,Male,Month-to-month,Fiber optic,Mailed check,1
23.0,2,23.54,45.81,2,2,144.7,10.0,1,0.08695648393196351,0.6351145244273759,0.9999950000249999,Male,Month-to-month,No,Mailed check,1
64.0,72,92.48,6827.65,2,1,81.4,5.0,0,1.1249998242187773,-2.3484590516029016,0.027777773919753623,Male,Month-to-month,Fiber optic,Electronic check,0
50.0,11,97.94,1064.75,3,0,98.3,0.0,0,0.2199999560000088,1.1446334503332167,0.2727270247936138,Male,Month-to-month,Fiber optic,Bank transfer (automatic),1
63.0,5,81.27,413.53,1,1,121.7,5.0,2,0.07936506676744971,-1.4358345883308345,0.19999960000080003,Female,Month-to-month,Fiber optic,Bank transfer (automatic),1
18.0,6,57.75,350.98,1,1,139.4,5.0,1,0.33333314814825105,-0.7465691723847172,0.16666638888935187,Female,One year,DSL,Mailed check,0
22.0,72,73.13,5369.21,4,0,150.0,10.0,0,3.272725785124643,-1.4423507538401736,0.055555547839507245,Female,Month-to-month,DSL,Mailed check,1
38.0,19,78.93,1515.92,4,0,155.7,0.0,1,0.49999986842108723,-0.8552211656730719,0.21052620498620792,Male,Month-to-month,DSL,Bank transfer (automatic),1
39.0,13,80.6,1050.15,0,1,126.3,5.0,0,0.33333324786326973,-0.18070709176379296,0.0,Female,One year,Fiber optic,Credit card (automatic),0
44.0,2,85.14,165.29,2,1,120.5,0.0,2,0.045454535123969284,2.495413222933891,0.9999950000249999,Female,Month-to-month,Fiber optic,Credit card (automatic),1
42.0,4,73.38,307.16,2,1,120.6,5.0,0,0.09523807256236366,-3.409808025479961,0.49999875000312505,Male,Month-to-month,Fiber optic,Electronic check,1
38.0,40,40.55,1585.54,2,1,178.7,15.0,0,1.052631301939131,0.9115099096225237,0.04999998750000312,Male,One year,DSL,Credit card (automatic),0
46.0,34,60.87,2065.8,3,0,106.1,0.0,0,0.7391302741021143,0.1111943408251932,0.08823526816609759,Male,Month-to-month,DSL,Credit card (automatic),0
28.0,14,48.32,691.62,2,0,114.2,5.0,1,0.4999998214286352,-1.0813932847190841,0.1428570408163994,Male,Month-to-month,DSL,Electronic check,0
18.0,20,24.51,485.83,0,1,148.5,15.0,0,1.1111104938275034,0.2185121457439294,0.0,Male,Two year,No,Electronic check,0
34.0,6,30.08,182.29,4,1,108.7,0.0,0,0.17647053633219517,-0.301616030639952,0.6666655555574075,Female,Month-to-month,No,Credit card (automatic),1
25.0,24,86.56,2027.08,1,1,191.8,5.0,0,0.9599996160001536,2.0983685256797884,0.04166664930556279,Male,Month-to-month,Fiber optic,Electronic check,0
18.0,8,53.9,419.58,2,0,129.4,5.0,1,0.4444441975310014,1.452565559293049,0.24999968750039064,Male,Month-to-month,DSL,Bank transfer (automatic),1
18.0,2,92.75,180.62,2,0,58.6,5.0,0,0.11111104938275035,2.4404515477422564,0.9999950000249999,Female,Month-to-month,Fiber optic,Electronic check,1
43.0,39,82.75,3177.54,2,1,127.6,0.0,0,0.9069765332612713,1.274636275734295,0.05128203813281073,Male,Month-to-month,Fiber optic,Electronic check,0
66.0,26,46.91,1261.62,7,1,203.7,15.0,0,0.393939334251616,-1.6138274908355825,0.2692306656805132,Female,Month-to-month,DSL,Mailed check,1
29.0,49,63.739999999999995,3905.7,1,0,177.3,0.0,1,1.6896545897742794,-15.968146998337346,0.020408159100375693,Female,Month-to-month,Fiber optic,Electronic check,0
20.0,2,53.04,110.74,2,0,152.5,10.0,3,0.099999950000025,-2.3297231513842362,0.9999950000249999,Male,One year,DSL,Bank transfer (automatic),0
47.0,20,95.25,1871.47,0,2,179.6,10.0,0,0.425531824354931,1.676546786726604,0.0,Female,Two year,Fiber optic,Electronic check,0
62.0,1,81.11,81.69,0,0,193.3,0.0,0,0.016129029656608118,-0.5791831081689054,0.0,Male,One year,Fiber optic,Bank transfer (automatic),0
65.0,40,20.21,799.07,3,0,197.8,10.0,0,0.6153845207100737,0.23325499418625384,0.07499998125000468,Male,One year,No,Mailed check,0
65.0,10,93.41,952.54,2,1,133.7,0.0,1,0.15384613017751841,-1.8439047460952622,0.1999998000002,Female,Month-to-month,Fiber optic,Electronic check,1
30.0,4,46.4,183.94,3,0,208.5,5.0,0,0.1333332888889037,0.41511496221259137,0.7499981250046875,Female,Two year,DSL,Credit card (automatic),0
45.0,3,88.96,265.15,2,0,45.2,0.0,0,0.06666665185185514,0.5769612767957426,0.6666644444518518,Male,One year,Fiber optic,Credit card (automatic),0
39.0,30,24.1,740.13,1,2,112.2,0.0,1,0.7692305719921609,-0.5709917763360721,0.033333322222225924,Male,Month-to-month,No,Electronic check,0
43.0,27,69.67,1879.79,1,0,211.4,0.0,0,0.6279068307193416,0.04817393400965386,0.03703702331962099,Female,One year,Fiber optic,Bank transfer (automatic),0
40.0,2,115.96,240.42,1,2,160.9,10.0,2,0.04999998750000312,-4.249398953005226,0.49999750001249993,Male,Month-to-month,Fiber optic,Electronic check,1
35.0,1,104.14,103.51,1,1,133.8,0.0,2,0.028571420408165595,0.631035089649103,0.9999900000999989,Female,Two year,Fiber optic,Mailed check,0
32.0,6,88.38,542.1,2,0,59.4,0.0,0,0.1874999414062683,-1.9698494169176541,0.33333277777870374,Male,One year,Fiber optic,Mailed check,0
25.0,12,64.22,749.82,2,0,140.2,0.0,1,0.4799998080000768,1.7350520707899335,0.16666652777789354,Male,One year,DSL,Mailed check,0
26.0,33,52.29,1657.74,3,1,148.6,10.0,0,1.2692302810652765,2.0554697680394654,0.09090906336088989,Male,Two year,DSL,Electronic check,0
54.0,1,74.15,74.73,0,1,141.4,5.0,0,0.01851851508916387,-0.5792527074729179,0.0,Male,One year,Fiber optic,Electronic check,0
54.0,72,30.19,2116.39,1,1,72.6,0.0,0,1.3333330864197988,0.795698526986321,0.013888886959876811,Male,Two year,No,Electronic check,0
19.0,10,50.35,499.97,1,1,134.5,0.0,1,0.5263155124655198,0.3530499969499985,0.0999999000001,Female,Month-to-month,DSL,Mailed check,1
33.0,2,67.8,133.7,0,0,227.5,5.0,0,0.06060604224059325,0.9503342483287582,0.0,Male,Month-to-month,Fiber optic,Mailed check,1
34.0,34,85.2,2767.8,3,1,167.2,0.0,0,0.9999997058824394,3.7941415899583575,0.08823526816609759,Female,Two year,Fiber optic,Credit card (automatic),0
60.0,66,92.12,5800.98,1,0,89.9,15.0,1,1.099999816666697,4.226376953579262,0.015151512855831386,Female,Month-to-month,Fiber optic,Electronic check,0
68.0,13,60.64,756.64,1,1,200.1,15.0,0,0.19117644247405258,2.436967848486269,0.07692301775152481,Female,Two year,DSL,Electronic check,0
33.0,15,47.17,740.62,2,0,88.7,5.0,1,0.45454531680444943,-2.204633750244163,0.1333332444445037,Female,One year,DSL,Electronic check,0
56.0,2,77.3,156.94,1,0,146.8,5.0,1,0.03571427933673583,-1.1696076519617407,0.49999750001249993,Male,Two year,Fiber optic,Mailed check,0
53.0,22,59.77,1281.24,0,0,144.9,5.0,0,0.41509426130296956,1.531844653706976,0.0,Male,Month-to-month,DSL,Credit card (automatic),0
43.0,42,111.05,4698.69,2,1,190.2,15.0,0,0.9767439588967537,-0.8235447920131236,0.04761903628118183,Male,Month-to-month,Fiber optic,Electronic check,0
74.0,54,47.01,2447.04,1,2,232.6,15.0,2,0.7297296311176174,1.6944528362124416,0.01851851508916387,Male,Month-to-month,DSL,Mailed check,1
31.0,16,24.56,408.85,2,0,121.7,15.0,0,0.516128865764882,-0.9931090293068614,0.12499992187504883,Female,Two year,No,Mailed check,0
25.0,12,55.31,633.49,1,1,138.5,0.0,0,0.4799998080000768,2.5192106589911205,0.08333326388894677,Male,Month-to-month,DSL,Mailed check,0
31.0,1,55.34,57.84,3,1,163.2,0.0,0,0.03225805411030513,-2.4994216057839367,2.9999700002999967,Male,One year,DSL,Bank transfer (automatic),0
22.0,43,59.3,2442.04,0,0,203.0,0.0,1,1.9545445661161063,2.508385300375515,0.0,Male,Month-to-month,DSL,Mailed check,0
72.0,72,30.04,2157.45,0,0,170.9,0.0,1,0.9999998611111304,0.07542082841377606,0.0,Female,One year,No,Bank transfer (automatic),0
51.0,4,49.16,206.03,0,0,101.4,0.0,0,0.07843135717032212,-2.347371231571927,0.0,Female,Month-to-month,DSL,Mailed check,1
64.0,72,73.31,5429.38,2,2,78.1,0.0,0,1.1249998242187773,-2.098045082215961,0.027777773919753623,Male,One year,Fiber optic,Mailed check,0
19.0,27,86.96,2285.94,0,0,140.9,0.0,0,1.4210518836569033,2.295586912745577,0.0,Male,Month-to-month,Fiber optic,Electronic check,0
52.0,7,56.7,385.92,1,2,79.6,0.0,1,0.13461535872781563,1.5686501876425893,0.14285693877580175,Male,Two year,DSL,Bank transfer (automatic),0
73.0,17,79.5,1302.7,2,2,180.3,10.0,0,0.23287668042785198,2.8706333113921687,0.11764698961941787,Female,Month-to-month,Fiber optic,Electronic check,0
36.0,27,58.4,1591.43,2,2,65.0,20.0,0,0.7499997916667245,-0.5418300215444418,0.07407404663924198,Female,Two year,DSL,Mailed check,0
51.0,7,103.51,726.39,1,0,106.2,20.0,0,0.13725487504806372,-0.2598517573546246,0.14285693877580175,Female,One year,Fiber optic,Mailed check,0
38.0,9,18.0,155.4,1,0,188.7,10.0,1,0.23684204293630448,0.733352518497199,0.11111098765445816,Male,Two year,No,Credit card (automatic),0
49.0,8,19.56,156.64,2,2,109.2,0.0,0,0.16326527280300554,-0.01997552503059552,0.24999968750039064,Male,Two year,No,Bank transfer (automatic),0
39.0,13,62.24,810.58,4,0,158.0,5.0,0,0.33333324786326973,-0.11225972903098125,0.30769207100609924,Female,One year,DSL,Electronic check,0
34.0,9,62.17,582.46,0,0,61.4,5.0,0,0.2647058044982928,-2.5477058692157044,0.0,Male,One year,DSL,Electronic check,0
21.0,48,20.86,1019.65,1,1,117.3,5.0,0,2.28571319727943,-0.3827039077700185,0.020833328993056458,Female,Two year,No,Bank transfer (automatic),0
40.0,22,68.11,1434.3,2,1,107.6,20.0,0,0.5499998625000343,2.9145750888295083,0.09090904958679565,Female,Month-to-month,DSL,Credit card (automatic),0
52.0,28,62.95,1749.05,4,1,145.1,0.0,0,0.5384614349112625,0.48395088073183246,0.1428570918367529,Female,Month-to-month,DSL,Mailed check,1
31.0,1,83.01,82.69,4,1,191.1,0.0,0,0.03225805411030513,0.3208268917311017,3.9999600003999958,Male,Month-to-month,Fiber optic,Electronic check,1
59.0,15,20.6,317.17,1,0,201.2,10.0,1,0.2542372450445347,-0.5446525702316194,0.06666662222225185,Male,One year,No,Mailed check,0
54.0,35,57.7,2072.41,1,1,138.5,10.0,0,0.6481480281207355,-1.5116973680864518,0.028571420408165595,Male,Month-to-month,DSL,Credit card (automatic),0
71.0,3,91.71,270.88,2,0,113.2,0.0,0,0.04225351517556124,1.4169676434411826,0.6666644444518518,Male,Two year,Fiber optic,Electronic check,0
25.0,14,79.85,1171.57,2,1,215.6,0.0,0,0.5599997760000897,-3.8335116546345347,0.1428570408163994,Female,Month-to-month,DSL,Mailed check,0
38.0,10,52.19,531.51,0,0,199.9,0.0,1,0.2631578254847827,-0.9609468490531512,0.0,Female,Two year,DSL,Electronic check,0
39.0,25,89.16,2241.64,3,2,114.2,0.0,0,0.6410254766601341,-0.5055641337743424,0.1199999520000192,Female,Month-to-month,Fiber optic,Credit card (automatic),0
71.0,18,35.0,642.44,2,0,181.2,10.0,2,0.25352109105336745,-0.6910912827270721,0.11111104938275035,Female,Month-to-month,DSL,Credit card (automatic),0
64.0,9,46.36,409.53,2,0,50.6,0.0,0,0.14062497802734716,0.8567172258697511,0.22222197530891633,Male,Month-to-month,DSL,Electronic check,1
55.0,14,73.91,1050.05,2,2,258.5,0.0,1,0.2545454082644712,-1.0935178546301074,0.1428570408163994,Female,Month-to-month,DSL,Electronic check,0
23.0,72,84.72,6069.52,2,0,123.3,10.0,2,3.1304334215506864,0.4211228192884988,0.027777773919753623,Female,Month-to-month,Fiber optic,Electronic check,0
42.0,1,77.81,77.49,3,0,145.5,0.0,2,0.023809518140590916,0.32077489225109446,2.9999700002999967,Female,One year,Fiber optic,Mailed check,0
66.0,30,77.52,2225.97,2,1,141.3,0.0,2,0.4545453856749415,3.3210247329917593,0.06666664444445185,Male,Two year,Fiber optic,Mailed check,0
56.0,1,51.45,51.16,2,1,101.8,15.0,0,0.017857139668367914,0.29051159488405887,1.9999800001999979,Female,Two year,DSL,Mailed check,0
36.0,28,96.28,2640.04,2,2,77.8,0.0,1,0.777777561728455,1.992890816824712,0.07142854591837645,Male,One year,Fiber optic,Electronic check,0
25.0,13,33.61,442.3,2,1,119.7,20.0,1,0.5199997920000832,-0.4130507514994264,0.15384603550304962,Male,Month-to-month,No,Bank transfer (automatic),0
34.0,13,77.48,967.57,3,0,222.7,20.0,0,0.38235282871975623,3.051595714157145,0.23076905325457442,Male,One year,Fiber optic,Mailed check,0
40.0,6,80.76,471.92,1,1,149.7,10.0,0,0.14999996250000935,2.1067977553370696,0.16666638888935187,Female,Month-to-month,Fiber optic,Electronic check,1
71.0,22,56.92,1268.22,0,1,102.0,0.0,0,0.3098591112874491,-0.726337433482982,0.0,Female,Month-to-month,DSL,Bank transfer (automatic),0
71.0,50,18.0,871.18,4,4,69.2,20.0,0,0.7042252529260207,0.5764034847193038,0.07999998400000319,Female,One year,No,Electronic check,0
68.0,34,34.91,1206.41,0,1,115.3,10.0,0,0.49999992647059904,-0.5726366227539401,0.0,Female,Month-to-month,DSL,Bank transfer (automatic),0
74.0,30,79.11,2356.95,3,1,89.9,0.0,0,0.40540535062089855,0.5450261883246128,0.09999996666667778,Male,One year,Fiber optic,Mailed check,0
22.0,49,84.31,4243.67,2,2,170.9,0.0,0,2.227271714876493,-2.2954925294913124,0.040816318200751385,Male,Month-to-month,Fiber optic,Bank transfer (automatic),0
48.0,3,101.03,308.96,2,0,257.6,0.0,1,0.06249998697916938,-1.9563233789220646,0.6666644444518518,Female,Month-to-month,Fiber optic,Credit card (automatic),1
69.0,7,55.4,394.19,3,0,100.2,20.0,0,0.10144926065952743,-0.9127766960332977,0.4285708163274053,Male,One year,DSL,Credit card (automatic),0
52.0,72,67.01,4841.1,2,1,189.2,0.0,0,1.3846151183432465,-0.22749066145962615,0.027777773919753623,Female,Month-to-month,DSL,Bank transfer (automatic),0
45.0,8,29.98,232.47,1,2,152.4,10.0,1,0.1777777382716137,0.9212863233920956,0.12499984375019532,Female,Month-to-month,No,Electronic check,1
25.0,33,63.76,2147.98,1,2,164.2,0.0,1,1.3199994720002113,-1.3302833059747527,0.030303021120296626,Male,One year,DSL,Electronic check,0
66.0,23,87.31,1921.21,1,2,152.1,10.0,0,0.34848479568412183,3.7791667525361987,0.043478241965981754,Female,One year,Fiber optic,Bank transfer (automatic),0
60.0,37,45.17,1663.89,2,2,14.2,0.0,1,0.616666563888906,0.20001215405077488,0.0540540394448542,Female,Month-to-month,DSL,Mailed check,0
45.0,72,62.97,4547.55,3,0,95.8,0.0,0,1.5999996444445233,-0.19040789438779626,0.04166666087963043,Male,Month-to-month,Fiber optic,Electronic check,0
25.0,12,76.89,924.35,2,0,176.6,15.0,2,0.4799998080000768,-0.1391024757479471,0.16666652777789354,Female,Month-to-month,Fiber optic,Credit card (automatic),0
32.0,69,25.25,1777.66,1,2,102.1,0.0,0,2.156249326172085,-0.5131846720022217,0.014492751522789634,Male,One year,No,Credit card (automatic),0
20.0,72,76.27,5636.72,1,1,146.2,10.0,0,3.5999982000009,-2.0177669044768294,0.013888886959876811,Male,One year,Fiber optic,Electronic check,0
37.0,39,29.16,1174.96,0,1,111.4,10.0,1,1.054053769174657,-0.96717176226365,0.0,Female,Two year,No,Electronic check,0
57.0,65,44.02,2892.07,4,1,119.6,0.0,0,1.14035067713146,-0.47337777024957006,0.061538452071007374,Female,Month-to-month,DSL,Bank transfer (automatic),1
39.0,24,27.27,624.98,2,1,177.7,5.0,0,0.6153844575937287,1.229177517009365,0.08333329861112558,Male,Month-to-month,No,Bank transfer (automatic),0
34.0,1,52.21,53.28,1,1,151.2,0.0,0,0.029411756055365862,-1.0694672053279461,0.9999900000999989,Male,One year,DSL,Bank transfer (automatic),0
42.0,3,77.74,230.13,5,0,144.7,0.0,0,0.07142855442177275,1.0302556991476735,1.6666611111296294,Female,One year,Fiber optic,Bank transfer (automatic),0
46.0,10,94.02,943.55,3,0,144.2,0.0,1,0.21739125708885715,-0.33490564509435217,0.2999997000003,Male,Two year,Fiber optic,Electronic check,0
37.0,8,83.55,677.66,1,0,125.5,0.0,2,0.2162161577794168,-1.1573941157573557,0.12499984375019532,Female,Month-to-month,Fiber optic,Credit card (automatic),1
46.0,1,20.98,20.87,1,2,108.3,0.0,0,0.021739125708885716,0.1102086979130199,0.9999900000999989,Male,One year,No,Electronic check,0
66.0,9,83.49,748.47,0,1,80.8,5.0,0,0.13636361570248245,0.32675907026768414,0.0,Female,One year,Fiber optic,Electronic check,0
65.0,72,90.45,6832.31,2,2,173.3,10.0,2,1.1076921372781328,-4.443181264835928,0.027777773919753623,Female,One year,Fiber optic,Electronic check,0
42.0,21,97.53,1965.47,2,0,192.1,0.0,0,0.49999988095240927,3.936235044649976,0.09523804988664292,Male,Month-to-month,Fiber optic,Credit card (automatic),0
73.0,10,84.06,831.36,3,1,145.7,10.0,0,0.13698628260461881,0.9240831359168595,0.2999997000003,Female,One year,Fiber optic,Credit card (automatic),0
51.0,19,40.1,768.48,1,3,147.5,5.0,0,0.37254894655903004,-0.34629450195026124,0.05263155124655198,Male,Two year,DSL,Bank transfer (automatic),0
53.0,11,52.85,597.45,2,2,217.6,5.0,0,0.20754713065148478,-1.463586987648199,0.1818180165290759,Male,Month-to-month,DSL,Electronic check,1
44.0,28,90.68,2626.29,0,0,165.2,5.0,0,0.63636349173557,-3.1160379299864474,0.0,Female,Two year,Fiber optic,Credit card (automatic),0
24.0,5,83.68,399.56,0,0,267.5,5.0,1,0.20833324652781396,3.7681598236803495,0.0,Male,Month-to-month,Fiber optic,Bank transfer (automatic),1
38.0,17,82.2,1432.98,5,0,88.6,15.0,1,0.4473683033241307,-2.0928915924167057,0.29411747404854466,Female,One year,Fiber optic,Electronic check,0
69.0,20,90.04,1822.13,3,1,121.0,5.0,0,0.2898550304557927,-1.0664544467727808,0.1499999250000375,Female,One year,Fiber optic,Electronic check,0
50.0,2,26.52,51.76,3,0,165.5,0.0,1,0.039999992000001594,0.640129399353004,1.4999925000374998,Male,One year,No,Bank transfer (automatic),0
66.0,15,62.95,958.76,1,1,172.2,15.0,0,0.22727269283747076,-0.9672907218061866,0.06666662222225185,Male,One year,DSL,Bank transfer (automatic),0
34.0,20,76.0,1472.75,2,2,250.8,15.0,1,0.5882351211073172,2.3625368187315843,0.099999950000025,Female,Month-to-month,DSL,Electronic check,0
57.0,18,79.04,1414.11,3,2,112.9,0.0,0,0.3157894182825582,0.4783769786794636,0.16666657407412552,Female,One year,Fiber optic,Credit card (automatic),0
35.0,40,74.86,3015.05,1,0,204.8,0.0,0,1.1428568163266237,-0.5162311559422079,0.02499999375000156,Female,Month-to-month,Fiber optic,Electronic check,0
45.0,28,76.72,2207.96,3,0,98.3,0.0,0,0.6222220839506479,-2.135686122969247,0.10714281887756469,Male,Two year,Fiber optic,Bank transfer (automatic),0
37.0,7,91.81,657.3,2,1,108.5,10.0,1,0.1891891380569897,-2.0898658573344875,0.2857138775516035,Male,One year,Fiber optic,Mailed check,0
27.0,15,28.38,437.6,2,0,129.9,0.0,0,0.5555553497943149,-0.7933138844574152,0.1333332444445037,Male,Month-to-month,No,Bank transfer (automatic),0
46.0,54,23.23,1215.05,1,0,159.9,0.0,0,1.1739127882798286,0.7290782409114378,0.01851851508916387,Male,Month-to-month,No,Credit card (automatic),0
50.0,17,58.65,950.68,1,1,145.4,0.0,0,0.3399999320000136,2.7276799543059127,0.058823494809708936,Male,Two year,DSL,Bank transfer (automatic),0
54.0,1,69.28,72.27,0,0,122.4,0.0,0,0.01851851508916387,-2.9892773072269136,0.0,Male,Month-to-month,Fiber optic,Bank transfer (automatic),0
36.0,17,98.34,1633.11,1,0,180.0,0.0,0,0.4722220910494191,2.2747623913162442,0.058823494809708936,Male,One year,Fiber optic,Electronic check,0
40.0,3,70.5,204.86,2,0,136.9,0.0,0,0.07499998125000468,2.2135609547968187,0.6666644444518518,Female,One year,Fiber optic,Mailed check,0
67.0,6,54.12,336.6,5,0,177.3,0.0,0,0.08955222543996635,-1.9799065001558418,0.8333319444467593,Female,month-to-month,DSL,Mailed check,1
35.0,16,19.11,294.95,4,1,69.9,5.0,1,0.4571427265306495,0.6756365214771733,0.24999984375009765,Male,Month-to-month,No,Bank transfer (automatic),1
50.0,5,64.66,307.7,2,0,117.8,0.0,1,0.099999980000004,3.1201230797538315,0.39999920000160005,Female,Month-to-month,DSL,Bank transfer (automatic),1
41.0,40,62.18,2509.11,1,0,180.9,0.0,0,0.9756095181440199,-0.5477343180664178,0.02499999375000156,Male,Month-to-month,DSL,Bank transfer (automatic),0
66.0,7,74.42,518.12,3,0,176.7,15.0,0,0.10606058999081969,0.4029628814815993,0.4285708163274053,Female,One year,Fiber optic,Mailed check,0
62.0,5,86.37,451.8,1,0,121.6,0.0,0,0.08064514828304059,-3.989819280361445,0.19999960000080003,Female,Month-to-month,Fiber optic,Credit card (automatic),1
20.0,72,46.44,3284.7,5,0,130.2,0.0,0,3.5999982000009,0.8191730028926401,0.06944443479938406,Female,Month-to-month,DSL,Mailed check,1
67.0,18,18.0,318.29,4,1,78.4,0.0,1,0.26865667631989903,0.3172320459821947,0.2222220987655007,Male,Month-to-month,No,Mailed check,1
26.0,41,44.49,1875.69,2,1,108.1,5.0,1,1.5769224704144345,-1.2585254271889141,0.04878047590720099,Female,Month-to-month,DSL,Electronic check,0
37.0,11,53.52,582.97,1,1,120.1,0.0,0,0.2972972169466981,0.5227754520223158,0.09090900826453795,Female,One year,DSL,Bank transfer (automatic),0
66.0,1,48.72,49.01,1,0,100.9,0.0,0,0.015151512855831386,-0.28950990490094597,0.9999900000999989,Male,Month-to-month,DSL,Mailed check,1
53.0,6,30.88,187.63,2,0,154.7,0.0,1,0.11320752580990079,-0.3916145473090893,0.33333277777870374,Male,Month-to-month,No,Mailed check,1
41.0,45,86.12,3845.11,2,1,113.0,20.0,0,1.0975607079120224,0.67313009930443,0.044444434567903424,Male,Month-to-month,Fiber optic,Electronic check,0
55.0,14,27.45,380.42,1,0,102.7,0.0,0,0.2545454082644712,0.27716226631266494,0.0714285204081997,Female,One year,No,Credit card (automatic),0
36.0,47,56.56,2595.86,3,1,130.7,0.0,0,1.3055551929013351,1.3289479215004434,0.06382977365323965,Female,Two year,DSL,Electronic check,0
51.0,19,62.95,1149.12,2,0,104.2,20.0,0,0.37254894655903004,2.4700318315622027,0.10526310249310396,Male,One year,DSL,Credit card (automatic),0
69.0,53,102.69,5251.11,1,2,81.4,0.0,1,0.7681158307078506,3.612471524061988,0.018867920968316798,Male,Month-to-month,Fiber optic,Electronic check,0
42.0,3,87.84,268.26,1,0,135.7,0.0,2,0.07142855442177275,-1.5797019343268772,0.3333322222259259,Male,Two year,Fiber optic,Credit card (automatic),0
37.0,3,27.47,79.89,0,1,152.6,0.0,0,0.0810810591672813,0.8400887663707763,0.0,Female,One year,No,Electronic check,0
22.0,3,26.5,80.81,3,1,129.7,0.0,0,0.13636357438019348,-0.4365768780770729,0.9999966666777778,Male,One year,No,Electronic check,0
31.0,13,22.1,298.15,2,0,121.5,5.0,0,0.41935470343396664,-0.8345977426171203,0.15384603550304962,Female,Two year,No,Electronic check,0
31.0,24,60.57,1479.39,2,0,106.8,0.0,0,0.774193298647323,-1.0712243161565382,0.08333329861112558,Male,One year,DSL,Credit card (automatic),0
57.0,70,59.53,4101.09,2,0,94.5,0.0,0,1.2280699599877263,0.9430083695702365,0.0285714244897965,Male,One year,DSL,Bank transfer (automatic),0
67.0,14,89.41,1286.64,1,0,155.0,10.0,0,0.2089551926932548,-2.492791498006085,0.0714285204081997,Female,Month-to-month,Fiber optic,Mailed check,1
62.0,1,100.58,854.12,5,1,135.0,5.0,0,0.016129029656608118,-753.5314588854111,4.999950000499995,Female,Month-to-month,Fiber optic,Electronic check,1
23.0,40,80.86,3226.46,1,1,141.1,0.0,0,1.7391296786392703,0.1985201653699704,0.02499999375000156,Male,One year,Fiber optic,Bank transfer (automatic),0
74.0,11,25.57,287.38,1,2,154.5,15.0,1,0.14864862856099614,-0.5554307950629145,0.09090900826453795,Female,Two year,No,Electronic check,0
59.0,1,82.97,79.17,4,0,142.1,0.0,0,0.01694914966963565,3.800791692083081,3.9999600003999958,Male,One year,Fiber optic,Credit card (automatic),0
56.0,72,48.56,3441.3,3,0,158.2,5.0,1,1.28571405612249,0.7641733049759338,0.04166666087963043,Female,Month-to-month,DSL,Electronic check,0
68.0,7,91.08,666.49,5,1,194.6,0.0,0,0.10294116133218215,-4.13272112468411,0.7142846938790088,Male,Two year,Fiber optic,Bank transfer (automatic),0
26.0,5,30.16,157.04,1,1,176.9,15.0,0,0.1923076183432237,-1.2479371841256324,0.19999960000080003,Female,One year,No,Bank transfer (automatic),0
28.0,6,21.46,123.52,0,1,171.3,15.0,1,0.21428563775512938,0.8733676443872582,0.0,Female,Month-to-month,No,Electronic check,1
59.0,2,98.34,202.49,2,0,197.7,0.0,1,0.0338982993392713,-2.9044937775311155,0.9999950000249999,Female,One year,Fiber optic,Mailed check,0
54.0,72,43.53,3150.64,0,1,79.0,15.0,0,1.3333330864197988,-0.2288828112662742,0.0,Female,Month-to-month,DSL,Credit card (automatic),0
38.0,13,27.31,358.46,2,1,98.5,15.0,1,0.34210517313021754,-0.26382494321158134,0.15384603550304962,Male,Month-to-month,No,Electronic check,0
56.0,72,85.53,5969.74,3,1,29.1,0.0,0,1.28571405612249,2.6169559601450203,0.04166666087963043,Female,Month-to-month,Fiber optic,Mailed check,0
48.0,64,45.22,2772.71,1,2,200.9,5.0,1,1.3333330555556133,1.8964130193104651,0.01562499755859413,Male,One year,DSL,Electronic check,0
43.0,2,23.37,47.37,3,0,119.7,10.0,0,0.0465116170903216,-0.3148815755921177,1.4999925000374998,Male,One year,No,Electronic check,0
45.0,60,61.29,3837.85,2,1,219.3,10.0,1,1.3333330370371028,-2.674156005973998,0.0333333277777787,Female,One year,DSL,Mailed check,0
20.0,72,62.44,4380.63,2,2,83.8,5.0,0,3.5999982000009,1.5979251169548405,0.027777773919753623,Female,Month-to-month,DSL,Credit card (automatic),0
23.0,39,54.96,2050.05,2,1,110.5,0.0,0,1.6956514366732884,2.394628862915674,0.05128203813281073,Female,Month-to-month,DSL,Bank transfer (automatic),0
22.0,25,64.59,1588.67,5,0,163.2,10.0,0,1.1363631198349455,1.0432254187098309,0.199999920000032,Male,Two year,DSL,Credit card (automatic),0
33.0,26,90.15,2408.36,3,2,122.0,5.0,2,0.7878785491277123,-2.4791951426172574,0.11538457100593423,Female,One year,Fiber optic,Electronic check,1
66.0,6,35.14,217.35,3,0,67.6,0.0,0,0.0909090771349883,-1.084939625100624,0.4999991666680556,Female,One year,DSL,Credit card (automatic),0
40.0,17,56.65,950.6,4,2,129.4,15.0,0,0.4249998937500265,0.7323858338906817,0.23529397923883574,Male,Month-to-month,DSL,Bank transfer (automatic),1
39.0,10,63.45,622.33,2,2,228.9,0.0,0,0.2564101906640536,1.2170622329377636,0.1999998000002,Female,Two year,Fiber optic,Mailed check,0
42.0,2,103.6,200.24,2,0,127.9,5.0,1,0.04761903628118183,3.4805005974969987,0.9999950000249999,Female,month-to-month,Fiber optic,Bank transfer (automatic),0
29.0,37,65.99,2376.06,1,2,131.2,0.0,0,1.2758616290132314,1.7721795183298639,0.0270270197224271,Female,Two year,DSL,Credit card (automatic),0
27.0,8,84.24,663.54,0,3,227.2,15.0,1,0.29629618655696793,1.2976036779953972,0.0,Male,Month-to-month,Fiber optic,Electronic check,1
26.0,8,51.59,393.77,2,1,143.2,15.0,1,0.30769218934915793,2.368811526485594,0.24999968750039064,Female,One year,DSL,Credit card (automatic),0
49.0,28,91.64,2661.91,1,0,126.1,0.0,0,0.5714284548105194,-3.428180332792735,0.03571427295918823,Female,One year,Fiber optic,Credit card (automatic),0
58.0,8,71.38,591.57,1,2,154.4,0.0,0,0.13793101070154987,-2.5661575673030512,0.12499984375019532,Female,Month-to-month,DSL,Bank transfer (automatic),1
49.0,29,50.44,1533.73,2,1,161.1,5.0,0,0.591836613910895,-2.4472231423368527,0.06896549346017466,Female,Month-to-month,DSL,Electronic check,0
53.0,6,82.63,489.41,3,1,171.2,0.0,1,0.11320752580990079,1.0618026136622944,0.4999991666680556,Female,Two year,Fiber optic,Credit card (automatic),0
60.0,51,82.01,4306.16,0,2,237.1,0.0,0,0.8499998583333569,-2.4244932481385604,0.0,Female,Month-to-month,DSL,Bank transfer (automatic),0
74.0,58,109.21,6387.12,2,0,47.9,0.0,0,0.7837836778670705,-0.912739634010407,0.03448275267538747,Female,Month-to-month,Fiber optic,Bank transfer (automatic),0
20.0,17,41.52,701.38,0,0,81.5,20.0,1,0.8499995750002125,0.26237721036635264,0.0,Male,Month-to-month,DSL,Mailed check,0
56.0,9,40.53,370.3,6,2,141.3,20.0,0,0.16071425701531125,-0.6143987284458561,0.666665925926749,Female,Month-to-month,DSL,Electronic check,1
50.0,2,81.96,163.13,1,0,116.2,0.0,0,0.039999992000001594,0.39540782296087684,0.49999750001249993,Male,Month-to-month,Fiber optic,Bank transfer (automatic),1
31.0,54,86.36,4574.39,1,1,212.1,0.0,0,1.7419349219564768,1.6490897612796687,0.01851851508916387,Male,Month-to-month,Fiber optic,Mailed check,0
49.0,27,54.91,1517.45,1,0,190.4,0.0,1,0.5510202957101437,-1.2918310363588787,0.03703702331962099,Female,Month-to-month,DSL,Bank transfer (automatic),0
74.0,5,60.2,315.54,4,0,164.6,5.0,0,0.06756755843681643,-2.9078737842524376,0.7999984000032001,Male,Month-to-month,DSL,Mailed check,1
25.0,26,86.72,2236.59,2,3,25.2,10.0,2,1.0399995840001663,0.6973407779458398,0.07692304733728948,Female,Two year,Fiber optic,Electronic check,0
51.0,40,21.14,811.8,2,1,121.9,10.0,0,0.7843135717032211,0.8450050737487338,0.04999998750000312,Female,Month-to-month,No,Electronic check,0
35.0,51,18.0,875.46,1,0,162.0,10.0,0,1.4571424408164453,0.8341210129174499,0.01960783929258053,Female,Month-to-month,No,Credit card (automatic),0
43.0,3,32.19,97.39,0,3,139.5,10.0,0,0.06976742563548241,-0.27322512258292875,0.0,Female,Two year,No,Bank transfer (automatic),0
19.0,12,91.7,1059.49,6,0,176.2,15.0,0,0.6315786149586237,3.409240242299802,0.49999958333368055,Male,Month-to-month,Fiber optic,Credit card (automatic),1
57.0,63,76.16,4865.73,1,0,116.9,0.0,1,1.1052629639889535,-1.0737972644766103,0.015873013353489944,Female,Month-to-month,Fiber optic,Credit card (automatic),0
41.0,2,81.22,155.73,1,0,141.7,20.0,0,0.04878047590720099,3.3553893230533873,0.49999750001249993,Female,Month-to-month,Fiber optic,Electronic check,1
58.0,19,91.74,1799.64,0,0,125.8,0.0,2,0.32758615041618094,-2.9778448853448083,0.0,Female,One year,Fiber optic,Credit card (automatic),0
46.0,25,69.05,1755.22,2,0,149.3,10.0,0,0.5434781427221429,-1.158771916491233,0.0799999680000128,Female,Two year,Fiber optic,Electronic check,0
19.0,2,99.36,196.09,0,1,121.7,15.0,0,0.10526310249310396,1.3154902225488883,0.0,Female,Month-to-month,Fiber optic,Credit card (automatic),1
60.0,25,80.82,2003.63,2,1,63.4,0.0,2,0.41666659722223376,0.6748320580671674,0.0799999680000128,Female,Month-to-month,Fiber optic,Bank transfer (automatic),1
54.0,1,92.94,89.94,1,1,137.3,5.0,1,0.01851851508916387,3.000899391006101,0.9999900000999989,Female,Two year,Fiber optic,Bank transfer (automatic),0
67.0,44,73.15,3310.99,1,0,173.8,0.0,0,0.6567163198930865,-2.099755625055522,0.022727267561984642,Male,Month-to-month,DSL,Bank transfer (automatic),0
41.0,6,108.01,654.87,0,1,91.1,5.0,0,0.146341427721603,-1.1348180919698478,0.0,Male,Two year,Fiber optic,Credit card (automatic),0
60.0,14,84.13,1217.84,1,0,75.2,5.0,0,0.23333329444445092,-2.8585092939219408,0.0714285204081997,Male,Month-to-month,Fiber optic,Mailed check,1
54.0,2,69.1,139.86,1,1,107.6,15.0,1,0.03703703017832774,-0.8296503517482563,0.49999750001249993,Female,One year,Fiber optic,Mailed check,0
25.0,1,88.64,90.87,1,1,190.5,10.0,1,0.0399999840000064,-2.229091309086911,0.9999900000999989,Male,Two year,Fiber optic,Electronic check,0
40.0,10,99.65,997.82,1,1,142.5,10.0,2,0.24999993750001562,-0.13190021809978703,0.0999999000001,Male,Month-to-month,Fiber optic,Bank transfer (automatic),1
21.0,63,60.74,3955.8,5,1,190.9,0.0,0,2.9999985714292516,-2.050466223735519,0.07936506676744971,Female,Two year,DSL,Credit card (automatic),0
22.0,12,60.75,731.16,2,2,177.8,15.0,4,0.5454542975207739,-0.17994922504231425,0.16666652777789354,Female,Month-to-month,DSL,Mailed check,1
26.0,45,62.5,2943.28,2,1,180.1,5.0,0,1.7307685650890134,-2.906207687509408,0.044444434567903424,Male,Two year,Fiber optic,Bank transfer (automatic),0
46.0,9,73.3,659.86,4,1,85.4,0.0,0,0.19565213137997142,-0.017696313670768404,0.44444395061783265,Female,Two year,Fiber optic,Bank transfer (automatic),0
52.0,23,74.4,1773.28,3,0,109.2,0.0,1,0.442307607248537,-2.6990969134361222,0.13043472589794528,Male,Month-to-month,DSL,Electronic check,0
58.0,49,81.98,4185.84,3,0,145.9,10.0,0,0.844827440546993,-3.4452886887165874,0.061224477301127074,Male,Month-to-month,DSL,Bank transfer (automatic),0
18.0,6,52.38,304.31,4,0,162.1,0.0,0,0.33333314814825105,1.6617511970813368,0.6666655555574075,Female,One year,DSL,Electronic check,0
54.0,14,26.37,373.24,2,2,153.8,10.0,1,0.2592592112482942,-0.2899809571564589,0.1428570408163994,Male,One year,No,Electronic check,0
26.0,1,55.41,56.84,2,0,169.9,0.0,2,0.03846152366864474,-1.429431605683945,1.9999800001999979,Male,Month-to-month,DSL,Bank transfer (automatic),1
61.0,10,25.1,254.6,4,1,193.5,15.0,0,0.1639343993550165,-0.35997454002545837,0.3999996000004,Male,Month-to-month,No,Mailed check,1
43.0,1,82.65,83.43,2,2,122.6,10.0,0,0.0232558085451608,-0.7791657083429158,1.9999800001999979,Female,Month-to-month,Fiber optic,Credit card (automatic),1
63.0,42,26.12,1146.0,4,0,153.6,0.0,0,0.6666665608465776,-1.1657077891171888,0.09523807256236366,Female,Month-to-month,No,Mailed check,1
38.0,5,19.03,92.55,2,0,242.4,5.0,0,0.13157891274239136,0.5200370199259616,0.39999920000160005,Male,Month-to-month,No,Electronic check,1
63.0,8,20.97,169.66,3,0,151.6,0.0,0,0.12698410682791955,-0.2374734906581395,0.37499953125058594,Female,Two year,No,Electronic check,0
39.0,22,26.55,608.55,5,1,146.7,0.0,0,0.564102419460918,-1.1113510630222407,0.2272726239669891,Female,Month-to-month,No,Bank transfer (automatic),1
40.0,12,49.45,601.17,0,1,120.6,0.0,1,0.2999999250000187,-0.6474582521181205,0.0,Male,Month-to-month,DSL,Bank transfer (automatic),0
57.0,1,18.98,18.89,0,0,47.7,10.0,0,0.017543856571253232,0.09018889811101971,0.0,Male,Two year,No,Electronic check,0
32.0,7,74.94,520.97,2,0,156.4,0.0,0,0.21874993164064635,0.5158206059705464,0.2857138775516035,Female,month-to-month,Fiber optic,Credit card (automatic),0
68.0,9,80.15,733.82,1,0,171.2,0.0,0,0.13235292171280563,-1.38546496059449,0.11111098765445816,Male,One year,Fiber optic,Bank transfer (automatic),0
64.0,15,25.14,362.62,2,0,224.3,0.0,1,0.23437496337891195,0.9653494497670323,0.1333332444445037,Male,Month-to-month,No,Credit card (automatic),0
72.0,9,96.89,885.69,2,0,148.2,10.0,2,0.1249999826388913,-1.5198906556770595,0.22222197530891633,Female,One year,Fiber optic,Electronic check,0
29.0,24,51.28,1176.28,0,0,182.4,0.0,0,0.8275859215220961,2.2683537548526047,0.0,Male,Two year,DSL,Credit card (automatic),0
53.0,12,63.53,771.37,3,0,162.8,0.0,1,0.22641505161980158,-0.750779766016862,0.24999979166684028,Male,One year,Fiber optic,Electronic check,0
20.0,4,94.47,359.04,1,1,175.6,10.0,0,0.19999990000005,4.710224399438985,0.24999937500156252,Female,Two year,Fiber optic,Electronic check,0
62.0,2,57.56,118.1,1,2,102.6,10.0,0,0.032258059313216236,-1.489704751476232,0.49999750001249993,Male,One year,DSL,Electronic check,0
29.0,14,51.86,758.19,0,0,242.8,0.0,1,0.4827584542212227,-2.2963898882929428,0.0,Male,Month-to-month,DSL,Credit card (automatic),0
47.0,4,99.12,398.0,0,0,95.1,10.0,1,0.08510636487098619,-0.3797512506218794,0.0,Male,Month-to-month,Fiber optic,Credit card (automatic),1
23.0,10,101.34,991.03,3,2,136.7,0.0,1,0.43478241965981757,2.237099102900899,0.2999997000003,Female,Month-to-month,Fiber optic,Electronic check,1
43.0,10,81.02,834.75,1,0,115.4,10.0,2,0.23255808545160803,-2.454916525083476,0.0999999000001,Male,Month-to-month,Fiber optic,Electronic check,1
36.0,21,48.02,1019.26,1,0,175.9,0.0,1,0.5833331712963412,-0.5161673637298207,0.04761902494332146,Male,Month-to-month,DSL,Credit card (automatic),0
51.0,13,27.57,369.32,2,0,169.5,15.0,1,0.2549019108035469,-0.8392089159931402,0.15384603550304962,Male,Two year,No,Bank transfer (automatic),0
70.0,19,62.0,1223.63,1,0,217.9,5.0,2,0.27142853265306677,-2.4015450518184025,0.05263155124655198,Male,Month-to-month,DSL,Electronic check,0
36.0,72,113.0,8304.36,1,0,175.1,0.0,1,1.9999994444445985,-2.3383173141226052,0.013888886959876811,Female,Month-to-month,Fiber optic,Mailed check,0
39.0,15,24.6,374.01,0,1,129.7,0.0,0,0.38461528599608047,-0.3339833773444134,0.0,Male,Month-to-month,No,Mailed check,0
20.0,18,62.32,1066.76,5,1,130.8,0.0,0,0.899999550000225,3.0555884802286215,0.27777762345687584,Male,One year,DSL,Mailed check,0
53.0,22,91.27,1977.31,0,1,109.9,15.0,0,0.41509426130296956,1.3923135807665545,0.0,Female,One year,Fiber optic,Mailed check,0
35.0,19,79.62,1533.89,1,1,114.7,10.0,1,0.5428569877551463,-1.1110101415736153,0.05263155124655198,Male,One year,Fiber optic,Credit card (automatic),0
22.0,51,71.21,3693.37,2,1,177.4,10.0,0,2.318180764463289,-1.209005408038152,0.03921567858516106,Female,One year,Fiber optic,Mailed check,0
60.0,42,70.83,3110.69,1,0,219.0,0.0,1,0.6999998833333527,-3.2340299847547698,0.023809518140590916,Female,Month-to-month,Fiber optic,Electronic check,0
39.0,21,90.15,1978.34,0,2,81.6,0.0,0,0.5384614003945126,-4.056621806370558,0.0,Female,One year,Fiber optic,Mailed check,0
46.0,15,20.7,303.54,0,0,92.4,0.0,0,0.3260868856332857,0.4640134906576705,0.0,Male,Month-to-month,No,Bank transfer (automatic),0
70.0,3,80.13,240.11,3,0,146.6,5.0,0,0.042857136734694753,0.09360012133292628,0.9999966666777778,Female,One year,Fiber optic,Bank transfer (automatic),0
56.0,1,79.29,77.35,3,1,167.0,0.0,1,0.017857139668367914,1.9407734922650945,2.9999700002999967,Female,Month-to-month,Fiber optic,Electronic check,1
54.0,61,61.27,3722.78,2,1,33.6,5.0,1,1.129629420438996,0.24082967691317236,0.032786879871003295,Male,Two year,DSL,Mailed check,0
30.0,8,62.53,475.39,4,1,149.2,0.0,1,0.2666665777778074,3.106324279594652,0.4999993750007813,Female,Month-to-month,DSL,Electronic check,1
56.0,25,51.07,1253.74,4,1,116.2,0.0,0,0.4464284917091979,0.9204200598319758,0.1599999360000256,Female,One year,DSL,Bank transfer (automatic),0
51.0,11,62.91,722.71,1,2,74.8,10.0,0,0.21568623221838581,-2.790849362864222,0.09090900826453795,Female,Month-to-month,DSL,Mailed check,1
42.0,2,69.31,138.08,1,0,143.2,0.0,0,0.04761903628118183,0.2703451982740006,0.49999750001249993,Male,Month-to-month,Fiber optic,Mailed check,1
50.0,17,22.05,358.41,1,0,78.4,5.0,1,0.3399999320000136,0.9670712252522193,0.058823494809708936,Male,Two year,No,Bank transfer (automatic),0
68.0,5,86.27,443.15,0,1,128.1,0.0,0,0.07352940095155867,-2.359822740354531,0.0,Male,One year,Fiber optic,Bank transfer (automatic),0
63.0,9,21.51,201.37,5,1,251.3,20.0,1,0.14285712018140947,-0.8644195839782398,0.5555549382722909,Male,Month-to-month,No,Credit card (automatic),1
72.0,12,72.38,845.47,6,1,140.6,15.0,0,0.16666664351852173,1.924225379812171,0.49999958333368055,Male,Month-to-month,Fiber optic,Credit card (automatic),1
23.0,1,90.34,93.21,1,1,118.9,0.0,2,0.043478241965981754,-2.86906790932089,0.9999900000999989,Male,Month-to-month,Fiber optic,Electronic check,1
29.0,2,95.9,184.92,1,1,140.3,0.0,0,0.06896549346017466,3.4404622976885264,0.49999750001249993,Female,Month-to-month,Fiber optic,Credit card (automatic),1
41.0,72,47.84,3597.47,3,0,117.8,15.0,0,1.7560971326592358,-2.124854171548023,0.04166666087963043,Female,One year,DSL,Mailed check,0
64.0,13,28.15,366.51,3,0,127.0,20.0,1,0.2031249682617237,-0.043055236111356976,0.23076905325457442,Female,Month-to-month,No,Electronic check,0
51.0,9,43.57,390.26,2,0,155.4,5.0,0,0.17647055363322478,0.20782595797115988,0.22222197530891633,Male,Month-to-month,DSL,Electronic check,1
40.0,3,51.6,155.75,1,2,169.4,15.0,1,0.07499998125000468,-0.3164936116879602,0.3333322222259259,Male,One year,Fiber optic,Bank transfer (automatic),0
55.0,13,45.55,601.0,2,2,130.4,0.0,0,0.23636359338843754,-0.6807336686664129,0.15384603550304962,Female,One year,DSL,Electronic check,0
72.0,11,58.24,624.12,5,0,148.9,10.0,1,0.15277775655864492,1.5018697619365824,0.45454504132268975,Female,Month-to-month,DSL,Electronic check,1
31.0,44,52.56,2283.32,3,1,148.1,15.0,0,1.4193543808534255,0.6663754303692215,0.06818180268595393,Male,Month-to-month,DSL,Mailed check,0
40.0,1,60.23,58.47,0,1,212.0,0.0,0,0.02499999375000156,1.76058469415306,0.0,Female,Month-to-month,DSL,Electronic check,1
46.0,17,85.18,1477.4,2,0,52.0,0.0,0,0.36956513705105715,-1.7258312318639781,0.11764698961941787,Female,Month-to-month,Fiber optic,Electronic check,1
22.0,19,98.12,1797.48,1,0,133.7,5.0,0,0.8636359710745586,3.5158392653477506,0.05263155124655198,Male,Two year,Fiber optic,Credit card (automatic),0
52.0,59,85.6,5190.72,1,0,170.0,5.0,1,1.1346151664201602,-2.378290173171166,0.01694914966963565,Female,Two year,Fiber optic,Mailed check,0
71.0,57,80.72,4434.21,2,0,133.2,0.0,1,0.8028167883356636,2.9268557531832045,0.035087713142506465,Female,Two year,Fiber optic,Mailed check,0
46.0,5,81.88,413.46,1,1,123.3,5.0,0,0.10869562854442857,-0.8118346163307706,0.19999960000080003,Male,One year,Fiber optic,Credit card (automatic),0
47.0,22,46.76,992.75,1,0,176.8,0.0,1,0.46808500679042403,1.6350205113543126,0.04545452479339782,Male,Month-to-month,DSL,Bank transfer (automatic),0
47.0,21,51.61,1132.24,2,0,148.1,20.0,0,0.44680841557267753,-2.3061648018262844,0.09523804988664292,Male,One year,DSL,Bank transfer (automatic),0
68.0,7,68.27,474.15,0,0,244.3,0.0,0,0.10294116133218215,0.5343824794535976,0.0,Female,One year,Fiber optic,Mailed check,0
64.0,36,90.17,3238.34,0,1,134.7,0.0,1,0.5624999121093887,0.21613609829553582,0.0,Male,Month-to-month,Fiber optic,Mailed check,0
19.0,17,87.91,1511.96,2,1,118.9,5.0,0,0.8947363711913836,-1.028771212487527,0.11764698961941787,Male,Month-to-month,Fiber optic,Electronic check,0
24.0,19,87.94,1721.42,0,0,146.3,20.0,0,0.791666336805693,-2.661004946839512,0.0,Female,Two year,Fiber optic,Bank transfer (automatic),0
36.0,2,97.68,186.6,4,0,114.9,10.0,1,0.055555540123461075,4.380466497667527,1.9999900000499997,Female,Month-to-month,Fiber optic,Electronic check,1
45.0,40,60.99,2558.75,2,0,219.9,0.0,1,0.8888886913580685,-2.9787340078164917,0.04999998750000312,Female,Two year,DSL,Electronic check,0
71.0,8,24.56,189.68,2,2,171.0,5.0,0,0.1126760404681633,0.8500296374629492,0.24999968750039064,Female,Two year,No,Bank transfer (automatic),0
22.0,48,90.62,4236.8,3,3,132.2,20.0,1,2.1818171900830956,2.3533517222183917,0.06249998697916938,Female,Month-to-month,Fiber optic,Bank transfer (automatic),0
62.0,1,53.63,56.01,1,0,56.4,0.0,0,0.016129029656608118,-2.3794399056009325,0.9999900000999989,Female,Month-to-month,DSL,Mailed check,1
26.0,12,32.73,411.26,0,0,167.9,0.0,1,0.4615382840237369,-1.54163810696825,0.0,Male,Two year,DSL,Bank transfer (automatic),0
47.0,47,52.8,2522.92,3,0,130.4,10.0,0,0.9999997872340878,-0.8791375150771259,0.06382977365323965,Female,Two year,DSL,Bank transfer (automatic),0
73.0,28,100.81,2750.75,0,1,104.5,5.0,0,0.38356159129293266,2.568963657512981,0.0,Female,Month-to-month,Fiber optic,Electronic check,0
62.0,11,60.96,703.43,3,1,48.8,0.0,2,0.1774193262226893,-2.9881236835239235,0.2727270247936138,Male,One year,DSL,Electronic check,0
27.0,8,49.16,378.71,4,0,148.8,0.0,0,0.29629618655696793,1.821309173363531,0.4999993750007813,Female,Month-to-month,DSL,Mailed check,1
27.0,13,67.17,851.9,1,1,193.9,20.0,2,0.4814813031550729,1.6392811774760219,0.07692301775152481,Female,Month-to-month,DSL,Credit card (automatic),1
40.0,26,18.54,495.07,1,0,165.9,0.0,2,0.6499998375000405,-0.5011465226359526,0.03846152366864474,Male,Month-to-month,No,Electronic check,0
39.0,4,61.24,232.75,2,0,200.1,0.0,0,0.10256407626562146,3.0526454683863236,0.49999875000312505,Male,One year,Fiber optic,Electronic check,0
40.0,21,21.2,449.35,2,1,237.1,5.0,2,0.5249998687500328,-0.1976088582814981,0.09523804988664292,Male,Month-to-month,No,Credit card (automatic),1
49.0,15,85.23,1259.25,2,1,92.1,15.0,0,0.3061223865056354,1.2800559666293623,0.1333332444445037,Male,Month-to-month,Fiber optic,Bank transfer (automatic),0
18.0,3,53.5,165.64,2,1,112.9,0.0,0,0.16666657407412552,-1.7131492895023612,0.6666644444518518,Female,Month-to-month,DSL,Bank transfer (automatic),1
31.0,1,76.31,76.67,2,1,131.8,10.0,0,0.03225805411030513,-0.3592333076669121,1.9999800001999979,Male,Month-to-month,Fiber optic,Electronic check,1
69.0,55,84.59,4551.15,2,1,137.3,0.0,0,0.7971013337534298,1.8418332269394284,0.03636362975206731,Male,One year,Fiber optic,Bank transfer (automatic),0
27.0,2,55.69,108.75,2,1,130.0,0.0,1,0.07407404663924198,1.3152718736406328,0.9999950000249999,Female,One year,DSL,Electronic check,0
61.0,72,40.94,2864.42,3,0,168.8,15.0,0,1.1803276753561187,1.1563944143896663,0.04166666087963043,Male,One year,DSL,Mailed check,0
70.0,72,50.99,3669.33,1,0,144.6,5.0,0,1.028571281632674,0.027090411515224844,0.013888886959876811,Female,Month-to-month,DSL,Bank transfer (automatic),0
35.0,3,90.42,265.76,2,0,124.2,0.0,0,0.08571426122449678,1.833628621237935,0.6666644444518518,Male,Two year,Fiber optic,Credit card (automatic),0
56.0,15,54.48,842.41,3,0,107.7,0.0,0,0.26785709502551874,-1.6806292262471842,0.19999986666675557,Female,One year,DSL,Electronic check,0
46.0,13,50.66,643.02,0,0,132.5,0.0,0,0.2826086342155143,1.1969611254145178,0.0,Male,One year,DSL,Electronic check,0
37.0,13,99.15,1267.76,1,1,190.1,0.0,0,0.3513512563915523,1.6300750153269092,0.07692301775152481,Female,Two year,Fiber optic,Mailed check,0
23.0,11,28.75,307.35,0,1,192.6,15.0,0,0.4782606616257993,0.8091163098942609,0.0,Female,Month-to-month,No,Mailed check,1
44.0,72,48.77,3469.04,1,1,92.1,0.0,0,1.6363632644628943,0.5888955807089502,0.013888886959876811,Female,Month-to-month,DSL,Mailed check,0
72.0,34,108.67,3561.9,3,0,79.5,10.0,1,0.4722221566358116,3.9082661063923325,0.08823526816609759,Female,One year,Fiber optic,Credit card (automatic),0
43.0,4,18.0,71.63,2,2,205.3,0.0,1,0.0930232341806432,0.09254476863807781,0.49999875000312505,Female,One year,No,Electronic check,0
47.0,70,71.61,4828.18,3,3,176.4,20.0,1,1.4893613852422583,2.6360098534271685,0.042857136734694753,Female,One year,Fiber optic,Mailed check,0
61.0,44,28.91,1220.6,1,0,56.0,0.0,0,0.7213113571620725,1.169097213841546,0.022727267561984642,Male,Month-to-month,No,Electronic check,0
20.0,26,66.01,1718.81,2,1,97.8,5.0,1,1.299999350000325,-0.09805149690326687,0.07692304733728948,Male,One year,DSL,Bank transfer (automatic),0
72.0,7,42.62,309.41,0,0,200.9,0.0,1,0.09722220871913767,-1.5813654266208275,0.0,Male,One year,DSL,Mailed check,0
54.0,8,22.42,187.6,1,2,71.1,0.0,1,0.14814812071331096,-1.0299706875366397,0.12499984375019532,Female,One year,No,Bank transfer (automatic),0
42.0,9,85.96,808.1,0,1,183.4,0.0,0,0.21428566326531825,-3.8287891235676597,0.0,Female,Month-to-month,Fiber optic,Bank transfer (automatic),1
18.0,7,44.08,301.09,3,1,124.9,5.0,2,0.3888886728396262,1.0672043039938544,0.4285708163274053,Male,One year,DSL,Mailed check,0
58.0,58,51.71,3023.92,6,0,130.4,20.0,0,0.9999998275862366,-0.4265427350788329,0.1034482580261624,Male,Month-to-month,DSL,Electronic check,1
37.0,67,88.13,5836.47,1,2,94.4,5.0,0,1.8108103214026157,1.018520464399927,0.014925370906661057,Male,Month-to-month,Fiber optic,Credit card (automatic),0
74.0,52,18.0,892.32,2,0,134.6,0.0,1,0.7027026077428908,0.840003299999367,0.038461531065090176,Female,Two year,No,Electronic check,0
49.0,10,73.92,724.63,3,1,127.0,0.0,0,0.20408159100375692,1.4570724629275418,0.2999997000003,Male,Month-to-month,Fiber optic,Mailed check,1
49.0,40,58.65,2452.0,0,1,178.6,10.0,0,0.8163263640150277,-2.6499846750038287,0.0,Male,Month-to-month,DSL,Bank transfer (automatic),0
20.0,3,46.14,137.08,1,1,81.9,5.0,0,0.1499999250000375,0.4468189772700697,0.3333322222259259,Female,Month-to-month,DSL,Bank transfer (automatic),1
40.0,23,84.6,1970.13,0,1,112.3,5.0,1,0.5749998562500359,-1.0577888444396422,0.0,Male,Month-to-month,Fiber optic,Electronic check,0
54.0,1,29.99,29.12,1,1,120.8,0.0,1,0.01851851508916387,0.8702911970880294,0.9999900000999989,Male,Month-to-month,No,Electronic check,1
72.0,5,74.73,379.54,0,0,203.3,10.0,0,0.06944443479938406,-1.1778481843036417,0.0,Female,Month-to-month,Fiber optic,Electronic check,1
53.0,29,78.68,2176.82,4,2,145.0,10.0,0,0.5471697080811871,3.6172672630112856,0.13793098692034933,Female,Two year,Fiber optic,Mailed check,0
54.0,30,87.05,2741.93,1,1,143.8,10.0,1,0.5555554526749161,-4.347636200787932,0.033333322222225924,Female,Month-to-month,Fiber optic,Electronic check,0
19.0,4,18.17,72.55,2,1,48.9,10.0,0,0.21052620498620792,0.03254534363664163,0.49999875000312505,Male,Two year,No,Credit card (automatic),0
26.0,17,95.37,1695.63,2,0,152.9,0.0,0,0.6538459023669606,-4.372882504186762,0.11764698961941787,Female,One year,Fiber optic,Credit card (automatic),0
28.0,18,25.12,431.41,0,1,130.7,5.0,0,0.6428569132653881,1.1527910928938354,0.0,Male,Month-to-month,No,Mailed check,0
45.0,2,43.83,85.61,0,0,141.1,5.0,0,0.044444434567903424,1.0252140239298768,0.0,Male,Month-to-month,DSL,Mailed check,1
31.0,1,25.21,25.94,1,0,180.5,0.0,0,0.03225805411030513,-0.7297406025939743,0.9999900000999989,Female,Month-to-month,No,Electronic check,1
54.0,10,23.98,245.2,1,3,189.9,15.0,0,0.1851851508916387,-0.5399754800245198,0.0999999000001,Female,Two year,No,Electronic check,0
64.0,22,29.9,669.04,1,0,146.9,5.0,2,0.34374994628907085,-0.5108952677748775,0.04545452479339782,Male,Month-to-month,DSL,Credit card (automatic),0
21.0,2,73.38,152.01,0,0,148.3,10.0,0,0.09523804988664292,-2.6246199769001066,0.0,Male,Month-to-month,DSL,Mailed check,0
64.0,11,94.22,1015.0,6,0,122.0,0.0,0,0.17187497314453543,1.947356611493987,0.5454540495872277,Male,One year,Fiber optic,Electronic check,0
31.0,11,55.62,624.0,2,0,175.6,0.0,0,0.35483859521335637,-1.1072211570716775,0.1818180165290759,Male,Two year,DSL,Bank transfer (automatic),0
62.0,11,43.78,491.48,3,1,130.0,15.0,2,0.1774193262226893,-0.8999593818551119,0.2727270247936138,Male,One year,DSL,Credit card (automatic),0
66.0,22,51.79,1183.64,0,2,144.2,0.0,0,0.33333328282829044,-2.0117937264574053,0.0,Female,Month-to-month,Fiber optic,Electronic check,0
31.0,17,65.91,1087.16,2,0,76.7,0.0,0,0.5483869198751872,1.959449382676823,0.11764698961941787,Male,Month-to-month,Fiber optic,Bank transfer (automatic),0
40.0,36,99.05,3469.99,2,1,54.8,0.0,1,0.8999997750000561,2.66141566349566,0.055555540123461075,Female,Two year,Fiber optic,Electronic check,0
65.0,12,61.13,749.49,1,0,173.7,5.0,1,0.1846153562130221,-1.327447952126704,0.08333326388894677,Male,Month-to-month,DSL,Credit card (automatic),0
22.0,1,101.16,96.16,6,1,163.7,0.0,0,0.04545452479339782,5.000961590384108,5.999940000599993,Female,Month-to-month,Fiber optic,Bank transfer (automatic),1
69.0,9,77.75,681.66,1,1,188.1,0.0,0,0.1304347637051067,2.010084155462053,0.11111098765445816,Female,Month-to-month,Fiber optic,Mailed check,0
66.0,11,60.92,683.96,0,1,201.2,5.0,0,0.16666664141414522,-1.2581252926133715,0.0,Male,One year,DSL,Electronic check,0
46.0,42,59.04,2470.56,2,0,146.6,10.0,0,0.9130432797732,0.21715686258170308,0.04761903628118183,Female,Two year,DSL,Electronic check,0
68.0,48,99.84,5011.88,2,0,141.2,5.0,0,0.7058822491349633,-4.574144913719806,0.041666657986112916,Female,Month-to-month,Fiber optic,Bank transfer (automatic),0
47.0,8,67.13,547.81,3,1,185.8,5.0,0,0.17021272974197238,-1.346164404794493,0.37499953125058594,Male,Month-to-month,DSL,Electronic check,1
70.0,69,83.64,5559.11,1,0,179.5,0.0,1,0.9857141448979793,3.073200082144922,0.014492751522789634,Female,Month-to-month,Fiber optic,Credit card (automatic),0
25.0,24,18.0,452.4,2,1,94.0,20.0,1,0.9599996160001536,-0.8499921458366053,0.08333329861112558,Male,Month-to-month,No,Electronic check,0
39.0,10,94.08,904.34,2,0,131.5,5.0,0,0.2564101906640536,3.6460904339095634,0.1999998000002,Male,Month-to-month,Fiber optic,Bank transfer (automatic),1
55.0,2,22.97,46.72,1,0,101.6,10.0,0,0.03636362975206731,-0.3898832005839985,0.49999750001249993,Female,Month-to-month,No,Electronic check,0
62.0,15,94.48,1419.98,1,1,170.4,10.0,0,0.24193544484912177,-0.1852702231531822,0.06666662222225185,Male,Month-to-month,Fiber optic,Electronic check,0
42.0,7,86.33,599.03,1,0,136.7,0.0,0,0.16666662698413642,0.7544079651314775,0.14285693877580175,Female,One year,Fiber optic,Mailed check,0
34.0,10,46.42,454.06,3,0,107.4,10.0,0,0.2941175605536586,1.0140454059545974,0.2999997000003,Male,Month-to-month,DSL,Electronic check,1
22.0,4,31.31,127.56,2,0,207.2,0.0,1,0.1818180991735913,-0.5799202751993171,0.49999875000312505,Male,Two year,No,Credit card (automatic),0
37.0,43,82.49,3495.34,3,1,216.4,0.0,0,1.1621618480643654,1.2030421597576293,0.06976742563548241,Male,Two year,DSL,Mailed check,0
56.0,3,45.32,130.96,2,2,135.4,5.0,0,0.053571419005103746,1.6668121772927407,0.6666644444518518,Female,Month-to-month,DSL,Mailed check,1
19.0,4,71.3,296.63,1,1,123.8,10.0,1,0.21052620498620792,-2.857314606713487,0.24999937500156252,Male,Month-to-month,Fiber optic,Electronic check,1
18.0,55,31.34,1697.76,3,2,133.5,5.0,0,3.0555538580256343,0.47164197606509717,0.05454544462810097,Female,Month-to-month,No,Mailed check,0
43.0,1,83.2,80.32,0,2,177.3,0.0,0,0.0232558085451608,2.8808031919680985,0.0,Male,One year,Fiber optic,Credit card (automatic),0
66.0,4,42.56,164.2,4,1,37.4,0.0,0,0.06060605142332554,1.510102624743439,0.9999975000062501,Female,Two year,DSL,Bank transfer (automatic),0
41.0,14,75.68,1031.77,3,1,128.9,10.0,0,0.34146333135040696,1.9821954984317927,0.21428556122459913,Male,Month-to-month,Fiber optic,Credit card (automatic),0
31.0,72,23.44,1700.04,2,0,98.1,5.0,1,2.3225798959419692,-0.17166338726897123,0.027777773919753623,Male,One year,No,Bank transfer (automatic),0
33.0,4,25.97,102.43,2,0,185.0,5.0,1,0.1212120844811865,0.3625640185899499,0.49999875000312505,Male,Month-to-month,No,Credit card (automatic),1
42.0,15,40.62,626.33,2,1,189.5,0.0,1,0.35714277210886375,-1.1353054964630118,0.1333332444445037,Female,Month-to-month,DSL,Electronic check,0
71.0,7,102.69,721.08,3,0,103.0,0.0,1,0.0985915354096429,-0.32128141245513575,0.4285708163274053,Male,One year,Fiber optic,Electronic check,0
73.0,60,92.27,5463.66,1,2,97.2,0.0,0,0.8219176956277129,1.2090151768308033,0.01666666388888935,Female,One year,Fiber optic,Electronic check,0
51.0,70,23.98,1656.13,2,0,159.8,10.0,0,1.372548750480637,0.32100337985665917,0.0285714244897965,Female,One year,No,Electronic check,0
36.0,18,77.45,1338.4,4,0,166.0,5.0,0,0.49999986111114963,3.0944857530634664,0.2222220987655007,Female,One year,DSL,Mailed check,0
50.0,9,24.58,216.32,1,0,145.6,5.0,0,0.1799999640000072,0.5444711505876079,0.11111098765445816,Female,One year,No,Electronic check,0
20.0,71,24.17,1762.81,1,0,202.2,0.0,0,3.5499982250008877,-0.658306362210368,0.014084505058520413,Female,One year,No,Mailed check,0
53.0,1,23.89,24.58,0,1,134.9,0.0,0,0.018867920968316798,-0.6897542024579728,0.0,Female,Month-to-month,No,Mailed check,1
25.0,9,56.79,499.02,1,1,122.3,0.0,0,0.3599998560000576,1.3433949406722903,0.11111098765445816,Female,Two year,DSL,Mailed check,0
42.0,19,60.07,1173.2,0,0,171.5,0.0,0,0.4523808446712274,-1.6773359224547804,0.0,Male,One year,DSL,Mailed check,0
23.0,9,97.04,837.18,3,2,128.7,0.0,0,0.3913041776938358,4.020103355440725,0.3333329629633745,Female,Two year,Fiber optic,Bank transfer (automatic),0
68.0,39,31.02,1264.31,1,0,92.1,5.0,1,0.5735293274221577,-1.398196815846969,0.025641019066405365,Female,Month-to-month,No,Credit card (automatic),0
18.0,37,66.4,2432.75,0,1,173.9,0.0,0,2.0555544135808814,0.6500177702654781,0.0,Male,Month-to-month,DSL,Mailed check,0
57.0,59,60.29,3464.91,0,1,174.1,5.0,1,1.0350875377039408,1.5627218181827445,0.0,Male,Month-to-month,DSL,Mailed check,0
66.0,72,54.62,4061.04,2,1,176.5,0.0,1,1.0909089256198596,-1.7833254995381225,0.027777773919753623,Female,One year,DSL,Mailed check,0
54.0,36,50.69,1882.73,3,1,111.2,0.0,1,0.6666665432098994,-1.608041028321935,0.0833333101851916,Male,Two year,DSL,Credit card (automatic),0
70.0,1,60.43,59.1,2,0,150.6,0.0,2,0.01428571224489825,1.330590994090059,1.9999800001999979,Female,Month-to-month,DSL,Mailed check,1
44.0,28,88.38,2403.02,2,0,148.2,0.0,0,0.63636349173557,2.557887793611499,0.07142854591837645,Male,One year,Fiber optic,Bank transfer (automatic),0
23.0,3,49.8,148.44,2,1,124.2,10.0,0,0.13043472589794528,0.3201649327835554,0.6666644444518518,Male,Month-to-month,DSL,Electronic check,1
31.0,40,50.12,1992.76,1,2,182.9,5.0,0,1.2903221644122052,0.3010124547468891,0.02499999375000156,Male,Two year,DSL,Credit card (automatic),0
27.0,18,88.5,1558.5,1,1,226.6,0.0,1,0.6666664197531779,1.9167147684917865,0.055555524691375174,Male,Month-to-month,Fiber optic,Electronic check,0
33.0,30,69.84,2142.25,0,0,60.1,15.0,0,0.9090906336088989,-1.5683095305634822,0.0,Male,Month-to-month,DSL,Bank transfer (automatic),0
66.0,2,26.03,51.17,1,2,176.3,15.0,0,0.03030302571166277,0.44512792436037785,0.49999750001249993,Female,Month-to-month,No,Electronic check,1
35.0,42,65.36,2683.87,1,0,125.9,0.0,0,1.199999657142955,1.4583485480122604,0.023809518140590916,Female,One year,Fiber optic,Credit card (automatic),0
61.0,72,24.06,1652.95,0,1,106.2,5.0,1,1.1803276753561187,1.102364299671624,0.0,Female,Month-to-month,DSL,Electronic check,0
31.0,11,26.68,283.95,2,1,78.8,0.0,0,0.35483859521335637,0.8663871032844526,0.1818180165290759,Male,Month-to-month,No,Credit card (automatic),1
45.0,56,24.98,1460.57,2,0,137.1,0.0,1,1.2444441679012959,-1.1016024854281241,0.03571427933673583,Female,One year,No,Credit card (automatic),0
62.0,19,50.53,965.77,2,1,95.5,5.0,1,0.30645156347555425,-0.2999732473825034,0.10526310249310396,Male,Month-to-month,DSL,Mailed check,0
58.0,47,82.59,3731.97,5,2,154.6,10.0,0,0.8103446878716055,3.1863998731064243,0.10638295608873274,Female,Month-to-month,Fiber optic,Credit card (automatic),1
62.0,2,28.53,54.62,3,0,117.9,0.0,0,0.032258059313216236,1.2201365493172567,1.4999925000374998,Female,Month-to-month,No,Bank transfer (automatic),1
52.0,72,27.1,1965.5,0,1,155.0,5.0,0,1.3846151183432465,-0.19860731963786904,0.0,Female,One year,No,Electronic check,0
29.0,7,30.87,221.08,2,2,125.8,0.0,0,0.24137922711061136,-0.7128120245542533,0.2857138775516035,Female,Month-to-month,DSL,Mailed check,1
30.0,5,94.11,487.07,4,0,103.5,0.0,0,0.16666661111112963,-3.3038051723896587,0.7999984000032001,Female,Month-to-month,Fiber optic,Electronic check,1
50.0,45,78.7,3370.69,1,2,101.4,0.0,0,0.899999820000036,3.7957944231568064,0.022222217283951712,Female,Month-to-month,Fiber optic,Credit card (automatic),0
33.0,59,88.83,5088.5,2,1,128.8,15.0,0,1.787878246097501,2.584251906058995,0.0338982993392713,Female,Month-to-month,Fiber optic,Bank transfer (automatic),0
27.0,5,60.36,303.83,1,0,188.1,5.0,0,0.18518511659810497,-0.40587846824306695,0.19999960000080003,Male,Two year,DSL,Electronic check,0
71.0,1,18.0,17.5,0,1,156.4,0.0,1,0.014084505058520413,0.5001749982500172,0.0,Female,Two year,No,Bank transfer (automatic),0
30.0,26,49.25,1336.51,0,2,177.8,10.0,0,0.866666377777874,-2.1542109983803854,0.0,Female,One year,DSL,Credit card (automatic),0
58.0,24,66.35,1530.78,2,0,98.9,0.0,1,0.4137930321046496,2.5675265760305876,0.08333329861112558,Male,Month-to-month,DSL,Bank transfer (automatic),0
53.0,18,83.32,1520.51,2,1,173.6,0.0,1,0.33962257742970237,-1.152730848482875,0.11111104938275035,Male,Month-to-month,Fiber optic,Credit card (automatic),0
61.0,4,52.87,221.45,0,0,95.3,15.0,1,0.06557375974200659,-2.4923615940960175,0.0,Female,One year,DSL,Bank transfer (automatic),0
47.0,5,85.42,438.5,2,0,129.8,0.0,1,0.10638295608873274,-2.279824600350807,0.39999920000160005,Female,One year,Fiber optic,Electronic check,0
45.0,59,48.31,2834.38,1,1,98.3,5.0,2,1.3111108197531511,0.2696691593781111,0.01694914966963565,Female,Month-to-month,DSL,Credit card (automatic),1
43.0,16,51.46,809.93,2,0,164.8,10.0,1,0.3720929367225728,0.8394066378708516,0.12499992187504883,Male,Month-to-month,DSL,Electronic check,0
51.0,18,80.52,1464.24,2,0,220.8,0.0,0,0.35294110726644956,-0.8266214740991842,0.11111104938275035,Male,One year,Fiber optic,Electronic check,0
61.0,2,80.84,167.89,3,1,209.9,20.0,1,0.032786879871003295,-3.1045802770986057,1.4999925000374998,Male,One year,Fiber optic,Electronic check,0
28.0,1,58.68,61.4,2,3,71.6,0.0,2,0.03571427295918823,-2.719386006139935,1.9999800001999979,Female,One year,DSL,Electronic check,0
28.0,6,98.2,615.57,0,2,170.0,5.0,0,0.21428563775512938,-4.394829008618331,0.0,Male,Month-to-month,Fiber optic,Bank transfer (automatic),1
43.0,44,63.739999999999995,3250.3,2,0,94.4,5.0,1,1.0232555759870752,-10.130437756718692,0.045454535123969284,Male,Month-to-month,Fiber optic,Electronic check,0
61.0,18,67.51,1185.78,3,1,85.4,0.0,1,0.2950819188390297,1.6333699314611607,0.16666657407412552,Male,Two year,Fiber optic,Credit card (automatic),0
20.0,3,88.13,261.62,3,0,188.1,5.0,0,0.1499999250000375,0.9236240212532607,0.9999966666777778,Male,One year,Fiber optic,Electronic check,0
56.0,33,95.06,3154.88,0,1,223.0,0.0,1,0.5892856090561412,-0.5423952720014285,0.0,Female,Two year,Fiber optic,Credit card (automatic),0
60.0,13,29.53,374.69,5,0,114.5,0.0,0,0.21666663055556157,0.7077144786811722,0.38461508875762407,Female,Month-to-month,No,Credit card (automatic),1
61.0,25,60.96,1558.16,2,0,95.2,10.0,1,0.4098359983875412,-1.3663750694499726,0.0799999680000128,Male,One year,DSL,Electronic check,0
50.0,6,59.46,355.51,2,1,178.4,15.0,0,0.1199999760000048,0.2084320859465194,0.33333277777870374,Male,Month-to-month,Fiber optic,Credit card (automatic),1
24.0,72,46.35,3282.77,2,1,130.6,5.0,0,2.999998750000521,0.7559785547252034,0.027777773919753623,Male,Month-to-month,DSL,Credit card (automatic),0
68.0,1,92.06,92.35,2,1,94.7,10.0,0,0.014705880190311736,-0.2890765092348886,1.9999800001999979,Female,One year,Fiber optic,Electronic check,0
57.0,51,73.58,3592.56,1,0,170.6,10.0,1,0.8947366851339148,3.13766087104689,0.01960783929258053,Male,Month-to-month,DSL,Credit card (automatic),0
28.0,22,84.99,1804.79,3,0,90.3,0.0,0,0.7857140051021411,2.9541281981235414,0.13636357438019348,Female,Month-to-month,Fiber optic,Electronic check,0
30.0,15,97.74,1418.77,3,0,172.1,10.0,0,0.4999998333333889,3.155396389735728,0.19999986666675557,Male,Month-to-month,Fiber optic,Bank transfer (automatic),0
59.0,26,67.96,1798.81,2,0,133.9,10.0,0,0.4406778914105269,-1.224973390394851,0.07692304733728948,Female,Two year,DSL,Bank transfer (automatic),0
30.0,7,108.42,756.84,2,0,173.9,0.0,0,0.2333332555555815,0.30015445692220055,0.2857138775516035,Male,Month-to-month,Fiber optic,Credit card (automatic),1
64.0,5,93.71,463.59,3,0,155.0,15.0,0,0.07812498779297065,0.9921854356291249,0.5999988000024,Male,Month-to-month,Fiber optic,Credit card (automatic),1
20.0,13,94.16,1174.27,2,2,212.2,0.0,1,0.6499996750001625,3.8316079449169678,0.15384603550304962,Female,One year,Fiber optic,Electronic check,0
20.0,20,19.41,382.52,4,0,148.3,0.0,0,0.9999995000002501,0.2840095629952195,0.19999990000005,Male,Month-to-month,No,Electronic check,1
68.0,6,87.03,505.27,3,2,145.2,5.0,1,0.08823528114187042,2.818473685877194,0.4999991666680556,Male,Month-to-month,Fiber optic,Electronic check,1
18.0,16,66.88,1054.69,3,1,124.5,15.0,0,0.8888883950620028,0.9619161988023706,0.18749988281257324,Male,Month-to-month,Fiber optic,Bank transfer (automatic),0
43.0,7,39.38,276.45,2,2,90.8,0.0,0,0.16279065981612562,-0.11280072457039125,0.2857138775516035,Female,One year,DSL,Credit card (automatic),0
63.0,2,29.28,55.84,0,0,128.0,0.0,2,0.03174602670697989,1.3601395993020056,0.0,Female,Month-to-month,No,Mailed check,1
71.0,14,22.26,318.65,0,0,93.2,15.0,1,0.1971830708192858,-0.5006980280728328,0.0,Female,Two year,No,Credit card (automatic),0
34.0,32,97.4,2968.57,0,1,158.5,10.0,2,0.9411761937717076,4.632216489932361,0.0,Female,Month-to-month,Fiber optic,Mailed check,1
70.0,16,79.81,1291.32,2,3,161.6,0.0,2,0.228571395918372,-0.8974495578440269,0.12499992187504883,Male,Month-to-month,Fiber optic,Mailed check,1
32.0,14,62.46,888.03,0,0,164.1,15.0,0,0.4374998632812927,-0.9706689780935847,0.0,Male,Month-to-month,DSL,Mailed check,0
32.0,44,48.4,2156.69,1,1,121.9,5.0,0,1.374999570312634,-0.615670678256663,0.022727267561984642,Male,Month-to-month,DSL,Electronic check,0
35.0,21,102.21,2152.43,2,0,92.9,20.0,1,0.5999998285714775,-0.2866178587534023,0.09523804988664292,Male,Month-to-month,Fiber optic,Mailed check,0
64.0,5,39.3,195.76,3,2,181.7,0.0,0,0.07812498779297065,0.14807830384339127,0.5999988000024,Male,One year,DSL,Mailed check,0
59.0,72,29.23,2188.48,2,2,126.6,5.0,1,1.2203387762137667,-1.1655513339512034,0.027777773919753623,Male,Month-to-month,No,Electronic check,0
50.0,15,105.62,1564.65,1,0,129.9,0.0,0,0.29999994000001196,1.3100695399536306,0.06666662222225185,Male,Month-to-month,Fiber optic,Credit card (automatic),0
72.0,4,56.25,216.83,1,1,189.8,10.0,0,0.055555547839507245,2.0426355184111955,0.24999937500156252,Male,One year,DSL,Credit card (automatic),0
59.0,59,77.89,4647.74,1,0,86.9,15.0,0,0.9999998305085033,-0.8852408855523777,0.01694914966963565,Male,Month-to-month,Fiber optic,Mailed check,0
33.0,9,105.17,963.09,2,1,144.7,0.0,0,0.27272719008266966,-1.8398811001321178,0.22222197530891633,Female,Month-to-month,Fiber optic,Electronic check,1
19.0,54,42.87,2322.26,1,1,112.1,15.0,0,2.8421037673138065,-0.1348068509616951,0.01851851508916387,Male,One year,DSL,Mailed check,0
46.0,72,49.4,3409.85,0,0,62.3,0.0,0,1.5652170510397714,2.0409787998640567,0.0,Female,One year,Fiber optic,Electronic check,0
29.0,1,73.04,72.01,2,0,137.0,0.0,0,0.03448274673008733,1.030720092799072,1.9999800001999979,Male,Two year,DSL,Credit card (automatic),0
56.0,4,89.96,342.64,1,2,121.9,0.0,0,0.07142855867347166,4.300214149464622,0.24999937500156252,Female,Two year,Fiber optic,Credit card (automatic),0
18.0,25,33.85,805.16,2,2,132.8,15.0,0,1.3888881172843792,1.643612882554848,0.0799999680000128,Male,Month-to-month,No,Bank transfer (automatic),0
53.0,9,24.65,222.76,3,1,106.6,0.0,0,0.16981128871485118,-0.10108360990709997,0.3333329629633745,Female,One year,No,Mailed check,0
28.0,51,61.88,3080.56,4,2,121.8,0.0,2,1.8214279209185997,1.4768745888481263,0.07843135717032212,Male,Month-to-month,DSL,Mailed check,1
30.0,37,91.41,3244.3,1,1,80.6,15.0,1,1.2333329222223592,3.7262399145297564,0.0270270197224271,Male,Month-to-month,Fiber optic,Bank transfer (automatic),0
41.0,37,59.15,2145.64,1,0,144.3,5.0,0,0.9024388042832184,1.1597454027715202,0.0270270197224271,Female,Month-to-month,DSL,Credit card (automatic),0
64.0,4,94.92,370.33,3,0,195.1,5.0,0,0.06249999023437652,2.33773145567136,0.7499981250046875,Male,Two year,Fiber optic,Electronic check,0
71.0,2,85.97,180.5,0,0,96.2,5.0,0,0.028169010117040826,-4.2795487522562325,0.0,Male,Month-to-month,Fiber optic,Bank transfer (automatic),1
24.0,53,30.01,1612.38,4,0,166.0,15.0,1,2.208332413194828,-0.412258410894637,0.07547168387326719,Female,Month-to-month,No,Mailed check,1
51.0,51,71.72,3550.66,3,2,102.5,5.0,0,0.999999803921607,2.0992293374060154,0.058823517877741587,Female,Month-to-month,DSL,Electronic check,0
53.0,7,26.26,177.93,2,1,139.0,5.0,1,0.1320754467782176,0.8414648836215939,0.2857138775516035,Female,One year,No,Electronic check,0
29.0,31,40.22,1280.94,1,0,53.7,0.0,1,1.0689651486327074,-1.1006318320542476,0.03225805411030513,Female,Month-to-month,DSL,Electronic check,0
48.0,1,76.18,77.29,2,2,181.5,15.0,1,0.020833328993056458,-1.1092271077289126,1.9999800001999979,Male,Month-to-month,Fiber optic,Mailed check,0
39.0,72,63.48,4604.61,1,1,51.6,0.0,2,1.8461533727811863,-0.4729077843183589,0.013888886959876811,Female,One year,Fiber optic,Credit card (automatic),0
30.0,37,93.73,3469.95,3,0,126.0,0.0,0,1.2333329222223592,-0.052407085835909584,0.0810810591672813,Male,Month-to-month,Fiber optic,Electronic check,1
52.0,26,54.62,1451.78,3,0,75.9,10.0,0,0.4999999038461723,-1.2176708316650675,0.11538457100593423,Male,Month-to-month,DSL,Mailed check,0
34.0,5,86.95,448.44,1,0,108.6,0.0,1,0.1470587802768293,-2.7378206243587613,0.19999960000080003,Female,Month-to-month,Fiber optic,Bank transfer (automatic),1
36.0,32,86.71,2725.33,1,0,121.9,10.0,0,0.8888886419753772,1.5434641145424735,0.03124999023437805,Male,Month-to-month,Fiber optic,Electronic check,0
67.0,25,83.34,2072.08,2,1,97.6,10.0,1,0.37313427266652643,0.4568331532667429,0.0799999680000128,Female,One year,Fiber optic,Credit card (automatic),0
45.0,34,90.61,3150.84,0,1,155.5,0.0,2,0.7555553876543583,-2.0617374494889873,0.0,Male,One year,Fiber optic,Credit card (automatic),0
43.0,34,90.95,3064.3,1,1,104.9,0.0,4,0.7906974905354672,0.823555919542386,0.029411756055365862,Female,Two year,Fiber optic,Mailed check,0
57.0,22,83.63,1763.44,2,0,107.2,10.0,0,0.38596484456757113,3.47367279833054,0.09090904958679565,Female,One year,Fiber optic,Bank transfer (automatic),0
62.0,1,84.87,88.31,2,0,73.4,0.0,0,0.016129029656608118,-3.439116908830897,1.9999800001999979,Male,Month-to-month,Fiber optic,Mailed check,1
50.0,44,52.64,2226.83,1,2,151.0,5.0,0,0.8799998240000352,2.0302387749457367,0.022727267561984642,Female,Month-to-month,DSL,Electronic check,0
59.0,6,82.26,495.46,2,1,145.7,5.0,0,0.1016948980178139,-0.31652903911826513,0.33333277777870374,Male,Month-to-month,Fiber optic,Electronic check,1
43.0,11,68.55,723.4,4,1,158.7,10.0,1,0.2558138939967688,2.7864234214332555,0.3636360330581518,Male,One year,Fiber optic,Electronic check,0
71.0,72,54.84,4143.21,1,1,123.2,5.0,1,1.0140843642134698,-2.7045753410311946,0.013888886959876811,Male,Month-to-month,DSL,Electronic check,0
64.0,8,24.99,205.15,1,1,186.7,5.0,0,0.12499998046875305,-0.6537179453525717,0.12499984375019532,Male,Month-to-month,No,Mailed check,1
28.0,55,23.52,1250.24,2,0,129.1,0.0,1,1.9642850127553526,0.7883677693876798,0.03636362975206731,Female,Month-to-month,No,Bank transfer (automatic),0
25.0,13,22.06,292.68,3,1,170.7,0.0,0,0.5199997920000832,-0.4538288355162834,0.23076905325457442,Female,Month-to-month,No,Bank transfer (automatic),0
55.0,12,75.76,868.15,5,1,134.9,0.0,1,0.2181817785124039,3.4142269548108715,0.4166663194447338,Female,One year,Fiber optic,Electronic check,0
24.0,5,89.8,459.84,5,1,10.0,0.0,0,0.20833324652781396,-2.1678160643678694,0.9999980000040001,Male,Month-to-month,Fiber optic,Credit card (automatic),1
60.0,38,56.14,2049.11,1,1,112.8,0.0,0,0.6333332277777953,2.216066822087683,0.026315782548478276,Male,One year,DSL,Electronic check,0
35.0,4,37.04,143.21,0,0,100.6,0.0,2,0.11428568163266238,1.2375895060262252,0.0,Female,Month-to-month,DSL,Bank transfer (automatic),1
28.0,20,46.99,925.03,1,0,100.4,5.0,3,0.7142854591837646,0.738523125738439,0.0499999750000125,Female,One year,DSL,Credit card (automatic),0
66.0,52,103.31,5391.93,2,3,158.3,15.0,0,0.787878668503232,-0.38094159789584126,0.038461531065090176,Male,Month-to-month,Fiber optic,Mailed check,0
33.0,36,80.8,2946.51,3,0,131.0,5.0,0,1.0909087603306786,-1.047477264589645,0.0833333101851916,Female,Month-to-month,Fiber optic,Electronic check,0
68.0,24,61.76,1460.71,2,0,100.3,0.0,0,0.35294112456748167,0.8971086928713703,0.08333329861112558,Female,Two year,DSL,Credit card (automatic),0
47.0,25,67.81,1730.46,3,0,93.0,15.0,1,0.5319147804436637,-1.4083723126510819,0.1199999520000192,Female,Month-to-month,DSL,Mailed check,0
71.0,29,33.44,923.62,1,1,104.7,0.0,0,0.408450646697092,1.591045465156732,0.03448274673008733,Male,Month-to-month,No,Mailed check,0
54.0,37,46.46,1738.8,1,2,150.2,15.0,0,0.6851850582990633,-0.5345818933562398,0.0270270197224271,Male,Month-to-month,DSL,Bank transfer (automatic),0
32.0,1,80.57,81.5,0,0,181.4,5.0,2,0.03124999023437805,-0.9291850081499149,0.0,Male,One year,Fiber optic,Credit card (automatic),0
36.0,21,31.31,650.03,1,0,91.5,10.0,1,0.5833331712963412,0.3562052160927536,0.04761902494332146,Female,Month-to-month,No,Bank transfer (automatic),0
66.0,3,99.74,288.07,0,1,141.7,20.0,1,0.04545453856749415,3.716986743377518,0.0,Female,Month-to-month,Fiber optic,Mailed check,1
65.0,5,80.35,402.07,1,2,113.6,5.0,1,0.07692306508875921,-0.06383917232166425,0.19999960000080003,Female,One year,Fiber optic,Mailed check,0
31.0,4,51.49,203.09,2,1,67.4,0.0,0,0.1290322164412205,0.717626930932667,0.49999875000312505,Male,Month-to-month,DSL,Credit card (automatic),0
50.0,26,65.57,1762.85,1,3,164.9,0.0,0,0.5199998960000207,-2.23189699927039,0.03846152366864474,Female,Month-to-month,DSL,Mailed check,0
65.0,8,58.13,444.49,0,1,98.5,0.0,1,0.12307690414201475,2.568819451475683,0.0,Female,Month-to-month,DSL,Bank transfer (automatic),1
62.0,57,91.16,5315.89,3,0,117.6,0.0,0,0.9193546904266627,-2.1012117085593474,0.05263156971375969,Male,Month-to-month,Fiber optic,Electronic check,0
69.0,72,103.02,7481.8,1,0,150.2,0.0,0,1.0434781096408536,-0.8938744564063228,0.013888886959876811,Male,Two year,Fiber optic,Bank transfer (automatic),0
64.0,17,48.55,794.02,3,2,180.3,10.0,0,0.26562495849610024,1.8429686511949086,0.1764704844291268,Female,One year,DSL,Credit card (automatic),0
40.0,5,33.44,165.06,1,0,236.0,5.0,1,0.12499996875000781,0.4280660238679488,0.19999960000080003,Male,Month-to-month,No,Credit card (automatic),1
31.0,7,59.01,423.07,1,1,154.3,0.0,0,0.22580637877213589,-1.4284850878784496,0.14285693877580175,Female,Month-to-month,DSL,Credit card (automatic),1
32.0,46,81.59,3795.11,1,0,127.1,0.0,1,1.4374995507813901,-0.9123733690492628,0.021739125708885716,Female,Month-to-month,Fiber optic,Credit card (automatic),0
56.0,13,83.47,1057.53,0,1,114.5,0.0,3,0.2321428156887829,2.121601037229965,0.0,Male,Month-to-month,Fiber optic,Mailed check,1
55.0,36,23.65,891.83,3,1,160.7,0.0,0,0.6545453355372117,-1.1230486741531465,0.0833333101851916,Female,Two year,No,Mailed check,0
43.0,52,59.28,3231.16,4,2,89.8,0.0,0,1.2093020443483617,-2.8576803581383814,0.07692306213018035,Male,Month-to-month,DSL,Bank transfer (automatic),1
29.0,1,104.26,100.2,2,1,59.2,5.0,0,0.03448274673008733,4.061001989980113,1.9999800001999979,Male,One year,Fiber optic,Electronic check,0
73.0,16,84.2,1412.18,1,2,99.5,0.0,0,0.2191780521673901,-4.061194836753231,0.06249996093752441,Male,Month-to-month,Fiber optic,Credit card (automatic),0
18.0,72,47.27,3325.43,2,1,142.2,5.0,0,3.9999977777790123,1.08347863701686,0.027777773919753623,Male,Month-to-month,DSL,Credit card (automatic),0
21.0,41,52.41,2156.22,2,6,134.2,0.0,1,1.9523800226761796,-0.18071888031246175,0.04878047590720099,Male,Month-to-month,DSL,Electronic check,0
55.0,4,37.77,154.39,2,1,170.1,10.0,0,0.07272725950413463,-0.8274035064912297,0.49999875000312505,Male,Two year,DSL,Electronic check,0
44.0,57,67.58,854.12,2,1,143.9,10.0,1,1.2954542510331246,52.595441225361185,0.035087713142506465,Male,Month-to-month,Fiber optic,Bank transfer (automatic),0
57.0,16,24.46,379.2,1,2,129.0,0.0,1,0.2807017051400517,0.7600148124907449,0.06249996093752441,Male,Two year,No,Mailed check,0
19.0,1,86.55,84.52,1,0,119.9,15.0,2,0.05263155124655198,2.030845191548096,0.9999900000999989,Female,Month-to-month,Fiber optic,Electronic check,1
39.0,2,50.17,98.04,2,5,160.3,5.0,1,0.05128203813281073,1.150245098774505,0.9999950000249999,Female,Month-to-month,DSL,Bank transfer (automatic),1
58.0,21,75.75,1527.08,0,1,207.2,10.0,1,0.3620689030915684,3.031939389552676,0.0,Male,One year,Fiber optic,Bank transfer (automatic),0
26.0,34,87.78,2992.13,1,0,139.0,10.0,0,1.3076918047339212,-0.22379764594185758,0.029411756055365862,Female,Month-to-month,Fiber optic,Credit card (automatic),0
55.0,21,97.16,2058.1,0,2,180.4,5.0,2,0.3818181123967068,-0.8447152358498897,0.0,Female,Month-to-month,Fiber optic,Bank transfer (automatic),1
26.0,2,76.38,148.06,1,0,214.3,5.0,2,0.07692304733728948,2.3503701481492527,0.49999750001249993,Male,Month-to-month,Fiber optic,Bank transfer (automatic),1
71.0,1,80.76,77.31,1,0,73.4,0.0,1,0.014084505058520413,3.4507730922690882,0.9999900000999989,Male,Two year,Fiber optic,Bank transfer (automatic),0
61.0,1,94.16,97.87,2,1,159.4,0.0,1,0.016393439935501648,-3.7090213097869054,1.9999800001999979,Female,Two year,Fiber optic,Electronic check,0
68.0,62,100.25,6074.36,1,3,104.6,0.0,1,0.9117645717993277,2.276467415085918,0.016129029656608118,Male,Month-to-month,Fiber optic,Mailed check,0
48.0,62,52.69,3321.65,2,0,198.9,5.0,0,1.2916663975695004,-0.8849913588723624,0.032258059313216236,Female,Two year,DSL,Bank transfer (automatic),0
49.0,72,81.34,6091.71,0,0,189.5,10.0,1,1.4693874552270498,-3.2670715823511642,0.0,Female,Two year,Fiber optic,Bank transfer (automatic),0
43.0,49,61.7,2966.51,1,0,127.9,5.0,2,1.1395346187128792,1.1589919471445,0.020408159100375693,Female,Month-to-month,DSL,Mailed check,0
42.0,15,23.62,342.25,1,0,246.0,5.0,0,0.35714277210886375,0.8033485444343036,0.06666662222225185,Female,Month-to-month,No,Bank transfer (automatic),0
22.0,43,59.52,2438.38,5,1,168.6,5.0,2,1.9545445661161063,2.8135015596508026,0.11627904272580401,Male,Month-to-month,DSL,Electronic check,1
29.0,4,25.09,98.98,0,1,127.4,10.0,2,0.13793098692034933,0.3450618623453394,0.0,Male,Month-to-month,No,Electronic check,1
57.0,1,73.57,72.84,1,0,121.5,15.0,0,0.017543856571253232,0.7307283927160739,0.9999900000999989,Female,Two year,Fiber optic,Credit card (automatic),0
36.0,40,66.87,2753.81,2,1,171.4,5.0,1,1.1111108024692213,-1.9752327886917982,0.04999998750000312,Male,One year,DSL,Electronic check,0
51.0,1,57.02,57.11,1,1,103.6,0.0,0,0.01960783929258053,-0.08942890571093898,0.9999900000999989,Male,One year,DSL,Electronic check,0
41.0,57,81.78,4649.89,3,2,190.6,0.0,1,1.3902435633552284,0.20299676789529997,0.05263156971375969,Female,Month-to-month,Fiber optic,Mailed check,0
74.0,6,64.61,397.98,3,0,167.9,0.0,0,0.08108107012417971,-1.7198894501842545,0.4999991666680556,Female,One year,DSL,Credit card (automatic),0
47.0,2,52.57,106.79,1,0,210.4,15.0,0,0.042553182435493095,-0.8247330263348687,0.49999750001249993,Female,Month-to-month,DSL,Electronic check,1
51.0,10,65.83,630.26,2,2,115.5,5.0,0,0.19607839292580528,2.804063025936969,0.1999998000002,Female,Month-to-month,DSL,Bank transfer (automatic),1
38.0,59,58.06,3396.11,2,3,189.6,0.0,0,1.5526311703602182,0.4988233154536772,0.0338982993392713,Male,Two year,DSL,Credit card (automatic),0
57.0,72,28.1,1946.38,0,1,145.6,0.0,1,1.2631576731302327,1.0669481990349752,0.0,Male,Month-to-month,No,Electronic check,0
64.0,49,67.26,3380.26,2,0,159.8,15.0,1,0.7656248803711124,-1.724883880635943,0.040816318200751385,Female,Month-to-month,Fiber optic,Credit card (automatic),0
50.0,72,46.51,3448.82,3,0,48.7,15.0,2,1.4399997120000576,-1.3902711249623465,0.04166666087963043,Male,Month-to-month,DSL,Electronic check,0
29.0,37,60.51,2325.26,1,0,115.4,5.0,0,1.2758616290132314,-2.334847879770848,0.0270270197224271,Male,Month-to-month,DSL,Bank transfer (automatic),0
71.0,40,27.52,1076.33,2,0,169.7,10.0,1,0.5633802023408165,0.611756727060822,0.04999998750000312,Female,One year,No,Mailed check,0
37.0,20,95.67,1929.43,2,1,178.4,20.0,1,0.540540394448542,-0.8014517642741197,0.099999950000025,Male,Month-to-month,Fiber optic,Electronic check,0
37.0,4,104.35,436.24,1,0,177.4,15.0,0,0.1081080788897084,-4.709727350681646,0.24999937500156252,Male,One year,Fiber optic,Mailed check,0
20.0,7,83.11,565.17,0,1,177.3,0.0,1,0.3499998250000875,2.371543912080128,0.0,Female,Month-to-month,Fiber optic,Electronic check,1
69.0,1,18.86,18.86,1,1,166.3,5.0,1,0.014492751522789634,0.0001885981140183901,0.9999900000999989,Female,Two year,No,Bank transfer (automatic),0
25.0,25,94.43,2431.65,2,1,156.9,15.0,0,0.99999960000016,-2.835961093615566,0.0799999680000128,Female,Month-to-month,Fiber optic,Mailed check,0
57.0,22,94.45,2111.32,2,1,135.3,0.0,1,0.38596484456757113,-1.5190472867966918,0.09090904958679565,Female,Month-to-month,Fiber optic,Electronic check,0
59.0,23,48.37,1156.62,0,0,124.4,15.0,0,0.3898304424016199,-1.9178042226938175,0.0,Female,Month-to-month,DSL,Credit card (automatic),0
52.0,18,52.58,960.14,3,0,155.2,0.0,0,0.3461537795858116,-0.7610814771769583,0.16666657407412552,Female,One year,DSL,Electronic check,0
52.0,13,90.01,1207.72,2,0,170.7,5.0,1,0.24999995192308616,-2.891466998871536,0.15384603550304962,Male,Two year,Fiber optic,Bank transfer (automatic),0
57.0,3,87.33,272.2,1,0,47.3,0.0,2,0.05263156971375969,-3.4030308898970247,0.3333322222259259,Female,Two year,Fiber optic,Electronic check,0
68.0,6,51.01,308.49,3,4,146.4,5.0,2,0.08823528114187042,-0.40491430847615817,0.4999991666680556,Female,Month-to-month,DSL,Mailed check,1
44.0,69,57.74,3888.52,1,0,169.1,0.0,0,1.5681814617769403,1.3846458486020552,0.014492751522789634,Male,Two year,DSL,Bank transfer (automatic),0
57.0,45,21.29,941.52,2,0,184.8,20.0,3,0.7894735457063955,0.36733798281378327,0.044444434567903424,Male,Month-to-month,No,Electronic check,0
33.0,3,53.37,157.33,1,1,161.9,0.0,1,0.09090906336088989,0.9268414771950688,0.3333322222259259,Male,Month-to-month,DSL,Credit card (automatic),1
64.0,6,45.66,283.95,3,1,91.3,0.0,0,0.09374998535156479,-1.664921125131464,0.4999991666680556,Male,Month-to-month,DSL,Electronic check,1
24.0,53,32.18,1646.84,1,0,116.0,10.0,0,2.208332413194828,1.1075530325371652,0.018867920968316798,Female,One year,DSL,Electronic check,0
41.0,14,48.46,698.6,1,2,132.2,10.0,0,0.34146333135040696,-1.4399643571683214,0.0714285204081997,Male,Two year,DSL,Credit card (automatic),0
38.0,18,37.95,660.79,3,0,177.8,10.0,1,0.47368408587260896,1.2394648391862049,0.16666657407412552,Female,Month-to-month,No,Electronic check,0
70.0,4,88.52,370.43,3,0,122.0,5.0,0,0.057142848979593,-4.087268481828815,0.7499981250046875,Male,Month-to-month,Fiber optic,Electronic check,1
67.0,30,24.06,707.96,4,0,217.3,20.0,0,0.44776112719983174,0.46134119955292974,0.1333332888889037,Male,Two year,No,Mailed check,0
49.0,20,24.16,469.86,1,0,144.2,0.0,0,0.40816318200751384,0.6670117464941256,0.0499999750000125,Male,Month-to-month,No,Mailed check,0
70.0,7,101.31,677.12,3,0,191.6,15.0,0,0.09999998571428775,4.578709616129117,0.4285708163274053,Female,Month-to-month,Fiber optic,Mailed check,1
46.0,72,95.84,6980.05,1,0,181.1,5.0,0,1.5652170510397714,-1.1051254242881328,0.013888886959876811,Female,One year,Fiber optic,Electronic check,0
