Customer_ID,Gender,Age,Tenure_Months,Monthly_Charges,Total_Charges,Contract_Type,Internet_Service,Payment_Method,Support_Calls,Late_Payments,Usage_Hours,Discount,Churn
CUST-00001,Male,22.0,33.0,65.62,2126.96,Month-to-month,Fiber optic,Electronic check,0.0,1.0,142.2,29.4,0
CUST-00002,Female,35.0,41.0,56.91,2268.5,Two year,DSL,Mailed check,2.0,2.0,286.4,6.0,0
CUST-00003,Male,45.0,8.0,32.1,233.99,Month-to-month,DSL,Electronic check,2.0,1.0,256.6,2.0,0
CUST-00004,Male,59.0,11.0,61.89,689.86,Month-to-month,DSL,Mailed check,1.0,2.0,52.1,25.8,0
CUST-00005,Male,39.0,51.0,95.12,4880.87,Month-to-month,Fiber optic,Bank transfer (automatic),2.0,1.0,18.6,26.1,1
CUST-00006,Female,38.0,41.0,27.1,1083.23,One year,Fiber optic,Mailed check,1.0,1.0,280.7,14.2,0
CUST-00007,Male,23.0,17.0,28.02,455.69,Month-to-month,Fiber optic,Credit card (automatic),1.0,0.0,162.8,15.4,0
CUST-00008,Male,18.0,46.0,55.48,2505.75,Month-to-month,Fiber optic,Bank transfer (automatic),1.0,1.0,166.0,25.1,0
CUST-00009,Male,22.0,32.0,114.17,3651.87,One year,Fiber optic,Electronic check,2.0,1.0,236.4,22.2,0
CUST-00010,Female,58.0,54.0,86.86,4648.02,Month-to-month,DSL,Electronic check,4.0,0.0,101.3,8.0,1
CUST-00011,Male,29.0,20.0,87.87,1786.06,Two year,DSL,Bank transfer (automatic),2.0,1.0,149.8,0.5,0
CUST-00013,Male,63.0,40.0,79.37,3156.82,Month-to-month,DSL,Credit card (automatic),0.0,0.0,204.9,25.8,0
CUST-00015,Female,66.0,2.0,83.61,176.41,One year,Fiber optic,Electronic check,4.0,0.0,48.6,28.7,0
CUST-00016,Male,31.0,33.0,111.33,3808.54,Month-to-month,Fiber optic,Credit card (automatic),5.0,0.0,69.2,26.4,0
CUST-00017,Female,43.0,30.0,81.26,2455.29,Month-to-month,No,Electronic check,1.0,2.0,232.3,17.4,0
CUST-00018,Female,62.0,33.0,107.37,3493.01,Month-to-month,DSL,Mailed check,1.0,0.0,95.7,13.3,0
CUST-00019,Female,44.0,26.0,92.4,2397.63,Two year,DSL,Bank transfer (automatic),4.0,1.0,16.2,23.2,0
CUST-00020,Male,26.0,22.0,32.06,616.51,Month-to-month,Fiber optic,Mailed check,2.0,1.0,283.8,22.2,0
CUST-00021,Female,43.0,66.0,110.25,7272.47,One year,DSL,Electronic check,3.0,0.0,59.2,16.1,0
CUST-00022,Male,74.0,38.0,26.64,970.67,One year,No,Mailed check,3.0,1.0,12.8,2.6,0
CUST-00023,Female,64.0,46.0,73.4,3422.17,Month-to-month,DSL,Mailed check,2.0,1.0,78.8,27.8,0
CUST-00024,Female,74.0,15.0,34.21,485.67,Month-to-month,Fiber optic,Electronic check,1.0,0.0,78.2,13.7,0
CUST-00025,Female,39.0,44.0,21.17,925.64,Two year,Fiber optic,Electronic check,2.0,1.0,132.4,10.9,0
CUST-00026,Female,64.0,49.0,62.2,3016.02,Month-to-month,Fiber optic,Bank transfer (automatic),2.0,1.0,276.9,18.9,0
CUST-00027,Female,73.0,61.0,49.5,3106.44,One year,DSL,Mailed check,0.0,1.0,265.0,20.2,0
CUST-00028,Female,47.0,67.0,68.6,4580.14,Month-to-month,DSL,Credit card (automatic),3.0,0.0,142.5,6.3,0
CUST-00029,Female,60.0,6.0,77.72,557.95,Month-to-month,Fiber optic,Credit card (automatic),3.0,2.0,129.2,25.1,1
CUST-00030,Female,65.0,9.0,24.37,260.04,Month-to-month,DSL,Electronic check,0.0,1.0,171.0,8.7,0
CUST-00031,Male,34.0,6.0,32.3,217.9,Month-to-month,Fiber optic,Electronic check,3.0,0.0,80.6,5.6,0
CUST-00032,Male,43.0,32.0,75.86,2445.96,Month-to-month,Fiber optic,Mailed check,0.0,0.0,25.1,12.2,0
CUST-00033,Female,53.0,41.0,54.32,2246.81,Two year,Fiber optic,Electronic check,3.0,0.0,282.4,21.9,0
CUST-00034,Female,18.0,8.0,92.92,646.98,Month-to-month,Fiber optic,Credit card (automatic),0.0,0.0,64.1,29.0,1
CUST-00035,Female,25.0,50.0,85.23,4247.56,Month-to-month,DSL,Bank transfer (automatic),2.0,1.0,67.5,24.3,1
CUST-00036,Male,66.0,62.0,104.56,6524.98,Month-to-month,Fiber optic,Bank transfer (automatic),1.0,1.0,147.0,28.2,0
CUST-00037,Female,52.0,62.0,89.25,5531.06,One year,No,Mailed check,1.0,0.0,152.6,4.2,1
CUST-00038,Male,69.0,7.0,62.99,370.67,Month-to-month,Fiber optic,Bank transfer (automatic),2.0,1.0,15.3,2.1,0
CUST-00039,Male,32.0,4.0,87.3,346.58,One year,No,Electronic check,2.0,1.0,52.9,16.7,1
CUST-00041,Male,73.0,58.0,50.63,2998.88,Month-to-month,DSL,Electronic check,2.0,0.0,208.3,24.8,1
CUST-00042,Male,39.0,22.0,98.9,2172.7,Month-to-month,DSL,Electronic check,1.0,1.0,76.2,20.2,0
CUST-00043,Female,31.0,26.0,64.64,1728.21,Two year,No,Mailed check,2.0,2.0,132.7,29.1,0
CUST-00044,Female,43.0,3.0,99.84,281.19,Month-to-month,DSL,Bank transfer (automatic),3.0,2.0,171.6,7.6,1
CUST-00045,Female,45.0,41.0,102.24,4106.65,Month-to-month,No,Credit card (automatic),2.0,0.0,267.7,14.6,0
CUST-00046,Female,40.0,60.0,105.76,6299.38,Month-to-month,No,Bank transfer (automatic),1.0,0.0,104.6,15.0,0
CUST-00047,Female,31.0,14.0,111.66,1641.38,Two year,DSL,Electronic check,0.0,0.0,48.7,7.2,0
CUST-00048,Male,41.0,12.0,63.1,743.5,Month-to-month,DSL,Credit card (automatic),0.0,0.0,151.9,17.7,1
CUST-00049,Female,19.0,12.0,51.89,610.51,Month-to-month,Fiber optic,Mailed check,0.0,2.0,226.5,13.3,0
CUST-00051,Male,43.0,25.0,57.12,1523.21,Month-to-month,Fiber optic,Electronic check,2.0,0.0,133.2,10.9,0
CUST-00052,Female,31.0,45.0,80.11,3686.25,One year,Fiber optic,Credit card (automatic),2.0,2.0,15.2,0.5,0
CUST-00053,Male,73.0,19.0,90.56,1831.58,One year,Fiber optic,Mailed check,2.0,0.0,19.7,15.7,0
CUST-00054,Female,68.0,55.0,88.84,4878.25,Month-to-month,Fiber optic,Credit card (automatic),1.0,0.0,150.1,10.1,0
CUST-00055,Male,24.0,45.0,57.46,2600.48,Month-to-month,DSL,Mailed check,1.0,0.0,96.5,0.0,0
CUST-00056,Female,20.0,8.0,36.69,217.69,Month-to-month,Fiber optic,Electronic check,2.0,1.0,255.1,9.2,1
CUST-00057,Female,64.0,53.0,63.05,3415.5,Month-to-month,DSL,Bank transfer (automatic),0.0,0.0,184.6,8.4,0
CUST-00058,Male,40.0,55.0,34.26,1825.91,Month-to-month,DSL,Electronic check,1.0,2.0,141.6,11.8,0
CUST-00059,Male,63.0,32.0,109.01,3499.16,One year,Fiber optic,Bank transfer (automatic),3.0,1.0,128.3,4.0,1
CUST-00061,Male,64.0,44.0,35.45,1530.36,Two year,DSL,Mailed check,0.0,0.0,21.7,20.8,0
CUST-00062,Male,62.0,70.0,22.54,1535.94,Two year,Fiber optic,Credit card (automatic),1.0,2.0,268.9,18.9,0
CUST-00063,Male,35.0,18.0,84.58,1492.05,One year,Fiber optic,Mailed check,1.0,1.0,299.5,24.1,0
CUST-00064,Male,55.0,22.0,83.69,1814.22,One year,DSL,Electronic check,0.0,1.0,62.6,13.6,0
CUST-00065,Male,52.0,37.0,54.06,1972.81,Month-to-month,DSL,Credit card (automatic),2.0,1.0,44.9,15.6,1
CUST-00066,Female,68.0,56.0,27.17,1563.19,One year,No,Bank transfer (automatic),2.0,1.0,51.6,24.3,0
CUST-00067,Female,32.0,59.0,60.96,3541.4,Month-to-month,Fiber optic,Bank transfer (automatic),2.0,2.0,201.7,12.8,0
CUST-00068,Male,42.0,3.0,51.12,164.39,Month-to-month,Fiber optic,Electronic check,0.0,1.0,201.8,21.0,0
CUST-00069,Female,72.0,28.0,87.71,2516.78,One year,Fiber optic,Credit card (automatic),3.0,2.0,255.9,13.0,1
CUST-00070,Female,54.0,35.0,80.58,2794.64,Month-to-month,DSL,Electronic check,0.0,1.0,228.0,12.5,0
CUST-00071,Female,45.0,61.0,56.46,3408.16,Month-to-month,Fiber optic,Electronic check,2.0,2.0,140.4,22.8,0
CUST-00072,Female,27.0,54.0,41.79,2245.13,Two year,Fiber optic,Mailed check,3.0,1.0,187.7,5.2,0
CUST-00073,Male,56.0,63.0,118.8,7543.39,Month-to-month,Fiber optic,Electronic check,4.0,0.0,209.6,10.2,1
CUST-00074,Female,74.0,7.0,65.4,467.51,Month-to-month,DSL,Credit card (automatic),2.0,1.0,158.7,6.7,1
CUST-00075,Male,34.0,49.0,88.83,4326.11,Two year,DSL,Electronic check,1.0,1.0,147.9,10.8,0
CUST-00076,Female,56.0,31.0,34.06,1080.05,One year,DSL,Credit card (automatic),1.0,0.0,197.1,6.9,1
CUST-00077,Female,39.0,58.0,68.56,3921.37,Month-to-month,No,Bank transfer (automatic),5.0,1.0,171.7,17.4,0
CUST-00078,Female,43.0,61.0,22.75,1421.82,Month-to-month,Fiber optic,Electronic check,3.0,1.0,196.7,23.9,0
CUST-00079,Male,61.0,24.0,70.55,1713.63,Month-to-month,Fiber optic,Credit card (automatic),3.0,0.0,187.7,23.6,1
CUST-00080,Female,42.0,20.0,116.4,2312.61,Two year,DSL,Bank transfer (automatic),1.0,0.0,218.6,10.9,0
CUST-00081,Male,34.0,37.0,58.42,2119.61,One year,DSL,Credit card (automatic),0.0,0.0,196.4,29.7,0
CUST-00082,Female,30.0,4.0,23.9,51.27,Month-to-month,Fiber optic,Bank transfer (automatic),1.0,1.0,160.7,17.8,0
CUST-00083,Male,37.0,20.0,23.1,488.74,Month-to-month,Fiber optic,Mailed check,2.0,2.0,207.7,12.0,0
CUST-00084,Female,42.0,60.0,58.8,3589.45,Month-to-month,Fiber optic,Electronic check,2.0,1.0,140.3,25.1,0
CUST-00085,Male,21.0,24.0,36.0,832.13,Two year,DSL,Electronic check,0.0,0.0,80.1,21.9,0
CUST-00087,Female,20.0,49.0,95.62,4581.03,One year,DSL,Mailed check,2.0,1.0,172.4,5.9,0
CUST-00088,Male,58.0,51.0,65.85,3329.12,Month-to-month,DSL,Credit card (automatic),3.0,0.0,181.3,14.0,0
CUST-00089,Female,62.0,36.0,48.92,1759.57,One year,Fiber optic,Mailed check,3.0,2.0,291.9,25.9,0
CUST-00090,Female,35.0,66.0,110.01,7215.18,Two year,DSL,Credit card (automatic),0.0,1.0,114.8,15.1,0
CUST-00091,Female,64.0,34.0,31.61,1027.91,One year,DSL,Credit card (automatic),3.0,0.0,124.3,20.5,0
CUST-00092,Female,53.0,36.0,115.59,4127.85,Month-to-month,Fiber optic,Electronic check,1.0,2.0,68.5,17.6,1
CUST-00093,Female,64.0,6.0,51.4,323.01,One year,Fiber optic,Bank transfer (automatic),3.0,0.0,30.5,25.3,1
CUST-00094,Female,39.0,39.0,108.84,4235.39,One year,Fiber optic,Electronic check,3.0,0.0,234.1,8.5,1
CUST-00095,Female,51.0,42.0,80.29,3260.27,Month-to-month,Fiber optic,Electronic check,1.0,1.0,82.4,17.3,1
CUST-00096,Female,64.0,58.0,102.67,5848.82,Two year,DSL,Electronic check,1.0,3.0,186.6,3.7,0
CUST-00097,Female,25.0,12.0,118.4,1390.46,One year,DSL,Credit card (automatic),1.0,1.0,209.5,20.7,1
CUST-00098,Female,57.0,3.0,48.84,169.4,Two year,No,Electronic check,2.0,0.0,146.7,22.0,0
CUST-00099,Female,66.0,18.0,116.11,1952.6,One year,Fiber optic,Credit card (automatic),0.0,0.0,264.1,1.3,0
CUST-00100,Male,61.0,40.0,58.95,2333.01,Month-to-month,Fiber optic,Bank transfer (automatic),2.0,0.0,138.7,20.3,1
CUST-00101,Male,36.0,21.0,58.55,1203.24,Month-to-month,DSL,Credit card (automatic),4.0,1.0,92.6,12.4,1
CUST-00102,Female,59.0,15.0,54.04,880.02,Month-to-month,Fiber optic,Credit card (automatic),1.0,0.0,269.8,3.7,1
CUST-00103,Female,58.0,26.0,74.14,1908.39,Two year,DSL,Mailed check,1.0,1.0,259.9,12.6,1
CUST-00104,Female,54.0,8.0,35.41,302.43,One year,Fiber optic,Electronic check,1.0,1.0,57.6,5.8,1
CUST-00105,Female,23.0,42.0,75.37,3172.6,One year,No,Electronic check,5.0,0.0,17.5,12.5,0
CUST-00106,Female,69.0,44.0,74.17,3156.95,Month-to-month,No,Electronic check,2.0,1.0,36.1,11.5,0
CUST-00107,Female,43.0,14.0,96.19,1385.07,Month-to-month,Fiber optic,Electronic check,4.0,1.0,93.1,22.2,1
CUST-00108,Female,51.0,2.0,103.36,217.49,One year,Fiber optic,Mailed check,1.0,0.0,292.0,23.2,0
CUST-00109,Female,73.0,37.0,64.04,2394.89,Month-to-month,No,Mailed check,4.0,0.0,172.0,18.2,1
CUST-00110,Male,62.0,69.0,50.23,3662.18,Month-to-month,Fiber optic,Mailed check,3.0,0.0,118.2,0.7,1
CUST-00111,Female,23.0,38.0,45.93,1641.13,One year,DSL,Mailed check,2.0,0.0,267.7,27.9,0
CUST-00112,Male,54.0,41.0,39.46,1704.09,Month-to-month,Fiber optic,Electronic check,1.0,1.0,141.4,20.6,0
CUST-00113,Female,74.0,62.0,25.76,1582.75,Month-to-month,DSL,Credit card (automatic),1.0,0.0,101.4,1.0,1
CUST-00114,Female,50.0,60.0,54.24,3268.77,Month-to-month,Fiber optic,Bank transfer (automatic),0.0,0.0,283.0,24.6,0
CUST-00115,Male,70.0,14.0,47.02,656.0,Month-to-month,Fiber optic,Mailed check,1.0,4.0,256.4,6.0,1
CUST-00116,Female,39.0,2.0,116.64,212.07,Two year,Fiber optic,Credit card (automatic),1.0,0.0,254.7,17.4,1
CUST-00117,Male,38.0,70.0,75.77,5275.41,Month-to-month,DSL,Mailed check,3.0,1.0,158.6,14.0,0
CUST-00118,Female,23.0,17.0,54.73,946.89,Month-to-month,DSL,Electronic check,1.0,1.0,238.9,12.6,0
CUST-00119,Female,23.0,28.0,78.05,2109.54,Month-to-month,Fiber optic,Electronic check,0.0,2.0,62.0,26.7,0
CUST-00120,Male,72.0,66.0,33.92,2276.25,One year,Fiber optic,Credit card (automatic),2.0,1.0,176.2,13.1,0
CUST-00121,Female,65.0,35.0,64.4,2233.19,Month-to-month,Fiber optic,Credit card (automatic),2.0,0.0,295.3,2.3,0
CUST-00122,Male,21.0,5.0,82.62,356.6,One year,DSL,Credit card (automatic),1.0,0.0,94.4,28.4,0
CUST-00123,Female,47.0,65.0,68.89,4455.35,Month-to-month,No,Electronic check,2.0,0.0,240.4,27.6,0
CUST-00124,Male,28.0,40.0,60.18,2470.06,Month-to-month,No,Electronic check,2.0,0.0,152.2,20.5,0
CUST-00125,Male,47.0,56.0,119.38,6658.51,Month-to-month,DSL,Bank transfer (automatic),2.0,1.0,21.5,14.0,0
CUST-00126,Female,48.0,36.0,108.03,3907.0,Two year,DSL,Credit card (automatic),1.0,1.0,231.3,2.8,0
CUST-00127,Female,41.0,45.0,82.34,3668.75,Two year,Fiber optic,Bank transfer (automatic),1.0,0.0,58.9,23.7,0
CUST-00128,Male,72.0,23.0,76.94,1807.52,Month-to-month,Fiber optic,Mailed check,5.0,4.0,193.1,2.3,1
CUST-00129,Female,26.0,47.0,82.07,3891.57,Month-to-month,No,Bank transfer (automatic),5.0,0.0,34.8,2.1,0
CUST-00130,Female,72.0,31.0,40.13,1336.46,Two year,No,Mailed check,1.0,3.0,284.6,16.1,0
CUST-00131,Female,20.0,11.0,59.51,645.83,Month-to-month,Fiber optic,Mailed check,0.0,1.0,94.6,4.8,1
CUST-00132,Male,68.0,10.0,23.95,272.93,Two year,Fiber optic,Bank transfer (automatic),1.0,2.0,75.7,0.2,0
CUST-00133,Male,48.0,67.0,67.55,4530.75,Month-to-month,DSL,Credit card (automatic),3.0,0.0,47.4,12.7,0
CUST-00134,Male,57.0,14.0,74.3,1104.99,Two year,DSL,Mailed check,1.0,0.0,284.3,4.1,0
CUST-00135,Male,54.0,10.0,42.77,391.76,One year,Fiber optic,Credit card (automatic),0.0,0.0,216.5,4.8,1
CUST-00136,Male,53.0,1.0,116.4,153.65,Two year,Fiber optic,Electronic check,3.0,0.0,225.1,2.3,1
CUST-00137,Male,41.0,5.0,110.95,545.02,One year,Fiber optic,Mailed check,1.0,1.0,154.8,6.2,1
CUST-00138,Male,48.0,20.0,92.21,1840.99,Month-to-month,Fiber optic,Electronic check,1.0,0.0,147.7,21.5,0
CUST-00139,Male,23.0,8.0,73.34,591.31,Two year,DSL,Bank transfer (automatic),0.0,0.0,41.9,24.3,0
CUST-00140,Male,19.0,43.0,107.0,4613.61,Month-to-month,Fiber optic,Credit card (automatic),1.0,1.0,172.4,13.6,0
CUST-00141,Female,37.0,1.0,33.07,27.26,Month-to-month,DSL,Bank transfer (automatic),2.0,0.0,81.6,15.2,0
CUST-00142,Male,45.0,57.0,99.05,5656.59,One year,Fiber optic,Mailed check,1.0,0.0,293.4,1.0,1
CUST-00143,Female,28.0,64.0,32.48,2157.63,One year,Fiber optic,Electronic check,0.0,0.0,241.0,2.1,0
CUST-00144,Female,21.0,28.0,99.42,2833.03,Two year,Fiber optic,Mailed check,3.0,1.0,129.8,7.7,0
CUST-00145,Female,32.0,37.0,47.58,1803.92,Month-to-month,No,Bank transfer (automatic),0.0,1.0,53.9,16.3,0
CUST-00146,Male,23.0,47.0,107.71,5039.59,One year,DSL,Credit card (automatic),2.0,0.0,237.7,22.2,0
CUST-00147,Male,71.0,37.0,114.4,4188.34,One year,Fiber optic,Credit card (automatic),1.0,1.0,45.4,18.2,0
CUST-00148,Male,66.0,49.0,34.88,1756.89,Month-to-month,DSL,Mailed check,1.0,1.0,64.9,11.8,0
CUST-00149,Male,47.0,44.0,66.27,2959.68,Month-to-month,Fiber optic,Mailed check,3.0,1.0,71.3,3.5,0
CUST-00150,Female,73.0,56.0,118.1,6687.23,Month-to-month,No,Electronic check,2.0,1.0,171.5,23.4,0
CUST-00151,Male,55.0,28.0,68.34,1883.32,Month-to-month,Fiber optic,Bank transfer (automatic),3.0,0.0,238.2,10.9,1
CUST-00152,Male,68.0,6.0,106.35,626.62,Two year,No,Mailed check,3.0,1.0,101.2,22.1,0
CUST-00153,Male,74.0,61.0,78.87,4729.1,One year,DSL,Electronic check,5.0,1.0,34.6,15.4,1
CUST-00154,Male,19.0,20.0,57.53,1130.98,One year,No,Mailed check,2.0,0.0,144.7,22.2,0
CUST-00155,Male,32.0,2.0,48.58,146.99,Two year,DSL,Credit card (automatic),0.0,1.0,227.0,27.2,0
CUST-00156,Female,28.0,37.0,40.32,1468.52,Month-to-month,No,Electronic check,1.0,0.0,74.3,27.6,0
CUST-00157,Male,25.0,20.0,96.18,1955.62,Two year,DSL,Electronic check,1.0,0.0,73.8,16.1,0
CUST-00158,Female,43.0,26.0,58.65,1515.37,Month-to-month,DSL,Mailed check,2.0,3.0,284.7,15.3,1
CUST-00159,Male,68.0,29.0,71.13,2078.97,Two year,Fiber optic,Bank transfer (automatic),3.0,2.0,286.7,8.0,0
CUST-00160,Female,62.0,1.0,69.23,20.0,Month-to-month,No,Credit card (automatic),3.0,1.0,297.2,28.1,0
CUST-00161,Male,61.0,35.0,77.73,2724.81,Two year,DSL,Bank transfer (automatic),1.0,0.0,244.2,13.7,0
CUST-00162,Male,22.0,70.0,106.56,7309.64,Month-to-month,DSL,Electronic check,1.0,0.0,64.6,3.8,0
CUST-00163,Female,23.0,59.0,118.07,6956.79,Month-to-month,No,Bank transfer (automatic),1.0,0.0,71.5,13.0,0
CUST-00164,Female,43.0,69.0,60.76,4110.92,One year,DSL,Electronic check,0.0,1.0,108.7,3.8,0
CUST-00165,Female,71.0,33.0,102.75,3451.05,Month-to-month,DSL,Bank transfer (automatic),2.0,0.0,102.3,15.1,0
CUST-00166,Male,21.0,51.0,96.45,4957.82,One year,Fiber optic,Mailed check,3.0,0.0,287.4,16.8,0
CUST-00167,Female,36.0,12.0,77.35,951.53,Month-to-month,DSL,Bank transfer (automatic),1.0,1.0,238.8,10.1,1
CUST-00168,Male,37.0,20.0,115.6,2388.05,One year,No,Electronic check,1.0,1.0,220.0,2.1,1
CUST-00169,Male,50.0,53.0,40.05,2075.2,Month-to-month,Fiber optic,Credit card (automatic),1.0,0.0,63.9,28.3,0
CUST-00170,Female,37.0,43.0,30.93,1417.36,Month-to-month,Fiber optic,Credit card (automatic),1.0,0.0,273.8,23.2,0
CUST-00171,Female,66.0,50.0,105.4,5316.61,Month-to-month,No,Credit card (automatic),2.0,1.0,250.1,25.2,0
CUST-00172,Male,29.0,29.0,63.91,1841.56,Month-to-month,Fiber optic,Electronic check,1.0,0.0,57.5,11.0,0
CUST-00173,Male,64.0,57.0,104.7,6024.68,Month-to-month,DSL,Bank transfer (automatic),2.0,1.0,262.6,22.8,1
CUST-00175,Female,43.0,56.0,26.25,1428.77,Month-to-month,Fiber optic,Credit card (automatic),2.0,1.0,33.5,6.0,0
CUST-00176,Female,31.0,43.0,108.35,4628.62,Month-to-month,DSL,Credit card (automatic),0.0,1.0,200.5,3.7,0
CUST-00177,Male,55.0,50.0,64.83,3215.05,One year,No,Mailed check,2.0,2.0,199.6,10.4,0
CUST-00178,Male,54.0,23.0,71.04,1581.09,Two year,Fiber optic,Electronic check,3.0,0.0,37.5,4.1,0
CUST-00179,Male,28.0,44.0,82.66,3698.19,Month-to-month,DSL,Electronic check,1.0,0.0,102.5,29.9,0
CUST-00180,Male,53.0,38.0,112.64,4267.38,One year,Fiber optic,Electronic check,3.0,0.0,297.9,1.5,0
CUST-00181,Male,30.0,23.0,21.91,521.56,One year,Fiber optic,Electronic check,0.0,2.0,206.7,13.2,0
CUST-00182,Male,60.0,45.0,67.68,3017.08,Month-to-month,No,Electronic check,4.0,0.0,221.7,13.6,0
CUST-00183,Female,20.0,52.0,88.77,4525.01,One year,No,Mailed check,3.0,0.0,71.7,9.0,0
CUST-00184,Male,50.0,50.0,92.27,4627.0,Month-to-month,Fiber optic,Bank transfer (automatic),2.0,0.0,32.8,17.1,0
CUST-00185,Male,23.0,8.0,89.25,618.39,Month-to-month,Fiber optic,Mailed check,0.0,0.0,90.3,4.5,1
CUST-00186,Male,67.0,1.0,33.44,30.01,Month-to-month,Fiber optic,Credit card (automatic),1.0,2.0,82.2,23.5,1
CUST-00187,Female,73.0,8.0,49.94,331.1,One year,Fiber optic,Mailed check,2.0,0.0,78.0,10.0,1
CUST-00188,Male,27.0,29.0,55.87,1719.59,One year,DSL,Electronic check,1.0,0.0,65.9,17.7,0
CUST-00189,Male,22.0,5.0,100.44,547.77,Month-to-month,DSL,Mailed check,3.0,1.0,176.7,21.5,1
CUST-00190,Female,40.0,47.0,47.88,2255.65,Month-to-month,Fiber optic,Electronic check,4.0,2.0,105.2,26.7,1
CUST-00191,Male,27.0,34.0,41.07,1459.57,Two year,DSL,Mailed check,3.0,1.0,247.9,25.1,0
CUST-00192,Male,61.0,65.0,115.74,7480.78,Month-to-month,DSL,Electronic check,1.0,1.0,63.3,18.2,1
CUST-00193,Male,19.0,55.0,20.89,1176.12,Month-to-month,Fiber optic,Credit card (automatic),1.0,0.0,144.7,11.7,0
CUST-00194,Male,30.0,43.0,119.78,5160.53,Two year,DSL,Electronic check,1.0,1.0,14.0,15.1,0
CUST-00195,Male,57.0,30.0,87.68,2630.4,One year,Fiber optic,Mailed check,1.0,0.0,149.7,23.1,0
CUST-00196,Female,19.0,17.0,102.85,1812.07,One year,Fiber optic,Credit card (automatic),1.0,0.0,26.2,26.3,0
CUST-00197,Female,37.0,26.0,49.46,1322.58,One year,No,Mailed check,3.0,0.0,293.5,3.1,0
CUST-00198,Female,18.0,8.0,21.43,185.88,Two year,Fiber optic,Credit card (automatic),3.0,0.0,239.3,11.5,0
CUST-00199,Male,54.0,47.0,93.79,4325.39,Month-to-month,DSL,Bank transfer (automatic),3.0,0.0,152.1,23.3,0
CUST-00200,Male,26.0,46.0,103.41,4708.86,Month-to-month,Fiber optic,Bank transfer (automatic),3.0,0.0,35.1,12.9,1
CUST-00201,Male,34.0,68.0,94.05,6389.26,Month-to-month,Fiber optic,Bank transfer (automatic),2.0,0.0,181.8,10.0,0
CUST-00202,Female,26.0,33.0,34.29,1136.24,Two year,No,Mailed check,4.0,1.0,230.0,12.3,0
CUST-00203,Male,28.0,1.0,95.34,38.83,One year,Fiber optic,Mailed check,2.0,0.0,65.3,18.1,0
CUST-00204,Male,32.0,19.0,96.89,1961.49,Month-to-month,DSL,Credit card (automatic),1.0,2.0,174.8,30.0,1
CUST-00205,Female,41.0,31.0,85.85,2737.17,Two year,No,Credit card (automatic),4.0,0.0,246.1,14.8,0
CUST-00206,Male,55.0,14.0,96.61,1382.65,Month-to-month,DSL,Credit card (automatic),3.0,1.0,232.8,6.3,1
CUST-00207,Female,72.0,53.0,104.59,5546.87,Month-to-month,Fiber optic,Credit card (automatic),0.0,2.0,242.9,4.9,0
CUST-00208,Female,52.0,48.0,81.36,3894.67,Month-to-month,Fiber optic,Electronic check,0.0,2.0,265.0,1.3,0
CUST-00209,Female,47.0,69.0,28.86,1943.74,Month-to-month,DSL,Bank transfer (automatic),2.0,2.0,281.9,16.8,0
CUST-00210,Male,48.0,62.0,68.76,4266.99,Two year,DSL,Electronic check,1.0,1.0,127.6,16.3,0
CUST-00211,Male,66.0,66.0,27.76,1845.05,Month-to-month,DSL,Electronic check,2.0,1.0,174.9,6.2,0
CUST-00212,Male,22.0,64.0,60.75,3825.91,Two year,Fiber optic,Electronic check,2.0,0.0,239.3,20.9,0
CUST-00213,Male,61.0,70.0,60.71,4266.41,One year,No,Electronic check,1.0,1.0,212.2,22.2,0
CUST-00214,Male,67.0,63.0,26.6,1668.04,Month-to-month,DSL,Bank transfer (automatic),1.0,0.0,298.7,7.8,0
CUST-00215,Male,31.0,33.0,54.88,1715.65,Two year,Fiber optic,Electronic check,4.0,0.0,14.0,10.3,0
CUST-00216,Male,70.0,41.0,31.1,1232.08,Month-to-month,DSL,Credit card (automatic),2.0,0.0,113.0,29.7,0
CUST-00217,Female,73.0,48.0,100.82,4818.68,Month-to-month,Fiber optic,Mailed check,1.0,0.0,91.5,11.2,1
CUST-00218,Male,28.0,13.0,114.77,1586.39,Month-to-month,DSL,Credit card (automatic),2.0,2.0,86.1,22.8,1
CUST-00219,Female,26.0,31.0,27.23,871.96,Two year,No,Mailed check,1.0,1.0,74.5,13.6,0
CUST-00220,Male,51.0,68.0,115.51,7787.91,Month-to-month,Fiber optic,Credit card (automatic),1.0,0.0,215.6,23.8,0
CUST-00221,Male,29.0,4.0,72.26,313.34,Month-to-month,Fiber optic,Credit card (automatic),1.0,0.0,34.6,23.1,0
CUST-00222,Male,52.0,19.0,49.96,871.87,Month-to-month,Fiber optic,Mailed check,2.0,2.0,225.1,20.0,0
CUST-00223,Female,52.0,70.0,27.69,1992.43,Month-to-month,Fiber optic,Bank transfer (automatic),1.0,0.0,211.1,25.6,0
CUST-00224,Female,18.0,13.0,70.06,887.22,One year,No,Electronic check,2.0,0.0,82.7,28.2,0
CUST-00225,Female,57.0,23.0,99.45,2282.67,Month-to-month,Fiber optic,Credit card (automatic),0.0,1.0,83.3,17.4,1
CUST-00226,Female,39.0,1.0,90.71,157.0,Month-to-month,No,Bank transfer (automatic),2.0,0.0,192.4,7.1,0
CUST-00227,Male,46.0,54.0,25.02,1286.72,Month-to-month,Fiber optic,Electronic check,1.0,1.0,231.0,12.0,0
CUST-00228,Female,25.0,71.0,27.29,1867.73,Month-to-month,DSL,Bank transfer (automatic),3.0,2.0,264.2,22.7,0
CUST-00229,Male,28.0,15.0,60.29,875.17,Two year,Fiber optic,Bank transfer (automatic),1.0,2.0,257.1,19.5,0
CUST-00230,Male,58.0,65.0,49.53,3271.37,Month-to-month,DSL,Electronic check,0.0,0.0,289.8,5.3,0
CUST-00231,Female,54.0,71.0,43.24,2994.07,Two year,Fiber optic,Credit card (automatic),1.0,1.0,178.6,1.5,0
CUST-00232,Female,31.0,15.0,48.1,579.89,Month-to-month,Fiber optic,Bank transfer (automatic),2.0,0.0,273.5,20.5,0
CUST-00233,Female,47.0,21.0,100.35,2084.79,Month-to-month,Fiber optic,Credit card (automatic),0.0,1.0,244.5,7.5,0
CUST-00234,Female,52.0,19.0,112.92,2173.07,Two year,DSL,Credit card (automatic),1.0,2.0,269.5,15.0,0
CUST-00235,Female,38.0,60.0,60.51,3690.61,Month-to-month,DSL,Credit card (automatic),2.0,0.0,13.4,22.4,0
CUST-00236,Female,54.0,33.0,110.61,3626.97,One year,Fiber optic,Electronic check,1.0,2.0,290.1,16.9,1
CUST-00237,Female,22.0,49.0,52.15,2534.78,Two year,No,Mailed check,1.0,0.0,147.3,2.5,0
CUST-00238,Female,36.0,35.0,67.64,2425.1,Month-to-month,DSL,Credit card (automatic),2.0,0.0,241.5,5.6,0
CUST-00239,Male,31.0,44.0,42.6,1780.91,Month-to-month,Fiber optic,Mailed check,0.0,2.0,46.9,6.6,1
CUST-00240,Female,43.0,11.0,84.05,905.12,One year,Fiber optic,Mailed check,4.0,1.0,124.8,7.7,0
CUST-00241,Female,21.0,66.0,117.9,7790.92,Month-to-month,Fiber optic,Bank transfer (automatic),3.0,2.0,88.7,17.0,1
CUST-00242,Male,42.0,46.0,80.35,3718.56,Month-to-month,DSL,Credit card (automatic),1.0,1.0,94.6,15.1,0
CUST-00243,Female,62.0,9.0,55.78,476.53,Month-to-month,Fiber optic,Credit card (automatic),3.0,3.0,45.7,6.1,1
CUST-00244,Male,59.0,3.0,84.78,256.06,Month-to-month,DSL,Credit card (automatic),3.0,0.0,243.7,2.0,0
CUST-00245,Male,42.0,26.0,32.29,715.12,One year,No,Mailed check,4.0,1.0,12.7,5.1,1
CUST-00246,Female,35.0,48.0,108.87,5192.85,Month-to-month,DSL,Electronic check,2.0,3.0,100.6,29.5,0
CUST-00247,Male,57.0,66.0,70.31,4663.14,Month-to-month,DSL,Mailed check,2.0,3.0,60.6,14.1,0
CUST-00248,Male,25.0,70.0,64.93,4495.99,One year,DSL,Credit card (automatic),3.0,0.0,180.8,26.0,0
CUST-00249,Male,56.0,28.0,78.59,2203.47,Month-to-month,DSL,Credit card (automatic),1.0,0.0,83.7,25.5,0
CUST-00250,Male,57.0,26.0,82.48,2166.82,Month-to-month,Fiber optic,Credit card (automatic),1.0,1.0,85.1,15.3,1
CUST-00251,Female,31.0,25.0,27.18,662.37,One year,DSL,Mailed check,1.0,1.0,151.6,21.2,0
CUST-00252,Male,49.0,12.0,88.26,1067.64,Month-to-month,DSL,Credit card (automatic),2.0,0.0,199.3,5.8,0
CUST-00253,Female,68.0,5.0,44.19,172.81,One year,Fiber optic,Bank transfer (automatic),0.0,3.0,45.2,20.7,0
CUST-00254,Male,55.0,48.0,91.4,4376.87,Two year,DSL,Credit card (automatic),0.0,0.0,60.9,8.2,0
CUST-00255,Male,50.0,37.0,102.25,3813.76,Month-to-month,DSL,Electronic check,2.0,2.0,81.7,25.0,1
CUST-00256,Male,40.0,44.0,100.4,4425.45,Month-to-month,Fiber optic,Bank transfer (automatic),1.0,0.0,292.4,2.5,1
CUST-00257,Male,32.0,15.0,75.25,1099.42,Month-to-month,Fiber optic,Credit card (automatic),2.0,0.0,125.2,23.2,1
CUST-00258,Female,50.0,43.0,72.02,3108.07,Month-to-month,No,Bank transfer (automatic),0.0,0.0,183.7,3.0,1
CUST-00259,Female,42.0,48.0,34.29,1681.65,Two year,No,Credit card (automatic),0.0,1.0,80.0,26.4,0
CUST-00260,Male,34.0,70.0,97.53,6724.6,Two year,Fiber optic,Electronic check,0.0,0.0,152.2,9.1,0
CUST-00261,Male,50.0,46.0,47.14,2226.39,Month-to-month,DSL,Credit card (automatic),1.0,0.0,31.5,19.6,0
CUST-00262,Female,64.0,43.0,69.67,2979.0,One year,Fiber optic,Bank transfer (automatic),1.0,1.0,20.1,14.6,1
CUST-00263,Male,72.0,21.0,48.43,1038.3,Two year,Fiber optic,Electronic check,3.0,1.0,145.9,11.0,0
CUST-00264,Male,19.0,23.0,33.38,827.6,Two year,Fiber optic,Mailed check,1.0,0.0,125.6,19.4,0
CUST-00265,Male,31.0,47.0,82.96,3830.54,Month-to-month,Fiber optic,Electronic check,0.0,1.0,49.7,28.4,1
CUST-00267,Female,57.0,25.0,94.86,2357.07,Month-to-month,Fiber optic,Electronic check,2.0,0.0,297.9,27.6,1
CUST-00268,Female,57.0,36.0,51.76,1824.17,Two year,Fiber optic,Bank transfer (automatic),1.0,2.0,124.7,18.3,0
CUST-00269,Male,68.0,51.0,20.01,1107.26,Month-to-month,No,Electronic check,1.0,0.0,191.1,24.2,0
CUST-00270,Male,56.0,15.0,71.11,1023.81,One year,DSL,Credit card (automatic),3.0,2.0,289.3,11.5,1
CUST-00271,Female,68.0,68.0,24.69,1651.14,Month-to-month,DSL,Electronic check,3.0,2.0,251.1,14.2,0
CUST-00272,Female,23.0,21.0,47.62,1010.24,Month-to-month,DSL,Electronic check,0.0,1.0,144.4,26.1,0
CUST-00274,Female,20.0,19.0,26.27,479.35,Two year,DSL,Credit card (automatic),3.0,2.0,47.2,16.0,0
CUST-00275,Male,24.0,34.0,103.93,3549.49,Month-to-month,DSL,Mailed check,2.0,5.0,158.5,0.6,1
CUST-00276,Female,68.0,68.0,20.38,1369.2,One year,No,Electronic check,0.0,2.0,90.9,4.8,0
CUST-00277,Male,25.0,52.0,44.68,2318.69,Month-to-month,DSL,Bank transfer (automatic),2.0,0.0,56.7,19.3,0
CUST-00278,Female,59.0,27.0,94.09,2513.96,Month-to-month,Fiber optic,Electronic check,0.0,1.0,133.6,21.5,0
CUST-00279,Male,69.0,29.0,51.63,1421.55,Month-to-month,DSL,Electronic check,1.0,1.0,48.0,17.5,0
CUST-00280,Female,32.0,28.0,30.19,861.4,Month-to-month,Fiber optic,Credit card (automatic),2.0,0.0,212.7,4.3,0
CUST-00281,Female,64.0,35.0,56.02,2048.45,Month-to-month,Fiber optic,Mailed check,4.0,1.0,142.3,13.4,1
CUST-00282,Female,46.0,8.0,47.04,377.24,Month-to-month,No,Electronic check,1.0,1.0,164.0,10.7,0
CUST-00283,Female,50.0,16.0,104.27,1679.58,Month-to-month,No,Bank transfer (automatic),0.0,0.0,52.4,14.9,1
CUST-00284,Male,69.0,36.0,51.33,1882.52,Month-to-month,DSL,Electronic check,1.0,0.0,50.5,26.1,0
CUST-00285,Female,47.0,30.0,98.89,2903.23,Two year,DSL,Bank transfer (automatic),3.0,0.0,179.2,23.3,0
CUST-00286,Male,56.0,18.0,109.19,2050.55,Two year,DSL,Credit card (automatic),2.0,0.0,295.7,2.5,1
CUST-00287,Male,44.0,2.0,63.38,136.88,Month-to-month,Fiber optic,Mailed check,1.0,1.0,37.9,26.7,1
CUST-00288,Male,53.0,49.0,110.99,5520.1,One year,No,Electronic check,1.0,0.0,92.9,14.2,1
CUST-00289,Male,46.0,4.0,57.73,194.27,Two year,Fiber optic,Mailed check,0.0,1.0,262.1,22.3,0
CUST-00290,Female,55.0,7.0,116.41,905.77,Month-to-month,Fiber optic,Electronic check,3.0,0.0,31.0,4.2,1
CUST-00291,Male,74.0,39.0,28.93,1167.03,Two year,DSL,Bank transfer (automatic),1.0,0.0,264.0,20.1,0
CUST-00292,Male,50.0,13.0,88.7,1180.75,Two year,Fiber optic,Mailed check,1.0,3.0,162.0,7.1,1
CUST-00293,Male,54.0,31.0,69.38,2162.48,Month-to-month,No,Electronic check,3.0,0.0,128.4,13.2,0
CUST-00294,Female,44.0,71.0,58.76,4159.53,Month-to-month,DSL,Credit card (automatic),3.0,1.0,99.8,0.5,0
CUST-00295,Female,72.0,63.0,83.27,5306.04,Two year,Fiber optic,Bank transfer (automatic),2.0,1.0,96.2,4.5,0
CUST-00296,Female,50.0,56.0,90.39,5068.86,Month-to-month,DSL,Mailed check,1.0,0.0,98.7,2.8,0
CUST-00297,Female,21.0,42.0,20.44,760.13,Month-to-month,Fiber optic,Electronic check,4.0,3.0,266.6,7.2,0
CUST-00298,Male,39.0,61.0,36.7,2182.84,Month-to-month,Fiber optic,Mailed check,2.0,2.0,219.9,3.0,1
CUST-00299,Male,19.0,42.0,91.3,3834.6,Month-to-month,DSL,Electronic check,2.0,2.0,204.2,20.8,0
CUST-00300,Female,27.0,56.0,86.64,4867.34,One year,Fiber optic,Bank transfer (automatic),1.0,0.0,241.6,0.9,0
CUST-00301,Male,22.0,36.0,116.6,4194.77,One year,DSL,Credit card (automatic),3.0,1.0,84.6,18.5,0
CUST-00302,Male,27.0,68.0,96.1,6595.75,Two year,Fiber optic,Bank transfer (automatic),2.0,1.0,189.2,4.2,0
CUST-00303,Male,50.0,7.0,115.08,708.0,Month-to-month,Fiber optic,Mailed check,2.0,0.0,143.4,28.4,1
CUST-00304,Female,71.0,54.0,90.25,4880.68,Month-to-month,DSL,Mailed check,3.0,1.0,236.9,28.0,1
CUST-00305,Female,55.0,1.0,49.81,20.0,Month-to-month,Fiber optic,Electronic check,1.0,0.0,99.7,6.8,0
CUST-00306,Male,30.0,44.0,30.54,1381.75,Month-to-month,Fiber optic,Bank transfer (automatic),1.0,0.0,196.5,18.4,0
CUST-00307,Female,48.0,45.0,98.18,4413.38,Month-to-month,DSL,Electronic check,0.0,1.0,265.8,0.8,0
CUST-00308,Female,64.0,47.0,84.41,3988.25,Two year,DSL,Bank transfer (automatic),1.0,1.0,126.6,28.0,0
CUST-00309,Female,53.0,13.0,24.82,279.47,Two year,Fiber optic,Mailed check,1.0,1.0,29.3,15.7,0
CUST-00310,Female,62.0,22.0,56.01,1296.19,Month-to-month,No,Electronic check,1.0,0.0,159.7,1.3,1
CUST-00311,Female,41.0,21.0,115.68,2481.37,One year,DSL,Electronic check,3.0,0.0,110.3,10.3,0
CUST-00312,Male,69.0,9.0,70.04,659.54,Month-to-month,DSL,Bank transfer (automatic),2.0,0.0,204.9,2.3,1
CUST-00313,Female,73.0,26.0,63.27,1638.54,Month-to-month,DSL,Credit card (automatic),3.0,1.0,285.8,11.8,1
CUST-00314,Male,32.0,9.0,65.77,620.92,One year,Fiber optic,Bank transfer (automatic),0.0,0.0,150.8,20.1,0
CUST-00315,Male,46.0,15.0,40.89,578.01,Month-to-month,DSL,Credit card (automatic),0.0,1.0,145.2,14.1,0
CUST-00316,Female,25.0,10.0,56.87,611.48,Two year,DSL,Bank transfer (automatic),2.0,0.0,199.8,11.5,0
CUST-00317,Male,22.0,42.0,56.98,2475.63,One year,Fiber optic,Mailed check,5.0,2.0,40.0,3.6,0
CUST-00318,Male,46.0,24.0,25.24,659.29,Month-to-month,Fiber optic,Electronic check,3.0,0.0,83.5,7.3,1
CUST-00319,Male,64.0,49.0,96.76,4704.76,One year,DSL,Bank transfer (automatic),4.0,1.0,276.5,3.0,0
CUST-00320,Female,21.0,26.0,61.65,1620.97,Month-to-month,Fiber optic,Mailed check,0.0,1.0,204.3,24.2,0
CUST-00321,Female,29.0,37.0,102.22,3717.48,Month-to-month,Fiber optic,Bank transfer (automatic),3.0,1.0,13.9,4.1,1
CUST-00322,Male,62.0,68.0,105.03,7170.66,Month-to-month,DSL,Electronic check,2.0,1.0,69.3,17.9,1
CUST-00323,Female,19.0,50.0,41.2,2082.53,Month-to-month,DSL,Bank transfer (automatic),2.0,1.0,208.0,10.3,1
CUST-00324,Female,44.0,24.0,85.74,1964.27,One year,No,Credit card (automatic),2.0,0.0,231.7,6.8,0
CUST-00325,Female,48.0,19.0,67.23,1219.28,Month-to-month,DSL,Electronic check,0.0,1.0,253.6,19.2,1
CUST-00326,Female,68.0,60.0,108.02,6467.04,One year,Fiber optic,Credit card (automatic),2.0,1.0,94.7,13.7,0
CUST-00327,Male,68.0,39.0,41.57,1606.19,One year,No,Mailed check,1.0,1.0,280.0,12.0,0
CUST-00328,Male,53.0,18.0,87.78,1519.57,Month-to-month,DSL,Mailed check,2.0,2.0,170.4,17.8,1
CUST-00329,Female,53.0,19.0,80.78,1554.27,Two year,DSL,Bank transfer (automatic),2.0,2.0,212.0,14.7,0
CUST-00330,Female,43.0,36.0,49.53,1795.65,Month-to-month,Fiber optic,Credit card (automatic),2.0,1.0,183.1,9.1,1
CUST-00331,Male,60.0,55.0,33.66,1841.59,Month-to-month,No,Credit card (automatic),5.0,1.0,45.6,16.8,0
CUST-00332,Male,44.0,69.0,85.16,5838.25,Month-to-month,No,Electronic check,1.0,0.0,289.3,20.1,0
CUST-00333,Female,22.0,47.0,93.86,4463.86,Month-to-month,Fiber optic,Credit card (automatic),1.0,0.0,45.6,0.8,0
CUST-00334,Male,37.0,49.0,51.56,2609.21,Month-to-month,DSL,Credit card (automatic),2.0,3.0,83.9,14.0,0
CUST-00335,Female,28.0,33.0,84.48,2763.66,One year,Fiber optic,Electronic check,4.0,0.0,246.0,1.7,0
CUST-00336,Female,27.0,21.0,59.51,1219.1,Month-to-month,Fiber optic,Electronic check,2.0,1.0,189.4,5.6,1
CUST-00337,Male,57.0,22.0,91.32,2033.6,Month-to-month,Fiber optic,Credit card (automatic),3.0,0.0,253.1,16.8,1
CUST-00338,Male,55.0,48.0,39.92,1898.26,Two year,DSL,Bank transfer (automatic),1.0,0.0,159.6,26.0,0
CUST-00339,Female,23.0,37.0,109.02,4026.77,One year,DSL,Electronic check,0.0,1.0,119.3,26.5,0
CUST-00340,Female,25.0,15.0,48.74,768.08,Two year,Fiber optic,Electronic check,1.0,1.0,277.3,2.1,0
CUST-00342,Female,64.0,71.0,25.81,1898.43,One year,DSL,Credit card (automatic),2.0,2.0,258.3,17.5,0
CUST-00343,Male,43.0,32.0,31.15,1000.43,Two year,DSL,Electronic check,2.0,1.0,76.9,4.4,0
CUST-00344,Female,63.0,11.0,71.59,766.92,One year,No,Credit card (automatic),4.0,1.0,256.1,23.0,0
CUST-00345,Male,60.0,10.0,46.76,463.14,One year,Fiber optic,Electronic check,4.0,1.0,50.4,22.3,0
CUST-00346,Male,29.0,57.0,103.55,5900.47,Month-to-month,DSL,Bank transfer (automatic),1.0,0.0,178.3,27.1,1
CUST-00347,Male,43.0,25.0,21.47,450.19,Month-to-month,DSL,Bank transfer (automatic),1.0,2.0,267.6,0.3,1
CUST-00348,Female,30.0,2.0,57.91,190.57,Month-to-month,DSL,Electronic check,1.0,0.0,147.3,6.5,1
CUST-00349,Female,57.0,64.0,53.73,3440.79,Month-to-month,No,Electronic check,1.0,0.0,226.5,24.8,0
CUST-00350,Male,35.0,35.0,21.93,789.7,Two year,Fiber optic,Mailed check,0.0,2.0,243.4,20.1,0
CUST-00351,Female,42.0,7.0,32.44,274.66,Month-to-month,Fiber optic,Mailed check,4.0,1.0,223.6,26.8,0
CUST-00352,Male,50.0,18.0,61.36,1053.42,Two year,Fiber optic,Credit card (automatic),2.0,0.0,278.3,1.7,0
CUST-00353,Male,64.0,67.0,69.29,4666.1,Two year,DSL,Credit card (automatic),3.0,0.0,139.6,17.9,0
CUST-00354,Female,57.0,42.0,60.43,2524.68,Month-to-month,Fiber optic,Electronic check,1.0,2.0,60.2,17.1,0
CUST-00355,Female,60.0,39.0,73.09,2892.85,Month-to-month,Fiber optic,Electronic check,0.0,1.0,23.9,1.1,0
CUST-00356,Male,29.0,41.0,79.51,3153.55,Two year,DSL,Mailed check,1.0,1.0,81.5,15.4,0
CUST-00357,Female,61.0,24.0,20.99,498.81,Two year,DSL,Mailed check,0.0,0.0,51.5,18.3,0
CUST-00358,Female,53.0,60.0,66.41,3954.46,Month-to-month,Fiber optic,Electronic check,1.0,2.0,171.8,5.7,0
CUST-00359,Male,65.0,46.0,116.35,5373.71,Month-to-month,No,Bank transfer (automatic),2.0,1.0,63.6,8.2,1
CUST-00360,Male,21.0,19.0,71.9,1389.6,Month-to-month,DSL,Bank transfer (automatic),1.0,0.0,21.3,19.2,1
CUST-00361,Female,22.0,68.0,87.75,5931.62,One year,No,Credit card (automatic),2.0,1.0,20.4,14.0,1
CUST-00362,Male,73.0,42.0,51.19,2114.37,Month-to-month,Fiber optic,Electronic check,0.0,1.0,251.2,25.7,0
CUST-00363,Male,54.0,32.0,97.4,3111.27,One year,DSL,Electronic check,2.0,1.0,181.5,10.3,0
CUST-00364,Female,25.0,39.0,97.29,3749.48,Month-to-month,DSL,Credit card (automatic),3.0,1.0,113.8,8.0,1
CUST-00365,Male,59.0,36.0,72.13,2638.78,Month-to-month,DSL,Mailed check,1.0,1.0,269.3,29.5,0
CUST-00366,Male,66.0,36.0,117.6,4215.14,Month-to-month,Fiber optic,Mailed check,2.0,0.0,30.4,27.3,0
CUST-00367,Female,45.0,3.0,32.56,20.0,Month-to-month,DSL,Bank transfer (automatic),0.0,0.0,294.3,0.9,0
CUST-00368,Female,48.0,8.0,21.69,154.78,Month-to-month,DSL,Electronic check,2.0,0.0,188.7,23.1,0
CUST-00369,Male,26.0,70.0,97.02,6739.47,Month-to-month,Fiber optic,Mailed check,1.0,1.0,63.2,3.3,0
CUST-00370,Male,71.0,41.0,100.72,4047.96,Month-to-month,Fiber optic,Bank transfer (automatic),3.0,1.0,206.9,0.8,1
CUST-00371,Female,68.0,68.0,32.02,2115.49,Month-to-month,DSL,Bank transfer (automatic),2.0,0.0,231.4,8.2,0
CUST-00372,Female,46.0,13.0,46.56,610.75,Month-to-month,Fiber optic,Bank transfer (automatic),3.0,0.0,134.5,8.1,1
CUST-00373,Female,31.0,49.0,21.76,1132.67,Two year,Fiber optic,Mailed check,1.0,0.0,259.9,24.6,0
CUST-00374,Female,57.0,60.0,49.33,2975.46,Month-to-month,Fiber optic,Mailed check,2.0,2.0,53.7,21.3,1
CUST-00375,Male,58.0,2.0,97.31,164.29,Month-to-month,Fiber optic,Electronic check,2.0,0.0,90.9,29.4,1
CUST-00376,Female,39.0,60.0,71.8,4330.8,One year,DSL,Electronic check,1.0,2.0,37.1,21.3,0
CUST-00377,Female,28.0,5.0,54.81,251.1,Two year,Fiber optic,Bank transfer (automatic),1.0,0.0,71.2,12.5,0
CUST-00378,Male,40.0,44.0,57.17,2480.75,Month-to-month,Fiber optic,Bank transfer (automatic),0.0,0.0,79.2,21.0,0
CUST-00379,Female,18.0,27.0,20.14,486.06,One year,Fiber optic,Mailed check,3.0,2.0,276.1,30.0,0
CUST-00380,Male,63.0,32.0,49.98,1511.77,One year,Fiber optic,Mailed check,3.0,2.0,32.7,21.3,1
CUST-00382,Female,38.0,8.0,117.42,947.26,Month-to-month,DSL,Electronic check,1.0,0.0,164.4,28.2,1
CUST-00383,Female,43.0,50.0,104.71,5230.67,One year,Fiber optic,Credit card (automatic),2.0,0.0,270.6,3.4,1
CUST-00384,Male,63.0,67.0,22.36,1498.12,Month-to-month,Fiber optic,Electronic check,0.0,1.0,299.3,21.1,0
CUST-00385,Male,53.0,44.0,109.86,4786.55,One year,Fiber optic,Mailed check,2.0,2.0,228.5,25.5,0
CUST-00386,Female,71.0,58.0,98.32,5732.97,One year,DSL,Bank transfer (automatic),2.0,1.0,291.5,28.6,1
CUST-00387,Male,40.0,3.0,98.04,228.26,Month-to-month,No,Credit card (automatic),3.0,2.0,238.3,6.3,0
CUST-00388,Male,74.0,70.0,65.8,4644.8,Two year,Fiber optic,Electronic check,1.0,1.0,289.3,15.1,0
CUST-00389,Male,18.0,2.0,59.8,69.49,Month-to-month,DSL,Electronic check,3.0,1.0,215.1,20.4,0
CUST-00390,Male,71.0,44.0,50.29,2175.14,Two year,Fiber optic,Mailed check,2.0,1.0,33.1,7.4,1
CUST-00391,Male,72.0,2.0,26.57,20.0,Month-to-month,Fiber optic,Credit card (automatic),1.0,2.0,126.6,18.0,1
CUST-00392,Male,68.0,35.0,42.82,1473.63,Month-to-month,Fiber optic,Electronic check,2.0,1.0,197.5,7.7,1
CUST-00393,Female,57.0,30.0,44.66,1388.57,Month-to-month,Fiber optic,Bank transfer (automatic),3.0,0.0,111.7,10.0,0
CUST-00394,Female,32.0,8.0,68.41,573.06,Two year,No,Mailed check,1.0,0.0,89.3,13.2,0
CUST-00395,Male,38.0,22.0,94.74,2133.2,Month-to-month,DSL,Credit card (automatic),6.0,0.0,177.4,15.9,1
CUST-00396,Female,64.0,44.0,67.38,2990.83,Month-to-month,Fiber optic,Electronic check,3.0,0.0,280.7,13.5,0
CUST-00397,Female,26.0,58.0,25.78,1440.06,Month-to-month,No,Electronic check,3.0,2.0,20.1,14.8,0
CUST-00398,Female,70.0,36.0,115.78,4151.54,One year,No,Credit card (automatic),2.0,3.0,233.1,9.0,1
CUST-00399,Female,26.0,69.0,114.27,7845.62,Month-to-month,Fiber optic,Mailed check,3.0,0.0,219.6,4.8,1
CUST-00400,Male,27.0,31.0,98.52,3120.65,Month-to-month,No,Credit card (automatic),2.0,1.0,289.5,1.4,0
CUST-00401,Female,69.0,47.0,119.13,5539.27,Month-to-month,DSL,Credit card (automatic),2.0,0.0,279.9,5.9,1
CUST-00402,Female,74.0,55.0,74.45,4139.43,Month-to-month,No,Mailed check,2.0,0.0,231.0,17.5,0
CUST-00403,Male,70.0,62.0,116.28,7209.36,Month-to-month,DSL,Electronic check,2.0,0.0,160.9,23.6,1
CUST-00404,Male,43.0,30.0,27.56,918.28,Month-to-month,DSL,Bank transfer (automatic),2.0,0.0,69.2,5.1,0
CUST-00405,Female,58.0,55.0,56.57,3090.87,One year,DSL,Mailed check,1.0,0.0,168.1,3.3,0
CUST-00406,Female,52.0,16.0,42.54,716.26,Month-to-month,Fiber optic,Bank transfer (automatic),0.0,1.0,232.0,22.5,0
CUST-00407,Female,69.0,12.0,39.58,589.04,Month-to-month,DSL,Electronic check,3.0,1.0,269.7,9.2,1
CUST-00408,Female,42.0,17.0,34.08,548.48,Month-to-month,DSL,Credit card (automatic),3.0,0.0,239.0,28.5,1
CUST-00409,Female,43.0,16.0,82.24,1239.09,Two year,DSL,Bank transfer (automatic),3.0,0.0,66.6,21.4,0
CUST-00410,Female,28.0,12.0,98.13,1083.56,Two year,DSL,Electronic check,1.0,0.0,183.9,9.8,0
CUST-00411,Male,55.0,8.0,77.83,658.28,Two year,Fiber optic,Electronic check,2.0,0.0,106.3,8.7,0
CUST-00412,Female,19.0,3.0,34.7,20.0,Month-to-month,Fiber optic,Credit card (automatic),0.0,0.0,12.7,15.7,0
CUST-00413,Female,24.0,16.0,101.11,1599.14,Month-to-month,DSL,Credit card (automatic),1.0,0.0,68.1,2.4,0
CUST-00414,Male,35.0,30.0,83.6,2529.87,Month-to-month,Fiber optic,Electronic check,2.0,1.0,42.8,3.5,1
CUST-00415,Male,44.0,23.0,58.82,1362.12,Month-to-month,No,Electronic check,0.0,0.0,254.4,5.3,0
CUST-00416,Male,51.0,5.0,87.41,458.32,Month-to-month,Fiber optic,Bank transfer (automatic),2.0,0.0,85.0,23.2,1
CUST-00417,Male,44.0,65.0,45.99,3000.46,One year,DSL,Electronic check,4.0,2.0,92.6,15.4,0
CUST-00418,Female,34.0,30.0,54.52,1699.54,Two year,Fiber optic,Electronic check,3.0,1.0,288.4,0.3,0
CUST-00419,Female,60.0,21.0,111.75,2299.13,Two year,DSL,Bank transfer (automatic),3.0,0.0,119.9,20.2,1
CUST-00420,Female,61.0,70.0,49.05,3399.65,Month-to-month,DSL,Mailed check,5.0,1.0,12.8,12.7,1
CUST-00421,Female,68.0,22.0,67.0,1435.37,One year,DSL,Bank transfer (automatic),3.0,2.0,92.3,15.3,0
CUST-00422,Female,71.0,32.0,109.01,3529.83,Month-to-month,Fiber optic,Bank transfer (automatic),3.0,0.0,44.6,6.4,1
CUST-00423,Female,41.0,33.0,90.77,3040.43,Month-to-month,DSL,Credit card (automatic),2.0,1.0,39.8,16.6,1
CUST-00424,Male,42.0,16.0,26.22,442.08,One year,DSL,Bank transfer (automatic),1.0,0.0,32.5,29.4,0
CUST-00425,Female,24.0,38.0,34.73,1378.91,Month-to-month,DSL,Electronic check,2.0,0.0,182.0,2.2,0
CUST-00426,Male,69.0,14.0,20.78,232.02,Month-to-month,No,Electronic check,1.0,2.0,64.9,8.5,0
CUST-00427,Male,23.0,36.0,83.09,3074.6,Month-to-month,Fiber optic,Electronic check,0.0,0.0,114.8,7.3,1
CUST-00428,Female,70.0,23.0,64.77,1565.87,One year,DSL,Mailed check,2.0,2.0,260.0,7.5,1
CUST-00429,Male,41.0,66.0,33.43,2243.16,One year,Fiber optic,Electronic check,4.0,1.0,133.1,11.4,0
CUST-00430,Female,50.0,2.0,115.79,320.67,Month-to-month,Fiber optic,Mailed check,2.0,1.0,275.6,24.5,1
CUST-00431,Male,66.0,65.0,72.97,4660.22,Two year,Fiber optic,Electronic check,3.0,2.0,154.4,27.4,0
CUST-00432,Female,46.0,67.0,44.19,2934.51,Month-to-month,DSL,Bank transfer (automatic),0.0,1.0,125.7,6.1,0
CUST-00433,Male,60.0,52.0,70.06,3606.35,Month-to-month,No,Credit card (automatic),0.0,0.0,227.6,16.3,0
CUST-00434,Female,39.0,62.0,87.96,5489.59,One year,DSL,Electronic check,2.0,0.0,31.2,19.1,0
CUST-00435,Female,43.0,23.0,27.62,582.75,One year,Fiber optic,Mailed check,4.0,1.0,35.9,15.7,0
CUST-00436,Female,45.0,26.0,47.47,1272.09,Two year,DSL,Mailed check,2.0,1.0,199.1,13.0,0
CUST-00437,Female,67.0,68.0,100.7,6916.13,Month-to-month,DSL,Credit card (automatic),1.0,1.0,151.2,5.8,0
CUST-00438,Female,38.0,55.0,65.97,3663.11,One year,DSL,Electronic check,1.0,0.0,239.2,14.6,0
CUST-00439,Male,66.0,6.0,74.66,462.15,One year,Fiber optic,Bank transfer (automatic),2.0,2.0,275.7,12.0,0
CUST-00440,Male,24.0,35.0,63.28,2165.41,Two year,DSL,Electronic check,1.0,0.0,122.6,23.9,0
CUST-00441,Male,34.0,22.0,24.39,494.24,Month-to-month,Fiber optic,Electronic check,1.0,1.0,183.0,22.9,0
CUST-00443,Male,58.0,15.0,64.55,1007.22,One year,Fiber optic,Electronic check,2.0,1.0,294.7,2.7,0
CUST-00444,Female,66.0,60.0,40.92,2453.25,Month-to-month,Fiber optic,Bank transfer (automatic),1.0,0.0,251.0,27.2,0
CUST-00445,Female,37.0,12.0,25.0,279.1,Month-to-month,Fiber optic,Mailed check,0.0,0.0,274.4,16.1,0
CUST-00446,Male,71.0,49.0,104.36,5012.35,Month-to-month,Fiber optic,Credit card (automatic),1.0,0.0,83.8,25.7,0
CUST-00447,Male,39.0,42.0,118.12,4907.5,One year,Fiber optic,Bank transfer (automatic),2.0,0.0,234.0,1.7,0
CUST-00448,Female,45.0,38.0,99.31,3869.35,Two year,DSL,Mailed check,2.0,0.0,87.0,15.8,0
CUST-00449,Male,57.0,45.0,105.38,4678.08,One year,Fiber optic,Credit card (automatic),1.0,1.0,70.5,16.2,0
CUST-00450,Female,66.0,35.0,44.2,1556.47,One year,DSL,Credit card (automatic),0.0,1.0,283.8,25.8,0
CUST-00451,Female,24.0,30.0,116.06,3532.17,Month-to-month,Fiber optic,Mailed check,3.0,0.0,15.6,2.9,1
CUST-00452,Female,18.0,30.0,39.69,1127.95,Month-to-month,Fiber optic,Mailed check,4.0,1.0,290.0,7.2,0
CUST-00453,Female,49.0,6.0,115.14,700.08,Month-to-month,DSL,Bank transfer (automatic),1.0,2.0,53.3,12.2,1
CUST-00454,Female,30.0,67.0,119.48,8052.06,Month-to-month,DSL,Electronic check,3.0,0.0,247.6,26.0,0
CUST-00455,Male,47.0,7.0,91.17,638.81,Month-to-month,Fiber optic,Electronic check,4.0,2.0,90.0,28.2,1
CUST-00456,Male,40.0,52.0,118.11,6285.14,Month-to-month,Fiber optic,Electronic check,1.0,1.0,111.7,29.8,1
CUST-00457,Female,68.0,14.0,76.95,993.87,Month-to-month,No,Electronic check,3.0,1.0,72.9,28.8,0
CUST-00458,Female,73.0,15.0,45.95,742.19,Month-to-month,Fiber optic,Electronic check,2.0,0.0,179.8,0.2,1
CUST-00459,Male,36.0,21.0,63.7,1329.06,Month-to-month,Fiber optic,Bank transfer (automatic),1.0,2.0,110.9,1.4,0
CUST-00460,Male,49.0,35.0,79.36,2816.2,Month-to-month,No,Credit card (automatic),2.0,0.0,200.6,4.4,0
CUST-00461,Female,47.0,66.0,27.31,1824.53,Month-to-month,DSL,Bank transfer (automatic),1.0,0.0,14.5,10.5,0
CUST-00463,Female,66.0,35.0,118.12,4145.65,Two year,Fiber optic,Bank transfer (automatic),2.0,0.0,38.9,26.8,0
CUST-00464,Male,62.0,20.0,39.01,687.3,One year,Fiber optic,Credit card (automatic),1.0,3.0,131.5,5.6,1
CUST-00465,Female,46.0,10.0,99.26,1022.76,Month-to-month,No,Bank transfer (automatic),2.0,1.0,246.3,18.6,0
CUST-00466,Male,47.0,25.0,110.79,2784.66,One year,Fiber optic,Bank transfer (automatic),3.0,1.0,267.6,27.5,0
CUST-00467,Female,33.0,66.0,114.37,7580.35,Two year,DSL,Credit card (automatic),2.0,1.0,81.0,13.9,0
CUST-00468,Male,57.0,25.0,116.01,2953.16,One year,Fiber optic,Bank transfer (automatic),1.0,2.0,176.6,3.1,1
CUST-00469,Male,36.0,54.0,72.15,3914.48,Month-to-month,DSL,Electronic check,2.0,1.0,232.8,13.7,0
CUST-00470,Female,35.0,33.0,117.73,3892.49,One year,DSL,Mailed check,4.0,1.0,93.8,11.3,0
CUST-00471,Male,18.0,36.0,95.73,3402.23,Two year,Fiber optic,Bank transfer (automatic),5.0,0.0,128.6,17.3,0
CUST-00472,Female,31.0,14.0,36.17,470.77,One year,DSL,Mailed check,2.0,0.0,162.0,13.2,0
CUST-00473,Male,68.0,65.0,67.69,4459.19,One year,Fiber optic,Bank transfer (automatic),0.0,1.0,49.1,0.5,0
CUST-00474,Female,64.0,54.0,91.83,5030.64,Month-to-month,Fiber optic,Bank transfer (automatic),2.0,1.0,17.5,29.8,1
CUST-00475,Male,67.0,52.0,44.73,2314.05,Month-to-month,Fiber optic,Electronic check,4.0,2.0,54.3,16.3,1
CUST-00476,Female,19.0,3.0,84.06,254.48,Month-to-month,DSL,Credit card (automatic),1.0,0.0,191.8,14.2,1
CUST-00477,Male,71.0,41.0,86.66,3507.83,One year,DSL,Mailed check,4.0,1.0,31.3,28.6,0
CUST-00478,Female,45.0,6.0,36.27,276.26,Month-to-month,DSL,Credit card (automatic),1.0,1.0,65.0,4.7,1
CUST-00479,Male,66.0,25.0,76.51,1946.02,Month-to-month,No,Electronic check,0.0,2.0,108.0,5.7,0
CUST-00480,Female,67.0,13.0,97.16,1360.14,Month-to-month,Fiber optic,Electronic check,1.0,0.0,32.6,24.2,0
CUST-00481,Female,47.0,8.0,69.89,515.2,Month-to-month,Fiber optic,Mailed check,2.0,0.0,65.6,7.8,0
CUST-00482,Female,55.0,21.0,21.21,426.51,Month-to-month,DSL,Credit card (automatic),2.0,2.0,274.3,24.0,0
CUST-00483,Male,68.0,68.0,20.9,1432.77,One year,No,Electronic check,2.0,0.0,15.6,8.1,0
CUST-00484,Female,21.0,25.0,55.7,1424.82,One year,DSL,Bank transfer (automatic),3.0,0.0,199.5,1.0,0
CUST-00485,Male,18.0,68.0,112.62,7647.38,Month-to-month,DSL,Bank transfer (automatic),4.0,0.0,121.5,15.5,1
CUST-00486,Female,25.0,45.0,42.87,1885.5,Month-to-month,Fiber optic,Bank transfer (automatic),2.0,0.0,205.1,5.9,1
CUST-00487,Male,46.0,60.0,83.44,5050.47,Month-to-month,No,Credit card (automatic),0.0,2.0,180.7,22.7,0
CUST-00488,Female,72.0,12.0,42.21,542.58,Two year,DSL,Bank transfer (automatic),2.0,1.0,74.8,19.2,1
CUST-00489,Male,56.0,32.0,52.17,1623.63,Month-to-month,DSL,Bank transfer (automatic),2.0,1.0,255.7,27.7,0
CUST-00490,Male,20.0,13.0,104.8,1430.17,Month-to-month,No,Electronic check,1.0,0.0,152.7,23.5,0
CUST-00491,Female,49.0,31.0,92.89,2938.1,Month-to-month,DSL,Electronic check,1.0,2.0,248.5,5.4,0
CUST-00492,Male,27.0,20.0,29.54,597.51,One year,DSL,Bank transfer (automatic),1.0,2.0,127.7,24.0,0
CUST-00493,Male,27.0,18.0,62.87,1135.64,Two year,Fiber optic,Bank transfer (automatic),1.0,2.0,295.6,19.3,0
CUST-00494,Female,36.0,60.0,22.92,1402.9,Two year,No,Electronic check,2.0,1.0,233.4,20.1,0
CUST-00495,Male,63.0,63.0,68.09,4246.58,One year,Fiber optic,Mailed check,1.0,1.0,290.1,25.0,0
CUST-00496,Male,51.0,6.0,86.24,518.94,Month-to-month,No,Credit card (automatic),1.0,0.0,159.2,17.2,1
CUST-00497,Male,50.0,32.0,31.85,911.58,Month-to-month,Fiber optic,Credit card (automatic),3.0,1.0,147.4,14.0,0
CUST-00498,Female,40.0,43.0,48.89,2146.09,Month-to-month,DSL,Electronic check,4.0,0.0,229.1,19.1,1
CUST-00499,Male,72.0,2.0,59.78,41.49,Month-to-month,No,Credit card (automatic),4.0,0.0,265.3,8.9,1
CUST-00500,Female,45.0,60.0,111.95,6792.17,Month-to-month,Fiber optic,Electronic check,2.0,0.0,289.6,5.5,1
CUST-00501,Male,49.0,23.0,119.33,2728.08,Month-to-month,DSL,Electronic check,2.0,1.0,104.1,18.5,1
CUST-00502,Male,67.0,31.0,24.49,748.61,Month-to-month,Fiber optic,Electronic check,0.0,1.0,241.6,7.0,0
CUST-00503,Male,24.0,5.0,96.1,449.11,Two year,DSL,Electronic check,1.0,1.0,71.1,2.4,0
CUST-00504,Female,46.0,34.0,57.17,1929.38,One year,DSL,Mailed check,0.0,2.0,168.2,0.0,0
CUST-00505,Male,25.0,10.0,59.25,663.43,Two year,DSL,Bank transfer (automatic),1.0,1.0,62.2,18.2,0
CUST-00506,Male,18.0,2.0,95.43,66.47,One year,Fiber optic,Bank transfer (automatic),1.0,4.0,110.7,10.9,1
CUST-00507,Female,74.0,11.0,111.84,1294.09,Month-to-month,Fiber optic,Mailed check,3.0,0.0,280.1,22.6,1
CUST-00508,Male,72.0,50.0,115.09,5771.4,One year,Fiber optic,Credit card (automatic),2.0,0.0,52.4,11.3,0
CUST-00509,Female,20.0,31.0,77.71,2348.66,Month-to-month,No,Credit card (automatic),1.0,1.0,193.4,14.6,0
CUST-00510,Female,41.0,56.0,55.71,3065.99,One year,DSL,Bank transfer (automatic),1.0,0.0,182.0,12.2,0
CUST-00511,Male,40.0,9.0,98.75,972.57,Month-to-month,DSL,Credit card (automatic),3.0,1.0,45.0,19.5,1
CUST-00512,Female,25.0,21.0,45.1,899.82,Two year,DSL,Bank transfer (automatic),0.0,0.0,104.5,10.7,0
CUST-00513,Male,71.0,28.0,76.41,2081.81,Month-to-month,DSL,Bank transfer (automatic),6.0,1.0,173.3,28.9,1
CUST-00514,Female,74.0,62.0,55.86,3520.19,Month-to-month,DSL,Mailed check,2.0,1.0,64.3,28.1,0
CUST-00515,Female,64.0,7.0,85.66,616.55,Two year,Fiber optic,Credit card (automatic),3.0,1.0,242.2,25.4,0
CUST-00516,Male,54.0,16.0,44.04,657.74,Month-to-month,No,Mailed check,3.0,0.0,291.9,27.6,1
CUST-00517,Female,20.0,4.0,39.16,167.47,One year,No,Bank transfer (automatic),0.0,2.0,72.3,13.5,0
CUST-00518,Female,68.0,4.0,111.82,395.99,One year,DSL,Bank transfer (automatic),2.0,0.0,64.2,16.1,1
CUST-00519,Female,50.0,40.0,30.18,1262.24,Two year,No,Bank transfer (automatic),2.0,1.0,141.9,22.3,0
CUST-00520,Female,45.0,17.0,70.6,1253.27,Two year,DSL,Electronic check,1.0,2.0,226.9,20.9,0
CUST-00521,Female,64.0,52.0,42.09,2215.28,Two year,DSL,Electronic check,2.0,1.0,91.7,26.7,0
CUST-00522,Male,25.0,52.0,23.89,1260.36,Month-to-month,No,Electronic check,1.0,0.0,15.8,21.5,0
CUST-00523,Female,51.0,36.0,23.6,937.66,Two year,Fiber optic,Mailed check,2.0,1.0,167.0,29.9,0
CUST-00524,Male,52.0,38.0,37.52,1425.74,One year,DSL,Bank transfer (automatic),2.0,1.0,287.4,10.5,1
CUST-00525,Female,49.0,50.0,106.68,5274.91,One year,Fiber optic,Credit card (automatic),4.0,1.0,123.5,25.0,1
CUST-00526,Male,41.0,63.0,48.25,3062.22,Month-to-month,DSL,Mailed check,1.0,0.0,131.8,20.9,0
CUST-00527,Male,31.0,63.0,115.05,7352.45,One year,Fiber optic,Mailed check,2.0,1.0,291.0,20.7,0
CUST-00528,Female,49.0,62.0,78.16,4795.18,Two year,Fiber optic,Mailed check,2.0,0.0,211.4,9.8,0
CUST-00529,Female,73.0,7.0,63.66,427.55,Two year,No,Credit card (automatic),2.0,0.0,218.6,23.6,0
CUST-00530,Female,63.0,27.0,78.01,2127.09,Month-to-month,DSL,Bank transfer (automatic),3.0,0.0,173.2,27.0,1
CUST-00531,Male,60.0,14.0,71.67,1000.68,Month-to-month,DSL,Electronic check,3.0,2.0,292.6,6.6,1
CUST-00532,Female,33.0,71.0,95.88,6758.36,Month-to-month,Fiber optic,Bank transfer (automatic),0.0,1.0,209.8,18.8,0
CUST-00533,Male,21.0,5.0,48.25,297.34,Two year,Fiber optic,Bank transfer (automatic),2.0,1.0,269.6,11.8,0
CUST-00534,Male,69.0,55.0,55.31,3158.05,One year,DSL,Mailed check,2.0,1.0,212.8,29.7,0
CUST-00535,Male,54.0,2.0,109.41,228.63,Month-to-month,Fiber optic,Mailed check,3.0,1.0,223.2,14.4,1
CUST-00536,Female,71.0,62.0,114.65,7063.1,Month-to-month,No,Mailed check,3.0,0.0,94.2,6.8,0
CUST-00537,Female,38.0,21.0,109.26,2217.01,Month-to-month,No,Electronic check,1.0,1.0,98.0,11.5,0
CUST-00538,Male,31.0,21.0,61.94,1313.64,Month-to-month,Fiber optic,Electronic check,1.0,1.0,237.1,19.6,1
CUST-00539,Male,48.0,10.0,98.04,1035.59,Two year,No,Electronic check,1.0,2.0,96.0,2.3,0
CUST-00540,Female,72.0,58.0,67.63,3946.3,One year,Fiber optic,Bank transfer (automatic),0.0,2.0,173.2,18.1,0
CUST-00541,Male,65.0,39.0,69.75,2720.13,Month-to-month,Fiber optic,Mailed check,0.0,1.0,82.3,27.9,0
CUST-00542,Female,35.0,5.0,40.47,172.89,Month-to-month,DSL,Credit card (automatic),0.0,1.0,246.9,25.5,0
CUST-00543,Male,24.0,65.0,79.11,5087.54,Month-to-month,DSL,Bank transfer (automatic),2.0,1.0,42.0,2.0,1
CUST-00544,Female,27.0,13.0,38.61,543.67,Two year,DSL,Electronic check,5.0,0.0,250.5,29.8,0
CUST-00545,Male,24.0,53.0,53.16,2863.17,Month-to-month,Fiber optic,Credit card (automatic),4.0,0.0,184.8,21.0,0
CUST-00546,Female,50.0,45.0,105.5,4670.21,Month-to-month,DSL,Credit card (automatic),2.0,1.0,64.2,4.9,0
CUST-00547,Male,40.0,32.0,40.71,1382.21,Month-to-month,No,Mailed check,3.0,0.0,167.2,0.4,0
CUST-00548,Female,38.0,36.0,27.12,1005.02,One year,DSL,Credit card (automatic),2.0,0.0,91.9,5.1,0
CUST-00549,Female,36.0,60.0,26.9,1683.98,One year,DSL,Electronic check,0.0,4.0,103.8,25.1,0
CUST-00550,Male,65.0,11.0,114.08,1187.77,One year,Fiber optic,Mailed check,0.0,1.0,111.9,0.6,1
CUST-00552,Female,53.0,21.0,60.94,1272.29,Month-to-month,DSL,Mailed check,2.0,0.0,295.9,22.7,0
CUST-00553,Male,46.0,52.0,101.09,5281.82,Month-to-month,DSL,Credit card (automatic),1.0,1.0,19.1,17.6,1
CUST-00554,Female,35.0,55.0,103.58,5786.72,One year,Fiber optic,Bank transfer (automatic),1.0,0.0,202.1,23.5,0
CUST-00555,Male,19.0,26.0,53.22,1419.02,Month-to-month,Fiber optic,Bank transfer (automatic),0.0,1.0,117.7,22.4,0
CUST-00557,Female,64.0,34.0,97.11,3250.42,Two year,Fiber optic,Bank transfer (automatic),1.0,1.0,113.3,26.8,0
CUST-00558,Female,22.0,52.0,85.47,4505.94,Two year,Fiber optic,Bank transfer (automatic),2.0,1.0,205.4,6.8,0
CUST-00559,Female,37.0,52.0,35.16,1780.08,Month-to-month,DSL,Bank transfer (automatic),2.0,1.0,221.5,16.6,0
CUST-00560,Female,28.0,29.0,107.59,3201.53,Month-to-month,DSL,Credit card (automatic),2.0,2.0,210.3,19.3,1
CUST-00561,Female,59.0,38.0,73.91,2794.36,Month-to-month,Fiber optic,Credit card (automatic),1.0,2.0,43.0,5.1,0
CUST-00562,Male,19.0,42.0,48.25,2106.03,One year,DSL,Mailed check,0.0,2.0,200.5,29.3,0
CUST-00563,Male,20.0,21.0,62.52,1346.87,Two year,DSL,Credit card (automatic),1.0,0.0,91.2,14.6,0
CUST-00564,Male,40.0,42.0,23.76,991.07,Month-to-month,Fiber optic,Bank transfer (automatic),0.0,0.0,18.4,1.7,0
CUST-00565,Female,72.0,13.0,32.79,400.3,Month-to-month,Fiber optic,Credit card (automatic),4.0,3.0,130.3,28.1,1
CUST-00566,Female,29.0,64.0,96.55,6162.15,Two year,DSL,Electronic check,2.0,0.0,135.7,17.6,0
CUST-00567,Female,37.0,17.0,20.0,361.42,Two year,DSL,Mailed check,1.0,0.0,145.5,21.0,0
CUST-00568,Female,22.0,9.0,61.66,558.8,Month-to-month,No,Mailed check,5.0,2.0,214.4,15.8,1
CUST-00569,Male,54.0,41.0,72.25,2932.56,One year,No,Credit card (automatic),1.0,0.0,99.6,25.0,0
CUST-00570,Male,55.0,1.0,25.46,20.0,Month-to-month,Fiber optic,Bank transfer (automatic),2.0,2.0,101.4,1.0,1
CUST-00571,Female,47.0,2.0,117.31,238.55,Month-to-month,Fiber optic,Mailed check,3.0,1.0,27.6,8.1,1
CUST-00572,Male,26.0,60.0,42.61,2450.16,Two year,Fiber optic,Electronic check,1.0,0.0,209.2,14.1,0
CUST-00573,Male,51.0,48.0,50.42,2443.07,Two year,No,Electronic check,1.0,0.0,174.7,2.3,0
CUST-00574,Female,70.0,29.0,50.39,1412.32,One year,No,Mailed check,2.0,1.0,111.3,21.2,1
CUST-00575,Male,61.0,10.0,43.04,372.73,Month-to-month,DSL,Bank transfer (automatic),1.0,0.0,214.5,11.8,0
CUST-00576,Female,52.0,58.0,20.15,1084.33,Two year,Fiber optic,Bank transfer (automatic),1.0,0.0,165.8,8.2,0
CUST-00577,Male,69.0,60.0,92.93,5486.11,Month-to-month,DSL,Credit card (automatic),2.0,3.0,146.1,0.1,1
CUST-00578,Female,39.0,21.0,116.68,2382.51,Month-to-month,DSL,Credit card (automatic),0.0,0.0,158.3,21.6,0
CUST-00579,Female,61.0,28.0,42.43,1152.59,Month-to-month,Fiber optic,Mailed check,3.0,0.0,194.5,25.0,0
CUST-00580,Female,41.0,34.0,86.3,3031.86,Month-to-month,Fiber optic,Credit card (automatic),1.0,0.0,201.4,11.9,0
CUST-00581,Female,34.0,8.0,94.19,727.23,One year,No,Credit card (automatic),1.0,1.0,93.8,16.9,1
CUST-00582,Male,27.0,59.0,104.84,6194.45,One year,DSL,Credit card (automatic),1.0,2.0,50.8,6.8,0
CUST-00583,Female,47.0,49.0,62.26,3070.76,Month-to-month,Fiber optic,Electronic check,3.0,0.0,55.4,18.7,1
CUST-00584,Female,73.0,17.0,50.29,861.48,Month-to-month,No,Credit card (automatic),3.0,1.0,195.4,0.4,1
CUST-00585,Female,63.0,60.0,52.53,3147.93,Month-to-month,No,Mailed check,1.0,0.0,263.1,14.7,0
CUST-00586,Male,40.0,45.0,91.26,4046.94,Month-to-month,DSL,Bank transfer (automatic),2.0,0.0,128.8,19.3,1
CUST-00587,Female,49.0,69.0,101.68,7088.47,One year,DSL,Credit card (automatic),1.0,0.0,59.2,27.5,0
CUST-00588,Male,34.0,32.0,38.16,1311.48,Two year,Fiber optic,Bank transfer (automatic),3.0,0.0,229.4,11.4,0
CUST-00589,Female,67.0,44.0,57.09,2427.83,Month-to-month,DSL,Credit card (automatic),0.0,2.0,251.4,23.0,0
CUST-00590,Male,68.0,65.0,110.19,7111.15,Month-to-month,No,Mailed check,3.0,0.0,265.4,17.9,0
CUST-00591,Male,34.0,8.0,100.67,791.37,One year,No,Electronic check,2.0,1.0,186.0,27.8,0
CUST-00592,Female,31.0,43.0,118.49,5046.84,Two year,DSL,Mailed check,0.0,0.0,259.6,12.0,0
CUST-00593,Male,26.0,1.0,95.42,120.72,Month-to-month,DSL,Electronic check,2.0,0.0,14.5,9.6,1
CUST-00594,Female,57.0,51.0,59.32,2988.91,Month-to-month,DSL,Credit card (automatic),1.0,0.0,41.1,26.6,1
CUST-00595,Female,19.0,24.0,79.06,2005.69,One year,No,Credit card (automatic),1.0,2.0,36.8,1.5,0
CUST-00596,Female,62.0,24.0,86.1,2125.93,Month-to-month,DSL,Electronic check,3.0,0.0,216.7,4.1,0
CUST-00597,Male,42.0,17.0,27.85,484.08,Month-to-month,Fiber optic,Mailed check,3.0,0.0,30.2,2.5,1
CUST-00598,Male,56.0,5.0,74.45,423.6,One year,Fiber optic,Mailed check,4.0,0.0,153.9,25.3,0
CUST-00599,Female,26.0,20.0,90.93,1873.9,One year,Fiber optic,Electronic check,3.0,2.0,147.1,0.3,0
CUST-00600,Female,71.0,21.0,36.73,743.13,One year,DSL,Credit card (automatic),0.0,3.0,100.1,25.8,0
CUST-00601,Male,39.0,58.0,98.06,5646.67,One year,DSL,Electronic check,1.0,0.0,262.4,13.5,0
CUST-00602,Female,60.0,31.0,78.38,2433.69,One year,No,Credit card (automatic),1.0,1.0,59.4,0.1,0
CUST-00603,Female,63.0,11.0,115.22,1310.5,Month-to-month,No,Electronic check,2.0,3.0,112.2,12.0,1
CUST-00604,Female,21.0,52.0,24.24,1267.43,Month-to-month,Fiber optic,Credit card (automatic),2.0,1.0,234.5,5.6,0
CUST-00605,Male,43.0,15.0,46.53,619.1,Month-to-month,DSL,Electronic check,1.0,1.0,18.8,18.7,1
CUST-00606,Male,46.0,7.0,80.16,520.98,Month-to-month,DSL,Bank transfer (automatic),4.0,1.0,205.2,20.4,0
CUST-00607,Male,62.0,28.0,49.66,1386.78,One year,Fiber optic,Credit card (automatic),0.0,0.0,246.8,14.6,0
CUST-00608,Female,51.0,51.0,91.44,4659.66,Two year,DSL,Mailed check,2.0,2.0,280.4,1.2,1
CUST-00609,Female,40.0,58.0,95.9,5660.83,Two year,No,Electronic check,1.0,1.0,264.1,19.7,0
CUST-00610,Female,54.0,5.0,30.25,81.95,One year,Fiber optic,Mailed check,0.0,2.0,102.6,25.3,0
CUST-00611,Male,28.0,5.0,71.39,382.23,Month-to-month,DSL,Electronic check,4.0,0.0,180.0,21.6,0
CUST-00612,Female,23.0,8.0,70.89,641.58,Month-to-month,No,Mailed check,1.0,1.0,32.4,24.9,1
CUST-00613,Female,35.0,64.0,56.93,3757.09,Two year,No,Mailed check,2.0,0.0,84.8,6.0,0
CUST-00614,Female,38.0,10.0,113.29,1112.68,One year,DSL,Electronic check,0.0,1.0,37.3,26.7,0
CUST-00615,Female,59.0,38.0,102.75,3929.07,One year,Fiber optic,Electronic check,2.0,0.0,101.4,9.7,0
CUST-00616,Male,53.0,8.0,89.72,746.25,One year,DSL,Mailed check,3.0,1.0,263.8,0.4,1
CUST-00617,Male,58.0,25.0,91.43,2295.52,One year,DSL,Mailed check,2.0,0.0,110.7,25.3,0
CUST-00618,Female,55.0,66.0,66.17,4362.28,Two year,DSL,Mailed check,2.0,0.0,173.0,28.3,0
CUST-00619,Male,51.0,50.0,112.1,5626.8,Month-to-month,Fiber optic,Credit card (automatic),1.0,1.0,135.7,19.7,0
CUST-00620,Male,34.0,67.0,89.46,5867.21,One year,No,Credit card (automatic),2.0,1.0,143.1,6.9,0
CUST-00621,Female,54.0,49.0,92.9,4586.2,Two year,Fiber optic,Bank transfer (automatic),1.0,0.0,291.2,7.6,0
CUST-00622,Female,42.0,36.0,106.17,3828.43,Month-to-month,DSL,Credit card (automatic),4.0,0.0,95.9,14.0,1
CUST-00623,Male,55.0,68.0,47.41,3212.76,One year,Fiber optic,Credit card (automatic),2.0,0.0,191.9,26.9,0
CUST-00624,Female,29.0,41.0,100.71,4231.45,Month-to-month,DSL,Electronic check,2.0,1.0,131.8,4.5,1
CUST-00626,Female,70.0,10.0,54.53,525.15,Month-to-month,Fiber optic,Bank transfer (automatic),3.0,0.0,151.9,8.7,1
CUST-00627,Male,59.0,21.0,53.56,1224.34,One year,DSL,Credit card (automatic),1.0,1.0,245.9,24.3,0
CUST-00628,Female,39.0,36.0,117.85,4201.0,Month-to-month,DSL,Electronic check,4.0,2.0,38.6,27.6,1
CUST-00629,Male,38.0,12.0,105.65,1267.8000000000002,One year,Fiber optic,Electronic check,1.0,0.0,30.2,12.8,1
CUST-00630,Male,44.0,2.0,90.12,172.89,Month-to-month,DSL,Bank transfer (automatic),0.0,0.0,54.6,11.0,1
CUST-00631,Male,74.0,13.0,92.71,1247.27,Month-to-month,Fiber optic,Electronic check,1.0,1.0,231.7,24.1,1
CUST-00632,Female,48.0,53.0,76.21,4049.52,Month-to-month,DSL,Mailed check,0.0,1.0,220.0,15.9,0
CUST-00633,Male,23.0,32.0,114.71,3606.09,Two year,DSL,Credit card (automatic),1.0,2.0,173.9,20.5,0
CUST-00634,Male,44.0,16.0,69.63,1087.47,Month-to-month,Fiber optic,Mailed check,3.0,1.0,145.8,18.7,1
CUST-00635,Female,57.0,32.0,58.05,1827.23,Month-to-month,No,Bank transfer (automatic),2.0,2.0,267.6,4.6,0
CUST-00636,Female,51.0,32.0,36.3,1157.74,One year,No,Bank transfer (automatic),0.0,2.0,232.3,25.3,0
CUST-00637,Male,29.0,11.0,98.62,1106.11,Month-to-month,DSL,Electronic check,4.0,1.0,245.5,5.9,0
CUST-00638,Male,62.0,10.0,93.44,955.31,Two year,DSL,Electronic check,2.0,2.0,245.8,28.0,1
CUST-00639,Female,74.0,15.0,58.44,787.8,Month-to-month,DSL,Bank transfer (automatic),2.0,0.0,196.4,7.5,1
CUST-00640,Female,70.0,17.0,22.52,436.04,One year,Fiber optic,Bank transfer (automatic),4.0,1.0,142.8,22.0,0
CUST-00641,Female,24.0,40.0,103.9,4168.63,Month-to-month,Fiber optic,Mailed check,3.0,0.0,260.8,8.5,0
CUST-00642,Female,27.0,18.0,21.14,449.75,Month-to-month,No,Mailed check,1.0,1.0,278.5,9.5,0
CUST-00643,Female,62.0,55.0,90.37,4992.56,One year,No,Electronic check,3.0,0.0,16.9,9.3,0
CUST-00644,Male,34.0,25.0,117.03,2980.82,One year,DSL,Mailed check,3.0,4.0,25.0,22.4,1
CUST-00645,Female,43.0,59.0,63.77,3785.76,One year,Fiber optic,Electronic check,1.0,0.0,288.0,16.7,0
CUST-00646,Male,38.0,22.0,43.5,1024.31,Month-to-month,No,Electronic check,0.0,0.0,90.4,26.5,0
CUST-00647,Male,45.0,30.0,90.49,2740.81,Month-to-month,Fiber optic,Credit card (automatic),2.0,4.0,263.3,9.2,1
CUST-00648,Male,63.0,44.0,101.71,4470.34,Month-to-month,DSL,Electronic check,4.0,0.0,122.8,20.8,1
CUST-00649,Female,19.0,32.0,74.64,2502.1,Two year,DSL,Mailed check,0.0,0.0,44.5,22.6,0
CUST-00650,Male,71.0,51.0,116.7,5996.15,Month-to-month,Fiber optic,Bank transfer (automatic),2.0,0.0,33.3,4.5,1
CUST-00651,Male,60.0,46.0,25.17,1186.51,Month-to-month,DSL,Bank transfer (automatic),4.0,0.0,55.4,12.0,0
CUST-00652,Female,18.0,21.0,70.48,1416.26,Month-to-month,DSL,Mailed check,3.0,1.0,82.5,14.5,1
CUST-00653,Male,68.0,32.0,91.85,2874.78,One year,DSL,Bank transfer (automatic),2.0,1.0,151.7,10.7,0
CUST-00654,Male,70.0,39.0,106.26,4158.78,Month-to-month,Fiber optic,Electronic check,5.0,0.0,213.4,9.7,1
CUST-00655,Female,53.0,12.0,37.93,462.44,Two year,DSL,Bank transfer (automatic),1.0,1.0,296.1,20.6,0
CUST-00656,Male,68.0,47.0,100.0,4669.29,Month-to-month,DSL,Mailed check,1.0,0.0,138.0,6.5,0
CUST-00657,Male,43.0,18.0,75.27,1361.91,Two year,DSL,Bank transfer (automatic),1.0,1.0,160.3,21.3,0
CUST-00658,Male,46.0,21.0,59.66,1332.29,Month-to-month,Fiber optic,Electronic check,1.0,3.0,161.3,28.1,1
CUST-00659,Female,38.0,13.0,33.17,465.98,One year,No,Electronic check,1.0,0.0,166.4,17.0,0
CUST-00660,Female,28.0,21.0,106.53,2180.08,Two year,Fiber optic,Mailed check,0.0,0.0,160.1,18.3,0
CUST-00661,Female,57.0,8.0,35.73,280.26,Month-to-month,Fiber optic,Mailed check,2.0,0.0,12.5,2.1,0
CUST-00662,Male,28.0,46.0,50.98,2304.83,Two year,No,Mailed check,2.0,0.0,10.5,25.9,0
CUST-00663,Male,53.0,7.0,49.0,323.62,Month-to-month,DSL,Credit card (automatic),1.0,2.0,38.3,8.6,1
CUST-00664,Female,66.0,23.0,107.14,2443.54,Two year,DSL,Credit card (automatic),3.0,0.0,39.5,18.5,1
CUST-00665,Male,56.0,22.0,87.27,1896.06,One year,DSL,Electronic check,2.0,0.0,214.4,29.4,0
CUST-00666,Male,57.0,22.0,99.67,2129.98,Month-to-month,DSL,Credit card (automatic),3.0,2.0,69.4,17.9,1
CUST-00667,Female,52.0,29.0,45.05,1300.07,Month-to-month,DSL,Credit card (automatic),3.0,1.0,269.5,21.7,1
CUST-00668,Female,71.0,13.0,82.49,1044.34,Month-to-month,No,Bank transfer (automatic),0.0,0.0,279.3,13.4,0
CUST-00669,Male,51.0,2.0,77.17,20.0,Month-to-month,Fiber optic,Credit card (automatic),1.0,0.0,293.0,1.8,1
CUST-00670,Male,72.0,29.0,103.28,3097.77,Month-to-month,Fiber optic,Bank transfer (automatic),4.0,0.0,282.3,23.9,1
CUST-00671,Male,64.0,52.0,110.61,5806.16,Month-to-month,No,Mailed check,1.0,2.0,88.8,1.0,1
CUST-00672,Female,41.0,27.0,21.22,554.12,Month-to-month,DSL,Bank transfer (automatic),2.0,1.0,157.8,21.0,0
CUST-00673,Female,71.0,50.0,87.4,4370.94,One year,DSL,Bank transfer (automatic),3.0,0.0,60.9,0.7,0
CUST-00674,Female,39.0,23.0,25.18,520.56,Month-to-month,Fiber optic,Mailed check,1.0,1.0,243.8,25.9,0
CUST-00675,Female,22.0,44.0,74.89,3379.95,Month-to-month,Fiber optic,Mailed check,1.0,0.0,267.6,4.7,0
CUST-00676,Male,73.0,22.0,48.76,1167.58,One year,DSL,Electronic check,4.0,2.0,256.9,15.4,0
CUST-00677,Female,50.0,43.0,50.68,2187.07,Month-to-month,Fiber optic,Electronic check,5.0,1.0,135.7,17.9,1
CUST-00678,Female,53.0,37.0,55.3,2097.28,Month-to-month,Fiber optic,Electronic check,1.0,3.0,230.0,13.7,1
CUST-00679,Female,64.0,61.0,82.13,5018.69,Month-to-month,Fiber optic,Electronic check,1.0,0.0,38.3,10.2,0
CUST-00680,Female,37.0,56.0,53.4,2923.56,Two year,Fiber optic,Bank transfer (automatic),5.0,0.0,21.7,14.0,0
CUST-00681,Female,36.0,3.0,93.27,259.22,Two year,DSL,Bank transfer (automatic),0.0,0.0,228.4,9.3,0
CUST-00682,Male,52.0,63.0,60.45,3814.95,Month-to-month,DSL,Electronic check,2.0,2.0,133.4,13.1,1
CUST-00683,Male,69.0,19.0,26.84,487.23,One year,Fiber optic,Credit card (automatic),1.0,0.0,298.7,10.8,0
CUST-00684,Female,60.0,23.0,98.38,2251.81,Month-to-month,DSL,Electronic check,2.0,0.0,38.2,17.0,1
CUST-00685,Male,34.0,29.0,48.58,1404.25,One year,No,Credit card (automatic),2.0,1.0,258.1,7.1,1
CUST-00686,Female,62.0,30.0,63.28,1894.36,One year,Fiber optic,Mailed check,1.0,0.0,149.2,29.7,0
CUST-00687,Female,60.0,39.0,88.54,3455.67,One year,DSL,Bank transfer (automatic),3.0,1.0,249.9,15.0,0
CUST-00688,Male,51.0,25.0,53.25,1278.22,Month-to-month,Fiber optic,Bank transfer (automatic),2.0,1.0,247.0,5.8,0
CUST-00689,Male,26.0,8.0,25.66,169.43,Month-to-month,Fiber optic,Credit card (automatic),2.0,0.0,275.6,14.3,0
CUST-00690,Female,43.0,58.0,57.39,3264.39,Month-to-month,DSL,Electronic check,1.0,1.0,96.4,26.0,0
CUST-00691,Female,19.0,16.0,114.44,1879.93,Two year,Fiber optic,Bank transfer (automatic),1.0,1.0,285.4,0.7,1
CUST-00692,Female,70.0,1.0,84.17,20.0,One year,No,Credit card (automatic),0.0,0.0,54.0,20.4,0
CUST-00693,Male,26.0,5.0,87.15,493.43,Two year,Fiber optic,Mailed check,2.0,2.0,33.8,16.4,1
CUST-00694,Female,26.0,3.0,83.23,319.01,Two year,DSL,Mailed check,1.0,0.0,135.2,5.1,0
CUST-00695,Female,57.0,65.0,39.9,2578.39,Month-to-month,Fiber optic,Bank transfer (automatic),4.0,0.0,250.2,24.5,1
CUST-00696,Female,34.0,4.0,61.83,117.16,One year,Fiber optic,Electronic check,3.0,0.0,147.3,11.1,0
CUST-00697,Male,18.0,64.0,95.09,6067.69,One year,DSL,Credit card (automatic),2.0,1.0,250.5,8.8,0
CUST-00698,Female,42.0,10.0,30.14,298.19,Two year,DSL,Bank transfer (automatic),0.0,0.0,221.6,24.8,0
CUST-00699,Female,60.0,21.0,47.79,953.06,Two year,No,Mailed check,2.0,1.0,70.7,19.2,0
CUST-00700,Male,57.0,46.0,47.63,2165.22,One year,DSL,Electronic check,2.0,2.0,285.2,26.9,0
CUST-00701,Female,59.0,27.0,63.2,1782.91,Month-to-month,Fiber optic,Credit card (automatic),4.0,2.0,27.6,18.9,0
CUST-00702,Female,42.0,66.0,118.04,7823.89,One year,Fiber optic,Bank transfer (automatic),1.0,0.0,270.5,22.2,0
CUST-00703,Male,56.0,41.0,26.75,1050.52,Month-to-month,Fiber optic,Credit card (automatic),1.0,2.0,98.3,25.1,0
CUST-00704,Female,52.0,13.0,71.87,854.43,One year,DSL,Electronic check,2.0,0.0,155.0,1.6,0
CUST-00705,Male,20.0,9.0,37.94,325.11,Two year,Fiber optic,Electronic check,6.0,1.0,132.5,23.3,0
CUST-00706,Male,67.0,36.0,117.07,4203.85,Month-to-month,DSL,Mailed check,1.0,1.0,59.8,18.4,0
CUST-00707,Female,54.0,58.0,31.33,1841.95,One year,Fiber optic,Electronic check,0.0,1.0,113.9,2.1,0
CUST-00708,Female,61.0,54.0,60.36,3232.67,Month-to-month,Fiber optic,Bank transfer (automatic),1.0,1.0,66.0,15.3,0
CUST-00709,Female,61.0,12.0,93.79,1151.05,Month-to-month,Fiber optic,Credit card (automatic),1.0,0.0,69.1,2.5,1
CUST-00710,Female,68.0,14.0,90.46,1363.2,Month-to-month,No,Electronic check,0.0,2.0,64.2,22.1,0
CUST-00711,Male,47.0,34.0,62.27,2157.96,One year,Fiber optic,Electronic check,1.0,1.0,151.8,16.4,0
CUST-00712,Female,55.0,53.0,54.65,2894.05,Two year,DSL,Bank transfer (automatic),1.0,2.0,241.4,28.6,0
CUST-00713,Male,51.0,20.0,59.76,1186.04,Two year,No,Credit card (automatic),4.0,1.0,175.0,5.5,0
CUST-00714,Female,29.0,16.0,46.43,725.05,Month-to-month,Fiber optic,Credit card (automatic),5.0,1.0,269.0,18.2,0
CUST-00715,Female,36.0,70.0,40.53,2896.13,Two year,DSL,Mailed check,1.0,0.0,194.6,6.3,0
CUST-00716,Female,54.0,56.0,68.3,3793.43,One year,DSL,Mailed check,0.0,0.0,209.9,18.4,0
CUST-00717,Male,61.0,58.0,46.85,2719.56,Month-to-month,Fiber optic,Credit card (automatic),1.0,0.0,203.6,21.7,0
CUST-00718,Female,66.0,4.0,48.75,197.56,Month-to-month,DSL,Bank transfer (automatic),1.0,1.0,140.3,21.7,1
CUST-00719,Female,34.0,4.0,85.68,317.63,Month-to-month,Fiber optic,Bank transfer (automatic),2.0,0.0,209.9,24.5,1
CUST-00720,Female,27.0,20.0,116.85,2268.38,Two year,Fiber optic,Mailed check,0.0,0.0,30.2,25.6,0
CUST-00721,Female,74.0,10.0,80.36,819.75,One year,DSL,Electronic check,5.0,0.0,259.4,2.3,1
CUST-00722,Male,72.0,24.0,27.7,661.75,One year,Fiber optic,Bank transfer (automatic),2.0,2.0,235.6,10.3,0
CUST-00723,Female,66.0,26.0,27.56,741.57,Month-to-month,DSL,Electronic check,2.0,1.0,81.1,20.6,0
CUST-00724,Male,64.0,37.0,115.14,4233.5,One year,Fiber optic,Bank transfer (automatic),1.0,4.0,232.7,15.0,0
CUST-00725,Male,29.0,54.0,49.73,2746.46,Month-to-month,Fiber optic,Credit card (automatic),1.0,2.0,13.7,5.7,0
CUST-00726,Male,33.0,21.0,29.21,569.57,Month-to-month,Fiber optic,Mailed check,0.0,0.0,73.0,16.6,0
CUST-00727,Male,41.0,38.0,79.9,3121.8,One year,Fiber optic,Electronic check,4.0,0.0,28.9,12.2,1
CUST-00728,Male,36.0,46.0,82.36,3701.18,Month-to-month,Fiber optic,Electronic check,3.0,1.0,236.3,11.7,0
CUST-00729,Male,25.0,4.0,84.85,361.14,Two year,Fiber optic,Credit card (automatic),2.0,0.0,229.2,24.3,0
CUST-00730,Female,48.0,60.0,46.74,2828.17,Month-to-month,DSL,Bank transfer (automatic),1.0,1.0,246.0,12.2,0
CUST-00731,Male,38.0,57.0,21.51,1186.29,One year,DSL,Electronic check,4.0,2.0,11.3,0.8,0
CUST-00732,Male,34.0,45.0,116.5,5263.72,Month-to-month,Fiber optic,Bank transfer (automatic),0.0,1.0,155.4,1.7,0
CUST-00733,Male,40.0,20.0,45.09,965.78,One year,No,Credit card (automatic),3.0,1.0,214.4,25.7,0
CUST-00734,Female,54.0,17.0,87.6,1378.36,Month-to-month,Fiber optic,Mailed check,1.0,1.0,55.1,28.8,0
CUST-00735,Female,71.0,71.0,90.66,6462.0,Month-to-month,Fiber optic,Electronic check,0.0,0.0,198.4,20.7,1
CUST-00736,Male,33.0,4.0,81.0,199.34,Two year,DSL,Bank transfer (automatic),3.0,1.0,34.4,10.9,1
CUST-00737,Female,23.0,14.0,51.29,669.78,Month-to-month,Fiber optic,Electronic check,2.0,0.0,62.6,28.2,0
CUST-00738,Male,25.0,3.0,47.11,222.79,Two year,Fiber optic,Bank transfer (automatic),1.0,0.0,148.0,19.9,0
CUST-00739,Male,42.0,58.0,79.77,4597.57,Two year,DSL,Bank transfer (automatic),3.0,0.0,199.5,25.3,0
CUST-00740,Female,35.0,55.0,106.61,5804.86,Month-to-month,DSL,Bank transfer (automatic),1.0,0.0,52.3,23.0,0
CUST-00742,Female,29.0,24.0,30.59,837.56,One year,DSL,Mailed check,1.0,2.0,69.3,14.4,0
CUST-00743,Female,32.0,34.0,35.48,1114.74,Two year,DSL,Electronic check,0.0,1.0,79.2,5.6,0
CUST-00744,Male,43.0,30.0,114.47,3381.53,Two year,DSL,Mailed check,2.0,0.0,75.7,8.8,0
CUST-00745,Male,58.0,19.0,93.65,1854.22,Month-to-month,No,Bank transfer (automatic),1.0,0.0,124.6,23.3,0
CUST-00746,Female,62.0,31.0,108.3,3450.19,One year,Fiber optic,Bank transfer (automatic),1.0,1.0,199.6,26.8,0
CUST-00747,Male,43.0,60.0,40.26,2410.43,Month-to-month,Fiber optic,Mailed check,1.0,2.0,137.0,21.7,0
CUST-00748,Male,64.0,60.0,78.76,4663.65,Two year,No,Mailed check,2.0,2.0,235.0,14.0,0
CUST-00749,Male,49.0,19.0,90.11,1816.88,Two year,DSL,Electronic check,0.0,0.0,218.6,2.6,0
CUST-00750,Female,27.0,49.0,88.01,4392.21,Month-to-month,Fiber optic,Bank transfer (automatic),4.0,1.0,46.7,1.7,1
CUST-00751,Female,33.0,63.0,60.82,3865.61,Month-to-month,DSL,Mailed check,2.0,0.0,24.2,11.2,0
CUST-00752,Male,24.0,22.0,21.54,433.26,Month-to-month,DSL,Credit card (automatic),1.0,0.0,264.6,13.9,0
CUST-00753,Female,34.0,24.0,78.29,1876.51,Month-to-month,Fiber optic,Bank transfer (automatic),0.0,1.0,33.2,18.3,0
CUST-00754,Female,40.0,30.0,45.31,1351.28,Two year,Fiber optic,Bank transfer (automatic),0.0,0.0,53.0,0.2,0
CUST-00755,Female,43.0,58.0,65.03,3788.28,Month-to-month,DSL,Electronic check,3.0,2.0,16.4,29.7,0
CUST-00756,Female,38.0,31.0,115.76,3661.11,Month-to-month,DSL,Credit card (automatic),3.0,2.0,192.2,10.9,1
CUST-00757,Female,39.0,64.0,59.9,3877.57,Month-to-month,Fiber optic,Electronic check,4.0,0.0,178.9,25.4,0
CUST-00758,Male,24.0,19.0,103.98,1921.75,Two year,DSL,Credit card (automatic),2.0,1.0,296.2,16.0,0
CUST-00759,Male,31.0,48.0,38.85,1933.62,One year,DSL,Electronic check,0.0,0.0,267.2,3.9,0
CUST-00760,Male,32.0,45.0,87.25,3941.91,Month-to-month,DSL,Credit card (automatic),2.0,1.0,129.1,23.9,1
CUST-00761,Female,70.0,55.0,117.7,6507.85,Month-to-month,DSL,Credit card (automatic),3.0,0.0,117.8,21.3,1
CUST-00762,Female,24.0,55.0,30.19,1733.78,Two year,Fiber optic,Credit card (automatic),2.0,0.0,96.1,15.8,0
CUST-00763,Male,26.0,18.0,20.83,319.36,Two year,DSL,Mailed check,1.0,0.0,54.2,15.4,0
CUST-00765,Male,65.0,47.0,29.26,1348.65,Month-to-month,Fiber optic,Credit card (automatic),2.0,2.0,48.4,19.7,1
CUST-00766,Male,25.0,57.0,94.84,5327.49,Month-to-month,No,Mailed check,0.0,1.0,43.1,27.3,0
CUST-00767,Male,67.0,45.0,111.45,5032.59,Month-to-month,DSL,Mailed check,1.0,1.0,79.7,2.8,0
CUST-00768,Female,40.0,33.0,63.4,2217.78,One year,DSL,Electronic check,1.0,1.0,98.9,7.9,0
CUST-00769,Female,46.0,17.0,45.87,687.79,Two year,DSL,Bank transfer (automatic),3.0,2.0,288.9,27.1,0
CUST-00770,Male,35.0,70.0,63.44,4439.19,Month-to-month,Fiber optic,Bank transfer (automatic),2.0,0.0,177.8,8.5,0
CUST-00771,Male,48.0,4.0,92.34,401.39,Two year,Fiber optic,Electronic check,2.0,1.0,296.4,19.6,0
CUST-00772,Male,47.0,20.0,20.91,424.35,Month-to-month,Fiber optic,Bank transfer (automatic),2.0,0.0,118.0,16.0,0
CUST-00773,Male,69.0,47.0,78.95,3704.99,One year,No,Electronic check,0.0,1.0,142.7,17.9,0
CUST-00774,Female,56.0,15.0,81.33,1154.99,One year,Fiber optic,Mailed check,2.0,0.0,104.1,12.5,0
CUST-00775,Female,52.0,70.0,83.77,5875.54,Month-to-month,Fiber optic,Mailed check,3.0,0.0,63.0,9.0,0
CUST-00776,Male,35.0,47.0,44.2,2039.56,Month-to-month,Fiber optic,Credit card (automatic),1.0,0.0,51.5,1.5,0
CUST-00777,Male,59.0,9.0,91.41,713.19,One year,DSL,Electronic check,1.0,2.0,284.1,22.3,0
CUST-00778,Female,56.0,16.0,29.14,525.97,Month-to-month,No,Mailed check,1.0,1.0,296.2,22.4,0
CUST-00779,Female,34.0,69.0,39.93,2803.09,Month-to-month,DSL,Mailed check,1.0,1.0,23.0,20.1,0
CUST-00780,Male,31.0,61.0,107.75,6575.33,Month-to-month,DSL,Electronic check,1.0,2.0,53.6,19.3,0
CUST-00781,Male,48.0,10.0,93.87,950.15,Two year,Fiber optic,Mailed check,1.0,1.0,132.8,7.3,1
CUST-00782,Male,41.0,50.0,21.37,1122.22,Month-to-month,DSL,Bank transfer (automatic),3.0,0.0,64.0,0.7,0
CUST-00783,Female,52.0,3.0,44.84,145.74,Two year,Fiber optic,Mailed check,4.0,0.0,115.5,24.3,1
CUST-00784,Female,61.0,70.0,41.44,2946.0,Month-to-month,Fiber optic,Electronic check,1.0,0.0,47.4,14.7,0
CUST-00785,Female,62.0,51.0,47.08,2386.21,One year,Fiber optic,Bank transfer (automatic),3.0,0.0,142.4,9.2,0
CUST-00786,Male,51.0,19.0,44.76,916.04,One year,Fiber optic,Bank transfer (automatic),0.0,0.0,88.8,3.1,0
CUST-00787,Male,20.0,42.0,26.25,1118.54,Two year,DSL,Mailed check,3.0,0.0,112.1,1.9,0
CUST-00788,Female,54.0,35.0,65.89,2315.85,Month-to-month,Fiber optic,Credit card (automatic),1.0,0.0,37.4,10.5,0
CUST-00789,Female,60.0,46.0,93.27,4226.92,One year,Fiber optic,Bank transfer (automatic),2.0,2.0,134.2,24.1,0
CUST-00790,Male,57.0,26.0,80.67,2111.77,One year,Fiber optic,Electronic check,3.0,0.0,295.1,27.6,0
CUST-00791,Female,43.0,69.0,87.29,5981.41,Month-to-month,Fiber optic,Credit card (automatic),2.0,0.0,105.4,26.9,0
CUST-00792,Female,72.0,64.0,28.11,1767.13,Month-to-month,DSL,Credit card (automatic),1.0,2.0,264.2,27.6,0
CUST-00793,Male,40.0,37.0,115.15,4219.78,Month-to-month,Fiber optic,Bank transfer (automatic),1.0,0.0,254.5,27.2,0
CUST-00794,Female,61.0,49.0,103.85,5035.34,Month-to-month,DSL,Mailed check,1.0,1.0,286.1,15.8,1
CUST-00795,Male,56.0,21.0,100.51,2216.95,Two year,No,Credit card (automatic),2.0,2.0,239.1,6.6,0
CUST-00796,Male,32.0,64.0,102.3,6613.77,Month-to-month,DSL,Mailed check,2.0,1.0,201.3,23.9,1
CUST-00797,Male,73.0,5.0,113.27,662.37,Month-to-month,Fiber optic,Bank transfer (automatic),2.0,0.0,258.4,6.4,1
CUST-00798,Male,66.0,70.0,74.43,5148.96,One year,DSL,Electronic check,3.0,2.0,31.9,8.0,0
CUST-00799,Male,21.0,4.0,40.03,163.68,Month-to-month,DSL,Credit card (automatic),5.0,0.0,144.2,7.0,1
CUST-00801,Male,39.0,35.0,94.29,3265.37,Month-to-month,No,Mailed check,2.0,0.0,233.2,9.7,1
CUST-00802,Female,42.0,1.0,93.79,47.88,Two year,Fiber optic,Mailed check,1.0,0.0,289.0,4.6,0
CUST-00803,Male,30.0,24.0,72.14,1793.34,Two year,No,Electronic check,4.0,2.0,236.1,13.6,0
CUST-00804,Male,35.0,57.0,26.85,1510.64,Two year,Fiber optic,Bank transfer (automatic),2.0,1.0,263.7,26.2,0
CUST-00805,Female,50.0,70.0,57.11,4051.12,Month-to-month,Fiber optic,Bank transfer (automatic),2.0,0.0,214.9,17.1,0
CUST-00806,Female,33.0,41.0,112.08,4625.49,One year,DSL,Credit card (automatic),0.0,0.0,230.5,26.4,0
CUST-00807,Female,62.0,54.0,78.44,4350.94,Month-to-month,Fiber optic,Credit card (automatic),1.0,1.0,161.7,5.9,0
CUST-00808,Male,59.0,46.0,73.83,3322.21,Month-to-month,DSL,Bank transfer (automatic),1.0,2.0,278.0,5.0,0
CUST-00809,Female,61.0,60.0,46.89,2876.36,Month-to-month,No,Bank transfer (automatic),1.0,0.0,249.3,17.3,0
CUST-00810,Male,19.0,60.0,56.84,3467.72,One year,No,Electronic check,2.0,1.0,254.7,13.9,0
CUST-00811,Male,72.0,57.0,109.53,6194.54,Month-to-month,No,Mailed check,3.0,1.0,205.2,19.8,0
CUST-00812,Male,52.0,31.0,86.65,2736.51,Month-to-month,Fiber optic,Mailed check,3.0,1.0,98.3,23.8,1
CUST-00813,Male,59.0,24.0,98.74,2386.57,Month-to-month,Fiber optic,Credit card (automatic),4.0,2.0,20.3,22.5,1
CUST-00814,Female,51.0,36.0,65.43,2344.11,Month-to-month,Fiber optic,Bank transfer (automatic),3.0,1.0,281.3,28.3,1
CUST-00815,Female,47.0,30.0,83.02,2449.4,One year,DSL,Electronic check,1.0,0.0,180.0,11.9,0
CUST-00816,Male,72.0,24.0,44.84,1040.2,Month-to-month,Fiber optic,Credit card (automatic),3.0,0.0,96.5,6.2,1
CUST-00817,Male,30.0,30.0,90.55,2818.99,One year,DSL,Electronic check,1.0,0.0,53.2,16.5,0
CUST-00818,Male,30.0,7.0,62.76,439.35,Month-to-month,Fiber optic,Bank transfer (automatic),1.0,3.0,250.6,3.3,1
CUST-00819,Female,35.0,35.0,64.25,2287.86,Two year,DSL,Bank transfer (automatic),1.0,0.0,252.6,8.7,0
CUST-00820,Male,49.0,55.0,84.93,4631.61,One year,DSL,Bank transfer (automatic),1.0,1.0,246.2,6.2,0
CUST-00821,Male,49.0,14.0,113.63,1551.83,Month-to-month,DSL,Mailed check,1.0,0.0,197.1,11.9,1
CUST-00822,Female,52.0,10.0,26.4,318.1,Month-to-month,Fiber optic,Bank transfer (automatic),4.0,1.0,116.1,3.3,0
CUST-00823,Female,56.0,16.0,102.47,1572.04,One year,Fiber optic,Credit card (automatic),1.0,1.0,98.2,1.0,0
CUST-00824,Male,63.0,54.0,49.24,2638.2,Two year,DSL,Mailed check,2.0,1.0,12.5,19.7,0
CUST-00825,Female,69.0,70.0,64.39,4509.0,Month-to-month,Fiber optic,Electronic check,2.0,0.0,251.7,18.3,1
CUST-00826,Female,46.0,44.0,22.19,981.93,Month-to-month,DSL,Credit card (automatic),1.0,2.0,35.4,21.3,0
CUST-00827,Male,66.0,45.0,50.1,2245.55,Two year,Fiber optic,Credit card (automatic),3.0,2.0,192.9,19.8,0
CUST-00828,Female,46.0,56.0,70.26,3954.35,One year,Fiber optic,Electronic check,3.0,4.0,156.2,3.4,1
CUST-00829,Male,70.0,57.0,25.62,1494.98,Month-to-month,Fiber optic,Mailed check,1.0,1.0,162.7,8.7,1
CUST-00830,Female,61.0,21.0,69.11,1488.04,Month-to-month,Fiber optic,Credit card (automatic),2.0,0.0,278.7,3.9,1
CUST-00831,Male,74.0,68.0,112.71,7664.28,Month-to-month,DSL,Credit card (automatic),2.0,1.0,19.2,25.3,1
CUST-00832,Male,33.0,50.0,30.54,1512.79,One year,Fiber optic,Credit card (automatic),5.0,1.0,234.3,22.4,1
CUST-00833,Male,73.0,33.0,96.44,3242.26,Month-to-month,Fiber optic,Mailed check,2.0,0.0,25.1,6.0,0
CUST-00834,Female,61.0,7.0,60.97,471.52,Two year,Fiber optic,Mailed check,2.0,0.0,21.1,10.2,0
CUST-00835,Male,64.0,70.0,85.52,5917.76,Month-to-month,Fiber optic,Mailed check,4.0,1.0,134.6,29.0,0
CUST-00836,Female,74.0,15.0,46.02,707.87,Month-to-month,DSL,Credit card (automatic),1.0,0.0,28.3,17.8,0
CUST-00837,Male,27.0,32.0,35.95,1051.49,One year,Fiber optic,Bank transfer (automatic),4.0,0.0,238.9,24.0,0
CUST-00838,Male,47.0,20.0,36.05,723.35,Two year,Fiber optic,Electronic check,2.0,1.0,163.6,7.9,0
CUST-00839,Female,42.0,15.0,27.05,500.64,Two year,DSL,Bank transfer (automatic),0.0,1.0,18.4,6.3,0
CUST-00840,Male,56.0,48.0,38.56,1803.49,Month-to-month,DSL,Mailed check,6.0,1.0,21.7,23.5,1
CUST-00841,Male,37.0,71.0,86.42,6094.1,One year,DSL,Credit card (automatic),0.0,0.0,187.7,20.6,0
CUST-00842,Female,22.0,21.0,108.17,2309.77,One year,No,Credit card (automatic),3.0,2.0,243.8,20.4,0
CUST-00843,Male,18.0,42.0,101.41,4182.08,Month-to-month,Fiber optic,Bank transfer (automatic),1.0,0.0,137.0,16.6,1
CUST-00844,Male,47.0,26.0,88.51,2269.62,Month-to-month,DSL,Bank transfer (automatic),1.0,0.0,170.8,16.9,0
CUST-00845,Male,66.0,14.0,31.04,464.38,Month-to-month,DSL,Electronic check,2.0,0.0,242.0,22.1,0
CUST-00846,Male,20.0,57.0,48.92,2756.73,Month-to-month,Fiber optic,Credit card (automatic),1.0,0.0,187.0,8.1,0
CUST-00847,Female,62.0,37.0,50.98,1874.46,Two year,Fiber optic,Bank transfer (automatic),1.0,1.0,75.2,10.6,0
CUST-00848,Female,31.0,58.0,45.0,2647.21,Month-to-month,DSL,Electronic check,2.0,1.0,187.8,26.1,0
CUST-00849,Male,73.0,21.0,71.5,1522.58,Two year,DSL,Mailed check,3.0,0.0,192.2,9.3,1
CUST-00850,Female,47.0,69.0,73.56,5088.98,Month-to-month,No,Bank transfer (automatic),0.0,1.0,222.9,16.4,0
CUST-00851,Male,67.0,3.0,55.69,150.11,One year,DSL,Mailed check,2.0,1.0,190.1,21.1,1
CUST-00852,Female,21.0,37.0,55.38,2067.56,Month-to-month,DSL,Electronic check,2.0,0.0,291.1,30.0,0
CUST-00853,Male,35.0,49.0,102.86,5033.95,Month-to-month,No,Mailed check,4.0,2.0,67.2,13.1,0
CUST-00854,Male,54.0,19.0,98.93,1902.56,Month-to-month,Fiber optic,Credit card (automatic),1.0,0.0,285.8,12.8,1
CUST-00855,Male,42.0,12.0,50.78,584.51,Month-to-month,DSL,Credit card (automatic),0.0,3.0,166.1,25.3,0
CUST-00856,Male,65.0,61.0,111.38,6785.05,One year,DSL,Mailed check,3.0,1.0,204.9,24.2,1
CUST-00857,Male,18.0,41.0,115.28,4676.98,Month-to-month,DSL,Credit card (automatic),1.0,0.0,38.8,21.9,1
CUST-00858,Male,70.0,33.0,52.67,1736.36,One year,DSL,Electronic check,1.0,1.0,120.4,13.9,0
CUST-00859,Female,63.0,50.0,55.44,2731.45,Month-to-month,No,Credit card (automatic),4.0,0.0,233.1,9.7,1
CUST-00860,Male,32.0,68.0,70.56,4742.38,Month-to-month,Fiber optic,Mailed check,3.0,0.0,215.0,18.3,0
CUST-00861,Female,26.0,71.0,114.11,8114.74,Month-to-month,Fiber optic,Mailed check,7.0,0.0,21.6,26.3,1
CUST-00862,Male,32.0,33.0,107.63,3562.43,Two year,No,Mailed check,1.0,2.0,168.5,26.5,0
CUST-00863,Female,66.0,24.0,30.26,765.38,One year,Fiber optic,Bank transfer (automatic),2.0,2.0,35.6,3.3,0
CUST-00864,Female,74.0,61.0,59.27,3593.91,Month-to-month,DSL,Mailed check,2.0,0.0,298.8,12.9,0
CUST-00865,Female,41.0,61.0,75.34,4616.14,Month-to-month,Fiber optic,Electronic check,1.0,2.0,270.2,13.9,1
CUST-00866,Male,21.0,28.0,70.31,1996.22,Month-to-month,No,Credit card (automatic),2.0,0.0,16.1,29.3,0
CUST-00867,Male,29.0,58.0,39.39,2306.86,Two year,Fiber optic,Credit card (automatic),3.0,0.0,259.0,20.3,0
CUST-00868,Female,54.0,43.0,105.88,4511.56,One year,DSL,Bank transfer (automatic),2.0,1.0,276.6,12.2,0
CUST-00869,Male,54.0,41.0,87.69,3602.76,Month-to-month,Fiber optic,Bank transfer (automatic),0.0,1.0,112.5,0.8,1
CUST-00870,Female,60.0,39.0,103.79,4066.02,One year,Fiber optic,Electronic check,2.0,1.0,218.7,17.0,0
CUST-00871,Male,23.0,49.0,105.88,5188.48,Month-to-month,No,Mailed check,2.0,2.0,138.2,2.9,0
CUST-00872,Female,56.0,17.0,94.84,1507.96,Two year,DSL,Bank transfer (automatic),0.0,1.0,200.0,25.0,1
CUST-00873,Female,73.0,70.0,63.92,4482.42,Month-to-month,Fiber optic,Credit card (automatic),1.0,2.0,108.7,22.6,0
CUST-00874,Male,63.0,70.0,81.05,5784.13,One year,No,Bank transfer (automatic),3.0,0.0,103.5,13.8,0
CUST-00875,Female,41.0,65.0,36.04,2324.6,Month-to-month,Fiber optic,Bank transfer (automatic),0.0,0.0,133.1,12.9,0
CUST-00876,Male,28.0,5.0,87.36,400.4,One year,Fiber optic,Mailed check,1.0,3.0,52.2,26.9,0
CUST-00877,Female,30.0,2.0,37.93,94.53,One year,DSL,Bank transfer (automatic),1.0,0.0,251.0,8.7,0
CUST-00878,Female,51.0,22.0,89.39,1982.2,One year,DSL,Electronic check,2.0,1.0,111.1,7.5,0
CUST-00879,Male,42.0,57.0,42.96,2508.36,One year,DSL,Credit card (automatic),0.0,1.0,126.0,28.2,0
CUST-00880,Male,24.0,66.0,31.76,2033.27,Two year,No,Mailed check,0.0,0.0,269.3,24.3,0
CUST-00881,Male,69.0,16.0,36.53,621.05,Month-to-month,DSL,Credit card (automatic),0.0,3.0,154.0,24.6,0
CUST-00882,Female,21.0,51.0,20.2,1059.72,Month-to-month,Fiber optic,Electronic check,3.0,0.0,167.8,5.9,0
CUST-00883,Male,25.0,39.0,91.87,3575.82,Month-to-month,Fiber optic,Electronic check,3.0,1.0,287.4,4.3,1
CUST-00884,Female,37.0,40.0,93.24,3746.53,Two year,DSL,Bank transfer (automatic),0.0,1.0,267.2,0.8,0
CUST-00885,Female,46.0,38.0,71.49,2768.09,Month-to-month,Fiber optic,Bank transfer (automatic),2.0,3.0,59.1,7.1,1
CUST-00886,Male,71.0,60.0,36.14,2212.02,One year,Fiber optic,Bank transfer (automatic),3.0,0.0,147.2,23.2,0
CUST-00887,Male,70.0,59.0,28.36,1616.09,One year,No,Credit card (automatic),5.0,4.0,291.7,7.2,0
CUST-00888,Female,68.0,10.0,21.91,260.11,Month-to-month,Fiber optic,Electronic check,3.0,1.0,118.0,21.9,0
CUST-00889,Female,62.0,64.0,36.57,2337.25,Month-to-month,Fiber optic,Mailed check,1.0,0.0,117.8,7.6,0
CUST-00890,Male,63.0,63.0,109.09,6876.31,Month-to-month,DSL,Bank transfer (automatic),3.0,0.0,66.6,11.9,0
CUST-00891,Male,27.0,49.0,44.15,2167.01,Month-to-month,No,Credit card (automatic),2.0,0.0,43.2,29.5,0
CUST-00892,Male,60.0,64.0,55.43,3540.01,Month-to-month,DSL,Bank transfer (automatic),0.0,0.0,224.7,7.3,0
CUST-00893,Male,51.0,32.0,30.53,1036.55,Month-to-month,Fiber optic,Electronic check,2.0,0.0,233.3,11.3,0
CUST-00894,Male,74.0,7.0,42.24,291.49,Two year,DSL,Mailed check,4.0,0.0,291.0,9.0,0
CUST-00895,Female,43.0,21.0,71.92,1454.34,Two year,No,Electronic check,3.0,0.0,234.3,3.3,0
CUST-00896,Female,58.0,20.0,80.78,1595.92,Month-to-month,Fiber optic,Credit card (automatic),2.0,0.0,80.6,14.7,1
CUST-00897,Female,66.0,26.0,44.54,1166.97,Month-to-month,Fiber optic,Bank transfer (automatic),3.0,0.0,21.6,11.4,1
CUST-00898,Female,20.0,68.0,25.77,1813.82,Month-to-month,DSL,Electronic check,3.0,1.0,295.8,20.8,0
CUST-00899,Male,73.0,15.0,59.1,916.65,One year,Fiber optic,Credit card (automatic),1.0,0.0,108.7,24.5,0
CUST-00900,Male,23.0,14.0,43.42,565.35,Two year,Fiber optic,Bank transfer (automatic),1.0,2.0,100.5,16.3,0
CUST-00901,Male,22.0,27.0,41.96,1257.18,Month-to-month,Fiber optic,Mailed check,4.0,3.0,272.7,1.0,1
CUST-00902,Female,22.0,40.0,115.99,4652.84,Month-to-month,DSL,Electronic check,2.0,1.0,179.7,18.6,1
CUST-00903,Female,71.0,58.0,81.63,4798.31,One year,No,Bank transfer (automatic),5.0,2.0,72.3,1.7,0
CUST-00904,Male,64.0,28.0,75.69,2111.73,One year,No,Bank transfer (automatic),3.0,1.0,267.8,18.5,0
CUST-00905,Male,40.0,26.0,61.58,1627.75,Month-to-month,DSL,Bank transfer (automatic),2.0,2.0,298.1,20.6,0
CUST-00906,Female,66.0,63.0,62.89,4004.04,One year,Fiber optic,Bank transfer (automatic),0.0,1.0,35.1,5.9,1
CUST-00907,Female,26.0,66.0,74.09,4950.85,Month-to-month,Fiber optic,Electronic check,2.0,0.0,260.1,24.6,0
CUST-00908,Male,52.0,25.0,89.64,2293.87,Month-to-month,Fiber optic,Bank transfer (automatic),3.0,1.0,123.2,27.3,1
CUST-00909,Male,37.0,3.0,90.21,314.24,One year,DSL,Credit card (automatic),4.0,1.0,162.0,24.4,0
CUST-00910,Female,66.0,44.0,37.17,1619.73,Two year,Fiber optic,Electronic check,1.0,0.0,275.3,9.2,0
CUST-00911,Male,59.0,42.0,70.01,2911.83,Month-to-month,Fiber optic,Bank transfer (automatic),1.0,1.0,292.3,17.6,0
CUST-00912,Male,52.0,6.0,61.2,383.83,Two year,Fiber optic,Electronic check,2.0,1.0,86.0,27.4,0
CUST-00913,Male,67.0,39.0,107.05,4221.61,Month-to-month,Fiber optic,Credit card (automatic),5.0,2.0,71.7,9.6,1
CUST-00914,Female,35.0,52.0,83.14,4312.14,One year,Fiber optic,Credit card (automatic),0.0,0.0,33.3,24.6,0
CUST-00915,Female,34.0,23.0,73.25,1738.01,Month-to-month,Fiber optic,Electronic check,1.0,1.0,172.9,0.3,0
CUST-00916,Female,41.0,50.0,31.54,1649.63,Two year,DSL,Bank transfer (automatic),3.0,2.0,13.9,0.1,0
CUST-00917,Female,20.0,43.0,80.56,3418.26,Two year,No,Bank transfer (automatic),1.0,2.0,129.5,22.8,0
CUST-00918,Female,49.0,19.0,31.72,560.83,Month-to-month,Fiber optic,Credit card (automatic),2.0,1.0,31.3,22.8,0
CUST-00919,Female,52.0,69.0,53.72,3699.66,Two year,DSL,Bank transfer (automatic),4.0,0.0,127.5,23.7,0
CUST-00920,Female,55.0,51.0,34.28,1763.66,Two year,DSL,Credit card (automatic),3.0,1.0,21.6,27.9,0
CUST-00921,Male,30.0,11.0,89.21,955.08,One year,Fiber optic,Bank transfer (automatic),1.0,0.0,252.2,3.5,0
CUST-00922,Male,73.0,12.0,40.63,555.17,Month-to-month,No,Credit card (automatic),4.0,0.0,70.8,7.0,1
CUST-00923,Male,64.0,8.0,59.19,494.72,Two year,DSL,Mailed check,4.0,0.0,105.2,27.1,0
CUST-00924,Male,42.0,24.0,109.57,2631.65,Two year,Fiber optic,Bank transfer (automatic),0.0,2.0,262.3,5.3,0
CUST-00925,Male,26.0,41.0,40.43,1585.83,Month-to-month,DSL,Bank transfer (automatic),8.0,0.0,226.4,20.5,1
CUST-00926,Male,21.0,36.0,70.78,2482.29,Two year,Fiber optic,Bank transfer (automatic),3.0,0.0,73.5,15.9,1
CUST-00927,Male,31.0,55.0,61.93,3420.2,Month-to-month,No,Electronic check,2.0,0.0,30.9,2.5,0
CUST-00928,Female,54.0,9.0,21.81,89.66,Month-to-month,Fiber optic,Bank transfer (automatic),3.0,0.0,217.5,8.6,0
CUST-00929,Female,51.0,47.0,99.28,4716.79,Month-to-month,DSL,Electronic check,0.0,2.0,123.3,15.6,0
CUST-00930,Male,28.0,15.0,26.9,395.59,One year,Fiber optic,Electronic check,2.0,0.0,232.2,25.6,1
CUST-00931,Male,58.0,48.0,67.43,3398.79,One year,DSL,Credit card (automatic),2.0,0.0,139.1,21.2,0
CUST-00932,Female,73.0,42.0,76.07,3310.34,Month-to-month,Fiber optic,Electronic check,1.0,1.0,110.3,18.7,0
CUST-00933,Male,20.0,60.0,82.84,4961.33,Two year,Fiber optic,Electronic check,3.0,0.0,140.8,14.9,0
CUST-00934,Male,45.0,70.0,88.86,6214.88,Month-to-month,Fiber optic,Mailed check,1.0,0.0,227.1,9.0,0
CUST-00935,Female,46.0,12.0,45.33,593.74,Month-to-month,DSL,Bank transfer (automatic),3.0,2.0,271.6,3.6,1
CUST-00936,Male,26.0,2.0,21.0,127.16,Month-to-month,No,Electronic check,1.0,0.0,24.4,12.3,0
CUST-00937,Female,20.0,7.0,92.34,564.48,One year,Fiber optic,Bank transfer (automatic),0.0,2.0,162.0,0.9,1
CUST-00938,Male,42.0,3.0,73.57,131.39,Two year,DSL,Electronic check,2.0,0.0,19.5,6.3,0
CUST-00939,Female,51.0,3.0,103.61,279.73,One year,Fiber optic,Credit card (automatic),0.0,1.0,145.8,13.0,0
CUST-00940,Female,29.0,27.0,102.14,2786.92,Two year,Fiber optic,Mailed check,2.0,0.0,266.7,12.6,0
CUST-00941,Female,59.0,40.0,104.33,4198.04,Month-to-month,Fiber optic,Electronic check,4.0,1.0,114.9,1.3,1
CUST-00942,Male,26.0,33.0,68.51,2314.32,Month-to-month,Fiber optic,Bank transfer (automatic),1.0,0.0,280.4,17.7,0
CUST-00943,Female,32.0,1.0,53.36,20.0,Month-to-month,Fiber optic,Credit card (automatic),1.0,2.0,192.9,16.5,1
CUST-00944,Male,57.0,8.0,99.16,677.47,Month-to-month,DSL,Bank transfer (automatic),0.0,1.0,280.9,2.3,0
CUST-00945,Male,42.0,32.0,65.13,2127.06,Month-to-month,Fiber optic,Credit card (automatic),3.0,0.0,229.6,28.3,0
CUST-00946,Male,22.0,48.0,38.34,1798.91,One year,Fiber optic,Mailed check,0.0,1.0,40.0,3.0,0
CUST-00947,Male,28.0,4.0,105.5,321.08,Month-to-month,DSL,Credit card (automatic),1.0,0.0,77.0,25.6,1
CUST-00948,Female,51.0,70.0,108.26,7585.45,One year,Fiber optic,Bank transfer (automatic),3.0,0.0,124.3,0.0,1
CUST-00949,Female,41.0,19.0,66.63,1305.63,Month-to-month,No,Bank transfer (automatic),1.0,1.0,59.3,26.5,0
CUST-00950,Male,32.0,32.0,27.57,876.14,Month-to-month,No,Electronic check,0.0,0.0,153.5,0.6,0
CUST-00951,Male,55.0,9.0,58.78,506.13,One year,DSL,Credit card (automatic),1.0,1.0,146.7,22.7,0
CUST-00952,Female,25.0,12.0,100.35,1196.23,Month-to-month,DSL,Bank transfer (automatic),1.0,1.0,287.3,10.9,0
CUST-00953,Male,22.0,11.0,110.18,1193.45,Two year,Fiber optic,Electronic check,3.0,3.0,135.8,22.1,0
CUST-00954,Female,65.0,46.0,40.35,1788.7,One year,DSL,Mailed check,1.0,1.0,237.8,12.1,0
CUST-00955,Male,43.0,16.0,26.7,391.47,Month-to-month,No,Bank transfer (automatic),3.0,1.0,283.2,2.1,1
CUST-00956,Male,35.0,1.0,107.74,133.8,Two year,DSL,Electronic check,2.0,0.0,264.3,23.0,0
CUST-00957,Female,23.0,63.0,58.94,3729.3,Month-to-month,DSL,Bank transfer (automatic),2.0,0.0,70.5,2.1,0
CUST-00958,Male,54.0,21.0,74.18,1566.18,Month-to-month,Fiber optic,Credit card (automatic),1.0,0.0,153.8,27.7,1
CUST-00959,Female,65.0,30.0,116.81,3454.54,One year,DSL,Electronic check,2.0,2.0,110.8,1.5,0
CUST-00960,Male,30.0,13.0,26.66,337.5,Month-to-month,Fiber optic,Credit card (automatic),4.0,2.0,126.0,14.4,1
CUST-00961,Male,45.0,34.0,84.83,2775.37,Two year,Fiber optic,Mailed check,0.0,0.0,114.6,21.7,0
CUST-00962,Male,22.0,4.0,27.41,118.56,Two year,DSL,Credit card (automatic),2.0,0.0,249.6,11.8,0
CUST-00963,Female,30.0,28.0,57.55,1682.84,Two year,DSL,Electronic check,1.0,0.0,141.1,6.5,0
CUST-00964,Male,34.0,59.0,100.38,5848.71,Month-to-month,Fiber optic,Bank transfer (automatic),1.0,0.0,161.9,22.8,0
CUST-00965,Male,67.0,27.0,63.35,1681.15,Month-to-month,DSL,Electronic check,3.0,0.0,294.9,23.5,1
CUST-00966,Male,57.0,69.0,119.72,8277.14,One year,Fiber optic,Credit card (automatic),2.0,0.0,27.4,27.7,0
CUST-00967,Male,62.0,25.0,75.91,1960.39,Month-to-month,Fiber optic,Credit card (automatic),3.0,0.0,151.5,11.3,1
CUST-00968,Female,49.0,3.0,52.12,133.95,Month-to-month,Fiber optic,Bank transfer (automatic),2.0,1.0,234.5,15.2,1
CUST-00969,Female,46.0,68.0,42.01,2822.07,Month-to-month,No,Mailed check,2.0,1.0,53.8,10.9,0
CUST-00970,Male,68.0,25.0,55.05,1277.8,Month-to-month,No,Electronic check,1.0,1.0,187.3,7.7,1
CUST-00971,Female,20.0,20.0,57.25,1150.17,Month-to-month,No,Bank transfer (automatic),3.0,0.0,79.4,22.5,0
CUST-00972,Male,73.0,34.0,26.87,1015.68,Two year,DSL,Bank transfer (automatic),5.0,0.0,261.5,10.2,0
CUST-00973,Male,57.0,26.0,56.96,1494.83,Two year,DSL,Bank transfer (automatic),1.0,0.0,104.9,12.8,0
CUST-00974,Male,51.0,5.0,66.42,330.99,Month-to-month,DSL,Electronic check,3.0,0.0,105.4,12.1,0
CUST-00975,Female,57.0,61.0,92.27,5644.57,Month-to-month,No,Electronic check,1.0,1.0,183.5,21.4,1
CUST-00976,Female,44.0,9.0,85.67,770.48,Month-to-month,No,Electronic check,1.0,1.0,63.2,27.5,0
CUST-00977,Female,30.0,50.0,90.88,4503.35,Two year,No,Mailed check,1.0,0.0,92.6,20.0,0
CUST-00978,Female,62.0,6.0,20.84,166.2,Month-to-month,DSL,Bank transfer (automatic),1.0,1.0,130.8,14.1,1
CUST-00979,Female,50.0,60.0,41.77,2517.49,One year,No,Credit card (automatic),2.0,2.0,112.6,23.4,0
CUST-00980,Female,23.0,44.0,86.17,3792.36,Month-to-month,Fiber optic,Credit card (automatic),2.0,0.0,162.2,19.2,0
CUST-00981,Female,41.0,11.0,68.4,703.63,One year,DSL,Bank transfer (automatic),1.0,1.0,183.9,1.8,0
CUST-00982,Female,36.0,66.0,20.53,1420.16,Month-to-month,Fiber optic,Credit card (automatic),4.0,0.0,174.3,2.9,1
CUST-00983,Female,33.0,47.0,100.45,4754.39,One year,DSL,Mailed check,5.0,0.0,199.7,1.1,1
CUST-00984,Male,57.0,3.0,97.28,264.19,Month-to-month,Fiber optic,Mailed check,2.0,0.0,99.2,13.7,0
CUST-00985,Female,45.0,30.0,74.84,2295.29,One year,DSL,Electronic check,1.0,1.0,46.7,24.8,1
CUST-00986,Female,50.0,21.0,26.65,534.77,Month-to-month,Fiber optic,Electronic check,2.0,0.0,230.6,9.4,0
CUST-00987,Female,65.0,28.0,96.65,2667.1,One year,Fiber optic,Electronic check,3.0,4.0,256.7,11.5,0
CUST-00988,Female,58.0,62.0,78.37,4820.95,Two year,No,Electronic check,0.0,0.0,84.5,27.3,0
CUST-00989,Female,30.0,33.0,98.2,3152.05,Month-to-month,Fiber optic,Electronic check,1.0,1.0,128.1,25.1,0
CUST-00990,Female,60.0,35.0,95.17,3354.53,Two year,Fiber optic,Credit card (automatic),4.0,2.0,154.6,20.0,1
CUST-00991,Female,62.0,52.0,100.3,5124.04,One year,Fiber optic,Credit card (automatic),4.0,0.0,164.7,8.0,1
CUST-00992,Female,42.0,34.0,71.8,2379.78,Month-to-month,No,Electronic check,0.0,0.0,201.3,3.5,0
CUST-00993,Female,70.0,41.0,34.03,1291.45,Month-to-month,DSL,Mailed check,4.0,0.0,22.1,0.5,0
CUST-00994,Female,59.0,51.0,87.12,4438.82,Month-to-month,Fiber optic,Credit card (automatic),2.0,1.0,219.2,3.2,1
CUST-00995,Female,53.0,47.0,82.05,3848.83,One year,DSL,Mailed check,2.0,1.0,28.0,8.8,0
CUST-00996,Male,44.0,58.0,94.23,5449.01,One year,DSL,Mailed check,1.0,3.0,145.8,16.6,0
CUST-00997,Male,55.0,57.0,36.99,2056.3,Month-to-month,Fiber optic,Bank transfer (automatic),3.0,2.0,250.0,1.9,0
CUST-00998,Female,24.0,23.0,39.5,849.89,Month-to-month,No,Bank transfer (automatic),0.0,0.0,140.9,4.1,0
CUST-00999,Female,22.0,48.0,109.04,5257.14,Two year,DSL,Electronic check,1.0,1.0,53.2,5.4,0
CUST-01000,Male,60.0,22.0,95.0,2062.47,Two year,Fiber optic,Mailed check,1.0,1.0,295.7,19.0,0
CUST-01001,Female,62.0,17.0,110.82,1899.76,Month-to-month,No,Credit card (automatic),2.0,2.0,267.9,18.5,1
CUST-01002,Male,74.0,69.0,95.87,6570.77,Two year,No,Bank transfer (automatic),0.0,0.0,233.7,16.5,0
CUST-01003,Male,68.0,11.0,79.72,885.97,Month-to-month,DSL,Bank transfer (automatic),2.0,3.0,129.3,7.5,1
CUST-01004,Male,48.0,15.0,85.41,1346.31,Month-to-month,No,Mailed check,2.0,0.0,63.3,11.1,1
CUST-01005,Male,40.0,35.0,108.91,3841.16,Two year,DSL,Bank transfer (automatic),1.0,0.0,283.0,2.9,0
CUST-01006,Male,59.0,33.0,77.88,2549.42,Month-to-month,Fiber optic,Bank transfer (automatic),2.0,1.0,164.4,6.8,1
CUST-01007,Female,27.0,16.0,83.24,1344.7,Month-to-month,DSL,Credit card (automatic),2.0,0.0,257.2,26.9,0
CUST-01008,Male,49.0,34.0,35.65,1200.07,Month-to-month,DSL,Mailed check,1.0,0.0,109.2,29.4,0
CUST-01009,Female,60.0,66.0,67.39,4448.13,Two year,Fiber optic,Bank transfer (automatic),2.0,0.0,107.2,19.4,0
CUST-01010,Female,70.0,40.0,91.64,3649.32,Two year,Fiber optic,Mailed check,1.0,1.0,295.8,27.5,0
CUST-01011,Male,47.0,28.0,47.09,1310.3,Month-to-month,DSL,Bank transfer (automatic),3.0,2.0,161.3,19.3,0
CUST-01012,Male,56.0,47.0,40.23,1901.41,Month-to-month,DSL,Credit card (automatic),0.0,3.0,50.8,1.0,1
CUST-01013,Female,48.0,39.0,51.38,1954.15,Month-to-month,Fiber optic,Mailed check,1.0,0.0,73.7,29.9,0
CUST-01014,Male,35.0,70.0,44.15,3039.71,One year,DSL,Bank transfer (automatic),1.0,0.0,149.8,3.0,0
CUST-01015,Male,53.0,20.0,41.49,760.37,Month-to-month,Fiber optic,Credit card (automatic),4.0,2.0,22.3,20.5,1
CUST-01016,Female,19.0,1.0,62.49,20.0,One year,DSL,Bank transfer (automatic),3.0,0.0,144.1,7.6,0
CUST-01017,Female,31.0,63.0,110.78,6918.28,Month-to-month,DSL,Mailed check,0.0,0.0,131.5,11.8,0
CUST-01018,Male,30.0,67.0,70.71,4745.54,Month-to-month,DSL,Bank transfer (automatic),1.0,1.0,236.0,19.4,0
CUST-01019,Female,46.0,4.0,38.79,110.52,Month-to-month,Fiber optic,Mailed check,2.0,1.0,112.9,13.1,1
CUST-01020,Male,29.0,58.0,27.7,1632.28,Month-to-month,DSL,Mailed check,0.0,0.0,294.9,7.5,0
CUST-01021,Male,56.0,25.0,89.62,2242.24,Two year,DSL,Bank transfer (automatic),2.0,0.0,62.4,10.0,0
CUST-01022,Male,19.0,47.0,58.28,2640.73,Month-to-month,No,Credit card (automatic),2.0,0.0,181.4,10.2,0
CUST-01023,Female,49.0,38.0,102.18,3915.59,Month-to-month,Fiber optic,Electronic check,0.0,0.0,36.0,28.8,0
CUST-01024,Female,30.0,15.0,85.95,1329.79,Month-to-month,DSL,Credit card (automatic),1.0,0.0,222.8,24.0,1
CUST-01025,Female,63.0,63.0,99.62,6226.37,Month-to-month,Fiber optic,Credit card (automatic),4.0,0.0,298.5,13.8,1
CUST-01026,Female,44.0,21.0,47.19,1012.0,Month-to-month,No,Bank transfer (automatic),1.0,0.0,247.6,6.0,0
CUST-01027,Female,66.0,57.0,89.24,5043.86,Month-to-month,DSL,Credit card (automatic),2.0,0.0,171.2,24.3,1
CUST-01028,Male,58.0,53.0,46.41,2464.61,Month-to-month,DSL,Credit card (automatic),2.0,1.0,150.6,4.7,0
CUST-01029,Male,34.0,46.0,113.91,5176.64,One year,Fiber optic,Electronic check,0.0,2.0,252.2,6.3,0
CUST-01030,Male,57.0,14.0,83.64,1081.3,Month-to-month,Fiber optic,Credit card (automatic),2.0,1.0,281.4,11.0,1
CUST-01031,Male,48.0,17.0,52.45,872.51,Month-to-month,Fiber optic,Electronic check,1.0,3.0,296.9,26.4,0
CUST-01032,Female,51.0,39.0,46.95,1824.86,Two year,DSL,Bank transfer (automatic),1.0,0.0,125.0,4.0,0
CUST-01033,Male,41.0,9.0,39.09,331.93,Month-to-month,DSL,Electronic check,3.0,0.0,297.4,3.7,1
CUST-01034,Female,62.0,6.0,89.46,477.56,Month-to-month,Fiber optic,Mailed check,2.0,1.0,55.2,14.8,1
CUST-01035,Male,52.0,23.0,41.87,943.02,Month-to-month,DSL,Mailed check,4.0,0.0,83.5,8.3,0
CUST-01036,Female,65.0,59.0,79.53,4705.73,Month-to-month,Fiber optic,Electronic check,2.0,1.0,35.8,17.1,0
CUST-01037,Female,23.0,46.0,46.46,2134.92,One year,Fiber optic,Mailed check,2.0,0.0,88.8,13.5,0
CUST-01038,Male,36.0,38.0,86.2,3284.73,Month-to-month,DSL,Bank transfer (automatic),1.0,2.0,232.7,13.0,0
CUST-01039,Male,47.0,14.0,101.49,1387.35,One year,No,Mailed check,2.0,1.0,257.3,3.4,0
CUST-01040,Male,24.0,62.0,97.8,6122.19,Month-to-month,Fiber optic,Electronic check,2.0,3.0,235.9,4.2,1
CUST-01041,Male,27.0,35.0,96.09,3304.34,Month-to-month,Fiber optic,Bank transfer (automatic),4.0,0.0,193.0,24.6,1
CUST-01042,Female,58.0,19.0,38.77,761.01,One year,DSL,Mailed check,3.0,0.0,159.1,26.6,0
CUST-01043,Male,49.0,30.0,28.84,924.29,Month-to-month,DSL,Bank transfer (automatic),2.0,1.0,215.5,7.0,0
CUST-01044,Male,51.0,25.0,89.89,2271.3,One year,Fiber optic,Electronic check,1.0,1.0,123.3,3.4,0
CUST-01045,Female,45.0,40.0,56.83,2263.07,Month-to-month,DSL,Mailed check,0.0,0.0,254.0,1.6,0
CUST-01046,Male,32.0,14.0,63.23,858.81,One year,No,Bank transfer (automatic),5.0,0.0,206.4,18.2,0
CUST-01047,Male,47.0,26.0,23.11,652.66,Month-to-month,DSL,Bank transfer (automatic),4.0,2.0,212.4,21.5,1
CUST-01048,Male,54.0,22.0,45.96,939.97,Two year,Fiber optic,Mailed check,2.0,0.0,165.4,11.2,0
CUST-01049,Male,46.0,48.0,23.37,1073.25,Month-to-month,DSL,Bank transfer (automatic),2.0,1.0,266.7,20.4,0
CUST-01050,Male,39.0,51.0,107.92,5484.04,Two year,Fiber optic,Bank transfer (automatic),4.0,1.0,83.1,21.4,0
CUST-01051,Female,21.0,3.0,44.34,194.9,Month-to-month,DSL,Electronic check,3.0,1.0,120.5,28.1,1
CUST-01052,Male,37.0,42.0,75.73,3199.65,One year,Fiber optic,Electronic check,6.0,3.0,235.5,1.9,1
CUST-01053,Male,49.0,19.0,23.9,405.7,Month-to-month,DSL,Electronic check,0.0,0.0,152.9,5.8,0
CUST-01054,Male,53.0,28.0,86.68,2411.52,Two year,No,Electronic check,3.0,1.0,267.9,2.1,0
CUST-01055,Male,67.0,45.0,52.3,2322.78,Month-to-month,DSL,Electronic check,0.0,1.0,110.5,26.0,0
CUST-01056,Male,21.0,71.0,109.79,7759.6,Month-to-month,No,Electronic check,2.0,0.0,117.1,23.8,0
CUST-01057,Female,44.0,63.0,108.81,6903.97,Month-to-month,Fiber optic,Mailed check,1.0,0.0,267.7,17.2,1
CUST-01058,Male,34.0,19.0,52.53,929.48,Month-to-month,DSL,Electronic check,4.0,1.0,144.7,2.5,0
CUST-01059,Female,29.0,47.0,110.1,5255.14,Month-to-month,Fiber optic,Bank transfer (automatic),3.0,1.0,159.7,8.2,1
CUST-01060,Female,39.0,14.0,119.62,1716.09,Two year,DSL,Mailed check,4.0,0.0,106.5,8.9,0
CUST-01061,Male,34.0,38.0,102.54,3951.06,Two year,No,Bank transfer (automatic),0.0,1.0,90.2,16.8,0
CUST-01062,Male,27.0,53.0,104.49,5514.82,Month-to-month,Fiber optic,Electronic check,1.0,1.0,200.2,7.7,0
CUST-01063,Male,71.0,61.0,44.9,2731.4,Two year,DSL,Electronic check,1.0,1.0,44.8,2.2,0
CUST-01064,Male,18.0,36.0,77.67,2724.46,Month-to-month,DSL,Bank transfer (automatic),0.0,0.0,265.0,21.9,0
CUST-01065,Female,39.0,40.0,26.73,1042.97,Month-to-month,DSL,Bank transfer (automatic),4.0,1.0,236.0,9.0,0
CUST-01066,Male,43.0,30.0,29.49,909.38,One year,No,Bank transfer (automatic),1.0,0.0,65.3,13.6,0
CUST-01067,Male,73.0,9.0,119.89,1143.81,One year,DSL,Credit card (automatic),2.0,1.0,211.3,3.8,0
CUST-01068,Male,35.0,64.0,52.66,3314.88,Two year,Fiber optic,Credit card (automatic),2.0,0.0,184.8,24.1,0
CUST-01069,Male,67.0,33.0,94.82,3110.78,Month-to-month,Fiber optic,Credit card (automatic),0.0,2.0,63.5,17.0,0
CUST-01070,Male,31.0,52.0,100.67,5227.28,One year,No,Credit card (automatic),0.0,0.0,89.2,27.0,0
CUST-01071,Male,64.0,14.0,105.8,1411.41,Month-to-month,DSL,Mailed check,2.0,0.0,128.6,14.9,1
CUST-01072,Female,46.0,53.0,119.76,6376.85,Month-to-month,Fiber optic,Electronic check,2.0,1.0,212.8,28.2,0
CUST-01073,Female,29.0,59.0,44.15,2568.65,Month-to-month,Fiber optic,Bank transfer (automatic),0.0,0.0,195.2,26.8,0
CUST-01074,Male,53.0,41.0,24.04,975.87,Two year,Fiber optic,Electronic check,1.0,1.0,164.3,17.3,0
CUST-01075,Male,52.0,68.0,61.12,4133.56,Two year,DSL,Bank transfer (automatic),1.0,0.0,232.8,28.0,0
CUST-01076,Male,69.0,68.0,33.01,2205.21,One year,DSL,Electronic check,0.0,1.0,229.8,9.7,0
CUST-01077,Female,29.0,8.0,22.24,177.57,Month-to-month,DSL,Mailed check,3.0,0.0,189.2,11.0,0
CUST-01078,Male,24.0,2.0,56.04,101.3,Month-to-month,Fiber optic,Credit card (automatic),3.0,2.0,238.2,1.4,1
CUST-01079,Female,46.0,41.0,98.37,4014.58,Month-to-month,DSL,Electronic check,2.0,2.0,106.9,17.7,0
CUST-01080,Male,28.0,55.0,76.62,4177.68,Month-to-month,Fiber optic,Bank transfer (automatic),2.0,1.0,265.6,21.7,0
CUST-01081,Male,50.0,16.0,51.28,836.46,Month-to-month,DSL,Electronic check,1.0,2.0,188.3,23.2,0
CUST-01082,Male,23.0,62.0,85.43,5379.34,One year,No,Mailed check,3.0,0.0,248.5,4.5,0
CUST-01083,Male,64.0,48.0,43.2,2080.59,Month-to-month,No,Mailed check,4.0,0.0,168.4,13.3,1
CUST-01084,Female,32.0,30.0,21.44,693.01,Month-to-month,Fiber optic,Electronic check,1.0,0.0,73.3,5.3,0
CUST-01085,Female,49.0,12.0,96.44,1087.77,Month-to-month,DSL,Credit card (automatic),2.0,0.0,167.3,19.9,1
CUST-01087,Male,28.0,11.0,96.23,1003.66,Month-to-month,DSL,Mailed check,0.0,1.0,212.3,27.1,1
CUST-01088,Female,40.0,64.0,23.89,1455.11,Two year,DSL,Mailed check,4.0,2.0,148.0,6.9,0
CUST-01089,Female,43.0,50.0,103.71,5148.53,One year,Fiber optic,Electronic check,3.0,1.0,252.5,8.7,1
CUST-01090,Female,51.0,21.0,81.95,1780.54,Two year,Fiber optic,Mailed check,2.0,0.0,206.6,25.5,0
CUST-01091,Female,63.0,69.0,76.34,5314.96,Month-to-month,No,Mailed check,3.0,1.0,208.5,13.8,0
CUST-01092,Male,51.0,48.0,82.46,3970.23,Month-to-month,DSL,Bank transfer (automatic),3.0,3.0,73.0,0.7,0
CUST-01094,Male,21.0,67.0,78.69,5262.42,Two year,Fiber optic,Bank transfer (automatic),4.0,0.0,254.1,2.5,0
CUST-01095,Female,34.0,44.0,78.1,3451.49,One year,Fiber optic,Credit card (automatic),2.0,1.0,238.8,29.6,0
CUST-01096,Female,52.0,33.0,119.07,3938.09,Month-to-month,DSL,Bank transfer (automatic),0.0,0.0,105.8,17.6,0
CUST-01097,Female,30.0,61.0,95.67,5743.68,Month-to-month,Fiber optic,Electronic check,2.0,0.0,165.3,7.7,1
CUST-01098,Female,58.0,9.0,64.23,533.55,Month-to-month,Fiber optic,Mailed check,2.0,1.0,49.8,16.9,0
CUST-01099,Female,56.0,68.0,90.74,6167.12,One year,Fiber optic,Credit card (automatic),2.0,1.0,166.2,2.3,0
CUST-01100,Male,32.0,35.0,58.92,2089.01,Two year,No,Electronic check,3.0,0.0,52.3,24.0,0
CUST-01101,Male,72.0,65.0,42.89,2678.04,One year,DSL,Mailed check,2.0,0.0,170.4,27.8,0
CUST-01102,Female,46.0,8.0,79.69,629.41,Month-to-month,DSL,Mailed check,3.0,0.0,198.1,26.2,0
CUST-01103,Female,46.0,45.0,112.82,5084.05,Month-to-month,Fiber optic,Mailed check,1.0,1.0,123.2,10.3,0
CUST-01104,Male,28.0,47.0,112.91,5349.25,Month-to-month,Fiber optic,Bank transfer (automatic),1.0,0.0,154.6,9.8,1
CUST-01105,Female,69.0,40.0,54.19,2202.24,Month-to-month,DSL,Electronic check,0.0,1.0,263.9,1.1,0
CUST-01106,Female,49.0,54.0,72.77,3958.71,Month-to-month,Fiber optic,Electronic check,6.0,0.0,41.5,19.5,1
CUST-01107,Male,19.0,46.0,41.16,1853.36,One year,No,Mailed check,2.0,0.0,239.6,16.0,0
CUST-01108,Female,64.0,47.0,119.56,5523.92,One year,No,Credit card (automatic),6.0,2.0,59.5,13.8,1
CUST-01109,Female,31.0,15.0,118.11,1752.0,Month-to-month,DSL,Electronic check,2.0,1.0,20.6,27.2,1
CUST-01110,Male,37.0,19.0,84.95,1664.13,Two year,No,Bank transfer (automatic),1.0,0.0,63.8,5.0,0
CUST-01111,Male,39.0,26.0,100.44,2681.11,Month-to-month,Fiber optic,Credit card (automatic),1.0,2.0,231.9,0.3,1
CUST-01112,Male,28.0,52.0,91.51,4794.05,Month-to-month,Fiber optic,Credit card (automatic),0.0,1.0,127.5,2.2,0
CUST-01113,Female,44.0,22.0,79.32,1766.51,Month-to-month,Fiber optic,Credit card (automatic),2.0,0.0,263.0,6.7,0
CUST-01114,Male,20.0,21.0,25.33,550.91,Month-to-month,Fiber optic,Credit card (automatic),2.0,0.0,162.2,1.0,0
CUST-01115,Male,34.0,51.0,65.48,3311.67,Month-to-month,Fiber optic,Electronic check,3.0,0.0,16.5,15.1,0
CUST-01116,Male,61.0,38.0,87.48,3317.74,Month-to-month,DSL,Mailed check,2.0,1.0,217.8,9.4,1
CUST-01117,Male,73.0,20.0,87.75,1838.45,Month-to-month,Fiber optic,Credit card (automatic),0.0,0.0,42.0,5.4,0
CUST-01118,Male,45.0,29.0,57.31,1614.86,Two year,Fiber optic,Bank transfer (automatic),1.0,4.0,238.9,22.5,0
CUST-01119,Male,46.0,51.0,114.17,5903.41,Month-to-month,DSL,Bank transfer (automatic),2.0,3.0,58.7,6.1,0
CUST-01120,Female,38.0,4.0,36.74,130.86,Month-to-month,No,Mailed check,2.0,0.0,110.2,20.6,0
CUST-01121,Female,64.0,55.0,70.04,3918.47,Month-to-month,Fiber optic,Electronic check,2.0,1.0,230.8,10.5,1
CUST-01122,Male,33.0,71.0,89.09,6325.39,One year,Fiber optic,Mailed check,0.0,0.0,286.7,15.4,0
CUST-01123,Male,54.0,28.0,89.71,2541.18,Month-to-month,DSL,Credit card (automatic),3.0,0.0,117.7,28.0,0
CUST-01124,Male,37.0,4.0,84.86,302.6,Two year,Fiber optic,Electronic check,3.0,1.0,250.5,1.1,1
CUST-01125,Female,23.0,22.0,47.53,974.9,Month-to-month,DSL,Electronic check,3.0,1.0,65.3,15.0,0
CUST-01126,Female,36.0,45.0,35.62,1613.83,Month-to-month,DSL,Credit card (automatic),1.0,1.0,244.1,25.6,0
CUST-01127,Female,74.0,67.0,83.59,5651.0,One year,Fiber optic,Bank transfer (automatic),3.0,2.0,200.7,17.6,1
CUST-01128,Female,22.0,66.0,79.93,5233.13,Month-to-month,Fiber optic,Credit card (automatic),1.0,0.0,65.9,8.3,0
CUST-01129,Female,20.0,34.0,37.94,1215.01,Month-to-month,Fiber optic,Mailed check,1.0,3.0,97.7,11.9,0
CUST-01130,Female,18.0,55.0,90.51,4973.46,Month-to-month,DSL,Credit card (automatic),1.0,1.0,48.2,20.4,0
CUST-01131,Female,55.0,1.0,65.52,61.15,One year,Fiber optic,Bank transfer (automatic),2.0,2.0,121.1,26.7,1
CUST-01132,Female,32.0,38.0,86.78,3325.06,Month-to-month,DSL,Credit card (automatic),3.0,2.0,69.1,1.2,1
CUST-01133,Female,51.0,6.0,103.74,669.92,Month-to-month,No,Mailed check,4.0,0.0,196.8,2.1,1
CUST-01134,Male,52.0,25.0,36.97,921.28,Two year,Fiber optic,Mailed check,2.0,0.0,298.4,9.8,0
CUST-01135,Male,66.0,17.0,21.91,465.25,Month-to-month,Fiber optic,Bank transfer (automatic),1.0,1.0,13.5,7.0,0
CUST-01136,Male,42.0,61.0,97.91,5983.72,Two year,DSL,Mailed check,4.0,0.0,166.9,7.9,0
CUST-01137,Male,41.0,12.0,80.97,954.32,One year,DSL,Mailed check,2.0,1.0,176.4,6.6,1
CUST-01138,Female,29.0,6.0,89.96,459.18,Month-to-month,No,Credit card (automatic),0.0,1.0,275.1,5.9,1
CUST-01139,Female,35.0,27.0,103.82,2790.01,Month-to-month,DSL,Electronic check,0.0,0.0,156.7,3.9,0
CUST-01140,Male,32.0,8.0,100.28,785.42,Month-to-month,Fiber optic,Mailed check,1.0,2.0,167.7,28.0,1
CUST-01141,Female,61.0,65.0,116.09,7593.87,One year,Fiber optic,Mailed check,0.0,1.0,146.8,4.3,0
CUST-01142,Male,33.0,57.0,73.59,4217.75,One year,DSL,Bank transfer (automatic),1.0,0.0,88.0,6.1,0
CUST-01143,Female,44.0,40.0,68.85,2695.03,One year,Fiber optic,Bank transfer (automatic),3.0,0.0,26.2,7.4,0
CUST-01144,Male,25.0,14.0,60.19,851.27,Two year,Fiber optic,Credit card (automatic),2.0,0.0,128.5,28.0,0
CUST-01145,Female,63.0,35.0,35.37,1271.53,One year,DSL,Credit card (automatic),3.0,1.0,25.3,22.7,0
CUST-01146,Female,42.0,48.0,77.26,3784.88,Month-to-month,DSL,Mailed check,3.0,0.0,169.6,23.7,0
CUST-01147,Male,34.0,56.0,47.7,2715.58,Month-to-month,DSL,Electronic check,2.0,1.0,99.1,3.1,0
CUST-01148,Female,46.0,49.0,112.13,5532.41,Two year,No,Electronic check,0.0,0.0,164.7,25.1,0
CUST-01149,Male,70.0,13.0,78.32,1021.16,Month-to-month,Fiber optic,Credit card (automatic),1.0,1.0,48.9,12.2,1
CUST-01150,Male,25.0,61.0,79.28,4855.5,Month-to-month,DSL,Bank transfer (automatic),1.0,2.0,280.5,7.9,1
CUST-01151,Male,32.0,49.0,55.49,2781.49,One year,DSL,Mailed check,1.0,1.0,269.4,17.3,0
CUST-01152,Male,44.0,46.0,25.2,1092.56,Month-to-month,Fiber optic,Mailed check,1.0,2.0,65.1,24.7,0
CUST-01153,Female,63.0,62.0,23.17,1419.07,Two year,Fiber optic,Electronic check,0.0,1.0,109.6,23.4,0
CUST-01154,Female,67.0,8.0,62.33,460.01,One year,Fiber optic,Credit card (automatic),0.0,0.0,187.9,26.7,0
CUST-01155,Female,69.0,43.0,28.46,1242.74,Month-to-month,DSL,Electronic check,1.0,1.0,37.7,27.8,0
CUST-01156,Male,24.0,20.0,80.68,1675.11,Two year,DSL,Electronic check,1.0,0.0,112.8,7.1,0
CUST-01157,Female,20.0,39.0,108.1,4186.05,Month-to-month,Fiber optic,Credit card (automatic),0.0,0.0,82.8,12.7,0
CUST-01158,Male,46.0,49.0,108.29,5186.69,Month-to-month,No,Bank transfer (automatic),5.0,1.0,275.5,0.4,1
CUST-01159,Female,61.0,64.0,85.9,5497.6,Month-to-month,DSL,Mailed check,1.0,1.0,257.2,26.4,0
CUST-01160,Female,70.0,62.0,41.12,2595.11,Month-to-month,Fiber optic,Bank transfer (automatic),3.0,0.0,178.2,4.6,1
CUST-01161,Female,41.0,54.0,106.3,5767.08,Month-to-month,Fiber optic,Credit card (automatic),0.0,1.0,160.9,25.8,0
CUST-01162,Male,20.0,9.0,108.61,998.9,Month-to-month,Fiber optic,Credit card (automatic),2.0,1.0,279.9,9.9,1
CUST-01163,Female,37.0,37.0,39.67,1453.79,Month-to-month,DSL,Mailed check,0.0,0.0,280.4,11.0,0
CUST-01164,Female,63.0,49.0,93.74,4529.31,Month-to-month,Fiber optic,Bank transfer (automatic),1.0,0.0,291.1,1.2,0
CUST-01165,Male,32.0,41.0,48.65,2020.41,One year,Fiber optic,Mailed check,1.0,2.0,46.4,9.8,0
CUST-01166,Female,42.0,17.0,100.26,1662.71,Two year,Fiber optic,Electronic check,2.0,0.0,56.6,26.7,0
CUST-01167,Male,47.0,21.0,119.72,2623.32,Month-to-month,DSL,Electronic check,2.0,1.0,206.3,0.8,1
CUST-01168,Female,31.0,51.0,23.0,1201.53,Month-to-month,DSL,Electronic check,2.0,3.0,167.0,12.2,0
CUST-01169,Male,24.0,59.0,109.74,6445.63,Month-to-month,DSL,Bank transfer (automatic),1.0,1.0,15.4,0.9,0
CUST-01170,Male,34.0,39.0,82.26,3177.57,Month-to-month,Fiber optic,Electronic check,4.0,1.0,28.0,11.1,1
CUST-01171,Female,61.0,55.0,117.34,6449.05,One year,DSL,Mailed check,1.0,0.0,267.5,5.2,0
CUST-01172,Male,37.0,41.0,66.5,2714.52,One year,Fiber optic,Bank transfer (automatic),1.0,0.0,262.0,7.6,0
CUST-01173,Male,53.0,39.0,104.74,4140.7,Month-to-month,DSL,Mailed check,1.0,0.0,113.6,26.3,0
CUST-01174,Male,26.0,13.0,26.24,350.44,Month-to-month,Fiber optic,Credit card (automatic),1.0,0.0,268.4,13.1,0
CUST-01176,Male,65.0,11.0,26.7,388.22,One year,DSL,Mailed check,4.0,1.0,243.7,17.7,0
CUST-01177,Male,74.0,19.0,117.53,2235.54,Month-to-month,DSL,Mailed check,2.0,1.0,134.0,4.3,1
CUST-01178,Female,39.0,11.0,101.7,1157.14,Two year,DSL,Bank transfer (automatic),3.0,1.0,42.9,7.8,0
CUST-01179,Male,71.0,46.0,105.25,4811.09,One year,Fiber optic,Credit card (automatic),4.0,0.0,135.8,16.4,0
CUST-01180,Male,70.0,45.0,113.8,5139.16,Month-to-month,Fiber optic,Bank transfer (automatic),3.0,0.0,142.6,7.1,1
CUST-01181,Female,70.0,1.0,28.51,44.07,One year,DSL,Electronic check,1.0,1.0,169.8,20.4,0
CUST-01182,Female,19.0,40.0,58.56,2247.92,Two year,Fiber optic,Electronic check,3.0,0.0,40.6,14.7,0
CUST-01183,Female,41.0,19.0,27.1,615.66,One year,DSL,Credit card (automatic),1.0,2.0,297.5,23.2,0
CUST-01184,Female,25.0,61.0,41.08,2570.41,Month-to-month,DSL,Mailed check,0.0,1.0,80.8,28.4,0
CUST-01185,Female,28.0,12.0,42.94,495.42,Month-to-month,DSL,Mailed check,3.0,0.0,67.6,3.5,0
CUST-01186,Female,30.0,61.0,66.91,4026.4,Two year,No,Mailed check,1.0,1.0,162.8,10.0,0
CUST-01187,Female,34.0,33.0,46.86,1563.76,One year,DSL,Bank transfer (automatic),2.0,1.0,165.8,9.6,0
CUST-01188,Male,25.0,45.0,30.1,1358.83,One year,DSL,Bank transfer (automatic),3.0,2.0,137.5,4.5,0
CUST-01189,Male,38.0,69.0,36.75,2553.53,Two year,DSL,Credit card (automatic),0.0,0.0,233.8,24.3,0
CUST-01190,Female,35.0,8.0,34.73,287.42,Two year,DSL,Electronic check,3.0,1.0,159.8,22.8,0
CUST-01191,Male,47.0,25.0,117.31,2958.06,Two year,Fiber optic,Mailed check,1.0,0.0,186.8,14.5,0
CUST-01192,Male,35.0,46.0,95.93,4485.15,Month-to-month,DSL,Electronic check,2.0,1.0,219.9,16.1,0
CUST-01193,Male,63.0,30.0,116.78,3531.81,Month-to-month,DSL,Bank transfer (automatic),0.0,0.0,17.3,1.8,1
CUST-01194,Female,64.0,47.0,63.97,2954.11,One year,Fiber optic,Bank transfer (automatic),1.0,1.0,175.5,16.7,0
CUST-01195,Female,48.0,49.0,47.84,2412.29,One year,DSL,Bank transfer (automatic),0.0,1.0,266.4,23.7,0
CUST-01196,Male,55.0,47.0,99.83,4774.04,One year,Fiber optic,Electronic check,1.0,0.0,15.0,17.2,0
CUST-01197,Female,49.0,18.0,52.63,1104.94,Month-to-month,Fiber optic,Credit card (automatic),3.0,1.0,127.5,8.0,0
CUST-01198,Male,28.0,66.0,49.94,3239.87,One year,DSL,Credit card (automatic),3.0,0.0,278.6,20.0,0
CUST-01199,Male,62.0,68.0,43.25,2953.14,One year,Fiber optic,Bank transfer (automatic),2.0,0.0,112.4,10.8,0
CUST-01200,Male,42.0,33.0,32.97,983.91,Month-to-month,DSL,Mailed check,1.0,0.0,143.0,16.3,0
