order_id,order_value,category,customer_type
ORD-10000,72.45,Fitness,New
ORD-10001,32.33,Electronics,Returning
ORD-10002,94.66,Fitness,Returning
ORD-10003,106.1,Electronics,VIP
ORD-10004,18.72,Fashion,VIP
ORD-10005,27.62,Fashion,Returning
ORD-10006,65.15,Fashion,Returning
ORD-10007,49.91,Electronics,New
ORD-10008,59.74,Electronics,New
ORD-10009,36.17,Fashion,Returning
ORD-10010,102.27,Fashion,Returning
ORD-10011,96.22,Fitness,New
ORD-10012,62.78,Electronics,New
ORD-10013,118.67,Fashion,Returning
ORD-10014,79.88,Electronics,New
ORD-10015,36.03,Books,New
ORD-10016,75.28,Fitness,Returning
ORD-10017,33.94,Books,VIP
ORD-10018,102.21,Books,New
ORD-10019,58.56,Fashion,New
ORD-10020,54.01,Home & Kitchen,New
ORD-10021,40.1,Fashion,New
ORD-10022,125.65,Fitness,Returning
ORD-10023,55.0,Fashion,New
ORD-10024,46.67,Fashion,New
ORD-10025,48.85,Books,VIP
ORD-10026,83.05,Fitness,Returning
ORD-10027,75.13,Books,New
ORD-10028,77.3,Electronics,New
ORD-10029,78.14,Electronics,Returning
ORD-10030,218.11,Fashion,Returning
ORD-10031,47.28,Fashion,VIP
ORD-10032,44.37,Fashion,New
ORD-10033,37.03,Fashion,Returning
ORD-10034,87.32,Fitness,New
ORD-10035,118.79,Electronics,New
ORD-10036,56.35,Home & Kitchen,Returning
ORD-10037,36.45,Fitness,Returning
ORD-10038,36.79,Home & Kitchen,New
ORD-10039,89.15,Fashion,New
ORD-10040,94.25,Electronics,Returning
ORD-10041,83.59,Electronics,New
ORD-10042,40.48,Home & Kitchen,New
ORD-10043,69.36,Fashion,New
ORD-10044,64.72,Electronics,New
ORD-10045,68.8,Books,Returning
ORD-10046,101.78,Home & Kitchen,New
ORD-10047,69.0,Fitness,Returning
ORD-10048,90.68,Fashion,Returning
ORD-10049,62.84,Books,New
ORD-10050,71.77,Electronics,Returning
ORD-10051,88.13,Electronics,New
ORD-10052,25.17,Fitness,Returning
ORD-10053,49.81,Fitness,Returning
ORD-10054,45.5,Fashion,Returning
ORD-10055,41.13,Electronics,New
ORD-10056,51.16,Fashion,Returning
ORD-10057,147.96,Fitness,Returning
ORD-10058,35.89,Fitness,New
ORD-10059,107.87,Fashion,New
ORD-10060,21.98,Electronics,New
ORD-10061,49.36,Home & Kitchen,New
ORD-10062,66.53,Home & Kitchen,New
ORD-10063,85.78,Fashion,VIP
ORD-10064,92.46,Home & Kitchen,VIP
ORD-10065,97.13,Books,New
ORD-10066,48.95,Electronics,VIP
ORD-10067,45.72,Home & Kitchen,Returning
ORD-10068,100.97,Home & Kitchen,Returning
ORD-10069,53.8,Fashion,VIP
ORD-10070,28.07,Fitness,Returning
ORD-10071,30.57,Home & Kitchen,Returning
ORD-10072,34.76,Fashion,New
ORD-10073,81.31,Electronics,New
ORD-10074,65.72,Home & Kitchen,VIP
ORD-10075,91.31,Electronics,New
ORD-10076,46.7,Electronics,New
ORD-10077,66.36,Fashion,New
ORD-10078,87.83,Home & Kitchen,Returning
ORD-10079,50.12,Books,New
ORD-10080,79.37,Home & Kitchen,VIP
ORD-10081,40.56,Fitness,New
ORD-10082,48.53,Fashion,VIP
ORD-10083,47.99,Fashion,Returning
ORD-10084,29.44,Books,Returning
ORD-10085,80.82,Fashion,New
ORD-10086,45.53,Fitness,New
ORD-10087,60.79,Fashion,VIP
ORD-10088,80.52,Electronics,Returning
ORD-10089,78.88,Home & Kitchen,New
ORD-10090,89.95,Electronics,VIP
ORD-10091,56.88,Electronics,Returning
ORD-10092,46.81,Electronics,New
ORD-10093,57.52,Electronics,Returning
ORD-10094,21.92,Fashion,Returning
ORD-10095,25.32,Fitness,Returning
ORD-10096,27.29,Fashion,New
ORD-10097,33.17,Fitness,New
ORD-10098,76.7,Home & Kitchen,New
ORD-10099,35.05,Electronics,New
ORD-10100,48.09,Electronics,New
ORD-10101,131.57,Books,Returning
ORD-10102,48.73,Home & Kitchen,Returning
ORD-10103,93.93,Books,New
ORD-10104,34.46,Fashion,Returning
ORD-10105,53.34,Home & Kitchen,New
ORD-10106,34.12,Fitness,New
ORD-10107,49.23,Books,Returning
ORD-10108,99.9,Electronics,VIP
ORD-10109,21.4,Books,New
ORD-10110,78.31,Fashion,VIP
ORD-10111,69.59,Fitness,VIP
ORD-10112,42.25,Fashion,Returning
ORD-10113,25.34,Home & Kitchen,VIP
ORD-10114,63.01,Fashion,New
ORD-10115,43.92,Fitness,New
ORD-10116,69.38,Fashion,Returning
ORD-10117,61.14,Fashion,Returning
ORD-10118,157.76,Home & Kitchen,New
ORD-10119,52.27,Home & Kitchen,New
ORD-10120,32.65,Fashion,New
ORD-10121,67.19,Home & Kitchen,New
ORD-10122,68.85,Fashion,New
ORD-10123,136.39,Home & Kitchen,VIP
ORD-10124,99.59,Home & Kitchen,New
ORD-10125,74.75,Home & Kitchen,Returning
ORD-10126,145.18,Fitness,New
ORD-10127,29.57,Fashion,New
ORD-10128,41.11,Electronics,VIP
ORD-10129,34.61,Home & Kitchen,New
ORD-10130,47.76,Electronics,New
ORD-10131,26.42,Electronics,Returning
ORD-10132,88.33,Fitness,New
ORD-10133,52.81,Fashion,New
ORD-10134,24.97,Fashion,VIP
ORD-10135,32.81,Books,New
ORD-10136,72.83,Electronics,Returning
ORD-10137,99.77,Electronics,New
ORD-10138,199.94,Electronics,New
ORD-10139,346.65,Electronics,Returning
ORD-10140,77.37,Home & Kitchen,Returning
ORD-10141,33.32,Fitness,New
ORD-10142,16.79,Home & Kitchen,VIP
ORD-10143,70.85,Fashion,Returning
ORD-10144,37.05,Fashion,Returning
ORD-10145,47.03,Electronics,Returning
ORD-10146,41.79,Home & Kitchen,Returning
ORD-10147,55.45,Home & Kitchen,Returning
ORD-10148,114.39,Electronics,New
ORD-10149,66.3,Fitness,VIP
ORD-10150,54.86,Fitness,Returning
ORD-10151,32.41,Fashion,VIP
ORD-10152,22.09,Home & Kitchen,VIP
ORD-10153,45.07,Home & Kitchen,New
ORD-10154,58.42,Electronics,New
ORD-10155,174.3,Electronics,Returning
ORD-10156,65.25,Home & Kitchen,Returning
ORD-10157,108.81,Books,Returning
ORD-10158,44.72,Home & Kitchen,New
ORD-10159,29.64,Home & Kitchen,Returning
ORD-10160,33.82,Home & Kitchen,VIP
ORD-10161,39.05,Fashion,VIP
ORD-10162,216.39,Electronics,New
ORD-10163,36.86,Fashion,VIP
ORD-10164,99.79,Books,New
ORD-10165,35.1,Fitness,Returning
ORD-10166,105.52,Books,New
ORD-10167,76.02,Electronics,Returning
ORD-10168,54.93,Fashion,New
ORD-10169,58.88,Home & Kitchen,New
ORD-10170,40.74,Electronics,New
ORD-10171,78.86,Electronics,VIP
ORD-10172,45.93,Fitness,Returning
ORD-10173,28.92,Home & Kitchen,Returning
ORD-10174,28.03,Home & Kitchen,Returning
ORD-10175,66.92,Fashion,New
ORD-10176,155.63,Fashion,New
ORD-10177,66.42,Electronics,New
ORD-10178,56.19,Electronics,Returning
ORD-10179,71.63,Fashion,VIP
ORD-10180,132.11,Fashion,New
ORD-10181,68.83,Books,Returning
ORD-10182,47.16,Fashion,Returning
ORD-10183,117.19,Electronics,VIP
ORD-10184,78.04,Electronics,New
ORD-10185,151.63,Home & Kitchen,VIP
ORD-10186,67.35,Electronics,Returning
ORD-10187,28.94,Electronics,Returning
ORD-10188,26.55,Fashion,Returning
ORD-10189,162.48,Fashion,New
ORD-10190,169.73,Home & Kitchen,Returning
ORD-10191,54.18,Fashion,Returning
ORD-10192,47.95,Electronics,Returning
ORD-10193,145.02,Fitness,VIP
ORD-10194,31.06,Fashion,Returning
ORD-10195,35.27,Home & Kitchen,New
ORD-10196,88.77,Electronics,New
ORD-10197,47.62,Home & Kitchen,VIP
ORD-10198,60.16,Fashion,Returning
ORD-10199,54.7,Fashion,VIP
ORD-10200,73.89,Fashion,New
ORD-10201,140.4,Books,Returning
ORD-10202,63.71,Electronics,VIP
ORD-10203,88.8,Books,Returning
ORD-10204,17.64,Books,New
ORD-10205,58.6,Fashion,New
ORD-10206,36.38,Fashion,VIP
ORD-10207,29.04,Fashion,Returning
ORD-10208,35.63,Books,New
ORD-10209,49.38,Home & Kitchen,Returning
ORD-10210,104.54,Fashion,New
ORD-10211,27.23,Electronics,New
ORD-10212,61.46,Fitness,New
ORD-10213,45.13,Electronics,New
ORD-10214,49.57,Electronics,Returning
ORD-10215,110.13,Fashion,New
ORD-10216,83.34,Fashion,Returning
ORD-10217,134.62,Fitness,Returning
ORD-10218,55.0,Fitness,New
ORD-10219,39.74,Electronics,New
ORD-10220,52.76,Fashion,New
ORD-10221,69.79,Fitness,Returning
ORD-10222,67.08,Fashion,VIP
ORD-10223,31.48,Electronics,Returning
ORD-10224,63.71,Fashion,Returning
ORD-10225,69.2,Home & Kitchen,VIP
ORD-10226,273.28,Books,Returning
ORD-10227,186.07,Home & Kitchen,Returning
ORD-10228,36.16,Electronics,Returning
ORD-10229,50.78,Home & Kitchen,New
ORD-10230,25.08,Fashion,New
ORD-10231,42.33,Fitness,Returning
ORD-10232,72.92,Fashion,Returning
ORD-10233,124.4,Electronics,New
ORD-10234,38.96,Fashion,VIP
ORD-10235,40.75,Fashion,New
ORD-10236,16.64,Electronics,Returning
ORD-10237,54.73,Home & Kitchen,VIP
ORD-10238,31.9,Fitness,New
ORD-10239,43.92,Fitness,VIP
ORD-10240,35.65,Fashion,Returning
ORD-10241,57.02,Electronics,Returning
ORD-10242,21.02,Fashion,VIP
ORD-10243,25.02,Fashion,Returning
ORD-10244,216.49,Electronics,Returning
ORD-10245,27.87,Fitness,Returning
ORD-10246,31.25,Books,New
ORD-10247,181.66,Electronics,New
ORD-10248,344.83,Fitness,New
ORD-10249,29.88,Home & Kitchen,New
ORD-10250,48.38,Fashion,Returning
ORD-10251,74.06,Home & Kitchen,VIP
ORD-10252,170.24,Electronics,VIP
ORD-10253,33.38,Electronics,New
ORD-10254,52.08,Books,Returning
ORD-10255,96.2,Home & Kitchen,Returning
ORD-10256,78.32,Fashion,New
ORD-10257,48.15,Fashion,Returning
ORD-10258,55.68,Books,New
ORD-10259,26.44,Fashion,VIP
ORD-10260,52.31,Books,New
ORD-10261,51.43,Fitness,Returning
ORD-10262,69.36,Fashion,VIP
ORD-10263,43.24,Home & Kitchen,Returning
ORD-10264,80.07,Home & Kitchen,New
ORD-10265,110.79,Fitness,New
ORD-10266,66.24,Fashion,VIP
ORD-10267,74.52,Electronics,New
ORD-10268,62.3,Electronics,New
ORD-10269,60.34,Home & Kitchen,VIP
ORD-10270,39.14,Fitness,Returning
ORD-10271,72.96,Fitness,Returning
ORD-10272,56.92,Home & Kitchen,New
ORD-10273,211.85,Electronics,Returning
ORD-10274,155.09,Electronics,Returning
ORD-10275,76.06,Fitness,New
ORD-10276,38.17,Fashion,New
ORD-10277,30.96,Fitness,New
ORD-10278,123.31,Electronics,Returning
ORD-10279,70.64,Fashion,New
ORD-10280,80.49,Books,VIP
ORD-10281,21.18,Electronics,New
ORD-10282,105.26,Electronics,New
ORD-10283,79.25,Home & Kitchen,VIP
ORD-10284,30.99,Home & Kitchen,VIP
ORD-10285,45.47,Books,Returning
ORD-10286,70.68,Books,VIP
ORD-10287,62.27,Home & Kitchen,New
ORD-10288,50.64,Electronics,Returning
ORD-10289,56.71,Fashion,New
ORD-10290,51.87,Fitness,Returning
ORD-10291,66.12,Fashion,Returning
ORD-10292,145.9,Books,Returning
ORD-10293,12.94,Home & Kitchen,New
ORD-10294,52.35,Electronics,New
ORD-10295,67.08,Fashion,VIP
ORD-10296,72.07,Home & Kitchen,Returning
ORD-10297,48.27,Electronics,New
ORD-10298,21.03,Fashion,New
ORD-10299,73.46,Home & Kitchen,New
ORD-10300,170.1,Electronics,New
ORD-10301,24.04,Fashion,New
ORD-10302,101.32,Home & Kitchen,Returning
ORD-10303,49.55,Fitness,Returning
ORD-10304,58.16,Fashion,Returning
ORD-10305,32.08,Books,New
ORD-10306,49.37,Books,New
ORD-10307,131.63,Fashion,New
ORD-10308,85.59,Electronics,VIP
ORD-10309,170.61,Fitness,Returning
ORD-10310,122.3,Electronics,New
ORD-10311,78.53,Fitness,Returning
ORD-10312,171.81,Home & Kitchen,Returning
ORD-10313,78.52,Fashion,Returning
ORD-10314,99.17,Home & Kitchen,Returning
ORD-10315,50.5,Fashion,VIP
ORD-10316,62.8,Books,New
ORD-10317,39.71,Electronics,Returning
ORD-10318,109.26,Books,Returning
ORD-10319,29.76,Electronics,Returning
ORD-10320,96.49,Fitness,New
ORD-10321,53.82,Books,Returning
ORD-10322,121.84,Fashion,New
ORD-10323,94.68,Electronics,Returning
ORD-10324,179.9,Fitness,Returning
ORD-10325,93.55,Fitness,New
ORD-10326,23.49,Fashion,VIP
ORD-10327,57.96,Fashion,Returning
ORD-10328,29.87,Fitness,Returning
ORD-10329,44.21,Electronics,VIP
ORD-10330,149.42,Home & Kitchen,Returning
ORD-10331,88.46,Fashion,New
ORD-10332,39.67,Electronics,Returning
ORD-10333,32.84,Fitness,Returning
ORD-10334,61.54,Fashion,Returning
ORD-10335,29.08,Books,VIP
ORD-10336,40.34,Home & Kitchen,Returning
ORD-10337,72.76,Fashion,New
ORD-10338,120.69,Fashion,Returning
ORD-10339,86.94,Fashion,Returning
ORD-10340,15.26,Fitness,New
ORD-10341,72.43,Home & Kitchen,New
ORD-10342,63.01,Fitness,New
ORD-10343,77.35,Fashion,Returning
ORD-10344,159.13,Fashion,New
ORD-10345,17.5,Electronics,New
ORD-10346,42.32,Fitness,New
ORD-10347,86.02,Fashion,Returning
ORD-10348,23.36,Fashion,New
ORD-10349,146.29,Fashion,New
ORD-10350,75.26,Fashion,Returning
ORD-10351,100.28,Home & Kitchen,New
ORD-10352,42.84,Home & Kitchen,New
ORD-10353,98.32,Books,Returning
ORD-10354,114.56,Electronics,New
ORD-10355,69.39,Home & Kitchen,New
ORD-10356,69.45,Electronics,New
ORD-10357,70.97,Fitness,New
ORD-10358,35.95,Home & Kitchen,Returning
ORD-10359,55.23,Fashion,VIP
ORD-10360,55.06,Fitness,New
ORD-10361,75.95,Fashion,Returning
ORD-10362,109.94,Electronics,VIP
ORD-10363,31.97,Fashion,Returning
ORD-10364,55.98,Electronics,Returning
ORD-10365,146.77,Fitness,Returning
ORD-10366,38.62,Home & Kitchen,Returning
ORD-10367,36.84,Fitness,VIP
ORD-10368,68.13,Fitness,New
ORD-10369,100.15,Fitness,VIP
ORD-10370,60.76,Fashion,Returning
ORD-10371,133.94,Electronics,Returning
ORD-10372,100.89,Fashion,Returning
ORD-10373,99.99,Books,New
ORD-10374,84.14,Books,New
ORD-10375,243.86,Fitness,VIP
ORD-10376,53.35,Electronics,Returning
ORD-10377,18.14,Electronics,VIP
ORD-10378,157.99,Fitness,New
ORD-10379,45.85,Electronics,New
ORD-10380,64.38,Home & Kitchen,New
ORD-10381,132.39,Fashion,New
ORD-10382,23.07,Fashion,Returning
ORD-10383,28.47,Home & Kitchen,VIP
ORD-10384,23.09,Books,VIP
ORD-10385,37.47,Fitness,Returning
ORD-10386,78.55,Fashion,New
ORD-10387,82.64,Fashion,Returning
ORD-10388,71.22,Books,Returning
ORD-10389,25.85,Home & Kitchen,Returning
ORD-10390,15.09,Fashion,Returning
ORD-10391,62.34,Home & Kitchen,New
ORD-10392,45.46,Electronics,New
ORD-10393,79.49,Electronics,VIP
ORD-10394,91.94,Fitness,Returning
ORD-10395,65.56,Home & Kitchen,VIP
ORD-10396,95.21,Electronics,New
ORD-10397,69.24,Fashion,Returning
ORD-10398,82.93,Books,New
ORD-10399,39.54,Home & Kitchen,VIP
ORD-10400,54.18,Home & Kitchen,New
ORD-10401,67.9,Electronics,Returning
ORD-10402,98.72,Books,New
ORD-10403,47.64,Fitness,New
ORD-10404,82.49,Fashion,New
ORD-10405,51.44,Fashion,Returning
ORD-10406,56.23,Home & Kitchen,Returning
ORD-10407,99.26,Fitness,VIP
ORD-10408,18.25,Fitness,Returning
ORD-10409,27.72,Books,Returning
ORD-10410,24.8,Home & Kitchen,Returning
ORD-10411,14.88,Fashion,New
ORD-10412,40.17,Fashion,Returning
ORD-10413,94.6,Fitness,Returning
ORD-10414,50.86,Fashion,Returning
ORD-10415,67.94,Electronics,New
ORD-10416,115.99,Home & Kitchen,New
ORD-10417,133.84,Fashion,New
ORD-10418,57.89,Fitness,VIP
ORD-10419,135.93,Electronics,Returning
ORD-10420,63.77,Fashion,Returning
ORD-10421,36.51,Fashion,Returning
ORD-10422,42.24,Home & Kitchen,Returning
ORD-10423,24.82,Fitness,New
ORD-10424,35.41,Fashion,New
ORD-10425,48.68,Fashion,Returning
ORD-10426,97.72,Electronics,New
ORD-10427,169.43,Home & Kitchen,New
ORD-10428,26.33,Books,Returning
ORD-10429,76.38,Fitness,New
ORD-10430,32.32,Electronics,VIP
ORD-10431,80.22,Home & Kitchen,Returning
ORD-10432,55.78,Fashion,VIP
ORD-10433,20.11,Electronics,VIP
ORD-10434,105.32,Electronics,New
ORD-10435,41.97,Electronics,New
ORD-10436,43.8,Electronics,Returning
ORD-10437,31.76,Fitness,New
ORD-10438,40.75,Fashion,VIP
ORD-10439,78.0,Fitness,New
ORD-10440,53.86,Books,Returning
ORD-10441,73.49,Home & Kitchen,Returning
ORD-10442,74.97,Fashion,VIP
ORD-10443,133.27,Fitness,Returning
ORD-10444,49.12,Electronics,Returning
ORD-10445,24.88,Fashion,New
ORD-10446,114.47,Fashion,Returning
ORD-10447,49.46,Fitness,Returning
ORD-10448,117.77,Fitness,Returning
ORD-10449,75.95,Fitness,Returning
ORD-10450,55.77,Home & Kitchen,New
ORD-10451,74.39,Fashion,New
ORD-10452,194.53,Fitness,VIP
ORD-10453,209.81,Fitness,New
ORD-10454,62.91,Fashion,Returning
ORD-10455,66.43,Books,Returning
ORD-10456,115.09,Fitness,VIP
ORD-10457,36.33,Fashion,New
ORD-10458,73.69,Electronics,New
ORD-10459,59.41,Electronics,VIP
ORD-10460,72.85,Fitness,Returning
ORD-10461,36.6,Electronics,Returning
ORD-10462,23.25,Fashion,New
ORD-10463,17.4,Home & Kitchen,New
ORD-10464,30.86,Fitness,VIP
ORD-10465,45.82,Fitness,Returning
ORD-10466,50.61,Fitness,VIP
ORD-10467,192.93,Fashion,VIP
ORD-10468,117.17,Electronics,Returning
ORD-10469,33.88,Home & Kitchen,Returning
ORD-10470,74.34,Electronics,Returning
ORD-10471,47.26,Home & Kitchen,Returning
ORD-10472,50.88,Books,Returning
ORD-10473,67.44,Home & Kitchen,New
ORD-10474,87.49,Home & Kitchen,VIP
ORD-10475,49.23,Home & Kitchen,Returning
ORD-10476,114.24,Fitness,VIP
ORD-10477,30.41,Fashion,New
ORD-10478,60.57,Fashion,Returning
ORD-10479,286.75,Electronics,Returning
ORD-10480,68.98,Home & Kitchen,Returning
ORD-10481,142.58,Fashion,New
ORD-10482,63.75,Fashion,New
ORD-10483,85.5,Fitness,Returning
ORD-10484,58.32,Electronics,VIP
ORD-10485,54.48,Home & Kitchen,New
ORD-10486,37.8,Electronics,New
ORD-10487,78.11,Fashion,Returning
ORD-10488,36.2,Electronics,New
ORD-10489,89.96,Electronics,New
ORD-10490,115.72,Books,Returning
ORD-10491,75.18,Books,Returning
ORD-10492,50.82,Home & Kitchen,New
ORD-10493,79.23,Home & Kitchen,New
ORD-10494,50.14,Fitness,VIP
ORD-10495,105.78,Fitness,Returning
ORD-10496,20.11,Fashion,Returning
ORD-10497,49.34,Electronics,New
ORD-10498,18.27,Home & Kitchen,Returning
ORD-10499,24.61,Books,Returning
ORD-10500,136.77,Fashion,New
ORD-10501,103.25,Fashion,Returning
ORD-10502,39.19,Fashion,Returning
ORD-10503,24.5,Fashion,New
ORD-10504,10.19,Home & Kitchen,Returning
ORD-10505,43.55,Fashion,New
ORD-10506,257.82,Books,Returning
ORD-10507,78.33,Fitness,VIP
ORD-10508,43.13,Electronics,New
ORD-10509,79.76,Fitness,New
ORD-10510,23.65,Fitness,New
ORD-10511,50.48,Fashion,VIP
ORD-10512,64.05,Fashion,New
ORD-10513,57.3,Fitness,New
ORD-10514,96.98,Fashion,Returning
ORD-10515,74.2,Electronics,Returning
ORD-10516,90.11,Fashion,Returning
ORD-10517,39.92,Fashion,VIP
ORD-10518,103.41,Home & Kitchen,New
ORD-10519,160.35,Electronics,Returning
ORD-10520,33.71,Home & Kitchen,Returning
ORD-10521,35.42,Fashion,New
ORD-10522,134.49,Fitness,VIP
ORD-10523,53.8,Fashion,Returning
ORD-10524,140.09,Books,New
ORD-10525,46.27,Books,New
ORD-10526,144.46,Electronics,New
ORD-10527,65.29,Home & Kitchen,VIP
ORD-10528,70.45,Electronics,New
ORD-10529,154.29,Fitness,VIP
ORD-10530,48.57,Home & Kitchen,New
ORD-10531,34.31,Fashion,VIP
ORD-10532,46.1,Electronics,Returning
ORD-10533,79.15,Fashion,New
ORD-10534,23.58,Fitness,New
ORD-10535,88.45,Fitness,Returning
ORD-10536,43.67,Electronics,New
ORD-10537,120.14,Fashion,New
ORD-10538,14.35,Fashion,Returning
ORD-10539,37.64,Home & Kitchen,VIP
ORD-10540,21.94,Electronics,Returning
ORD-10541,36.75,Fashion,VIP
ORD-10542,70.01,Fitness,Returning
ORD-10543,54.19,Fashion,Returning
ORD-10544,51.83,Home & Kitchen,New
ORD-10545,54.84,Fashion,Returning
ORD-10546,68.17,Fashion,Returning
ORD-10547,32.95,Home & Kitchen,Returning
ORD-10548,92.21,Fashion,VIP
ORD-10549,89.8,Electronics,Returning
ORD-10550,76.02,Books,Returning
ORD-10551,84.26,Fitness,Returning
ORD-10552,72.09,Home & Kitchen,New
ORD-10553,204.6,Electronics,New
ORD-10554,57.27,Electronics,VIP
ORD-10555,50.19,Electronics,New
ORD-10556,38.39,Books,Returning
ORD-10557,32.48,Fitness,Returning
ORD-10558,28.6,Fashion,VIP
ORD-10559,35.4,Books,Returning
ORD-10560,57.83,Electronics,New
ORD-10561,73.74,Home & Kitchen,New
ORD-10562,62.22,Electronics,Returning
ORD-10563,38.12,Fashion,New
ORD-10564,103.56,Books,Returning
ORD-10565,94.03,Fitness,New
ORD-10566,54.83,Electronics,New
ORD-10567,40.78,Electronics,VIP
ORD-10568,83.85,Home & Kitchen,VIP
ORD-10569,67.54,Electronics,Returning
ORD-10570,25.31,Home & Kitchen,New
ORD-10571,57.93,Home & Kitchen,VIP
ORD-10572,70.61,Fashion,Returning
ORD-10573,35.17,Fashion,VIP
ORD-10574,67.62,Electronics,New
ORD-10575,25.21,Books,New
ORD-10576,134.52,Fashion,Returning
ORD-10577,127.58,Home & Kitchen,VIP
ORD-10578,51.86,Fashion,New
ORD-10579,75.04,Home & Kitchen,New
ORD-10580,14.21,Electronics,Returning
ORD-10581,30.15,Electronics,VIP
ORD-10582,50.59,Home & Kitchen,Returning
ORD-10583,31.71,Home & Kitchen,VIP
ORD-10584,92.63,Fashion,Returning
ORD-10585,200.01,Fashion,VIP
ORD-10586,29.79,Books,Returning
ORD-10587,36.51,Electronics,New
ORD-10588,69.5,Electronics,Returning
ORD-10589,158.65,Fashion,Returning
ORD-10590,28.98,Fashion,Returning
ORD-10591,70.06,Home & Kitchen,New
ORD-10592,179.97,Home & Kitchen,Returning
ORD-10593,22.4,Fashion,Returning
ORD-10594,27.98,Home & Kitchen,New
ORD-10595,46.8,Fashion,VIP
ORD-10596,44.15,Fitness,New
ORD-10597,98.25,Electronics,New
ORD-10598,69.76,Fashion,New
ORD-10599,20.8,Home & Kitchen,Returning
ORD-10600,82.21,Fashion,New
ORD-10601,42.67,Electronics,Returning
ORD-10602,129.63,Fashion,Returning
ORD-10603,41.41,Home & Kitchen,Returning
ORD-10604,41.18,Electronics,VIP
ORD-10605,83.49,Home & Kitchen,VIP
ORD-10606,95.37,Fitness,New
ORD-10607,78.95,Home & Kitchen,New
ORD-10608,21.95,Electronics,New
ORD-10609,83.33,Fitness,Returning
ORD-10610,32.44,Electronics,New
ORD-10611,69.49,Books,Returning
ORD-10612,25.68,Home & Kitchen,Returning
ORD-10613,78.87,Electronics,Returning
ORD-10614,37.19,Fitness,New
ORD-10615,27.95,Fashion,New
ORD-10616,92.6,Fashion,New
ORD-10617,69.75,Fashion,Returning
ORD-10618,41.75,Home & Kitchen,Returning
ORD-10619,144.13,Home & Kitchen,Returning
ORD-10620,46.32,Fitness,Returning
ORD-10621,61.51,Fashion,Returning
ORD-10622,70.91,Home & Kitchen,New
ORD-10623,41.6,Home & Kitchen,New
ORD-10624,80.05,Home & Kitchen,New
ORD-10625,43.81,Fashion,New
ORD-10626,47.14,Fashion,New
ORD-10627,136.67,Fitness,Returning
ORD-10628,32.32,Fashion,New
ORD-10629,14.19,Electronics,New
ORD-10630,158.63,Fashion,New
ORD-10631,278.55,Fashion,New
ORD-10632,47.32,Electronics,New
ORD-10633,18.88,Electronics,New
ORD-10634,50.08,Home & Kitchen,New
ORD-10635,50.82,Books,VIP
ORD-10636,53.84,Fashion,New
ORD-10637,30.94,Electronics,New
ORD-10638,85.43,Fitness,Returning
ORD-10639,82.66,Fashion,New
ORD-10640,24.62,Books,Returning
ORD-10641,91.79,Home & Kitchen,New
ORD-10642,206.77,Electronics,VIP
ORD-10643,66.9,Fashion,VIP
ORD-10644,49.28,Fashion,Returning
ORD-10645,55.41,Fitness,New
ORD-10646,87.28,Electronics,Returning
ORD-10647,21.36,Fitness,New
ORD-10648,66.6,Fitness,Returning
ORD-10649,47.74,Fitness,New
ORD-10650,182.86,Fitness,Returning
ORD-10651,54.35,Electronics,New
ORD-10652,164.14,Fashion,Returning
ORD-10653,31.12,Fitness,New
ORD-10654,85.83,Fashion,New
ORD-10655,73.09,Electronics,Returning
ORD-10656,35.82,Fashion,Returning
ORD-10657,67.12,Electronics,New
ORD-10658,124.9,Fitness,New
ORD-10659,49.69,Fashion,VIP
ORD-10660,21.86,Home & Kitchen,Returning
ORD-10661,59.71,Books,Returning
ORD-10662,35.11,Fashion,Returning
ORD-10663,49.14,Fitness,Returning
ORD-10664,57.46,Electronics,Returning
ORD-10665,21.68,Electronics,New
ORD-10666,22.89,Electronics,Returning
ORD-10667,80.58,Fashion,Returning
ORD-10668,44.1,Fashion,New
ORD-10669,12.95,Fashion,Returning
ORD-10670,96.63,Electronics,New
ORD-10671,71.05,Electronics,New
ORD-10672,39.32,Home & Kitchen,Returning
ORD-10673,27.38,Electronics,VIP
ORD-10674,99.63,Fitness,New
ORD-10675,74.41,Books,Returning
ORD-10676,252.03,Home & Kitchen,New
ORD-10677,77.64,Home & Kitchen,Returning
ORD-10678,76.14,Home & Kitchen,Returning
ORD-10679,54.59,Home & Kitchen,Returning
ORD-10680,98.5,Books,New
ORD-10681,87.8,Books,New
ORD-10682,127.87,Fashion,Returning
ORD-10683,44.13,Home & Kitchen,New
ORD-10684,46.47,Fitness,New
ORD-10685,45.27,Electronics,New
ORD-10686,96.98,Fashion,Returning
ORD-10687,148.27,Home & Kitchen,New
ORD-10688,45.82,Home & Kitchen,Returning
ORD-10689,46.77,Fashion,New
ORD-10690,72.85,Fashion,Returning
ORD-10691,52.07,Electronics,VIP
ORD-10692,106.83,Home & Kitchen,New
ORD-10693,15.63,Books,Returning
ORD-10694,36.74,Fitness,Returning
ORD-10695,37.73,Fashion,New
ORD-10696,15.0,Fashion,Returning
ORD-10697,33.85,Fitness,VIP
ORD-10698,34.84,Home & Kitchen,Returning
ORD-10699,53.48,Fashion,VIP
ORD-10700,117.66,Fashion,Returning
ORD-10701,52.09,Electronics,Returning
ORD-10702,32.51,Fitness,New
ORD-10703,58.31,Home & Kitchen,VIP
ORD-10704,113.24,Fashion,Returning
ORD-10705,33.6,Books,New
ORD-10706,34.94,Home & Kitchen,Returning
ORD-10707,84.36,Books,Returning
ORD-10708,52.83,Fashion,VIP
ORD-10709,88.99,Fashion,Returning
ORD-10710,59.85,Books,VIP
ORD-10711,91.93,Books,Returning
ORD-10712,32.43,Books,Returning
ORD-10713,59.9,Fitness,Returning
ORD-10714,53.17,Fashion,New
ORD-10715,29.09,Electronics,New
ORD-10716,23.62,Fashion,VIP
ORD-10717,91.05,Books,VIP
ORD-10718,48.88,Fashion,VIP
ORD-10719,32.68,Fitness,New
ORD-10720,56.96,Books,New
ORD-10721,118.73,Books,VIP
ORD-10722,15.36,Books,New
ORD-10723,24.58,Home & Kitchen,Returning
ORD-10724,34.68,Fashion,New
ORD-10725,145.0,Books,VIP
ORD-10726,71.49,Electronics,Returning
ORD-10727,95.62,Electronics,New
ORD-10728,30.44,Books,Returning
ORD-10729,30.82,Home & Kitchen,New
ORD-10730,78.94,Fashion,Returning
ORD-10731,62.49,Electronics,Returning
ORD-10732,83.87,Fashion,Returning
ORD-10733,53.91,Books,New
ORD-10734,71.3,Home & Kitchen,New
ORD-10735,66.35,Fashion,New
ORD-10736,96.22,Home & Kitchen,VIP
ORD-10737,97.93,Fitness,New
ORD-10738,22.83,Books,Returning
ORD-10739,15.67,Fashion,New
ORD-10740,110.06,Home & Kitchen,VIP
ORD-10741,123.06,Fashion,Returning
ORD-10742,32.71,Fashion,New
ORD-10743,19.77,Electronics,Returning
ORD-10744,64.03,Fashion,Returning
ORD-10745,105.48,Home & Kitchen,Returning
ORD-10746,177.43,Fashion,VIP
ORD-10747,82.25,Fashion,Returning
ORD-10748,48.28,Electronics,VIP
ORD-10749,35.31,Electronics,Returning
ORD-10750,60.76,Home & Kitchen,New
ORD-10751,50.42,Electronics,Returning
ORD-10752,32.82,Electronics,Returning
ORD-10753,206.28,Books,New
ORD-10754,176.11,Fashion,Returning
ORD-10755,119.3,Fitness,New
ORD-10756,34.73,Home & Kitchen,New
ORD-10757,100.79,Home & Kitchen,VIP
ORD-10758,88.57,Home & Kitchen,New
ORD-10759,78.69,Electronics,Returning
ORD-10760,127.71,Fitness,New
ORD-10761,88.34,Fitness,Returning
ORD-10762,94.07,Fashion,VIP
ORD-10763,88.42,Fitness,Returning
ORD-10764,74.03,Fashion,Returning
ORD-10765,20.69,Books,New
ORD-10766,63.44,Fitness,New
ORD-10767,43.22,Electronics,Returning
ORD-10768,28.0,Fitness,Returning
ORD-10769,165.52,Books,Returning
ORD-10770,170.27,Home & Kitchen,Returning
ORD-10771,136.39,Electronics,New
ORD-10772,70.33,Fitness,New
ORD-10773,135.69,Home & Kitchen,VIP
ORD-10774,60.78,Fashion,Returning
ORD-10775,68.15,Fitness,Returning
ORD-10776,31.31,Home & Kitchen,Returning
ORD-10777,76.57,Fitness,VIP
ORD-10778,62.57,Home & Kitchen,VIP
ORD-10779,27.62,Fashion,New
ORD-10780,58.51,Books,VIP
ORD-10781,57.52,Home & Kitchen,New
ORD-10782,177.42,Fashion,New
ORD-10783,103.19,Fashion,VIP
ORD-10784,60.76,Electronics,New
ORD-10785,70.05,Home & Kitchen,New
ORD-10786,61.96,Fashion,Returning
ORD-10787,53.42,Books,VIP
ORD-10788,31.52,Books,New
ORD-10789,55.11,Fitness,Returning
ORD-10790,38.56,Electronics,Returning
ORD-10791,28.5,Home & Kitchen,New
ORD-10792,82.0,Electronics,Returning
ORD-10793,76.31,Fitness,Returning
ORD-10794,20.66,Fashion,Returning
ORD-10795,56.06,Books,Returning
ORD-10796,109.66,Fashion,VIP
ORD-10797,113.92,Fashion,Returning
ORD-10798,111.66,Books,New
ORD-10799,61.77,Fashion,Returning
ORD-10800,36.34,Fitness,Returning
ORD-10801,31.49,Books,New
ORD-10802,74.2,Fashion,Returning
ORD-10803,75.76,Fashion,Returning
ORD-10804,130.63,Home & Kitchen,New
ORD-10805,116.74,Fitness,New
ORD-10806,55.74,Books,Returning
ORD-10807,28.6,Fashion,New
ORD-10808,49.83,Home & Kitchen,VIP
ORD-10809,68.74,Fashion,New
ORD-10810,53.45,Home & Kitchen,Returning
ORD-10811,42.66,Fitness,Returning
ORD-10812,70.23,Fitness,New
ORD-10813,44.6,Fashion,Returning
ORD-10814,41.4,Fashion,New
ORD-10815,72.74,Fashion,New
ORD-10816,47.41,Electronics,Returning
ORD-10817,69.86,Fashion,New
ORD-10818,71.09,Fitness,Returning
ORD-10819,30.46,Fashion,Returning
ORD-10820,45.21,Fashion,New
ORD-10821,142.97,Home & Kitchen,New
ORD-10822,30.05,Electronics,VIP
ORD-10823,16.95,Fashion,New
ORD-10824,19.74,Books,Returning
ORD-10825,61.4,Electronics,New
ORD-10826,61.47,Fashion,VIP
ORD-10827,56.23,Home & Kitchen,New
ORD-10828,125.03,Electronics,Returning
ORD-10829,12.14,Fashion,Returning
ORD-10830,76.52,Electronics,New
ORD-10831,153.99,Fashion,Returning
ORD-10832,30.67,Fitness,New
ORD-10833,48.04,Fashion,New
ORD-10834,38.41,Fashion,New
ORD-10835,35.28,Fashion,Returning
ORD-10836,49.61,Books,VIP
ORD-10837,142.09,Electronics,New
ORD-10838,181.71,Fitness,VIP
ORD-10839,49.33,Fashion,Returning
ORD-10840,189.24,Books,New
ORD-10841,61.64,Fashion,New
ORD-10842,172.81,Electronics,New
ORD-10843,57.06,Fashion,New
ORD-10844,65.28,Electronics,Returning
ORD-10845,75.13,Fitness,Returning
ORD-10846,406.39,Home & Kitchen,New
ORD-10847,100.56,Home & Kitchen,Returning
ORD-10848,39.47,Electronics,New
ORD-10849,107.92,Home & Kitchen,VIP
ORD-10850,48.56,Fashion,Returning
ORD-10851,44.98,Books,New
ORD-10852,104.08,Home & Kitchen,Returning
ORD-10853,61.48,Home & Kitchen,New
ORD-10854,71.32,Fitness,VIP
ORD-10855,60.85,Home & Kitchen,New
ORD-10856,73.84,Home & Kitchen,VIP
ORD-10857,77.87,Electronics,VIP
ORD-10858,18.87,Home & Kitchen,Returning
ORD-10859,90.01,Fashion,Returning
ORD-10860,33.47,Electronics,Returning
ORD-10861,25.4,Fitness,New
ORD-10862,58.26,Electronics,VIP
ORD-10863,63.46,Home & Kitchen,Returning
ORD-10864,39.8,Electronics,VIP
ORD-10865,99.35,Fashion,Returning
ORD-10866,26.97,Fitness,New
ORD-10867,47.27,Electronics,New
ORD-10868,42.48,Home & Kitchen,New
ORD-10869,58.68,Home & Kitchen,New
ORD-10870,71.33,Fitness,Returning
ORD-10871,32.96,Electronics,New
ORD-10872,93.18,Fitness,VIP
ORD-10873,62.66,Fashion,New
ORD-10874,19.39,Fashion,Returning
ORD-10875,18.63,Fashion,New
ORD-10876,59.9,Fashion,New
ORD-10877,52.85,Fashion,Returning
ORD-10878,56.71,Electronics,New
ORD-10879,59.34,Fashion,Returning
ORD-10880,69.08,Home & Kitchen,Returning
ORD-10881,106.55,Fashion,New
ORD-10882,30.98,Electronics,Returning
ORD-10883,29.87,Fashion,New
ORD-10884,31.31,Fashion,New
ORD-10885,71.76,Home & Kitchen,Returning
ORD-10886,127.35,Books,New
ORD-10887,46.58,Home & Kitchen,New
ORD-10888,13.45,Home & Kitchen,Returning
ORD-10889,21.71,Electronics,Returning
ORD-10890,36.6,Books,VIP
ORD-10891,43.18,Fashion,Returning
ORD-10892,47.23,Fashion,Returning
ORD-10893,61.75,Electronics,Returning
ORD-10894,50.05,Electronics,New
ORD-10895,113.25,Fitness,New
ORD-10896,40.22,Electronics,Returning
ORD-10897,35.97,Fashion,New
ORD-10898,80.43,Electronics,New
ORD-10899,24.01,Books,Returning
ORD-10900,76.23,Fitness,Returning
ORD-10901,64.17,Books,Returning
ORD-10902,55.23,Fitness,New
ORD-10903,156.49,Books,VIP
ORD-10904,41.54,Fashion,New
ORD-10905,207.72,Electronics,VIP
ORD-10906,52.71,Fashion,New
ORD-10907,28.04,Fashion,VIP
ORD-10908,62.93,Home & Kitchen,VIP
ORD-10909,31.63,Electronics,New
ORD-10910,38.43,Electronics,Returning
ORD-10911,76.57,Home & Kitchen,New
ORD-10912,84.21,Electronics,New
ORD-10913,41.54,Electronics,New
ORD-10914,109.12,Electronics,Returning
ORD-10915,120.84,Home & Kitchen,New
ORD-10916,142.85,Electronics,Returning
ORD-10917,82.9,Electronics,VIP
ORD-10918,136.74,Electronics,VIP
ORD-10919,19.52,Fitness,New
ORD-10920,49.86,Electronics,Returning
ORD-10921,35.87,Electronics,New
ORD-10922,64.81,Books,New
ORD-10923,42.83,Fitness,VIP
ORD-10924,54.61,Electronics,VIP
ORD-10925,186.66,Fashion,New
ORD-10926,54.5,Electronics,New
ORD-10927,77.34,Home & Kitchen,New
ORD-10928,52.49,Fashion,New
ORD-10929,63.14,Books,New
ORD-10930,60.56,Fitness,New
ORD-10931,78.96,Home & Kitchen,New
ORD-10932,121.41,Electronics,New
ORD-10933,162.14,Fitness,Returning
ORD-10934,72.66,Home & Kitchen,Returning
ORD-10935,85.95,Fitness,Returning
ORD-10936,30.25,Electronics,New
ORD-10937,57.24,Home & Kitchen,Returning
ORD-10938,106.08,Fitness,New
ORD-10939,101.45,Books,VIP
ORD-10940,68.51,Home & Kitchen,New
ORD-10941,102.7,Fashion,VIP
ORD-10942,81.0,Fashion,New
ORD-10943,123.99,Home & Kitchen,Returning
ORD-10944,71.78,Books,New
ORD-10945,48.74,Home & Kitchen,Returning
ORD-10946,73.81,Electronics,Returning
ORD-10947,10.4,Electronics,New
ORD-10948,75.92,Home & Kitchen,Returning
ORD-10949,6.76,Fitness,New
ORD-10950,21.45,Electronics,Returning
ORD-10951,79.13,Fashion,New
ORD-10952,80.36,Books,Returning
ORD-10953,30.04,Fashion,VIP
ORD-10954,39.36,Electronics,Returning
ORD-10955,137.32,Fashion,Returning
ORD-10956,45.13,Fashion,VIP
ORD-10957,231.77,Electronics,Returning
ORD-10958,60.27,Home & Kitchen,New
ORD-10959,77.08,Home & Kitchen,Returning
ORD-10960,159.19,Home & Kitchen,New
ORD-10961,65.28,Home & Kitchen,Returning
ORD-10962,33.07,Electronics,New
ORD-10963,56.5,Electronics,Returning
ORD-10964,59.06,Electronics,Returning
ORD-10965,26.61,Electronics,Returning
ORD-10966,51.75,Home & Kitchen,New
ORD-10967,38.66,Electronics,New
ORD-10968,105.07,Home & Kitchen,Returning
ORD-10969,61.61,Electronics,Returning
ORD-10970,50.92,Electronics,VIP
ORD-10971,56.62,Electronics,Returning
ORD-10972,68.98,Fashion,New
ORD-10973,87.36,Home & Kitchen,Returning
ORD-10974,33.12,Fitness,Returning
ORD-10975,32.3,Electronics,New
ORD-10976,117.07,Home & Kitchen,Returning
ORD-10977,47.12,Fitness,New
ORD-10978,25.79,Fashion,New
ORD-10979,78.75,Electronics,New
ORD-10980,79.68,Electronics,Returning
ORD-10981,24.08,Electronics,Returning
ORD-10982,69.25,Fitness,New
ORD-10983,93.82,Fashion,Returning
ORD-10984,75.54,Fashion,Returning
ORD-10985,88.16,Fitness,New
ORD-10986,25.98,Fashion,New
ORD-10987,73.6,Home & Kitchen,New
ORD-10988,50.32,Electronics,New
ORD-10989,45.17,Fashion,VIP
ORD-10990,101.73,Electronics,Returning
ORD-10991,146.58,Electronics,New
ORD-10992,177.08,Fashion,Returning
ORD-10993,132.81,Home & Kitchen,New
ORD-10994,56.5,Home & Kitchen,New
ORD-10995,74.56,Home & Kitchen,New
ORD-10996,95.59,Electronics,New
ORD-10997,64.89,Books,New
ORD-10998,65.27,Electronics,New
ORD-10999,98.91,Fitness,New
ORD-11000,58.23,Home & Kitchen,Returning
ORD-11001,38.96,Home & Kitchen,Returning
ORD-11002,47.05,Fashion,New
ORD-11003,88.27,Fitness,Returning
ORD-11004,60.45,Home & Kitchen,New
ORD-11005,74.0,Electronics,VIP
ORD-11006,90.2,Fitness,New
ORD-11007,48.19,Electronics,Returning
ORD-11008,94.99,Fashion,New
ORD-11009,75.74,Home & Kitchen,New
ORD-11010,28.76,Fitness,Returning
ORD-11011,143.36,Fashion,Returning
ORD-11012,44.68,Electronics,VIP
ORD-11013,22.35,Fashion,Returning
ORD-11014,32.23,Fashion,New
ORD-11015,32.7,Fashion,Returning
ORD-11016,62.26,Fashion,New
ORD-11017,51.2,Fitness,Returning
ORD-11018,49.3,Electronics,Returning
ORD-11019,87.52,Electronics,New
ORD-11020,73.99,Fashion,Returning
ORD-11021,72.94,Electronics,New
ORD-11022,77.16,Electronics,New
ORD-11023,87.33,Fashion,VIP
ORD-11024,17.03,Fashion,New
ORD-11025,48.49,Fashion,New
ORD-11026,16.31,Home & Kitchen,Returning
ORD-11027,61.66,Fitness,New
ORD-11028,60.17,Fashion,New
ORD-11029,112.99,Fashion,New
ORD-11030,123.05,Electronics,Returning
ORD-11031,68.15,Electronics,New
ORD-11032,44.69,Home & Kitchen,Returning
ORD-11033,80.73,Home & Kitchen,New
ORD-11034,43.96,Electronics,VIP
ORD-11035,60.29,Electronics,New
ORD-11036,109.04,Fashion,New
ORD-11037,43.18,Fashion,VIP
ORD-11038,97.85,Books,Returning
ORD-11039,90.6,Electronics,New
ORD-11040,34.03,Electronics,New
ORD-11041,108.24,Fashion,Returning
ORD-11042,91.76,Electronics,New
ORD-11043,64.15,Electronics,New
ORD-11044,38.19,Fashion,Returning
ORD-11045,36.03,Fashion,Returning
ORD-11046,43.7,Electronics,Returning
ORD-11047,83.56,Home & Kitchen,Returning
ORD-11048,34.01,Fashion,VIP
ORD-11049,78.45,Electronics,New
ORD-11050,28.64,Fitness,Returning
ORD-11051,53.39,Fashion,New
ORD-11052,64.44,Books,Returning
ORD-11053,261.67,Books,Returning
ORD-11054,26.41,Fashion,New
ORD-11055,145.94,Electronics,Returning
ORD-11056,66.02,Fitness,VIP
ORD-11057,77.22,Fashion,Returning
ORD-11058,64.78,Electronics,New
ORD-11059,78.79,Home & Kitchen,New
ORD-11060,55.03,Fashion,Returning
ORD-11061,144.38,Fitness,Returning
ORD-11062,45.88,Home & Kitchen,New
ORD-11063,119.03,Fitness,New
ORD-11064,40.99,Home & Kitchen,Returning
ORD-11065,58.2,Home & Kitchen,New
ORD-11066,31.72,Fashion,New
ORD-11067,79.28,Books,New
ORD-11068,143.61,Books,Returning
ORD-11069,57.6,Fitness,VIP
ORD-11070,53.62,Fitness,Returning
ORD-11071,30.91,Home & Kitchen,New
ORD-11072,52.58,Fashion,Returning
ORD-11073,23.2,Fitness,New
ORD-11074,34.89,Electronics,VIP
ORD-11075,69.14,Electronics,New
ORD-11076,133.14,Fashion,VIP
ORD-11077,325.55,Home & Kitchen,VIP
ORD-11078,42.44,Home & Kitchen,VIP
ORD-11079,142.76,Electronics,New
ORD-11080,69.84,Electronics,Returning
ORD-11081,55.11,Electronics,Returning
ORD-11082,78.22,Fashion,New
ORD-11083,62.62,Electronics,Returning
ORD-11084,64.47,Home & Kitchen,Returning
ORD-11085,47.23,Electronics,VIP
ORD-11086,26.08,Fashion,Returning
ORD-11087,23.9,Fashion,New
ORD-11088,89.3,Fashion,Returning
ORD-11089,51.11,Fitness,New
ORD-11090,42.2,Electronics,New
ORD-11091,60.65,Fashion,Returning
ORD-11092,97.22,Home & Kitchen,Returning
ORD-11093,67.24,Electronics,Returning
ORD-11094,40.71,Fitness,Returning
ORD-11095,125.94,Books,New
ORD-11096,155.63,Home & Kitchen,Returning
ORD-11097,81.19,Books,New
ORD-11098,108.22,Fashion,VIP
ORD-11099,127.13,Fashion,VIP
ORD-11100,118.87,Electronics,VIP
ORD-11101,87.22,Electronics,VIP
ORD-11102,86.4,Electronics,Returning
ORD-11103,82.42,Fashion,Returning
ORD-11104,31.24,Fashion,Returning
ORD-11105,91.88,Electronics,New
ORD-11106,26.75,Home & Kitchen,Returning
ORD-11107,37.46,Electronics,New
ORD-11108,131.91,Fashion,VIP
ORD-11109,99.9,Electronics,Returning
ORD-11110,147.3,Home & Kitchen,Returning
ORD-11111,51.26,Fashion,Returning
ORD-11112,30.22,Home & Kitchen,Returning
ORD-11113,52.23,Electronics,VIP
ORD-11114,64.15,Fashion,New
ORD-11115,63.27,Books,New
ORD-11116,119.13,Electronics,New
ORD-11117,48.58,Fashion,Returning
ORD-11118,74.53,Electronics,Returning
ORD-11119,33.34,Electronics,Returning
ORD-11120,79.06,Fashion,New
ORD-11121,60.45,Electronics,New
ORD-11122,38.48,Fashion,VIP
ORD-11123,52.38,Books,Returning
ORD-11124,54.03,Electronics,New
ORD-11125,51.31,Electronics,New
ORD-11126,174.65,Fitness,New
ORD-11127,56.88,Fashion,Returning
ORD-11128,52.13,Fitness,Returning
ORD-11129,17.14,Fashion,Returning
ORD-11130,35.29,Home & Kitchen,Returning
ORD-11131,51.53,Books,VIP
ORD-11132,39.98,Electronics,New
ORD-11133,138.24,Fitness,New
ORD-11134,54.65,Home & Kitchen,New
ORD-11135,130.72,Fitness,VIP
ORD-11136,62.62,Electronics,Returning
ORD-11137,61.7,Fashion,Returning
ORD-11138,57.21,Electronics,Returning
ORD-11139,60.48,Books,New
ORD-11140,169.23,Electronics,New
ORD-11141,15.0,Electronics,Returning
ORD-11142,18.16,Fitness,VIP
ORD-11143,43.56,Fashion,New
ORD-11144,60.87,Home & Kitchen,Returning
ORD-11145,91.29,Fashion,VIP
ORD-11146,80.15,Home & Kitchen,Returning
ORD-11147,47.92,Electronics,Returning
ORD-11148,111.21,Fashion,New
ORD-11149,111.96,Fashion,New
ORD-11150,67.39,Fashion,New
ORD-11151,107.51,Fashion,New
ORD-11152,71.06,Electronics,Returning
ORD-11153,43.08,Home & Kitchen,Returning
ORD-11154,91.72,Electronics,Returning
ORD-11155,64.48,Fashion,New
ORD-11156,60.39,Fashion,New
ORD-11157,146.02,Fashion,Returning
ORD-11158,13.87,Home & Kitchen,New
ORD-11159,25.77,Fashion,New
ORD-11160,29.6,Fitness,New
ORD-11161,48.52,Home & Kitchen,New
ORD-11162,51.79,Fitness,New
ORD-11163,24.42,Home & Kitchen,New
ORD-11164,33.41,Electronics,VIP
ORD-11165,36.0,Books,New
ORD-11166,263.61,Fitness,Returning
ORD-11167,177.87,Home & Kitchen,Returning
ORD-11168,47.13,Electronics,Returning
ORD-11169,48.51,Electronics,Returning
ORD-11170,30.28,Home & Kitchen,New
ORD-11171,19.2,Fashion,New
ORD-11172,56.25,Home & Kitchen,Returning
ORD-11173,33.16,Fashion,VIP
ORD-11174,57.35,Fashion,New
ORD-11175,23.1,Electronics,Returning
ORD-11176,38.2,Electronics,VIP
ORD-11177,65.97,Electronics,Returning
ORD-11178,75.17,Fitness,Returning
ORD-11179,77.52,Home & Kitchen,Returning
ORD-11180,27.32,Books,VIP
ORD-11181,100.77,Home & Kitchen,Returning
ORD-11182,37.33,Fitness,Returning
ORD-11183,88.21,Fashion,Returning
ORD-11184,59.96,Fitness,New
ORD-11185,26.42,Books,VIP
ORD-11186,49.91,Home & Kitchen,VIP
ORD-11187,75.13,Electronics,Returning
ORD-11188,87.16,Home & Kitchen,New
ORD-11189,55.45,Electronics,Returning
ORD-11190,151.27,Electronics,New
ORD-11191,110.44,Home & Kitchen,Returning
ORD-11192,51.73,Fitness,New
ORD-11193,94.64,Electronics,Returning
ORD-11194,192.53,Electronics,VIP
ORD-11195,195.64,Fitness,New
ORD-11196,28.88,Electronics,Returning
ORD-11197,34.61,Electronics,VIP
ORD-11198,147.08,Home & Kitchen,New
ORD-11199,31.98,Fitness,New
ORD-11200,27.29,Fashion,New
ORD-11201,45.07,Fashion,Returning
ORD-11202,77.64,Fashion,Returning
ORD-11203,56.74,Electronics,New
ORD-11204,40.84,Fitness,New
ORD-11205,40.26,Fitness,Returning
ORD-11206,39.35,Fashion,New
ORD-11207,35.6,Fashion,Returning
ORD-11208,237.22,Fashion,New
ORD-11209,72.13,Electronics,Returning
ORD-11210,102.72,Fashion,Returning
ORD-11211,45.0,Electronics,VIP
ORD-11212,53.97,Fitness,New
ORD-11213,39.33,Fashion,Returning
ORD-11214,12.29,Home & Kitchen,Returning
ORD-11215,26.4,Fashion,Returning
ORD-11216,20.36,Fitness,New
ORD-11217,15.64,Books,New
ORD-11218,29.45,Fashion,Returning
ORD-11219,133.62,Electronics,Returning
ORD-11220,58.75,Home & Kitchen,VIP
ORD-11221,130.89,Electronics,Returning
ORD-11222,77.21,Electronics,Returning
ORD-11223,96.5,Electronics,VIP
ORD-11224,35.14,Fitness,Returning
ORD-11225,82.63,Electronics,New
ORD-11226,93.43,Fashion,New
ORD-11227,42.69,Fashion,Returning
ORD-11228,84.41,Home & Kitchen,New
ORD-11229,84.75,Fashion,VIP
ORD-11230,43.39,Fitness,New
ORD-11231,30.76,Home & Kitchen,New
ORD-11232,29.65,Fashion,Returning
ORD-11233,63.55,Fashion,Returning
ORD-11234,73.42,Fitness,VIP
ORD-11235,37.51,Fitness,New
ORD-11236,61.31,Fashion,New
ORD-11237,84.97,Fashion,Returning
ORD-11238,87.44,Electronics,VIP
ORD-11239,153.11,Electronics,New
ORD-11240,129.83,Electronics,Returning
ORD-11241,33.09,Electronics,New
ORD-11242,165.7,Electronics,Returning
ORD-11243,43.88,Fitness,New
ORD-11244,112.95,Fitness,VIP
ORD-11245,62.85,Fitness,New
ORD-11246,47.12,Home & Kitchen,Returning
ORD-11247,20.4,Home & Kitchen,Returning
ORD-11248,54.44,Electronics,New
ORD-11249,23.67,Home & Kitchen,New
ORD-11250,107.81,Fashion,Returning
ORD-11251,149.92,Fashion,Returning
ORD-11252,37.41,Books,Returning
ORD-11253,72.33,Fitness,Returning
ORD-11254,39.05,Electronics,New
ORD-11255,41.38,Home & Kitchen,VIP
ORD-11256,96.03,Electronics,New
ORD-11257,58.96,Electronics,Returning
ORD-11258,171.36,Electronics,VIP
ORD-11259,45.18,Electronics,VIP
ORD-11260,109.9,Home & Kitchen,New
ORD-11261,63.97,Fashion,New
ORD-11262,97.27,Electronics,Returning
ORD-11263,46.14,Books,New
ORD-11264,58.57,Fashion,Returning
ORD-11265,56.3,Fashion,Returning
ORD-11266,36.54,Fashion,New
ORD-11267,89.77,Fashion,New
ORD-11268,89.13,Fashion,Returning
ORD-11269,86.15,Home & Kitchen,Returning
ORD-11270,151.74,Fitness,New
ORD-11271,143.97,Fashion,New
ORD-11272,48.18,Fashion,New
ORD-11273,75.48,Electronics,Returning
ORD-11274,41.51,Fitness,Returning
ORD-11275,61.19,Fashion,VIP
ORD-11276,42.1,Fashion,VIP
ORD-11277,159.5,Books,Returning
ORD-11278,75.05,Home & Kitchen,VIP
ORD-11279,52.94,Electronics,New
ORD-11280,123.49,Fashion,Returning
ORD-11281,16.41,Fashion,Returning
ORD-11282,18.02,Books,Returning
ORD-11283,97.27,Fashion,Returning
ORD-11284,62.57,Electronics,New
ORD-11285,70.12,Home & Kitchen,VIP
ORD-11286,27.23,Fashion,VIP
ORD-11287,59.5,Electronics,VIP
ORD-11288,200.76,Fitness,Returning
ORD-11289,98.94,Electronics,VIP
ORD-11290,66.81,Fitness,Returning
ORD-11291,46.37,Fitness,Returning
ORD-11292,47.62,Electronics,New
ORD-11293,16.82,Home & Kitchen,Returning
ORD-11294,70.43,Fitness,Returning
ORD-11295,100.21,Home & Kitchen,Returning
ORD-11296,23.44,Home & Kitchen,VIP
ORD-11297,40.57,Electronics,New
ORD-11298,30.13,Electronics,Returning
ORD-11299,33.81,Home & Kitchen,New
ORD-11300,62.31,Electronics,Returning
ORD-11301,17.28,Electronics,New
ORD-11302,87.23,Fashion,New
ORD-11303,94.85,Electronics,New
ORD-11304,51.9,Fitness,New
ORD-11305,13.62,Fitness,New
ORD-11306,33.19,Fitness,Returning
ORD-11307,126.44,Electronics,New
ORD-11308,11.4,Fashion,New
ORD-11309,48.98,Fitness,New
ORD-11310,29.73,Fashion,New
ORD-11311,97.78,Home & Kitchen,New
ORD-11312,40.24,Home & Kitchen,VIP
ORD-11313,76.89,Fashion,Returning
ORD-11314,84.71,Fashion,New
ORD-11315,181.59,Home & Kitchen,Returning
ORD-11316,53.42,Electronics,New
ORD-11317,75.61,Fitness,Returning
ORD-11318,24.75,Home & Kitchen,VIP
ORD-11319,123.25,Electronics,New
ORD-11320,38.23,Home & Kitchen,New
ORD-11321,43.1,Fashion,Returning
ORD-11322,59.54,Electronics,New
ORD-11323,23.62,Books,New
ORD-11324,69.22,Home & Kitchen,Returning
ORD-11325,107.82,Home & Kitchen,Returning
ORD-11326,71.93,Fitness,New
ORD-11327,23.26,Fashion,Returning
ORD-11328,56.02,Fashion,New
ORD-11329,94.18,Electronics,New
ORD-11330,19.55,Electronics,Returning
ORD-11331,31.66,Fashion,Returning
ORD-11332,102.1,Fashion,Returning
ORD-11333,70.96,Home & Kitchen,Returning
ORD-11334,77.26,Fashion,Returning
ORD-11335,184.14,Home & Kitchen,VIP
ORD-11336,79.93,Fitness,Returning
ORD-11337,89.54,Books,New
ORD-11338,306.88,Fashion,Returning
ORD-11339,53.08,Books,New
ORD-11340,37.39,Fitness,Returning
ORD-11341,78.0,Electronics,New
ORD-11342,78.52,Fashion,Returning
ORD-11343,43.99,Electronics,Returning
ORD-11344,32.48,Home & Kitchen,Returning
ORD-11345,241.27,Home & Kitchen,New
ORD-11346,73.41,Fashion,New
ORD-11347,38.89,Fitness,Returning
ORD-11348,104.54,Fashion,VIP
ORD-11349,56.52,Fashion,Returning
ORD-11350,51.85,Fitness,New
ORD-11351,84.55,Books,New
ORD-11352,27.8,Fitness,Returning
ORD-11353,74.56,Electronics,New
ORD-11354,190.14,Electronics,VIP
ORD-11355,79.81,Electronics,Returning
ORD-11356,48.15,Fashion,New
ORD-11357,44.51,Electronics,New
ORD-11358,47.17,Books,New
ORD-11359,51.81,Home & Kitchen,Returning
ORD-11360,48.1,Fashion,Returning
ORD-11361,104.56,Fashion,New
ORD-11362,21.33,Fashion,Returning
ORD-11363,101.21,Fashion,New
ORD-11364,48.05,Home & Kitchen,Returning
ORD-11365,75.65,Electronics,VIP
ORD-11366,30.69,Fitness,New
ORD-11367,133.91,Electronics,New
ORD-11368,127.41,Fashion,VIP
ORD-11369,107.31,Books,New
ORD-11370,24.32,Electronics,New
ORD-11371,99.23,Electronics,Returning
ORD-11372,76.93,Home & Kitchen,Returning
ORD-11373,23.03,Fashion,VIP
ORD-11374,59.47,Electronics,Returning
ORD-11375,75.09,Electronics,Returning
ORD-11376,84.24,Electronics,New
ORD-11377,67.11,Fashion,New
ORD-11378,71.86,Electronics,Returning
ORD-11379,146.08,Fitness,New
ORD-11380,125.92,Fitness,Returning
ORD-11381,10.8,Electronics,New
ORD-11382,49.88,Fashion,New
ORD-11383,54.66,Electronics,Returning
ORD-11384,21.09,Fashion,Returning
ORD-11385,63.85,Electronics,New
ORD-11386,127.65,Fitness,Returning
ORD-11387,31.44,Fashion,New
ORD-11388,73.84,Fashion,New
ORD-11389,34.83,Home & Kitchen,VIP
ORD-11390,40.32,Fitness,VIP
ORD-11391,146.41,Fashion,New
ORD-11392,43.57,Electronics,New
ORD-11393,79.62,Books,VIP
ORD-11394,19.63,Fashion,Returning
ORD-11395,184.45,Home & Kitchen,New
ORD-11396,86.63,Home & Kitchen,New
ORD-11397,54.08,Fashion,New
ORD-11398,85.23,Electronics,Returning
ORD-11399,25.9,Electronics,Returning
ORD-11400,122.67,Fashion,New
ORD-11401,49.68,Fashion,New
ORD-11402,53.39,Fitness,New
ORD-11403,44.93,Home & Kitchen,Returning
ORD-11404,42.59,Books,VIP
ORD-11405,91.54,Books,Returning
ORD-11406,70.35,Home & Kitchen,Returning
ORD-11407,89.21,Electronics,New
ORD-11408,60.02,Fashion,Returning
ORD-11409,82.1,Home & Kitchen,New
ORD-11410,46.93,Home & Kitchen,New
ORD-11411,229.94,Electronics,Returning
ORD-11412,23.55,Home & Kitchen,Returning
ORD-11413,128.58,Fashion,New
ORD-11414,137.1,Fashion,Returning
ORD-11415,36.19,Fitness,VIP
ORD-11416,229.88,Fashion,Returning
ORD-11417,109.65,Fashion,Returning
ORD-11418,108.06,Home & Kitchen,New
ORD-11419,61.36,Home & Kitchen,Returning
ORD-11420,52.97,Electronics,New
ORD-11421,53.22,Home & Kitchen,New
ORD-11422,76.27,Fashion,New
ORD-11423,139.87,Home & Kitchen,Returning
ORD-11424,67.27,Electronics,Returning
ORD-11425,34.92,Books,Returning
ORD-11426,98.95,Fitness,Returning
ORD-11427,104.87,Fashion,VIP
ORD-11428,89.37,Fashion,Returning
ORD-11429,94.38,Fashion,Returning
ORD-11430,51.29,Home & Kitchen,New
ORD-11431,34.56,Home & Kitchen,New
ORD-11432,35.84,Home & Kitchen,Returning
ORD-11433,22.62,Fitness,Returning
ORD-11434,69.56,Fashion,New
ORD-11435,57.39,Home & Kitchen,Returning
ORD-11436,46.34,Fashion,New
ORD-11437,10.24,Home & Kitchen,New
ORD-11438,28.55,Fashion,New
ORD-11439,118.21,Fitness,New
ORD-11440,40.5,Electronics,New
ORD-11441,74.92,Electronics,VIP
ORD-11442,26.2,Fashion,Returning
ORD-11443,143.05,Books,New
ORD-11444,55.34,Fashion,New
ORD-11445,71.81,Fashion,Returning
ORD-11446,243.59,Fashion,New
ORD-11447,149.88,Fashion,Returning
ORD-11448,50.2,Fitness,Returning
ORD-11449,42.27,Books,VIP
ORD-11450,49.63,Fitness,New
ORD-11451,81.94,Fitness,VIP
ORD-11452,56.65,Electronics,Returning
ORD-11453,47.6,Fashion,Returning
ORD-11454,145.52,Home & Kitchen,VIP
ORD-11455,56.34,Home & Kitchen,Returning
ORD-11456,239.79,Electronics,New
ORD-11457,63.72,Home & Kitchen,Returning
ORD-11458,176.12,Electronics,Returning
ORD-11459,74.77,Fashion,VIP
ORD-11460,107.53,Fashion,Returning
ORD-11461,39.07,Fitness,Returning
ORD-11462,36.15,Home & Kitchen,New
ORD-11463,79.51,Fashion,New
ORD-11464,109.19,Fitness,Returning
ORD-11465,61.82,Fitness,New
ORD-11466,27.89,Fashion,New
ORD-11467,26.68,Fitness,Returning
ORD-11468,25.63,Electronics,Returning
ORD-11469,20.89,Fashion,Returning
ORD-11470,64.44,Electronics,New
ORD-11471,118.51,Fashion,New
ORD-11472,59.86,Fashion,Returning
ORD-11473,15.55,Electronics,VIP
ORD-11474,53.81,Fashion,New
ORD-11475,54.72,Home & Kitchen,Returning
ORD-11476,212.21,Home & Kitchen,Returning
ORD-11477,25.17,Electronics,Returning
ORD-11478,47.73,Electronics,Returning
ORD-11479,167.92,Fashion,New
ORD-11480,79.04,Fitness,Returning
ORD-11481,84.6,Fitness,Returning
ORD-11482,64.63,Fashion,New
ORD-11483,73.55,Home & Kitchen,New
ORD-11484,96.21,Home & Kitchen,Returning
ORD-11485,37.13,Books,Returning
ORD-11486,102.19,Electronics,VIP
ORD-11487,26.47,Fashion,New
ORD-11488,73.48,Home & Kitchen,New
ORD-11489,67.17,Fashion,VIP
ORD-11490,41.69,Electronics,New
ORD-11491,59.52,Electronics,New
ORD-11492,41.53,Fashion,Returning
ORD-11493,31.72,Home & Kitchen,VIP
ORD-11494,48.8,Home & Kitchen,Returning
ORD-11495,31.11,Electronics,New
ORD-11496,73.24,Fitness,Returning
ORD-11497,30.26,Fashion,Returning
ORD-11498,92.5,Books,VIP
ORD-11499,29.7,Electronics,New
ORD-11500,42.96,Fitness,VIP
ORD-11501,41.48,Books,Returning
ORD-11502,133.63,Fitness,New
ORD-11503,73.57,Fitness,New
ORD-11504,53.14,Fashion,New
ORD-11505,81.39,Home & Kitchen,VIP
ORD-11506,17.04,Home & Kitchen,New
ORD-11507,58.8,Fashion,Returning
ORD-11508,200.04,Books,New
ORD-11509,65.33,Fashion,Returning
ORD-11510,62.85,Fashion,Returning
ORD-11511,83.84,Books,VIP
ORD-11512,103.27,Fashion,Returning
ORD-11513,18.2,Electronics,Returning
ORD-11514,21.99,Fashion,Returning
ORD-11515,68.45,Fitness,Returning
ORD-11516,39.29,Fitness,VIP
ORD-11517,132.58,Electronics,Returning
ORD-11518,49.94,Home & Kitchen,VIP
ORD-11519,18.9,Home & Kitchen,New
ORD-11520,28.2,Home & Kitchen,Returning
ORD-11521,11.59,Home & Kitchen,VIP
ORD-11522,52.43,Books,VIP
ORD-11523,53.89,Fashion,Returning
ORD-11524,46.77,Fashion,Returning
ORD-11525,115.28,Home & Kitchen,Returning
ORD-11526,123.86,Fashion,New
ORD-11527,54.48,Fashion,VIP
ORD-11528,16.76,Electronics,New
ORD-11529,87.39,Electronics,New
ORD-11530,84.2,Books,Returning
ORD-11531,72.65,Electronics,New
ORD-11532,108.73,Home & Kitchen,New
ORD-11533,30.0,Fitness,New
ORD-11534,201.39,Electronics,VIP
ORD-11535,33.93,Electronics,Returning
ORD-11536,94.59,Fashion,VIP
ORD-11537,21.92,Fashion,New
ORD-11538,34.53,Fashion,New
ORD-11539,149.88,Home & Kitchen,New
ORD-11540,51.6,Electronics,New
ORD-11541,99.88,Electronics,New
ORD-11542,69.56,Electronics,New
ORD-11543,56.66,Fashion,Returning
ORD-11544,136.77,Fashion,Returning
ORD-11545,52.35,Books,New
ORD-11546,20.73,Electronics,Returning
ORD-11547,37.27,Fashion,New
ORD-11548,83.99,Home & Kitchen,Returning
ORD-11549,76.5,Home & Kitchen,Returning
ORD-11550,23.57,Home & Kitchen,Returning
ORD-11551,39.07,Electronics,Returning
ORD-11552,42.56,Home & Kitchen,New
ORD-11553,48.46,Fashion,Returning
ORD-11554,26.43,Fitness,Returning
ORD-11555,41.39,Electronics,VIP
ORD-11556,38.97,Home & Kitchen,Returning
ORD-11557,95.86,Home & Kitchen,Returning
ORD-11558,98.05,Home & Kitchen,Returning
ORD-11559,55.29,Electronics,VIP
ORD-11560,47.69,Home & Kitchen,New
ORD-11561,65.62,Home & Kitchen,New
ORD-11562,36.97,Fashion,Returning
ORD-11563,30.32,Fashion,Returning
ORD-11564,34.32,Electronics,New
ORD-11565,41.23,Fashion,New
ORD-11566,30.02,Fitness,Returning
ORD-11567,66.5,Fashion,Returning
ORD-11568,93.49,Home & Kitchen,Returning
ORD-11569,23.28,Home & Kitchen,New
ORD-11570,61.26,Home & Kitchen,New
ORD-11571,52.88,Home & Kitchen,Returning
ORD-11572,74.06,Home & Kitchen,New
ORD-11573,59.87,Fashion,Returning
ORD-11574,25.23,Electronics,Returning
ORD-11575,28.29,Fitness,New
ORD-11576,61.42,Books,Returning
ORD-11577,111.86,Fashion,New
ORD-11578,15.98,Books,Returning
ORD-11579,74.25,Books,Returning
ORD-11580,123.2,Fashion,Returning
ORD-11581,55.05,Home & Kitchen,VIP
ORD-11582,83.94,Home & Kitchen,New
ORD-11583,39.57,Electronics,Returning
ORD-11584,56.17,Electronics,New
ORD-11585,22.82,Fashion,VIP
ORD-11586,14.78,Fitness,New
ORD-11587,106.24,Fashion,Returning
ORD-11588,33.41,Fitness,New
ORD-11589,45.91,Home & Kitchen,New
ORD-11590,26.26,Home & Kitchen,New
ORD-11591,25.89,Fashion,New
ORD-11592,54.36,Fashion,New
ORD-11593,38.95,Electronics,New
ORD-11594,75.7,Electronics,Returning
ORD-11595,79.16,Electronics,Returning
ORD-11596,73.15,Electronics,New
ORD-11597,69.63,Electronics,VIP
ORD-11598,155.5,Home & Kitchen,Returning
ORD-11599,31.8,Fashion,New
ORD-11600,58.38,Fashion,New
ORD-11601,119.06,Fitness,Returning
ORD-11602,128.86,Fashion,Returning
ORD-11603,25.71,Books,VIP
ORD-11604,50.03,Home & Kitchen,Returning
ORD-11605,136.3,Electronics,VIP
ORD-11606,81.85,Books,Returning
ORD-11607,67.84,Fitness,VIP
ORD-11608,52.95,Home & Kitchen,Returning
ORD-11609,47.93,Fashion,Returning
ORD-11610,71.73,Fashion,Returning
ORD-11611,51.86,Fashion,Returning
ORD-11612,58.82,Fitness,New
ORD-11613,63.25,Fashion,New
ORD-11614,40.17,Electronics,New
ORD-11615,83.04,Electronics,New
ORD-11616,346.73,Electronics,VIP
ORD-11617,20.78,Fashion,Returning
ORD-11618,73.29,Fashion,New
ORD-11619,38.24,Fitness,New
ORD-11620,85.32,Electronics,New
ORD-11621,62.05,Fashion,Returning
ORD-11622,95.31,Electronics,VIP
ORD-11623,122.16,Fashion,New
ORD-11624,67.72,Home & Kitchen,New
ORD-11625,119.01,Fashion,VIP
ORD-11626,14.78,Books,Returning
ORD-11627,156.69,Books,VIP
ORD-11628,75.57,Fitness,New
ORD-11629,115.2,Fitness,New
ORD-11630,29.02,Fashion,Returning
ORD-11631,36.65,Home & Kitchen,New
ORD-11632,65.86,Fashion,Returning
ORD-11633,59.73,Fitness,Returning
ORD-11634,71.51,Electronics,New
ORD-11635,115.67,Electronics,Returning
ORD-11636,20.92,Electronics,Returning
ORD-11637,108.23,Home & Kitchen,VIP
ORD-11638,60.64,Home & Kitchen,New
ORD-11639,53.4,Electronics,Returning
ORD-11640,24.96,Fashion,New
ORD-11641,81.6,Fashion,VIP
ORD-11642,14.18,Fitness,Returning
ORD-11643,89.04,Electronics,New
ORD-11644,24.65,Electronics,Returning
ORD-11645,62.31,Home & Kitchen,Returning
ORD-11646,56.18,Home & Kitchen,Returning
ORD-11647,121.72,Fitness,New
ORD-11648,54.21,Home & Kitchen,Returning
ORD-11649,39.79,Books,Returning
ORD-11650,44.52,Fashion,New
ORD-11651,129.51,Fashion,New
ORD-11652,83.24,Books,VIP
ORD-11653,47.88,Electronics,Returning
ORD-11654,52.36,Fitness,Returning
ORD-11655,23.56,Electronics,VIP
ORD-11656,76.18,Fashion,New
ORD-11657,20.99,Electronics,Returning
ORD-11658,94.73,Home & Kitchen,Returning
ORD-11659,65.18,Fitness,New
ORD-11660,252.69,Electronics,VIP
ORD-11661,31.18,Electronics,Returning
ORD-11662,56.74,Fashion,New
ORD-11663,177.5,Fashion,VIP
ORD-11664,123.33,Fashion,VIP
ORD-11665,39.74,Books,Returning
ORD-11666,69.02,Electronics,New
ORD-11667,60.41,Fashion,New
ORD-11668,71.46,Fashion,Returning
ORD-11669,39.68,Fashion,VIP
ORD-11670,57.19,Fashion,New
ORD-11671,23.13,Home & Kitchen,Returning
ORD-11672,65.44,Home & Kitchen,New
ORD-11673,79.04,Fitness,Returning
ORD-11674,52.64,Fashion,Returning
ORD-11675,22.9,Home & Kitchen,New
ORD-11676,109.19,Fitness,Returning
ORD-11677,75.09,Fitness,Returning
ORD-11678,39.03,Books,Returning
ORD-11679,50.99,Fashion,VIP
ORD-11680,24.52,Books,New
ORD-11681,32.61,Fitness,New
ORD-11682,43.7,Fitness,Returning
ORD-11683,126.1,Home & Kitchen,Returning
ORD-11684,41.11,Books,New
ORD-11685,88.6,Fashion,VIP
ORD-11686,43.69,Home & Kitchen,New
ORD-11687,70.02,Home & Kitchen,New
ORD-11688,55.43,Home & Kitchen,Returning
ORD-11689,101.88,Fitness,VIP
ORD-11690,43.78,Electronics,Returning
ORD-11691,23.49,Fashion,New
ORD-11692,26.33,Fashion,New
ORD-11693,43.85,Home & Kitchen,New
ORD-11694,28.52,Home & Kitchen,Returning
ORD-11695,77.18,Fitness,Returning
ORD-11696,45.63,Fitness,New
ORD-11697,250.83,Home & Kitchen,Returning
ORD-11698,21.27,Electronics,Returning
ORD-11699,68.18,Home & Kitchen,New
ORD-11700,30.67,Fitness,New
ORD-11701,44.88,Home & Kitchen,Returning
ORD-11702,65.68,Fitness,New
ORD-11703,14.95,Books,New
ORD-11704,69.55,Fashion,New
ORD-11705,189.0,Home & Kitchen,Returning
ORD-11706,45.97,Fashion,Returning
ORD-11707,70.52,Fashion,Returning
ORD-11708,111.6,Electronics,New
ORD-11709,54.69,Electronics,Returning
ORD-11710,42.58,Electronics,New
ORD-11711,15.4,Home & Kitchen,Returning
ORD-11712,88.64,Electronics,VIP
ORD-11713,56.38,Fashion,Returning
ORD-11714,32.86,Fashion,New
ORD-11715,65.1,Fashion,Returning
ORD-11716,42.51,Fitness,New
ORD-11717,43.95,Fashion,New
ORD-11718,86.81,Electronics,VIP
ORD-11719,27.03,Books,New
ORD-11720,113.11,Fitness,New
ORD-11721,26.09,Home & Kitchen,Returning
ORD-11722,40.54,Fitness,Returning
ORD-11723,191.29,Electronics,Returning
ORD-11724,118.68,Fitness,New
ORD-11725,63.98,Electronics,Returning
ORD-11726,34.32,Fashion,New
ORD-11727,43.92,Electronics,VIP
ORD-11728,63.05,Fitness,New
ORD-11729,61.71,Electronics,New
ORD-11730,57.14,Fashion,Returning
ORD-11731,59.23,Electronics,New
ORD-11732,53.06,Home & Kitchen,Returning
ORD-11733,25.4,Fashion,New
ORD-11734,44.26,Fashion,New
ORD-11735,104.46,Fashion,New
ORD-11736,26.55,Fitness,New
ORD-11737,53.85,Electronics,New
ORD-11738,36.9,Books,New
ORD-11739,64.51,Fashion,New
ORD-11740,47.79,Electronics,Returning
ORD-11741,146.41,Electronics,Returning
ORD-11742,81.77,Electronics,New
ORD-11743,27.47,Fashion,New
ORD-11744,90.26,Fashion,New
ORD-11745,37.91,Fitness,New
ORD-11746,42.68,Fashion,Returning
ORD-11747,72.84,Electronics,New
ORD-11748,44.92,Fashion,VIP
ORD-11749,103.1,Electronics,Returning
ORD-11750,37.91,Electronics,New
ORD-11751,41.62,Fashion,New
ORD-11752,40.7,Electronics,New
ORD-11753,42.97,Electronics,New
ORD-11754,116.69,Books,Returning
ORD-11755,87.99,Home & Kitchen,New
ORD-11756,168.34,Books,New
ORD-11757,235.24,Fashion,New
ORD-11758,32.51,Fitness,Returning
ORD-11759,62.94,Fashion,New
ORD-11760,29.79,Electronics,VIP
ORD-11761,37.84,Fitness,New
ORD-11762,41.34,Electronics,New
ORD-11763,32.0,Fashion,Returning
ORD-11764,32.1,Fitness,Returning
ORD-11765,55.34,Home & Kitchen,New
ORD-11766,29.08,Fashion,Returning
ORD-11767,100.01,Fashion,New
ORD-11768,34.79,Electronics,New
ORD-11769,325.62,Books,New
ORD-11770,46.02,Electronics,Returning
ORD-11771,63.0,Fashion,Returning
ORD-11772,27.74,Electronics,Returning
ORD-11773,167.95,Books,VIP
ORD-11774,118.12,Fitness,Returning
ORD-11775,72.11,Fashion,VIP
ORD-11776,26.89,Books,New
ORD-11777,68.47,Electronics,Returning
ORD-11778,30.79,Fitness,Returning
ORD-11779,145.1,Electronics,New
ORD-11780,98.05,Fashion,New
ORD-11781,63.9,Electronics,Returning
ORD-11782,13.99,Books,New
ORD-11783,33.45,Books,New
ORD-11784,91.16,Home & Kitchen,Returning
ORD-11785,124.93,Electronics,Returning
ORD-11786,117.39,Fashion,New
ORD-11787,23.21,Fashion,New
ORD-11788,72.31,Fashion,VIP
ORD-11789,110.98,Electronics,VIP
ORD-11790,22.31,Home & Kitchen,Returning
ORD-11791,60.05,Home & Kitchen,New
ORD-11792,71.12,Books,New
ORD-11793,50.38,Fashion,New
ORD-11794,19.86,Fashion,Returning
ORD-11795,49.63,Fashion,Returning
ORD-11796,49.58,Electronics,Returning
ORD-11797,55.21,Home & Kitchen,New
ORD-11798,43.03,Fitness,VIP
ORD-11799,46.26,Electronics,New
ORD-11800,58.92,Fashion,New
ORD-11801,78.69,Fitness,Returning
ORD-11802,50.27,Fashion,Returning
ORD-11803,47.19,Fashion,VIP
ORD-11804,63.78,Home & Kitchen,Returning
ORD-11805,19.06,Home & Kitchen,VIP
ORD-11806,80.34,Electronics,New
ORD-11807,60.32,Fitness,New
ORD-11808,61.79,Books,New
ORD-11809,107.39,Electronics,New
ORD-11810,18.7,Electronics,Returning
ORD-11811,18.46,Home & Kitchen,New
ORD-11812,71.11,Home & Kitchen,New
ORD-11813,60.08,Fashion,New
ORD-11814,66.83,Fashion,Returning
ORD-11815,45.73,Home & Kitchen,VIP
ORD-11816,89.89,Fashion,Returning
ORD-11817,105.59,Electronics,New
ORD-11818,80.67,Electronics,Returning
ORD-11819,51.6,Fashion,New
ORD-11820,17.04,Books,VIP
ORD-11821,95.73,Home & Kitchen,New
ORD-11822,125.59,Fashion,VIP
ORD-11823,88.83,Books,Returning
ORD-11824,35.6,Fashion,Returning
ORD-11825,90.4,Fashion,Returning
ORD-11826,101.12,Electronics,New
ORD-11827,153.74,Home & Kitchen,New
ORD-11828,35.67,Home & Kitchen,New
ORD-11829,52.67,Fitness,New
ORD-11830,94.48,Fashion,Returning
ORD-11831,62.45,Fashion,Returning
ORD-11832,30.86,Electronics,VIP
ORD-11833,77.38,Books,VIP
ORD-11834,85.39,Electronics,New
ORD-11835,63.61,Home & Kitchen,New
ORD-11836,68.84,Home & Kitchen,New
ORD-11837,51.66,Electronics,New
ORD-11838,146.49,Fashion,Returning
ORD-11839,35.15,Electronics,Returning
ORD-11840,42.42,Home & Kitchen,Returning
ORD-11841,60.74,Books,Returning
ORD-11842,102.25,Fashion,Returning
ORD-11843,24.57,Books,Returning
ORD-11844,27.49,Electronics,VIP
ORD-11845,17.77,Fashion,Returning
ORD-11846,61.54,Books,Returning
ORD-11847,30.85,Fitness,New
ORD-11848,47.91,Fashion,Returning
ORD-11849,89.73,Home & Kitchen,New
ORD-11850,41.06,Fitness,New
ORD-11851,69.32,Fitness,Returning
ORD-11852,50.42,Home & Kitchen,New
ORD-11853,90.31,Electronics,New
ORD-11854,80.24,Electronics,New
ORD-11855,39.84,Home & Kitchen,Returning
ORD-11856,54.53,Fashion,Returning
ORD-11857,112.87,Electronics,VIP
ORD-11858,76.4,Fashion,Returning
ORD-11859,26.1,Fashion,New
ORD-11860,89.42,Fashion,Returning
ORD-11861,31.48,Fashion,Returning
ORD-11862,140.82,Fashion,New
ORD-11863,111.55,Electronics,VIP
ORD-11864,71.8,Fitness,VIP
ORD-11865,66.31,Home & Kitchen,New
ORD-11866,53.23,Electronics,Returning
ORD-11867,90.66,Fashion,New
ORD-11868,48.3,Fashion,VIP
ORD-11869,69.5,Home & Kitchen,Returning
ORD-11870,101.82,Home & Kitchen,New
ORD-11871,43.07,Home & Kitchen,Returning
ORD-11872,41.69,Home & Kitchen,Returning
ORD-11873,29.47,Electronics,New
ORD-11874,31.86,Fashion,Returning
ORD-11875,20.15,Electronics,Returning
ORD-11876,93.49,Fashion,Returning
ORD-11877,178.64,Fashion,Returning
ORD-11878,141.91,Home & Kitchen,New
ORD-11879,22.75,Electronics,New
ORD-11880,93.22,Home & Kitchen,Returning
ORD-11881,141.64,Fashion,New
ORD-11882,45.87,Fashion,Returning
ORD-11883,64.13,Home & Kitchen,VIP
ORD-11884,18.09,Electronics,Returning
ORD-11885,70.81,Fashion,Returning
ORD-11886,31.88,Fashion,Returning
ORD-11887,68.02,Home & Kitchen,VIP
ORD-11888,23.65,Electronics,VIP
ORD-11889,83.57,Books,New
ORD-11890,111.58,Books,Returning
ORD-11891,37.72,Fitness,New
ORD-11892,30.5,Fashion,New
ORD-11893,16.55,Home & Kitchen,New
ORD-11894,51.43,Electronics,Returning
ORD-11895,42.57,Fitness,Returning
ORD-11896,23.79,Fashion,VIP
ORD-11897,79.19,Electronics,New
ORD-11898,46.06,Fashion,New
ORD-11899,31.64,Fitness,New
ORD-11900,43.26,Fitness,New
ORD-11901,114.75,Fashion,New
ORD-11902,86.64,Fashion,VIP
ORD-11903,55.81,Fitness,New
ORD-11904,87.48,Fitness,Returning
ORD-11905,30.07,Fitness,New
ORD-11906,61.52,Fashion,Returning
ORD-11907,65.92,Home & Kitchen,VIP
ORD-11908,45.52,Fitness,VIP
ORD-11909,78.36,Electronics,New
ORD-11910,37.78,Fashion,VIP
ORD-11911,81.93,Electronics,New
ORD-11912,84.03,Fashion,Returning
ORD-11913,10.48,Fitness,New
ORD-11914,123.25,Electronics,Returning
ORD-11915,9.69,Fashion,Returning
ORD-11916,41.69,Electronics,Returning
ORD-11917,111.63,Fitness,Returning
ORD-11918,49.88,Fitness,New
ORD-11919,25.04,Fashion,VIP
ORD-11920,31.3,Home & Kitchen,New
ORD-11921,111.74,Electronics,New
ORD-11922,19.05,Fitness,New
ORD-11923,118.79,Home & Kitchen,New
ORD-11924,58.38,Electronics,New
ORD-11925,29.51,Books,Returning
ORD-11926,42.53,Electronics,New
ORD-11927,32.77,Home & Kitchen,Returning
ORD-11928,101.47,Electronics,New
ORD-11929,93.64,Home & Kitchen,Returning
ORD-11930,21.51,Electronics,New
ORD-11931,47.36,Electronics,New
ORD-11932,35.95,Fashion,Returning
ORD-11933,131.12,Books,VIP
ORD-11934,26.84,Fashion,VIP
ORD-11935,157.99,Home & Kitchen,New
ORD-11936,59.15,Fashion,VIP
ORD-11937,30.05,Fitness,Returning
ORD-11938,40.19,Fashion,VIP
ORD-11939,37.3,Home & Kitchen,New
ORD-11940,28.08,Books,New
ORD-11941,63.87,Fashion,New
ORD-11942,28.88,Fashion,Returning
ORD-11943,16.31,Fitness,New
ORD-11944,48.05,Fashion,New
ORD-11945,20.46,Fashion,Returning
ORD-11946,38.42,Fashion,VIP
ORD-11947,34.97,Fitness,Returning
ORD-11948,35.78,Books,Returning
ORD-11949,200.45,Home & Kitchen,New
ORD-11950,62.42,Home & Kitchen,VIP
ORD-11951,69.91,Fashion,New
ORD-11952,20.78,Electronics,New
ORD-11953,40.76,Electronics,Returning
ORD-11954,68.66,Electronics,New
ORD-11955,32.63,Electronics,Returning
ORD-11956,104.05,Home & Kitchen,Returning
ORD-11957,29.32,Electronics,New
ORD-11958,50.81,Electronics,New
ORD-11959,42.45,Fashion,New
ORD-11960,66.59,Electronics,New
ORD-11961,41.09,Electronics,VIP
ORD-11962,51.29,Electronics,Returning
ORD-11963,52.37,Fashion,New
ORD-11964,38.84,Fashion,New
ORD-11965,80.73,Fitness,Returning
ORD-11966,69.62,Fitness,Returning
ORD-11967,57.22,Fitness,VIP
ORD-11968,46.61,Home & Kitchen,New
ORD-11969,97.31,Books,Returning
ORD-11970,52.38,Fashion,New
ORD-11971,50.2,Home & Kitchen,Returning
ORD-11972,64.25,Fashion,New
ORD-11973,166.99,Fashion,Returning
ORD-11974,27.0,Fashion,New
ORD-11975,95.77,Electronics,Returning
ORD-11976,19.38,Fitness,New
ORD-11977,68.74,Electronics,Returning
ORD-11978,155.25,Home & Kitchen,New
ORD-11979,80.9,Fitness,Returning
ORD-11980,66.84,Fashion,New
ORD-11981,43.11,Electronics,Returning
ORD-11982,61.47,Fashion,Returning
ORD-11983,51.87,Fashion,New
ORD-11984,37.65,Books,New
ORD-11985,50.71,Home & Kitchen,New
ORD-11986,67.97,Home & Kitchen,New
ORD-11987,38.08,Fashion,Returning
ORD-11988,37.2,Home & Kitchen,New
ORD-11989,26.68,Home & Kitchen,New
ORD-11990,76.28,Electronics,New
ORD-11991,83.7,Electronics,New
ORD-11992,69.34,Electronics,New
ORD-11993,107.67,Fashion,Returning
ORD-11994,63.61,Fitness,New
ORD-11995,76.34,Home & Kitchen,VIP
ORD-11996,72.41,Fashion,Returning
ORD-11997,57.12,Books,New
ORD-11998,43.88,Electronics,VIP
ORD-11999,227.81,Electronics,Returning
ORD-12000,46.01,Books,Returning
ORD-12001,40.47,Books,New
ORD-12002,78.29,Home & Kitchen,Returning
ORD-12003,70.18,Electronics,New
ORD-12004,25.97,Books,Returning
ORD-12005,118.35,Fitness,New
ORD-12006,57.02,Home & Kitchen,New
ORD-12007,30.98,Electronics,Returning
ORD-12008,123.13,Fashion,New
ORD-12009,87.83,Fitness,New
ORD-12010,28.26,Fitness,Returning
ORD-12011,175.27,Home & Kitchen,New
ORD-12012,89.59,Fashion,New
ORD-12013,59.97,Home & Kitchen,New
ORD-12014,156.67,Fashion,VIP
ORD-12015,66.39,Fashion,Returning
ORD-12016,59.33,Electronics,Returning
ORD-12017,40.6,Electronics,Returning
ORD-12018,85.55,Fitness,Returning
ORD-12019,80.32,Electronics,Returning
ORD-12020,60.87,Electronics,Returning
ORD-12021,37.56,Books,VIP
ORD-12022,65.23,Home & Kitchen,Returning
ORD-12023,57.87,Electronics,New
ORD-12024,27.11,Fashion,New
ORD-12025,24.95,Fitness,New
ORD-12026,84.7,Fashion,Returning
ORD-12027,12.67,Fashion,VIP
ORD-12028,68.25,Fashion,Returning
ORD-12029,45.29,Electronics,Returning
ORD-12030,132.28,Home & Kitchen,Returning
ORD-12031,44.88,Electronics,VIP
ORD-12032,89.63,Fashion,Returning
ORD-12033,47.55,Electronics,New
ORD-12034,64.6,Electronics,Returning
ORD-12035,93.89,Electronics,New
ORD-12036,45.72,Fitness,New
ORD-12037,109.72,Electronics,New
ORD-12038,33.24,Fashion,New
ORD-12039,72.01,Electronics,New
ORD-12040,104.96,Home & Kitchen,New
ORD-12041,89.66,Fashion,VIP
ORD-12042,190.54,Books,New
ORD-12043,38.17,Home & Kitchen,Returning
ORD-12044,26.38,Fashion,New
ORD-12045,33.23,Home & Kitchen,VIP
ORD-12046,89.68,Electronics,Returning
ORD-12047,81.35,Books,VIP
ORD-12048,64.16,Books,Returning
ORD-12049,30.76,Fashion,Returning
ORD-12050,95.59,Home & Kitchen,New
ORD-12051,28.94,Electronics,New
ORD-12052,120.95,Fashion,Returning
ORD-12053,335.11,Fitness,New
ORD-12054,75.18,Books,New
ORD-12055,85.62,Fashion,VIP
ORD-12056,44.89,Home & Kitchen,New
ORD-12057,20.37,Home & Kitchen,Returning
ORD-12058,42.03,Electronics,New
ORD-12059,31.32,Home & Kitchen,New
ORD-12060,25.33,Home & Kitchen,New
ORD-12061,169.6,Fitness,Returning
ORD-12062,71.07,Books,Returning
ORD-12063,75.78,Electronics,VIP
ORD-12064,50.13,Electronics,New
ORD-12065,54.4,Electronics,New
ORD-12066,107.63,Electronics,Returning
ORD-12067,59.18,Fashion,New
ORD-12068,82.96,Fitness,New
ORD-12069,53.65,Fashion,Returning
ORD-12070,49.14,Home & Kitchen,Returning
ORD-12071,25.94,Fashion,New
ORD-12072,18.42,Fashion,New
ORD-12073,51.58,Fitness,VIP
ORD-12074,62.42,Home & Kitchen,VIP
ORD-12075,27.89,Fashion,Returning
ORD-12076,59.1,Books,Returning
ORD-12077,62.32,Fashion,VIP
ORD-12078,16.55,Electronics,Returning
ORD-12079,34.85,Fashion,Returning
ORD-12080,77.04,Home & Kitchen,Returning
ORD-12081,76.11,Fashion,New
ORD-12082,30.2,Fitness,Returning
ORD-12083,66.36,Fashion,Returning
ORD-12084,111.44,Fashion,New
ORD-12085,96.18,Fitness,Returning
ORD-12086,56.99,Fashion,Returning
ORD-12087,45.57,Fashion,New
ORD-12088,41.36,Electronics,Returning
ORD-12089,79.89,Fashion,New
ORD-12090,67.83,Fashion,Returning
ORD-12091,88.03,Electronics,VIP
ORD-12092,65.31,Home & Kitchen,VIP
ORD-12093,98.62,Electronics,VIP
ORD-12094,63.86,Electronics,Returning
ORD-12095,96.62,Home & Kitchen,Returning
ORD-12096,101.75,Fashion,Returning
ORD-12097,37.24,Home & Kitchen,New
ORD-12098,20.39,Home & Kitchen,Returning
ORD-12099,152.34,Fashion,Returning
ORD-12100,70.39,Electronics,Returning
ORD-12101,21.57,Fashion,New
ORD-12102,39.32,Electronics,New
ORD-12103,95.88,Fashion,New
ORD-12104,51.02,Home & Kitchen,New
ORD-12105,44.38,Home & Kitchen,New
ORD-12106,139.84,Fashion,New
ORD-12107,32.19,Books,VIP
ORD-12108,37.38,Electronics,New
ORD-12109,68.5,Fitness,Returning
ORD-12110,76.27,Fitness,New
ORD-12111,81.27,Fashion,VIP
ORD-12112,104.24,Electronics,Returning
ORD-12113,67.98,Electronics,VIP
ORD-12114,80.93,Books,VIP
ORD-12115,51.65,Electronics,Returning
ORD-12116,62.65,Fitness,New
ORD-12117,64.36,Fashion,Returning
ORD-12118,68.65,Fashion,New
ORD-12119,95.92,Home & Kitchen,VIP
ORD-12120,84.19,Electronics,VIP
ORD-12121,61.96,Fashion,New
ORD-12122,37.13,Books,Returning
ORD-12123,62.84,Electronics,New
ORD-12124,59.33,Books,Returning
ORD-12125,67.76,Books,Returning
ORD-12126,226.77,Electronics,Returning
ORD-12127,44.07,Fashion,VIP
ORD-12128,77.74,Electronics,New
ORD-12129,114.56,Home & Kitchen,Returning
ORD-12130,63.99,Books,Returning
ORD-12131,245.36,Fitness,New
ORD-12132,48.09,Books,New
ORD-12133,73.29,Electronics,New
ORD-12134,37.36,Fashion,Returning
ORD-12135,48.87,Electronics,VIP
ORD-12136,70.06,Fitness,New
ORD-12137,100.26,Electronics,New
ORD-12138,73.07,Electronics,Returning
ORD-12139,128.44,Electronics,New
ORD-12140,57.0,Electronics,New
ORD-12141,49.44,Electronics,Returning
ORD-12142,305.63,Electronics,New
ORD-12143,76.44,Fitness,Returning
ORD-12144,39.19,Fitness,New
ORD-12145,39.78,Fashion,Returning
ORD-12146,34.27,Fitness,New
ORD-12147,105.84,Fashion,New
ORD-12148,48.49,Fitness,Returning
ORD-12149,65.13,Fashion,Returning
ORD-12150,58.08,Home & Kitchen,VIP
ORD-12151,93.59,Fashion,New
ORD-12152,36.3,Electronics,Returning
ORD-12153,31.65,Home & Kitchen,Returning
ORD-12154,69.03,Fitness,New
ORD-12155,86.54,Fitness,Returning
ORD-12156,73.66,Fashion,New
ORD-12157,37.13,Fashion,VIP
ORD-12158,90.6,Fitness,Returning
ORD-12159,38.62,Electronics,New
ORD-12160,44.13,Electronics,Returning
ORD-12161,34.25,Fashion,New
ORD-12162,131.72,Electronics,Returning
ORD-12163,88.24,Fashion,Returning
ORD-12164,86.75,Electronics,Returning
ORD-12165,127.53,Home & Kitchen,New
ORD-12166,326.23,Home & Kitchen,New
ORD-12167,21.64,Fitness,Returning
ORD-12168,38.74,Home & Kitchen,Returning
ORD-12169,41.69,Fashion,Returning
ORD-12170,36.22,Books,New
ORD-12171,31.61,Home & Kitchen,Returning
ORD-12172,50.41,Fashion,Returning
ORD-12173,29.08,Electronics,Returning
ORD-12174,73.78,Home & Kitchen,New
ORD-12175,62.24,Home & Kitchen,Returning
ORD-12176,80.53,Home & Kitchen,New
ORD-12177,81.83,Fitness,Returning
ORD-12178,86.64,Books,Returning
ORD-12179,48.23,Books,VIP
ORD-12180,215.44,Home & Kitchen,New
ORD-12181,69.45,Books,Returning
ORD-12182,19.74,Books,VIP
ORD-12183,33.07,Electronics,New
ORD-12184,21.24,Home & Kitchen,New
ORD-12185,60.97,Electronics,New
ORD-12186,56.09,Fashion,Returning
ORD-12187,45.56,Fashion,New
ORD-12188,201.65,Fashion,New
ORD-12189,83.88,Electronics,Returning
ORD-12190,93.28,Electronics,Returning
ORD-12191,34.51,Electronics,VIP
ORD-12192,33.13,Home & Kitchen,Returning
ORD-12193,61.69,Fitness,VIP
ORD-12194,66.94,Books,Returning
ORD-12195,19.81,Fashion,Returning
ORD-12196,54.15,Fashion,New
ORD-12197,60.85,Fitness,VIP
ORD-12198,53.03,Electronics,VIP
ORD-12199,37.04,Books,Returning
ORD-12200,43.65,Home & Kitchen,New
ORD-12201,54.27,Fashion,New
ORD-12202,63.72,Electronics,New
ORD-12203,86.74,Electronics,New
ORD-12204,115.41,Fashion,New
ORD-12205,50.57,Fashion,New
ORD-12206,45.89,Fitness,New
ORD-12207,78.46,Home & Kitchen,VIP
ORD-12208,87.05,Fashion,Returning
ORD-12209,46.5,Electronics,Returning
ORD-12210,96.95,Fashion,New
ORD-12211,108.61,Electronics,New
ORD-12212,130.98,Home & Kitchen,New
ORD-12213,175.39,Home & Kitchen,VIP
ORD-12214,35.88,Fitness,New
ORD-12215,60.85,Fashion,Returning
ORD-12216,60.75,Fashion,New
ORD-12217,56.89,Fitness,New
ORD-12218,40.87,Home & Kitchen,New
ORD-12219,24.75,Home & Kitchen,Returning
ORD-12220,63.79,Fashion,New
ORD-12221,38.05,Fitness,VIP
ORD-12222,63.54,Electronics,New
ORD-12223,37.47,Fashion,New
ORD-12224,31.19,Fitness,New
ORD-12225,69.45,Electronics,VIP
ORD-12226,66.06,Fitness,Returning
ORD-12227,85.42,Fashion,Returning
ORD-12228,223.97,Electronics,Returning
ORD-12229,71.26,Electronics,VIP
ORD-12230,80.73,Fitness,New
ORD-12231,31.61,Fitness,Returning
ORD-12232,27.88,Fashion,Returning
ORD-12233,155.98,Electronics,New
ORD-12234,34.67,Electronics,New
ORD-12235,32.25,Electronics,Returning
ORD-12236,58.94,Home & Kitchen,New
ORD-12237,57.16,Electronics,New
ORD-12238,35.11,Electronics,New
ORD-12239,50.25,Electronics,New
ORD-12240,126.17,Home & Kitchen,Returning
ORD-12241,37.2,Home & Kitchen,Returning
ORD-12242,26.15,Home & Kitchen,Returning
ORD-12243,106.22,Home & Kitchen,Returning
ORD-12244,81.08,Books,New
ORD-12245,41.58,Fashion,Returning
ORD-12246,23.35,Fitness,VIP
ORD-12247,38.6,Home & Kitchen,New
ORD-12248,58.39,Electronics,Returning
ORD-12249,121.44,Fitness,Returning
ORD-12250,32.4,Home & Kitchen,Returning
ORD-12251,57.36,Home & Kitchen,New
ORD-12252,90.48,Electronics,New
ORD-12253,14.46,Fashion,Returning
ORD-12254,112.2,Fitness,Returning
ORD-12255,29.68,Electronics,Returning
ORD-12256,73.64,Electronics,Returning
ORD-12257,69.97,Fashion,New
ORD-12258,115.67,Fashion,Returning
ORD-12259,83.98,Fitness,Returning
ORD-12260,14.49,Home & Kitchen,VIP
ORD-12261,37.68,Books,Returning
ORD-12262,65.56,Fashion,New
ORD-12263,53.68,Fashion,Returning
ORD-12264,80.36,Electronics,Returning
ORD-12265,96.89,Electronics,New
ORD-12266,86.93,Home & Kitchen,Returning
ORD-12267,53.06,Electronics,New
ORD-12268,19.93,Electronics,New
ORD-12269,45.91,Fitness,Returning
ORD-12270,77.46,Home & Kitchen,New
ORD-12271,31.37,Electronics,Returning
ORD-12272,88.13,Home & Kitchen,Returning
ORD-12273,104.07,Fashion,Returning
ORD-12274,65.11,Fitness,Returning
ORD-12275,9.6,Home & Kitchen,Returning
ORD-12276,28.03,Electronics,New
ORD-12277,187.11,Electronics,VIP
ORD-12278,43.47,Fashion,New
ORD-12279,18.35,Home & Kitchen,Returning
ORD-12280,126.61,Fashion,Returning
ORD-12281,60.83,Home & Kitchen,New
ORD-12282,117.09,Fashion,Returning
ORD-12283,71.25,Fashion,Returning
ORD-12284,79.45,Electronics,New
ORD-12285,75.02,Electronics,New
ORD-12286,91.7,Fashion,New
ORD-12287,236.62,Home & Kitchen,VIP
ORD-12288,108.05,Books,Returning
ORD-12289,23.38,Electronics,New
ORD-12290,78.89,Home & Kitchen,Returning
ORD-12291,119.69,Electronics,Returning
ORD-12292,124.17,Home & Kitchen,Returning
ORD-12293,46.71,Electronics,Returning
ORD-12294,121.38,Home & Kitchen,New
ORD-12295,105.28,Electronics,New
ORD-12296,282.45,Electronics,Returning
ORD-12297,38.47,Home & Kitchen,Returning
ORD-12298,44.5,Fashion,Returning
ORD-12299,50.22,Fashion,New
ORD-12300,44.96,Fashion,Returning
ORD-12301,35.37,Books,New
ORD-12302,11.5,Fashion,Returning
ORD-12303,46.49,Fashion,New
ORD-12304,75.31,Fitness,Returning
ORD-12305,44.88,Home & Kitchen,VIP
ORD-12306,192.72,Fashion,New
ORD-12307,60.83,Home & Kitchen,Returning
ORD-12308,130.92,Electronics,Returning
ORD-12309,70.59,Fashion,New
ORD-12310,99.07,Fashion,New
ORD-12311,71.35,Fitness,Returning
ORD-12312,137.18,Fitness,New
ORD-12313,62.4,Electronics,New
ORD-12314,81.26,Electronics,VIP
ORD-12315,75.17,Fashion,Returning
ORD-12316,50.76,Fashion,Returning
ORD-12317,76.94,Fashion,Returning
ORD-12318,230.59,Home & Kitchen,Returning
ORD-12319,51.3,Fashion,Returning
ORD-12320,77.61,Books,New
ORD-12321,128.34,Fashion,New
ORD-12322,119.6,Electronics,Returning
ORD-12323,60.77,Fashion,VIP
ORD-12324,14.44,Home & Kitchen,New
ORD-12325,82.27,Fashion,VIP
ORD-12326,15.93,Fashion,Returning
ORD-12327,145.76,Fashion,Returning
ORD-12328,66.8,Home & Kitchen,New
ORD-12329,109.93,Books,New
ORD-12330,35.12,Fashion,Returning
ORD-12331,23.77,Electronics,New
ORD-12332,70.56,Fashion,New
ORD-12333,59.14,Fashion,New
ORD-12334,44.93,Books,VIP
ORD-12335,63.48,Fashion,New
ORD-12336,317.49,Home & Kitchen,Returning
ORD-12337,99.56,Books,New
ORD-12338,113.26,Home & Kitchen,New
ORD-12339,100.12,Electronics,New
ORD-12340,146.6,Home & Kitchen,Returning
ORD-12341,53.84,Fashion,Returning
ORD-12342,17.59,Fashion,New
ORD-12343,53.88,Books,Returning
ORD-12344,98.2,Fashion,New
ORD-12345,33.72,Fashion,Returning
ORD-12346,54.28,Electronics,New
ORD-12347,39.84,Electronics,VIP
ORD-12348,148.59,Home & Kitchen,VIP
ORD-12349,94.6,Fitness,Returning
ORD-12350,89.2,Home & Kitchen,New
ORD-12351,87.62,Fashion,Returning
ORD-12352,59.01,Electronics,Returning
ORD-12353,67.93,Fashion,Returning
ORD-12354,29.63,Fashion,New
ORD-12355,16.25,Fitness,Returning
ORD-12356,66.03,Home & Kitchen,New
ORD-12357,73.29,Fitness,Returning
ORD-12358,124.66,Fitness,New
ORD-12359,154.9,Fashion,Returning
ORD-12360,154.78,Home & Kitchen,New
ORD-12361,33.15,Home & Kitchen,New
ORD-12362,48.84,Books,New
ORD-12363,80.5,Fashion,VIP
ORD-12364,275.65,Home & Kitchen,Returning
ORD-12365,146.65,Fashion,Returning
ORD-12366,118.11,Home & Kitchen,Returning
ORD-12367,47.81,Books,Returning
ORD-12368,35.52,Books,New
ORD-12369,96.87,Electronics,Returning
ORD-12370,31.17,Electronics,New
ORD-12371,52.3,Fitness,Returning
ORD-12372,56.32,Home & Kitchen,New
ORD-12373,156.92,Books,VIP
ORD-12374,48.77,Fashion,Returning
ORD-12375,13.96,Fitness,New
ORD-12376,81.67,Home & Kitchen,Returning
ORD-12377,39.67,Electronics,New
ORD-12378,61.9,Electronics,New
ORD-12379,57.28,Home & Kitchen,VIP
ORD-12380,51.2,Electronics,Returning
ORD-12381,96.95,Fitness,Returning
ORD-12382,24.05,Home & Kitchen,Returning
ORD-12383,44.25,Fashion,New
ORD-12384,90.96,Fashion,New
ORD-12385,41.74,Books,Returning
ORD-12386,22.98,Home & Kitchen,Returning
ORD-12387,90.12,Fitness,New
ORD-12388,118.37,Fitness,New
ORD-12389,58.73,Home & Kitchen,New
ORD-12390,18.61,Books,New
ORD-12391,92.17,Home & Kitchen,New
ORD-12392,22.29,Fashion,New
ORD-12393,72.62,Fashion,Returning
ORD-12394,35.43,Fashion,New
ORD-12395,30.09,Home & Kitchen,New
ORD-12396,46.29,Fashion,Returning
ORD-12397,54.06,Home & Kitchen,Returning
ORD-12398,41.0,Books,New
ORD-12399,85.9,Fashion,New
ORD-12400,46.17,Electronics,Returning
ORD-12401,108.65,Home & Kitchen,New
ORD-12402,71.43,Electronics,New
ORD-12403,39.7,Fitness,Returning
ORD-12404,35.89,Fashion,New
ORD-12405,22.45,Fashion,Returning
ORD-12406,71.84,Home & Kitchen,Returning
ORD-12407,48.78,Fashion,New
ORD-12408,14.54,Fashion,New
ORD-12409,43.75,Fashion,VIP
ORD-12410,35.14,Fashion,Returning
ORD-12411,155.31,Fitness,VIP
ORD-12412,21.72,Electronics,Returning
ORD-12413,25.41,Fashion,New
ORD-12414,117.45,Electronics,New
ORD-12415,136.19,Fashion,New
ORD-12416,38.59,Electronics,Returning
ORD-12417,41.3,Fitness,New
ORD-12418,87.33,Electronics,Returning
ORD-12419,14.94,Home & Kitchen,Returning
ORD-12420,19.75,Fashion,Returning
ORD-12421,50.99,Fashion,Returning
ORD-12422,152.92,Electronics,New
ORD-12423,46.46,Home & Kitchen,New
ORD-12424,64.11,Books,Returning
ORD-12425,119.14,Electronics,Returning
ORD-12426,213.61,Books,Returning
ORD-12427,42.69,Fashion,Returning
ORD-12428,59.73,Home & Kitchen,Returning
ORD-12429,180.05,Home & Kitchen,New
ORD-12430,24.21,Electronics,New
ORD-12431,111.78,Fashion,VIP
ORD-12432,32.75,Electronics,Returning
ORD-12433,64.17,Home & Kitchen,Returning
ORD-12434,52.17,Fashion,New
ORD-12435,33.96,Fitness,Returning
ORD-12436,33.45,Fashion,New
ORD-12437,71.23,Books,New
ORD-12438,109.65,Electronics,New
ORD-12439,55.82,Home & Kitchen,Returning
ORD-12440,62.93,Fashion,New
ORD-12441,85.0,Electronics,New
ORD-12442,33.68,Electronics,New
ORD-12443,94.05,Home & Kitchen,New
ORD-12444,98.65,Electronics,Returning
ORD-12445,287.77,Home & Kitchen,Returning
ORD-12446,48.15,Books,Returning
ORD-12447,45.84,Fashion,New
ORD-12448,95.72,Electronics,Returning
ORD-12449,98.64,Electronics,New
ORD-12450,43.77,Electronics,Returning
ORD-12451,47.38,Fashion,VIP
ORD-12452,83.49,Home & Kitchen,Returning
ORD-12453,36.72,Fashion,VIP
ORD-12454,47.17,Electronics,New
ORD-12455,63.67,Home & Kitchen,Returning
ORD-12456,109.68,Fashion,Returning
ORD-12457,41.98,Home & Kitchen,Returning
ORD-12458,19.98,Books,Returning
ORD-12459,19.11,Fashion,New
ORD-12460,28.34,Fashion,Returning
ORD-12461,27.44,Fitness,Returning
ORD-12462,54.99,Home & Kitchen,Returning
ORD-12463,29.57,Fitness,New
ORD-12464,39.58,Fitness,New
ORD-12465,37.92,Fashion,VIP
ORD-12466,46.33,Fashion,New
ORD-12467,133.42,Home & Kitchen,New
ORD-12468,89.76,Home & Kitchen,New
ORD-12469,60.93,Home & Kitchen,Returning
ORD-12470,45.76,Fashion,Returning
ORD-12471,46.53,Fitness,VIP
ORD-12472,73.45,Electronics,Returning
ORD-12473,85.67,Electronics,New
ORD-12474,35.0,Fashion,New
ORD-12475,61.68,Fashion,New
ORD-12476,17.83,Home & Kitchen,Returning
ORD-12477,68.51,Electronics,VIP
ORD-12478,95.32,Home & Kitchen,New
ORD-12479,51.01,Fashion,New
ORD-12480,179.45,Electronics,Returning
ORD-12481,35.56,Fashion,Returning
ORD-12482,68.75,Fashion,Returning
ORD-12483,59.06,Home & Kitchen,Returning
ORD-12484,56.82,Fashion,New
ORD-12485,56.34,Electronics,Returning
ORD-12486,64.35,Fashion,New
ORD-12487,100.36,Electronics,Returning
ORD-12488,137.92,Electronics,New
ORD-12489,60.26,Books,Returning
ORD-12490,98.41,Electronics,VIP
ORD-12491,39.6,Electronics,Returning
ORD-12492,95.54,Fitness,New
ORD-12493,38.2,Home & Kitchen,VIP
ORD-12494,116.09,Fashion,New
ORD-12495,227.33,Home & Kitchen,Returning
ORD-12496,56.08,Books,New
ORD-12497,16.19,Electronics,VIP
ORD-12498,43.43,Electronics,New
ORD-12499,126.36,Fitness,New
ORD-12500,84.09,Fitness,VIP
ORD-12501,70.06,Books,Returning
ORD-12502,110.52,Fashion,New
ORD-12503,80.69,Books,New
ORD-12504,125.29,Fashion,New
ORD-12505,104.76,Home & Kitchen,New
ORD-12506,150.36,Fitness,Returning
ORD-12507,74.83,Electronics,Returning
ORD-12508,103.87,Electronics,VIP
ORD-12509,50.19,Home & Kitchen,Returning
ORD-12510,42.06,Fitness,VIP
ORD-12511,168.02,Electronics,Returning
ORD-12512,68.7,Fitness,New
ORD-12513,97.8,Fashion,Returning
ORD-12514,64.99,Fashion,New
ORD-12515,42.44,Fashion,New
ORD-12516,60.74,Books,Returning
ORD-12517,142.82,Electronics,Returning
ORD-12518,84.2,Home & Kitchen,New
ORD-12519,21.61,Electronics,New
ORD-12520,53.03,Books,New
ORD-12521,175.81,Fitness,Returning
ORD-12522,53.08,Electronics,New
ORD-12523,20.49,Fashion,VIP
ORD-12524,187.88,Fashion,Returning
ORD-12525,90.87,Fashion,New
ORD-12526,57.86,Fitness,Returning
ORD-12527,48.29,Home & Kitchen,VIP
ORD-12528,115.52,Fashion,Returning
ORD-12529,43.59,Home & Kitchen,Returning
ORD-12530,120.18,Fashion,New
ORD-12531,83.54,Electronics,Returning
ORD-12532,69.88,Electronics,Returning
ORD-12533,65.85,Fashion,VIP
ORD-12534,54.33,Home & Kitchen,Returning
ORD-12535,113.0,Electronics,Returning
ORD-12536,35.9,Home & Kitchen,New
ORD-12537,22.8,Fashion,New
ORD-12538,87.24,Home & Kitchen,New
ORD-12539,88.12,Electronics,New
ORD-12540,80.49,Fashion,Returning
ORD-12541,77.06,Electronics,New
ORD-12542,49.78,Fashion,Returning
ORD-12543,96.78,Electronics,Returning
ORD-12544,58.71,Fashion,New
ORD-12545,45.05,Fitness,Returning
ORD-12546,50.04,Electronics,New
ORD-12547,202.83,Home & Kitchen,New
ORD-12548,21.31,Home & Kitchen,VIP
ORD-12549,81.44,Fashion,New
ORD-12550,22.03,Home & Kitchen,New
ORD-12551,56.55,Fashion,Returning
ORD-12552,46.52,Home & Kitchen,New
ORD-12553,17.27,Fitness,New
ORD-12554,76.2,Fitness,Returning
ORD-12555,48.04,Fashion,Returning
ORD-12556,17.12,Home & Kitchen,Returning
ORD-12557,99.86,Electronics,VIP
ORD-12558,142.74,Fashion,New
ORD-12559,147.54,Electronics,Returning
ORD-12560,74.84,Electronics,New
ORD-12561,62.03,Home & Kitchen,New
ORD-12562,133.87,Fitness,VIP
ORD-12563,165.58,Electronics,Returning
ORD-12564,119.12,Home & Kitchen,New
ORD-12565,34.3,Home & Kitchen,New
ORD-12566,68.09,Books,New
ORD-12567,78.55,Home & Kitchen,Returning
ORD-12568,20.37,Electronics,New
ORD-12569,79.97,Electronics,VIP
ORD-12570,235.99,Home & Kitchen,New
ORD-12571,88.58,Electronics,New
ORD-12572,146.06,Books,VIP
ORD-12573,67.34,Books,VIP
ORD-12574,57.75,Books,New
ORD-12575,75.85,Fashion,Returning
ORD-12576,36.98,Home & Kitchen,VIP
ORD-12577,33.84,Home & Kitchen,Returning
ORD-12578,129.0,Electronics,Returning
ORD-12579,137.47,Fashion,Returning
ORD-12580,33.29,Electronics,VIP
ORD-12581,107.86,Fashion,Returning
ORD-12582,57.27,Books,New
ORD-12583,73.99,Fitness,Returning
ORD-12584,79.53,Fashion,Returning
ORD-12585,109.58,Fashion,Returning
ORD-12586,63.41,Electronics,New
ORD-12587,140.63,Fashion,Returning
ORD-12588,72.65,Electronics,Returning
ORD-12589,87.75,Home & Kitchen,VIP
ORD-12590,36.6,Home & Kitchen,New
ORD-12591,220.35,Fitness,Returning
ORD-12592,79.99,Fitness,Returning
ORD-12593,92.55,Electronics,New
ORD-12594,22.99,Home & Kitchen,Returning
ORD-12595,36.83,Electronics,New
ORD-12596,126.82,Fashion,Returning
ORD-12597,71.67,Fashion,Returning
ORD-12598,19.14,Electronics,New
ORD-12599,112.5,Electronics,Returning
ORD-12600,43.54,Fashion,VIP
ORD-12601,140.72,Electronics,New
ORD-12602,57.24,Books,VIP
ORD-12603,68.23,Fashion,New
ORD-12604,122.41,Fashion,New
ORD-12605,35.22,Books,Returning
ORD-12606,33.26,Home & Kitchen,New
ORD-12607,53.63,Fashion,VIP
ORD-12608,99.12,Books,Returning
ORD-12609,27.15,Electronics,Returning
ORD-12610,22.18,Electronics,Returning
ORD-12611,98.91,Fashion,Returning
ORD-12612,42.02,Fashion,Returning
ORD-12613,47.69,Fitness,Returning
ORD-12614,19.8,Electronics,Returning
ORD-12615,40.15,Home & Kitchen,Returning
ORD-12616,60.07,Home & Kitchen,New
ORD-12617,105.45,Books,Returning
ORD-12618,37.99,Electronics,New
ORD-12619,163.11,Electronics,New
ORD-12620,40.02,Books,New
ORD-12621,40.05,Home & Kitchen,New
ORD-12622,151.78,Electronics,New
ORD-12623,68.5,Electronics,Returning
ORD-12624,43.33,Fitness,Returning
ORD-12625,54.98,Home & Kitchen,New
ORD-12626,135.89,Home & Kitchen,VIP
ORD-12627,145.43,Fitness,VIP
ORD-12628,36.96,Electronics,VIP
ORD-12629,58.82,Electronics,New
ORD-12630,63.69,Home & Kitchen,New
ORD-12631,33.39,Fitness,Returning
ORD-12632,58.36,Fashion,Returning
ORD-12633,60.53,Home & Kitchen,Returning
ORD-12634,119.6,Electronics,Returning
ORD-12635,124.52,Electronics,Returning
ORD-12636,49.52,Books,VIP
ORD-12637,53.07,Electronics,Returning
ORD-12638,89.89,Electronics,VIP
ORD-12639,42.47,Fitness,Returning
ORD-12640,85.9,Fashion,New
ORD-12641,57.24,Fashion,Returning
ORD-12642,33.73,Fitness,New
ORD-12643,33.98,Electronics,New
ORD-12644,143.77,Home & Kitchen,VIP
ORD-12645,54.93,Fashion,New
ORD-12646,161.45,Electronics,Returning
ORD-12647,44.34,Home & Kitchen,VIP
ORD-12648,71.86,Fashion,New
ORD-12649,253.56,Fitness,New
ORD-12650,31.99,Books,New
ORD-12651,19.32,Fitness,Returning
ORD-12652,130.58,Fashion,New
ORD-12653,36.74,Electronics,New
ORD-12654,59.6,Fitness,Returning
ORD-12655,42.46,Fashion,New
ORD-12656,70.87,Home & Kitchen,Returning
ORD-12657,34.11,Fitness,New
ORD-12658,54.17,Fashion,Returning
ORD-12659,79.03,Electronics,Returning
ORD-12660,32.95,Home & Kitchen,New
ORD-12661,39.64,Home & Kitchen,New
ORD-12662,48.99,Fashion,New
ORD-12663,25.6,Home & Kitchen,New
ORD-12664,46.83,Fitness,New
ORD-12665,64.8,Fashion,Returning
ORD-12666,47.48,Electronics,New
ORD-12667,51.27,Home & Kitchen,New
ORD-12668,59.62,Fitness,New
ORD-12669,40.71,Books,Returning
ORD-12670,91.34,Electronics,New
ORD-12671,142.82,Fitness,Returning
ORD-12672,45.67,Fitness,Returning
ORD-12673,80.73,Home & Kitchen,New
ORD-12674,52.26,Fashion,New
ORD-12675,75.14,Electronics,New
ORD-12676,154.39,Fashion,Returning
ORD-12677,81.88,Fashion,New
ORD-12678,20.82,Fashion,New
ORD-12679,79.23,Books,VIP
ORD-12680,126.43,Electronics,Returning
ORD-12681,52.83,Books,New
ORD-12682,109.66,Fashion,VIP
ORD-12683,39.88,Fitness,New
ORD-12684,24.75,Fashion,New
ORD-12685,65.67,Home & Kitchen,New
ORD-12686,21.03,Home & Kitchen,VIP
ORD-12687,52.26,Books,New
ORD-12688,130.6,Electronics,Returning
ORD-12689,19.19,Electronics,Returning
ORD-12690,28.0,Books,Returning
ORD-12691,32.49,Electronics,New
ORD-12692,58.09,Home & Kitchen,New
ORD-12693,48.45,Electronics,Returning
ORD-12694,139.7,Electronics,New
ORD-12695,106.98,Home & Kitchen,Returning
ORD-12696,81.22,Home & Kitchen,New
ORD-12697,65.85,Home & Kitchen,Returning
ORD-12698,76.4,Fashion,Returning
ORD-12699,35.97,Home & Kitchen,Returning
ORD-12700,100.92,Books,Returning
ORD-12701,30.96,Fashion,New
ORD-12702,99.61,Fashion,New
ORD-12703,122.94,Fashion,New
ORD-12704,68.48,Fitness,Returning
ORD-12705,54.29,Fashion,New
ORD-12706,76.72,Home & Kitchen,New
ORD-12707,10.84,Fashion,New
ORD-12708,72.34,Home & Kitchen,New
ORD-12709,56.37,Fitness,Returning
ORD-12710,58.53,Fashion,Returning
ORD-12711,92.2,Fashion,New
ORD-12712,57.69,Fashion,New
ORD-12713,30.44,Fashion,Returning
ORD-12714,55.43,Fashion,Returning
ORD-12715,62.84,Fitness,Returning
ORD-12716,64.65,Fashion,Returning
ORD-12717,66.5,Electronics,Returning
ORD-12718,112.58,Electronics,Returning
ORD-12719,31.45,Fashion,VIP
ORD-12720,67.05,Books,Returning
ORD-12721,130.84,Fashion,Returning
ORD-12722,21.31,Fashion,Returning
ORD-12723,67.21,Fashion,New
ORD-12724,42.47,Books,New
ORD-12725,48.31,Fitness,VIP
ORD-12726,35.06,Electronics,Returning
ORD-12727,54.5,Home & Kitchen,New
ORD-12728,182.14,Fitness,New
ORD-12729,28.26,Fitness,New
ORD-12730,29.91,Fashion,New
ORD-12731,27.63,Home & Kitchen,Returning
ORD-12732,170.11,Home & Kitchen,Returning
ORD-12733,45.72,Electronics,Returning
ORD-12734,59.42,Electronics,New
ORD-12735,47.39,Fashion,New
ORD-12736,34.24,Electronics,New
ORD-12737,52.4,Fashion,New
ORD-12738,263.74,Fitness,Returning
ORD-12739,139.11,Fitness,New
ORD-12740,36.17,Electronics,VIP
ORD-12741,88.99,Electronics,Returning
ORD-12742,36.64,Home & Kitchen,New
ORD-12743,20.78,Fashion,New
ORD-12744,111.24,Electronics,New
ORD-12745,121.03,Fitness,New
ORD-12746,113.03,Electronics,VIP
ORD-12747,45.52,Electronics,Returning
ORD-12748,54.59,Home & Kitchen,Returning
ORD-12749,94.62,Home & Kitchen,Returning
ORD-12750,76.32,Fashion,VIP
ORD-12751,47.65,Home & Kitchen,VIP
ORD-12752,22.84,Books,New
ORD-12753,64.61,Electronics,New
ORD-12754,115.28,Home & Kitchen,New
ORD-12755,29.41,Electronics,New
ORD-12756,88.52,Fashion,Returning
ORD-12757,73.62,Fashion,New
ORD-12758,94.64,Fashion,Returning
ORD-12759,101.82,Electronics,New
ORD-12760,39.78,Fitness,Returning
ORD-12761,22.87,Fashion,New
ORD-12762,43.81,Fitness,New
ORD-12763,102.87,Fashion,Returning
ORD-12764,43.59,Fitness,New
ORD-12765,39.79,Fashion,Returning
ORD-12766,20.23,Fashion,VIP
ORD-12767,172.71,Home & Kitchen,New
ORD-12768,99.03,Fitness,New
ORD-12769,95.77,Fashion,New
ORD-12770,107.84,Fashion,New
ORD-12771,85.29,Home & Kitchen,VIP
ORD-12772,52.11,Home & Kitchen,Returning
ORD-12773,54.69,Fashion,New
ORD-12774,46.69,Fitness,Returning
ORD-12775,293.2,Fashion,VIP
ORD-12776,84.23,Fashion,New
ORD-12777,45.68,Home & Kitchen,New
ORD-12778,79.78,Books,Returning
ORD-12779,32.9,Fashion,Returning
ORD-12780,148.82,Electronics,New
ORD-12781,40.58,Electronics,Returning
ORD-12782,81.5,Home & Kitchen,New
ORD-12783,114.39,Fashion,Returning
ORD-12784,76.01,Fashion,Returning
ORD-12785,63.86,Electronics,New
ORD-12786,60.73,Fitness,Returning
ORD-12787,58.33,Fashion,Returning
ORD-12788,42.69,Home & Kitchen,Returning
ORD-12789,46.08,Electronics,Returning
ORD-12790,146.61,Electronics,Returning
ORD-12791,56.54,Electronics,New
ORD-12792,37.66,Fashion,New
ORD-12793,44.27,Fashion,Returning
ORD-12794,116.77,Electronics,Returning
ORD-12795,90.5,Fashion,New
ORD-12796,84.45,Electronics,VIP
ORD-12797,51.7,Fashion,Returning
ORD-12798,85.12,Electronics,New
ORD-12799,41.01,Electronics,New
ORD-12800,51.64,Electronics,Returning
ORD-12801,107.97,Home & Kitchen,New
ORD-12802,101.96,Books,VIP
ORD-12803,33.48,Home & Kitchen,Returning
ORD-12804,36.11,Electronics,New
ORD-12805,64.41,Books,New
ORD-12806,169.98,Books,New
ORD-12807,19.12,Fashion,Returning
ORD-12808,71.31,Electronics,New
ORD-12809,26.43,Home & Kitchen,Returning
ORD-12810,41.24,Books,Returning
ORD-12811,48.49,Fitness,VIP
ORD-12812,46.88,Home & Kitchen,New
ORD-12813,43.8,Home & Kitchen,New
ORD-12814,60.6,Books,Returning
ORD-12815,43.77,Electronics,New
ORD-12816,25.09,Electronics,New
ORD-12817,96.34,Fitness,VIP
ORD-12818,94.8,Electronics,Returning
ORD-12819,100.07,Fashion,VIP
ORD-12820,23.94,Fashion,New
ORD-12821,72.19,Electronics,Returning
ORD-12822,90.52,Electronics,Returning
ORD-12823,32.5,Home & Kitchen,Returning
ORD-12824,60.67,Fashion,New
ORD-12825,56.27,Home & Kitchen,Returning
ORD-12826,182.23,Fashion,New
ORD-12827,191.46,Books,Returning
ORD-12828,22.23,Home & Kitchen,VIP
ORD-12829,269.44,Books,Returning
ORD-12830,34.84,Fashion,New
ORD-12831,108.68,Electronics,Returning
ORD-12832,108.02,Fitness,Returning
ORD-12833,33.2,Fitness,New
ORD-12834,81.12,Electronics,New
ORD-12835,56.57,Home & Kitchen,Returning
ORD-12836,84.15,Home & Kitchen,Returning
ORD-12837,69.3,Electronics,VIP
ORD-12838,123.69,Home & Kitchen,New
ORD-12839,63.13,Electronics,New
ORD-12840,54.56,Electronics,New
ORD-12841,116.47,Fitness,VIP
ORD-12842,85.48,Fashion,Returning
ORD-12843,93.61,Fitness,VIP
ORD-12844,40.5,Home & Kitchen,Returning
ORD-12845,32.23,Books,New
ORD-12846,42.92,Fashion,Returning
ORD-12847,41.58,Fashion,New
ORD-12848,96.71,Fashion,New
ORD-12849,108.37,Home & Kitchen,New
ORD-12850,54.98,Fashion,New
ORD-12851,142.39,Home & Kitchen,New
ORD-12852,137.15,Fashion,VIP
ORD-12853,69.83,Electronics,Returning
ORD-12854,36.85,Fitness,Returning
ORD-12855,155.28,Fitness,New
ORD-12856,58.17,Fashion,Returning
ORD-12857,65.09,Home & Kitchen,New
ORD-12858,49.22,Fashion,New
ORD-12859,35.38,Fitness,New
ORD-12860,25.0,Fashion,New
ORD-12861,88.21,Fashion,VIP
ORD-12862,37.71,Electronics,Returning
ORD-12863,378.31,Electronics,New
ORD-12864,31.45,Fitness,Returning
ORD-12865,28.38,Fashion,New
ORD-12866,81.95,Electronics,New
ORD-12867,151.05,Electronics,Returning
ORD-12868,62.72,Fashion,Returning
ORD-12869,85.06,Home & Kitchen,Returning
ORD-12870,19.96,Fashion,New
ORD-12871,40.18,Home & Kitchen,Returning
ORD-12872,31.68,Fitness,New
ORD-12873,19.36,Fashion,New
ORD-12874,64.73,Fitness,New
ORD-12875,15.71,Electronics,New
ORD-12876,27.29,Fashion,New
ORD-12877,43.71,Electronics,New
ORD-12878,36.64,Electronics,Returning
ORD-12879,76.54,Electronics,New
ORD-12880,72.48,Electronics,New
ORD-12881,103.16,Fitness,VIP
ORD-12882,94.77,Fashion,VIP
ORD-12883,119.64,Books,New
ORD-12884,60.27,Fashion,New
ORD-12885,72.39,Home & Kitchen,New
ORD-12886,82.02,Electronics,VIP
ORD-12887,65.69,Fashion,New
ORD-12888,47.55,Fashion,New
ORD-12889,49.43,Books,Returning
ORD-12890,36.95,Books,Returning
ORD-12891,77.71,Electronics,New
ORD-12892,57.03,Home & Kitchen,New
ORD-12893,40.53,Home & Kitchen,New
ORD-12894,40.55,Home & Kitchen,New
ORD-12895,29.19,Electronics,New
ORD-12896,108.56,Home & Kitchen,Returning
ORD-12897,63.25,Fitness,Returning
ORD-12898,35.96,Fashion,Returning
ORD-12899,98.02,Fashion,Returning
ORD-12900,43.11,Electronics,Returning
ORD-12901,25.95,Books,New
ORD-12902,111.36,Electronics,Returning
ORD-12903,43.72,Electronics,New
ORD-12904,47.21,Fashion,New
ORD-12905,61.85,Fitness,New
ORD-12906,119.77,Home & Kitchen,Returning
ORD-12907,61.07,Electronics,Returning
ORD-12908,29.39,Electronics,Returning
ORD-12909,83.62,Fitness,Returning
ORD-12910,45.11,Fashion,Returning
ORD-12911,187.31,Electronics,New
ORD-12912,60.3,Books,New
ORD-12913,15.78,Electronics,Returning
ORD-12914,74.77,Fashion,Returning
ORD-12915,193.79,Electronics,New
ORD-12916,155.33,Home & Kitchen,New
ORD-12917,181.01,Fitness,VIP
ORD-12918,32.73,Fashion,New
ORD-12919,104.3,Home & Kitchen,VIP
ORD-12920,39.13,Books,Returning
ORD-12921,69.03,Fitness,VIP
ORD-12922,28.11,Fashion,New
ORD-12923,40.99,Fashion,Returning
ORD-12924,40.22,Fitness,New
ORD-12925,103.45,Electronics,New
ORD-12926,97.56,Electronics,New
ORD-12927,71.24,Electronics,New
ORD-12928,26.84,Fitness,New
ORD-12929,50.05,Electronics,Returning
ORD-12930,38.56,Fashion,New
ORD-12931,101.68,Home & Kitchen,New
ORD-12932,122.35,Electronics,New
ORD-12933,113.73,Fashion,Returning
ORD-12934,38.35,Fashion,New
ORD-12935,11.66,Electronics,Returning
ORD-12936,20.9,Books,New
ORD-12937,141.6,Electronics,Returning
ORD-12938,47.43,Fitness,Returning
ORD-12939,38.46,Fashion,Returning
ORD-12940,161.68,Electronics,Returning
ORD-12941,128.91,Electronics,VIP
ORD-12942,61.23,Fashion,New
ORD-12943,50.6,Fashion,New
ORD-12944,55.74,Electronics,VIP
ORD-12945,69.15,Books,Returning
ORD-12946,157.59,Fashion,Returning
ORD-12947,77.75,Books,New
ORD-12948,93.28,Electronics,New
ORD-12949,121.7,Electronics,VIP
ORD-12950,29.91,Home & Kitchen,Returning
ORD-12951,94.91,Fashion,New
ORD-12952,50.56,Electronics,New
ORD-12953,13.33,Electronics,Returning
ORD-12954,16.83,Electronics,Returning
ORD-12955,32.76,Fitness,VIP
ORD-12956,82.99,Fashion,New
ORD-12957,64.6,Books,New
ORD-12958,67.4,Electronics,New
ORD-12959,194.53,Fashion,Returning
ORD-12960,28.18,Fashion,New
ORD-12961,59.36,Fashion,New
ORD-12962,72.43,Fitness,New
ORD-12963,38.79,Fitness,New
ORD-12964,61.37,Electronics,Returning
ORD-12965,23.1,Fashion,New
ORD-12966,140.6,Fitness,Returning
ORD-12967,40.09,Electronics,Returning
ORD-12968,204.15,Fashion,New
ORD-12969,59.18,Fashion,Returning
ORD-12970,111.81,Fashion,Returning
ORD-12971,58.44,Fashion,Returning
ORD-12972,59.24,Fashion,Returning
ORD-12973,42.5,Fitness,Returning
ORD-12974,64.81,Fashion,VIP
ORD-12975,73.02,Books,Returning
ORD-12976,37.69,Home & Kitchen,New
ORD-12977,55.98,Fashion,Returning
ORD-12978,41.84,Fashion,Returning
ORD-12979,239.8,Fashion,New
ORD-12980,57.18,Fitness,New
ORD-12981,152.5,Electronics,Returning
ORD-12982,53.66,Books,New
ORD-12983,70.5,Home & Kitchen,VIP
ORD-12984,27.31,Home & Kitchen,VIP
ORD-12985,46.14,Fashion,New
ORD-12986,68.46,Home & Kitchen,New
ORD-12987,156.27,Home & Kitchen,VIP
ORD-12988,68.94,Home & Kitchen,New
ORD-12989,138.41,Electronics,Returning
ORD-12990,88.63,Home & Kitchen,New
ORD-12991,160.2,Fashion,New
ORD-12992,58.24,Home & Kitchen,New
ORD-12993,253.19,Fashion,New
ORD-12994,45.09,Electronics,VIP
ORD-12995,38.1,Home & Kitchen,New
ORD-12996,29.19,Fashion,New
ORD-12997,244.35,Home & Kitchen,Returning
ORD-12998,98.66,Home & Kitchen,VIP
ORD-12999,49.38,Home & Kitchen,New
ORD-13000,127.67,Home & Kitchen,Returning
ORD-13001,91.16,Electronics,New
ORD-13002,196.31,Electronics,Returning
ORD-13003,23.84,Home & Kitchen,Returning
ORD-13004,51.46,Electronics,VIP
ORD-13005,45.72,Electronics,Returning
ORD-13006,18.46,Electronics,VIP
ORD-13007,114.0,Fashion,New
ORD-13008,51.3,Books,Returning
ORD-13009,94.05,Electronics,Returning
ORD-13010,248.6,Fashion,New
ORD-13011,48.82,Books,VIP
ORD-13012,46.87,Books,Returning
ORD-13013,64.79,Electronics,VIP
ORD-13014,109.11,Fitness,New
ORD-13015,42.95,Electronics,Returning
ORD-13016,41.32,Fitness,New
ORD-13017,113.79,Electronics,VIP
ORD-13018,75.73,Fashion,New
ORD-13019,17.69,Electronics,Returning
ORD-13020,28.93,Home & Kitchen,New
ORD-13021,148.52,Electronics,Returning
ORD-13022,76.8,Fashion,New
ORD-13023,38.19,Home & Kitchen,VIP
ORD-13024,54.48,Electronics,VIP
ORD-13025,60.82,Fitness,New
ORD-13026,93.83,Fashion,Returning
ORD-13027,26.71,Electronics,Returning
ORD-13028,36.43,Electronics,New
ORD-13029,71.08,Fashion,New
ORD-13030,56.83,Electronics,New
ORD-13031,85.04,Fashion,New
ORD-13032,28.86,Home & Kitchen,Returning
ORD-13033,74.76,Fashion,Returning
ORD-13034,116.16,Fashion,New
ORD-13035,80.81,Fitness,VIP
ORD-13036,65.59,Fashion,New
ORD-13037,56.97,Home & Kitchen,VIP
ORD-13038,36.56,Fitness,Returning
ORD-13039,57.79,Electronics,Returning
ORD-13040,128.49,Home & Kitchen,Returning
ORD-13041,56.18,Books,New
ORD-13042,35.38,Fashion,VIP
ORD-13043,44.91,Books,Returning
ORD-13044,68.07,Fashion,Returning
ORD-13045,48.23,Home & Kitchen,New
ORD-13046,80.74,Fashion,Returning
ORD-13047,82.57,Electronics,New
ORD-13048,102.86,Books,Returning
ORD-13049,141.76,Electronics,Returning
ORD-13050,109.67,Books,New
ORD-13051,34.45,Home & Kitchen,New
ORD-13052,35.09,Books,New
ORD-13053,57.66,Books,New
ORD-13054,46.03,Home & Kitchen,New
ORD-13055,30.48,Books,New
ORD-13056,46.29,Fitness,New
ORD-13057,45.39,Fashion,Returning
ORD-13058,40.32,Home & Kitchen,Returning
ORD-13059,49.93,Electronics,New
ORD-13060,122.37,Electronics,New
ORD-13061,68.0,Fashion,Returning
ORD-13062,265.89,Fashion,New
ORD-13063,66.84,Electronics,New
ORD-13064,50.7,Fashion,Returning
ORD-13065,60.49,Home & Kitchen,VIP
ORD-13066,70.38,Home & Kitchen,New
ORD-13067,78.35,Fitness,VIP
ORD-13068,209.77,Books,New
ORD-13069,36.34,Fitness,New
ORD-13070,101.03,Home & Kitchen,New
ORD-13071,68.35,Electronics,Returning
ORD-13072,23.51,Books,Returning
ORD-13073,95.82,Electronics,Returning
ORD-13074,129.1,Electronics,VIP
ORD-13075,36.08,Fashion,Returning
ORD-13076,60.02,Home & Kitchen,New
ORD-13077,21.43,Home & Kitchen,Returning
ORD-13078,28.35,Electronics,New
ORD-13079,113.16,Fitness,Returning
ORD-13080,45.61,Electronics,VIP
ORD-13081,31.02,Fashion,Returning
ORD-13082,69.25,Fashion,New
ORD-13083,44.1,Fashion,Returning
ORD-13084,45.49,Fitness,New
ORD-13085,94.03,Electronics,New
ORD-13086,30.05,Electronics,Returning
ORD-13087,35.05,Electronics,New
ORD-13088,66.18,Fitness,New
ORD-13089,107.95,Books,Returning
ORD-13090,126.84,Home & Kitchen,New
ORD-13091,40.49,Home & Kitchen,New
ORD-13092,105.89,Books,VIP
ORD-13093,37.69,Fashion,New
ORD-13094,180.5,Electronics,New
ORD-13095,30.56,Fashion,VIP
ORD-13096,133.9,Fashion,New
ORD-13097,40.7,Fashion,VIP
ORD-13098,201.94,Fashion,Returning
ORD-13099,86.04,Fashion,Returning
ORD-13100,32.8,Fashion,New
ORD-13101,44.11,Fashion,New
ORD-13102,96.42,Electronics,Returning
ORD-13103,113.48,Fitness,New
ORD-13104,57.83,Home & Kitchen,Returning
ORD-13105,61.98,Electronics,Returning
ORD-13106,95.11,Electronics,Returning
ORD-13107,65.31,Electronics,New
ORD-13108,27.77,Electronics,Returning
ORD-13109,37.05,Electronics,Returning
ORD-13110,69.48,Electronics,New
ORD-13111,125.12,Fitness,VIP
ORD-13112,159.11,Fitness,New
ORD-13113,96.32,Fitness,VIP
ORD-13114,71.69,Home & Kitchen,New
ORD-13115,94.57,Home & Kitchen,New
ORD-13116,40.45,Home & Kitchen,Returning
ORD-13117,55.04,Fitness,New
ORD-13118,36.8,Home & Kitchen,New
ORD-13119,28.52,Home & Kitchen,New
ORD-13120,73.71,Fitness,Returning
ORD-13121,67.44,Home & Kitchen,New
ORD-13122,91.16,Electronics,Returning
ORD-13123,83.74,Electronics,Returning
ORD-13124,69.8,Fashion,Returning
ORD-13125,84.27,Electronics,New
ORD-13126,58.81,Electronics,New
ORD-13127,77.3,Electronics,VIP
ORD-13128,39.03,Fashion,Returning
ORD-13129,75.33,Books,VIP
ORD-13130,90.11,Fashion,Returning
ORD-13131,40.37,Electronics,Returning
ORD-13132,62.25,Fashion,VIP
ORD-13133,41.51,Fashion,Returning
ORD-13134,44.0,Home & Kitchen,VIP
ORD-13135,30.72,Home & Kitchen,New
ORD-13136,128.96,Electronics,New
ORD-13137,114.37,Fashion,Returning
ORD-13138,83.3,Electronics,Returning
ORD-13139,197.02,Home & Kitchen,New
ORD-13140,53.86,Books,Returning
ORD-13141,372.06,Books,Returning
ORD-13142,52.64,Electronics,VIP
ORD-13143,70.32,Home & Kitchen,New
ORD-13144,47.53,Fitness,New
ORD-13145,75.44,Fitness,Returning
ORD-13146,99.62,Fashion,Returning
ORD-13147,56.35,Fashion,Returning
ORD-13148,175.22,Electronics,New
ORD-13149,69.65,Electronics,New
ORD-13150,70.97,Home & Kitchen,VIP
ORD-13151,34.97,Fashion,New
ORD-13152,77.56,Electronics,Returning
ORD-13153,55.68,Fitness,New
ORD-13154,41.89,Fashion,New
ORD-13155,37.87,Books,Returning
ORD-13156,299.78,Fitness,New
ORD-13157,51.52,Fitness,New
ORD-13158,25.17,Fitness,Returning
ORD-13159,39.69,Electronics,New
ORD-13160,58.5,Electronics,New
ORD-13161,83.76,Books,Returning
ORD-13162,84.17,Electronics,New
ORD-13163,90.56,Fashion,Returning
ORD-13164,40.98,Home & Kitchen,New
ORD-13165,74.01,Electronics,New
ORD-13166,35.67,Electronics,New
ORD-13167,41.6,Fashion,VIP
ORD-13168,34.79,Fashion,New
ORD-13169,29.58,Home & Kitchen,VIP
ORD-13170,114.27,Electronics,New
ORD-13171,91.21,Fashion,New
ORD-13172,108.42,Electronics,Returning
ORD-13173,61.78,Home & Kitchen,New
ORD-13174,96.17,Electronics,Returning
ORD-13175,20.97,Electronics,VIP
ORD-13176,101.28,Fitness,Returning
ORD-13177,67.11,Electronics,Returning
ORD-13178,87.91,Home & Kitchen,Returning
ORD-13179,75.79,Fashion,New
ORD-13180,33.37,Electronics,Returning
ORD-13181,24.56,Fashion,New
ORD-13182,39.36,Fitness,New
ORD-13183,84.69,Fashion,Returning
ORD-13184,91.29,Electronics,New
ORD-13185,26.56,Fashion,Returning
ORD-13186,33.49,Fashion,New
ORD-13187,39.1,Fitness,New
ORD-13188,48.7,Books,Returning
ORD-13189,26.65,Fashion,Returning
ORD-13190,25.71,Fashion,VIP
ORD-13191,36.85,Fashion,New
ORD-13192,63.55,Books,New
ORD-13193,29.71,Fashion,New
ORD-13194,56.29,Electronics,New
ORD-13195,113.88,Books,New
ORD-13196,27.63,Books,Returning
ORD-13197,53.31,Fashion,New
ORD-13198,111.59,Fashion,VIP
ORD-13199,46.95,Home & Kitchen,Returning
ORD-13200,42.77,Fitness,Returning
ORD-13201,121.28,Fashion,New
ORD-13202,50.21,Fashion,New
ORD-13203,117.06,Fashion,New
ORD-13204,78.05,Fashion,Returning
ORD-13205,49.12,Electronics,Returning
ORD-13206,80.46,Fitness,New
ORD-13207,73.13,Electronics,New
ORD-13208,111.33,Fashion,VIP
ORD-13209,43.42,Fitness,New
ORD-13210,61.85,Fashion,New
ORD-13211,58.15,Fashion,New
ORD-13212,92.06,Books,New
ORD-13213,32.62,Electronics,New
ORD-13214,111.07,Fitness,Returning
ORD-13215,79.82,Electronics,Returning
ORD-13216,27.38,Fashion,Returning
ORD-13217,124.58,Home & Kitchen,New
ORD-13218,230.55,Fashion,New
ORD-13219,110.07,Fashion,Returning
ORD-13220,142.05,Electronics,New
ORD-13221,63.51,Home & Kitchen,New
ORD-13222,22.27,Electronics,Returning
ORD-13223,19.96,Fitness,Returning
ORD-13224,70.32,Home & Kitchen,New
ORD-13225,42.3,Fashion,VIP
ORD-13226,34.86,Electronics,New
ORD-13227,58.11,Fashion,VIP
ORD-13228,87.3,Home & Kitchen,New
ORD-13229,25.24,Fashion,Returning
ORD-13230,46.09,Home & Kitchen,New
ORD-13231,149.29,Electronics,Returning
ORD-13232,31.65,Electronics,Returning
ORD-13233,101.68,Home & Kitchen,VIP
ORD-13234,45.11,Electronics,Returning
ORD-13235,83.72,Electronics,Returning
ORD-13236,116.56,Home & Kitchen,New
ORD-13237,94.14,Home & Kitchen,New
ORD-13238,104.11,Electronics,VIP
ORD-13239,30.24,Electronics,VIP
ORD-13240,117.71,Fashion,New
ORD-13241,36.18,Home & Kitchen,New
ORD-13242,70.51,Fashion,New
ORD-13243,70.45,Home & Kitchen,New
ORD-13244,80.73,Fitness,New
ORD-13245,73.86,Books,Returning
ORD-13246,36.37,Fashion,New
ORD-13247,26.84,Electronics,VIP
ORD-13248,101.84,Fashion,VIP
ORD-13249,67.46,Electronics,New
ORD-13250,120.26,Fashion,Returning
ORD-13251,58.74,Fitness,Returning
ORD-13252,25.97,Fashion,New
ORD-13253,107.74,Electronics,Returning
ORD-13254,48.32,Fashion,Returning
ORD-13255,74.08,Books,New
ORD-13256,40.92,Electronics,VIP
ORD-13257,161.84,Fitness,New
ORD-13258,35.66,Fitness,New
ORD-13259,49.28,Fashion,VIP
ORD-13260,64.36,Home & Kitchen,New
ORD-13261,31.33,Fashion,New
ORD-13262,73.58,Fashion,New
ORD-13263,158.72,Fashion,New
ORD-13264,44.96,Electronics,New
ORD-13265,76.48,Home & Kitchen,Returning
ORD-13266,11.59,Fitness,New
ORD-13267,58.95,Fashion,Returning
ORD-13268,50.01,Home & Kitchen,New
ORD-13269,36.93,Electronics,New
ORD-13270,115.45,Electronics,VIP
ORD-13271,49.61,Home & Kitchen,Returning
ORD-13272,54.25,Electronics,Returning
ORD-13273,48.12,Fitness,New
ORD-13274,19.1,Fashion,Returning
ORD-13275,30.59,Fitness,Returning
ORD-13276,107.41,Fashion,VIP
ORD-13277,17.01,Fashion,Returning
ORD-13278,38.1,Fitness,Returning
ORD-13279,47.47,Fashion,New
ORD-13280,171.77,Electronics,New
ORD-13281,95.69,Fitness,New
ORD-13282,43.19,Fashion,New
ORD-13283,131.99,Electronics,New
ORD-13284,38.69,Fashion,New
ORD-13285,110.55,Home & Kitchen,Returning
ORD-13286,26.7,Home & Kitchen,Returning
ORD-13287,114.89,Fitness,Returning
ORD-13288,47.29,Fashion,New
ORD-13289,32.55,Electronics,Returning
ORD-13290,52.97,Fashion,VIP
ORD-13291,71.27,Electronics,New
ORD-13292,44.84,Home & Kitchen,VIP
ORD-13293,84.13,Electronics,New
ORD-13294,42.53,Home & Kitchen,Returning
ORD-13295,87.55,Home & Kitchen,Returning
ORD-13296,78.68,Fitness,Returning
ORD-13297,58.17,Electronics,VIP
ORD-13298,46.3,Electronics,New
ORD-13299,66.08,Books,Returning
ORD-13300,83.94,Home & Kitchen,VIP
ORD-13301,207.9,Fashion,Returning
ORD-13302,106.02,Home & Kitchen,New
ORD-13303,108.37,Books,New
ORD-13304,384.95,Fashion,VIP
ORD-13305,82.23,Books,Returning
ORD-13306,80.7,Electronics,VIP
ORD-13307,92.06,Books,New
ORD-13308,32.94,Electronics,Returning
ORD-13309,46.23,Fashion,Returning
ORD-13310,44.54,Electronics,VIP
ORD-13311,88.99,Fitness,Returning
ORD-13312,54.35,Books,New
ORD-13313,65.56,Fashion,Returning
ORD-13314,115.87,Fashion,Returning
ORD-13315,101.28,Fashion,New
ORD-13316,54.76,Electronics,New
ORD-13317,40.37,Fitness,VIP
ORD-13318,119.24,Electronics,New
ORD-13319,96.0,Books,New
ORD-13320,23.02,Books,Returning
ORD-13321,50.0,Electronics,VIP
ORD-13322,66.64,Fashion,Returning
ORD-13323,96.28,Books,New
ORD-13324,104.17,Fitness,New
ORD-13325,71.55,Home & Kitchen,New
ORD-13326,85.73,Electronics,New
ORD-13327,62.71,Electronics,Returning
ORD-13328,40.27,Fitness,New
ORD-13329,51.59,Fashion,New
ORD-13330,61.03,Home & Kitchen,VIP
ORD-13331,59.1,Home & Kitchen,New
ORD-13332,19.47,Fashion,New
ORD-13333,47.54,Electronics,Returning
ORD-13334,62.41,Fashion,New
ORD-13335,50.97,Fitness,New
ORD-13336,52.03,Fashion,VIP
ORD-13337,80.87,Electronics,Returning
ORD-13338,31.58,Books,Returning
ORD-13339,22.72,Home & Kitchen,Returning
ORD-13340,48.96,Fashion,New
ORD-13341,95.44,Fitness,Returning
ORD-13342,166.09,Fashion,Returning
ORD-13343,96.47,Books,New
ORD-13344,25.0,Fitness,New
ORD-13345,52.49,Fashion,Returning
ORD-13346,70.39,Fashion,New
ORD-13347,67.12,Fashion,New
ORD-13348,83.39,Home & Kitchen,New
ORD-13349,34.81,Home & Kitchen,Returning
ORD-13350,62.74,Fashion,New
ORD-13351,77.65,Books,Returning
ORD-13352,99.03,Fashion,New
ORD-13353,37.21,Fitness,Returning
ORD-13354,49.05,Home & Kitchen,New
ORD-13355,11.91,Fashion,New
ORD-13356,41.56,Electronics,Returning
ORD-13357,44.05,Home & Kitchen,Returning
ORD-13358,32.73,Home & Kitchen,New
ORD-13359,66.64,Electronics,Returning
ORD-13360,58.35,Fitness,Returning
ORD-13361,15.56,Fashion,New
ORD-13362,68.67,Fashion,Returning
ORD-13363,34.57,Fitness,New
ORD-13364,80.75,Fashion,Returning
ORD-13365,27.96,Home & Kitchen,New
ORD-13366,61.44,Home & Kitchen,VIP
ORD-13367,50.91,Electronics,Returning
ORD-13368,72.38,Fashion,Returning
ORD-13369,65.03,Electronics,New
ORD-13370,51.77,Electronics,Returning
ORD-13371,24.0,Home & Kitchen,New
ORD-13372,24.87,Electronics,New
ORD-13373,42.51,Books,New
ORD-13374,60.04,Fashion,Returning
ORD-13375,41.89,Fashion,Returning
ORD-13376,87.81,Books,VIP
ORD-13377,51.03,Fashion,New
ORD-13378,33.82,Home & Kitchen,VIP
ORD-13379,51.07,Home & Kitchen,Returning
ORD-13380,69.1,Fitness,VIP
ORD-13381,73.33,Electronics,Returning
ORD-13382,186.24,Electronics,New
ORD-13383,40.39,Books,VIP
ORD-13384,57.74,Electronics,Returning
ORD-13385,77.92,Home & Kitchen,Returning
ORD-13386,59.5,Home & Kitchen,New
ORD-13387,44.68,Home & Kitchen,New
ORD-13388,23.82,Fitness,New
ORD-13389,44.41,Books,Returning
ORD-13390,31.68,Electronics,New
ORD-13391,21.41,Home & Kitchen,VIP
ORD-13392,37.43,Home & Kitchen,New
ORD-13393,32.19,Fashion,New
ORD-13394,85.65,Fitness,New
ORD-13395,86.54,Fashion,New
ORD-13396,35.08,Electronics,New
ORD-13397,51.62,Fitness,Returning
ORD-13398,19.79,Books,VIP
ORD-13399,44.85,Electronics,New
ORD-13400,76.66,Fitness,New
ORD-13401,98.98,Electronics,Returning
ORD-13402,39.34,Electronics,New
ORD-13403,113.42,Fashion,Returning
ORD-13404,24.3,Fitness,Returning
ORD-13405,28.54,Electronics,VIP
ORD-13406,92.37,Electronics,New
ORD-13407,164.46,Home & Kitchen,VIP
ORD-13408,81.13,Fashion,VIP
ORD-13409,58.9,Electronics,New
ORD-13410,16.17,Electronics,Returning
ORD-13411,17.93,Fitness,New
ORD-13412,65.21,Home & Kitchen,New
ORD-13413,48.67,Fitness,VIP
ORD-13414,31.08,Electronics,New
ORD-13415,62.76,Fashion,New
ORD-13416,64.66,Fitness,New
ORD-13417,106.34,Fashion,Returning
ORD-13418,65.49,Electronics,VIP
ORD-13419,126.1,Fashion,Returning
ORD-13420,60.63,Fashion,Returning
ORD-13421,56.31,Electronics,New
ORD-13422,114.27,Books,Returning
ORD-13423,33.55,Fashion,New
ORD-13424,326.58,Home & Kitchen,Returning
ORD-13425,75.58,Electronics,Returning
ORD-13426,75.83,Home & Kitchen,VIP
ORD-13427,82.69,Home & Kitchen,Returning
ORD-13428,186.1,Books,Returning
ORD-13429,97.08,Fashion,New
ORD-13430,23.03,Fitness,New
ORD-13431,140.06,Fashion,Returning
ORD-13432,49.18,Home & Kitchen,Returning
ORD-13433,64.35,Books,Returning
ORD-13434,28.01,Home & Kitchen,Returning
ORD-13435,82.74,Home & Kitchen,New
ORD-13436,40.82,Fitness,New
ORD-13437,64.08,Books,New
ORD-13438,50.88,Electronics,Returning
ORD-13439,191.52,Electronics,VIP
ORD-13440,198.22,Home & Kitchen,Returning
ORD-13441,62.05,Books,Returning
ORD-13442,62.7,Fashion,Returning
ORD-13443,48.23,Fashion,New
ORD-13444,117.17,Fashion,New
ORD-13445,49.53,Electronics,New
ORD-13446,46.86,Electronics,VIP
ORD-13447,108.54,Electronics,New
ORD-13448,43.69,Electronics,Returning
ORD-13449,58.99,Home & Kitchen,New
ORD-13450,23.36,Fashion,Returning
ORD-13451,92.07,Electronics,New
ORD-13452,193.35,Fashion,VIP
ORD-13453,93.01,Fashion,New
ORD-13454,145.05,Fashion,VIP
ORD-13455,36.32,Fashion,Returning
ORD-13456,69.53,Electronics,New
ORD-13457,34.26,Home & Kitchen,Returning
ORD-13458,52.63,Electronics,Returning
ORD-13459,95.9,Electronics,New
ORD-13460,64.14,Electronics,Returning
ORD-13461,25.85,Fashion,Returning
ORD-13462,27.41,Electronics,Returning
ORD-13463,26.35,Fashion,Returning
ORD-13464,81.03,Electronics,Returning
ORD-13465,208.17,Electronics,New
ORD-13466,136.66,Fitness,New
ORD-13467,19.34,Fashion,New
ORD-13468,141.55,Electronics,Returning
ORD-13469,105.83,Fashion,New
ORD-13470,23.87,Electronics,New
ORD-13471,50.3,Fitness,Returning
ORD-13472,116.43,Electronics,New
ORD-13473,83.95,Fashion,New
ORD-13474,27.51,Books,Returning
ORD-13475,87.05,Electronics,Returning
ORD-13476,16.73,Electronics,Returning
ORD-13477,52.79,Home & Kitchen,New
ORD-13478,119.44,Books,Returning
ORD-13479,61.01,Fashion,VIP
ORD-13480,44.73,Home & Kitchen,New
ORD-13481,102.88,Electronics,New
ORD-13482,108.29,Home & Kitchen,New
ORD-13483,132.43,Fashion,VIP
ORD-13484,101.96,Home & Kitchen,New
ORD-13485,115.45,Electronics,Returning
ORD-13486,93.67,Fashion,Returning
ORD-13487,70.76,Electronics,VIP
ORD-13488,63.67,Home & Kitchen,New
ORD-13489,52.33,Home & Kitchen,Returning
ORD-13490,29.15,Fitness,VIP
ORD-13491,34.02,Books,New
ORD-13492,50.95,Fashion,Returning
ORD-13493,69.75,Home & Kitchen,New
ORD-13494,143.24,Electronics,New
ORD-13495,58.85,Books,New
ORD-13496,110.18,Home & Kitchen,New
ORD-13497,115.31,Fashion,New
ORD-13498,52.52,Fashion,Returning
ORD-13499,86.21,Fitness,Returning
ORD-13500,52.14,Fitness,New
ORD-13501,133.39,Fitness,Returning
ORD-13502,88.37,Fashion,VIP
ORD-13503,29.54,Fashion,New
ORD-13504,66.48,Books,New
ORD-13505,162.21,Home & Kitchen,New
ORD-13506,54.12,Fashion,VIP
ORD-13507,78.94,Home & Kitchen,Returning
ORD-13508,83.72,Home & Kitchen,Returning
ORD-13509,32.4,Home & Kitchen,New
ORD-13510,81.98,Home & Kitchen,Returning
ORD-13511,26.15,Fitness,Returning
ORD-13512,41.46,Fitness,New
ORD-13513,115.06,Fashion,New
ORD-13514,74.74,Electronics,New
ORD-13515,50.27,Home & Kitchen,Returning
ORD-13516,78.88,Home & Kitchen,VIP
ORD-13517,58.2,Fashion,New
ORD-13518,60.8,Fitness,VIP
ORD-13519,89.49,Electronics,Returning
ORD-13520,39.0,Fashion,Returning
ORD-13521,61.82,Fitness,VIP
ORD-13522,50.03,Books,Returning
ORD-13523,23.3,Fashion,New
ORD-13524,34.73,Electronics,New
ORD-13525,154.61,Fashion,Returning
ORD-13526,76.01,Fashion,Returning
ORD-13527,27.27,Fashion,New
ORD-13528,23.95,Fashion,Returning
ORD-13529,56.41,Fashion,New
ORD-13530,153.96,Home & Kitchen,New
ORD-13531,53.94,Home & Kitchen,Returning
ORD-13532,132.18,Home & Kitchen,New
ORD-13533,74.53,Fashion,New
ORD-13534,80.06,Fashion,New
ORD-13535,27.07,Fashion,VIP
ORD-13536,105.9,Books,New
ORD-13537,49.36,Fashion,New
ORD-13538,101.28,Home & Kitchen,New
ORD-13539,37.02,Fashion,New
ORD-13540,67.1,Fitness,New
ORD-13541,74.53,Fashion,New
ORD-13542,55.01,Fashion,New
ORD-13543,76.92,Fitness,Returning
ORD-13544,51.43,Electronics,New
ORD-13545,40.88,Home & Kitchen,New
ORD-13546,158.11,Fashion,Returning
ORD-13547,113.22,Books,New
ORD-13548,38.22,Home & Kitchen,New
ORD-13549,84.87,Electronics,VIP
ORD-13550,38.64,Fitness,Returning
ORD-13551,29.64,Home & Kitchen,Returning
ORD-13552,112.2,Home & Kitchen,Returning
ORD-13553,21.7,Electronics,VIP
ORD-13554,105.23,Electronics,New
ORD-13555,51.85,Home & Kitchen,New
ORD-13556,53.15,Fashion,Returning
ORD-13557,77.16,Fitness,New
ORD-13558,85.52,Fashion,Returning
ORD-13559,36.75,Home & Kitchen,New
ORD-13560,92.82,Electronics,New
ORD-13561,64.59,Home & Kitchen,Returning
ORD-13562,28.4,Electronics,Returning
ORD-13563,54.49,Fashion,Returning
ORD-13564,138.21,Electronics,New
ORD-13565,165.0,Home & Kitchen,New
ORD-13566,92.8,Fashion,Returning
ORD-13567,29.54,Fitness,New
ORD-13568,80.99,Electronics,Returning
ORD-13569,100.54,Home & Kitchen,Returning
ORD-13570,93.26,Home & Kitchen,New
ORD-13571,96.64,Electronics,New
ORD-13572,75.04,Electronics,Returning
ORD-13573,57.77,Fashion,New
ORD-13574,41.89,Home & Kitchen,New
ORD-13575,19.32,Books,VIP
ORD-13576,73.98,Electronics,New
ORD-13577,67.47,Home & Kitchen,Returning
ORD-13578,84.31,Home & Kitchen,New
ORD-13579,27.04,Home & Kitchen,New
ORD-13580,88.86,Fashion,Returning
ORD-13581,207.0,Books,New
ORD-13582,63.25,Fashion,Returning
ORD-13583,58.15,Fitness,New
ORD-13584,72.63,Fashion,Returning
ORD-13585,204.26,Fitness,Returning
ORD-13586,32.65,Books,Returning
ORD-13587,68.16,Books,Returning
ORD-13588,37.35,Fashion,New
ORD-13589,43.46,Fitness,New
ORD-13590,58.57,Electronics,VIP
ORD-13591,135.42,Home & Kitchen,Returning
ORD-13592,177.79,Fashion,Returning
ORD-13593,78.96,Home & Kitchen,New
ORD-13594,48.14,Fashion,New
ORD-13595,269.25,Electronics,New
ORD-13596,46.69,Electronics,New
ORD-13597,42.83,Electronics,New
ORD-13598,20.8,Fashion,New
ORD-13599,139.44,Fitness,New
ORD-13600,107.87,Home & Kitchen,Returning
ORD-13601,257.41,Fitness,Returning
ORD-13602,26.21,Fitness,New
ORD-13603,144.73,Fashion,Returning
ORD-13604,62.93,Fashion,Returning
ORD-13605,97.87,Fashion,New
ORD-13606,22.45,Electronics,Returning
ORD-13607,145.6,Home & Kitchen,Returning
ORD-13608,96.73,Home & Kitchen,Returning
ORD-13609,58.95,Home & Kitchen,VIP
ORD-13610,88.86,Home & Kitchen,New
ORD-13611,38.12,Electronics,Returning
ORD-13612,42.62,Fitness,New
ORD-13613,45.69,Electronics,New
ORD-13614,19.85,Fitness,New
ORD-13615,101.2,Electronics,New
ORD-13616,123.34,Fashion,New
ORD-13617,39.61,Fashion,Returning
ORD-13618,74.36,Fashion,New
ORD-13619,51.45,Fashion,New
ORD-13620,73.48,Electronics,New
ORD-13621,41.41,Home & Kitchen,New
ORD-13622,35.51,Books,Returning
ORD-13623,113.44,Fashion,Returning
ORD-13624,58.07,Fashion,Returning
ORD-13625,203.01,Fitness,VIP
ORD-13626,62.04,Fashion,New
ORD-13627,34.62,Fitness,New
ORD-13628,125.99,Fashion,VIP
ORD-13629,88.1,Fashion,Returning
ORD-13630,93.33,Electronics,VIP
ORD-13631,123.27,Electronics,Returning
ORD-13632,40.79,Home & Kitchen,Returning
ORD-13633,55.9,Fitness,New
ORD-13634,54.44,Electronics,New
ORD-13635,27.81,Books,Returning
ORD-13636,51.51,Fashion,Returning
ORD-13637,134.54,Fashion,Returning
ORD-13638,69.57,Fitness,VIP
ORD-13639,26.91,Fitness,New
ORD-13640,23.72,Fashion,New
ORD-13641,163.84,Fashion,VIP
ORD-13642,57.16,Electronics,Returning
ORD-13643,40.92,Fashion,Returning
ORD-13644,51.19,Fitness,Returning
ORD-13645,24.87,Fashion,VIP
ORD-13646,141.72,Home & Kitchen,New
ORD-13647,47.66,Electronics,New
ORD-13648,137.06,Fashion,New
ORD-13649,62.24,Fashion,New
ORD-13650,142.27,Fashion,Returning
ORD-13651,70.39,Home & Kitchen,Returning
ORD-13652,100.68,Books,Returning
ORD-13653,92.89,Fitness,New
ORD-13654,87.7,Home & Kitchen,Returning
ORD-13655,74.35,Electronics,New
ORD-13656,52.47,Books,Returning
ORD-13657,190.43,Fitness,New
ORD-13658,35.02,Fitness,Returning
ORD-13659,60.5,Fashion,New
ORD-13660,60.88,Electronics,Returning
ORD-13661,76.82,Fitness,Returning
ORD-13662,46.63,Fashion,VIP
ORD-13663,72.88,Fashion,VIP
ORD-13664,54.53,Fashion,New
ORD-13665,23.36,Home & Kitchen,New
ORD-13666,60.69,Fashion,New
ORD-13667,31.18,Home & Kitchen,New
ORD-13668,21.31,Home & Kitchen,New
ORD-13669,65.5,Fashion,VIP
ORD-13670,80.86,Electronics,VIP
ORD-13671,82.77,Books,New
ORD-13672,84.8,Fashion,Returning
ORD-13673,18.92,Fashion,Returning
ORD-13674,26.67,Fashion,New
ORD-13675,197.18,Fashion,VIP
ORD-13676,32.19,Home & Kitchen,VIP
ORD-13677,87.05,Electronics,VIP
ORD-13678,39.96,Fitness,Returning
ORD-13679,63.29,Electronics,New
ORD-13680,41.27,Books,New
ORD-13681,84.51,Home & Kitchen,VIP
ORD-13682,65.5,Electronics,New
ORD-13683,46.11,Home & Kitchen,New
ORD-13684,32.13,Fashion,New
ORD-13685,70.86,Books,Returning
ORD-13686,29.15,Fitness,New
ORD-13687,77.98,Fashion,Returning
ORD-13688,291.75,Fashion,Returning
ORD-13689,135.65,Books,New
ORD-13690,92.85,Home & Kitchen,New
ORD-13691,57.32,Fashion,Returning
ORD-13692,18.85,Fashion,Returning
ORD-13693,27.29,Fashion,VIP
ORD-13694,130.28,Home & Kitchen,Returning
ORD-13695,37.57,Home & Kitchen,New
ORD-13696,39.66,Fitness,Returning
ORD-13697,54.63,Home & Kitchen,Returning
ORD-13698,31.91,Home & Kitchen,Returning
ORD-13699,28.9,Fashion,Returning
ORD-13700,58.54,Fitness,New
ORD-13701,35.34,Fashion,Returning
ORD-13702,38.68,Fitness,Returning
ORD-13703,37.76,Fashion,New
ORD-13704,82.55,Home & Kitchen,Returning
ORD-13705,52.5,Fitness,New
ORD-13706,54.21,Fitness,Returning
ORD-13707,86.33,Fashion,Returning
ORD-13708,55.41,Home & Kitchen,New
ORD-13709,51.06,Electronics,New
ORD-13710,80.02,Electronics,Returning
ORD-13711,90.1,Fitness,New
ORD-13712,55.24,Fitness,New
ORD-13713,63.33,Electronics,Returning
ORD-13714,37.75,Books,New
ORD-13715,36.0,Fashion,Returning
ORD-13716,95.73,Books,New
ORD-13717,78.8,Fitness,New
ORD-13718,79.3,Books,New
ORD-13719,71.42,Fitness,VIP
ORD-13720,62.04,Books,Returning
ORD-13721,91.64,Home & Kitchen,New
ORD-13722,105.75,Electronics,New
ORD-13723,104.24,Fashion,Returning
ORD-13724,56.8,Fitness,Returning
ORD-13725,138.68,Electronics,New
ORD-13726,69.21,Books,New
ORD-13727,88.18,Electronics,Returning
ORD-13728,71.47,Fitness,Returning
ORD-13729,69.98,Fashion,Returning
ORD-13730,38.8,Fitness,Returning
ORD-13731,91.91,Books,Returning
ORD-13732,332.68,Fashion,Returning
ORD-13733,48.19,Home & Kitchen,Returning
ORD-13734,62.97,Electronics,Returning
ORD-13735,46.17,Fitness,New
ORD-13736,45.02,Fitness,VIP
ORD-13737,152.42,Fashion,New
ORD-13738,40.29,Electronics,Returning
ORD-13739,45.4,Fashion,Returning
ORD-13740,23.28,Electronics,VIP
ORD-13741,38.3,Fitness,New
ORD-13742,21.65,Fashion,VIP
ORD-13743,88.15,Books,New
ORD-13744,323.7,Books,New
ORD-13745,48.42,Books,VIP
ORD-13746,22.2,Home & Kitchen,New
ORD-13747,103.54,Fashion,Returning
ORD-13748,39.01,Fitness,Returning
ORD-13749,131.58,Home & Kitchen,VIP
ORD-13750,50.95,Books,Returning
ORD-13751,41.3,Fashion,New
ORD-13752,54.23,Electronics,Returning
ORD-13753,95.08,Books,New
ORD-13754,52.64,Fitness,Returning
ORD-13755,44.79,Electronics,Returning
ORD-13756,53.55,Home & Kitchen,Returning
ORD-13757,28.13,Electronics,Returning
ORD-13758,76.57,Home & Kitchen,Returning
ORD-13759,20.66,Fashion,Returning
ORD-13760,46.23,Fashion,VIP
ORD-13761,95.17,Electronics,New
ORD-13762,72.37,Fashion,New
ORD-13763,85.99,Fashion,Returning
ORD-13764,58.03,Electronics,New
ORD-13765,121.74,Fashion,New
ORD-13766,105.09,Home & Kitchen,Returning
ORD-13767,78.86,Home & Kitchen,Returning
ORD-13768,105.27,Home & Kitchen,New
ORD-13769,94.66,Electronics,New
ORD-13770,46.35,Electronics,New
ORD-13771,26.94,Fitness,New
ORD-13772,77.65,Fitness,New
ORD-13773,83.73,Books,Returning
ORD-13774,116.08,Books,New
ORD-13775,34.41,Home & Kitchen,Returning
ORD-13776,35.03,Fitness,VIP
ORD-13777,79.51,Fashion,New
ORD-13778,57.82,Fitness,VIP
ORD-13779,19.46,Books,New
ORD-13780,75.57,Fitness,Returning
ORD-13781,19.86,Fashion,VIP
ORD-13782,34.22,Fashion,Returning
ORD-13783,135.78,Fashion,New
ORD-13784,180.36,Fashion,New
ORD-13785,29.1,Fitness,New
ORD-13786,49.52,Home & Kitchen,VIP
ORD-13787,61.9,Electronics,New
ORD-13788,175.69,Home & Kitchen,Returning
ORD-13789,44.89,Fashion,New
ORD-13790,45.33,Home & Kitchen,New
ORD-13791,152.82,Fashion,New
ORD-13792,48.19,Fashion,New
ORD-13793,93.07,Home & Kitchen,Returning
ORD-13794,24.87,Home & Kitchen,New
ORD-13795,54.45,Fitness,New
ORD-13796,22.29,Fashion,Returning
ORD-13797,32.03,Home & Kitchen,New
ORD-13798,99.84,Electronics,Returning
ORD-13799,58.56,Fashion,Returning
ORD-13800,49.83,Home & Kitchen,Returning
ORD-13801,38.5,Home & Kitchen,New
ORD-13802,52.86,Books,New
ORD-13803,72.29,Fashion,Returning
ORD-13804,108.83,Fitness,VIP
ORD-13805,12.49,Fashion,New
ORD-13806,36.63,Home & Kitchen,New
ORD-13807,66.38,Fitness,New
ORD-13808,56.87,Home & Kitchen,Returning
ORD-13809,76.86,Fitness,New
ORD-13810,70.85,Fitness,VIP
ORD-13811,50.25,Fashion,New
ORD-13812,43.99,Books,VIP
ORD-13813,52.08,Books,New
ORD-13814,120.21,Fashion,New
ORD-13815,38.89,Electronics,New
ORD-13816,58.11,Fashion,New
ORD-13817,67.36,Fitness,VIP
ORD-13818,153.89,Books,Returning
ORD-13819,50.39,Fitness,New
ORD-13820,107.26,Fashion,VIP
ORD-13821,126.37,Electronics,New
ORD-13822,58.08,Fashion,New
ORD-13823,53.17,Fashion,New
ORD-13824,49.53,Electronics,Returning
ORD-13825,51.75,Electronics,VIP
ORD-13826,100.74,Electronics,New
ORD-13827,69.31,Electronics,Returning
ORD-13828,69.49,Fitness,New
ORD-13829,30.72,Fashion,New
ORD-13830,33.77,Fashion,Returning
ORD-13831,218.34,Home & Kitchen,Returning
ORD-13832,54.23,Books,Returning
ORD-13833,37.91,Fitness,New
ORD-13834,142.4,Home & Kitchen,New
ORD-13835,71.46,Home & Kitchen,Returning
ORD-13836,85.36,Home & Kitchen,Returning
ORD-13837,55.54,Home & Kitchen,New
ORD-13838,49.84,Fashion,New
ORD-13839,54.5,Home & Kitchen,Returning
ORD-13840,26.32,Fashion,New
ORD-13841,57.24,Fashion,Returning
ORD-13842,72.07,Fashion,Returning
ORD-13843,183.14,Fashion,New
ORD-13844,63.54,Fashion,Returning
ORD-13845,14.87,Home & Kitchen,Returning
ORD-13846,57.03,Fashion,Returning
ORD-13847,312.22,Electronics,VIP
ORD-13848,101.48,Fashion,Returning
ORD-13849,37.09,Fashion,New
ORD-13850,86.03,Home & Kitchen,New
ORD-13851,38.66,Fashion,Returning
ORD-13852,26.78,Electronics,New
ORD-13853,48.96,Electronics,Returning
ORD-13854,63.75,Fashion,New
ORD-13855,19.62,Electronics,New
ORD-13856,30.28,Fashion,New
ORD-13857,60.72,Home & Kitchen,VIP
ORD-13858,47.23,Books,Returning
ORD-13859,76.47,Home & Kitchen,Returning
ORD-13860,29.11,Electronics,New
ORD-13861,92.62,Fashion,VIP
ORD-13862,29.66,Fitness,VIP
ORD-13863,161.68,Fashion,New
ORD-13864,21.55,Books,Returning
ORD-13865,31.33,Fashion,VIP
ORD-13866,77.51,Electronics,New
ORD-13867,163.78,Electronics,New
ORD-13868,72.9,Books,Returning
ORD-13869,84.58,Books,New
ORD-13870,60.98,Fitness,Returning
ORD-13871,32.6,Fashion,Returning
ORD-13872,44.97,Fitness,New
ORD-13873,29.16,Electronics,New
ORD-13874,28.02,Fashion,Returning
ORD-13875,76.79,Home & Kitchen,New
ORD-13876,30.76,Books,New
ORD-13877,73.09,Fashion,New
ORD-13878,27.63,Fashion,Returning
ORD-13879,72.08,Electronics,New
ORD-13880,45.01,Fashion,New
ORD-13881,140.33,Electronics,Returning
ORD-13882,73.28,Fitness,New
ORD-13883,126.66,Electronics,Returning
ORD-13884,38.34,Home & Kitchen,New
ORD-13885,62.41,Fashion,Returning
ORD-13886,33.49,Fashion,New
ORD-13887,47.08,Fashion,New
ORD-13888,51.56,Fashion,New
ORD-13889,39.04,Fashion,VIP
ORD-13890,29.1,Home & Kitchen,Returning
ORD-13891,25.84,Books,New
ORD-13892,14.82,Fashion,New
ORD-13893,32.01,Home & Kitchen,New
ORD-13894,87.93,Books,New
ORD-13895,23.12,Fashion,New
ORD-13896,26.55,Fitness,VIP
ORD-13897,176.72,Books,New
ORD-13898,41.19,Fitness,VIP
ORD-13899,73.16,Home & Kitchen,New
ORD-13900,88.71,Home & Kitchen,Returning
ORD-13901,89.79,Fashion,New
ORD-13902,24.21,Home & Kitchen,New
ORD-13903,52.53,Books,Returning
ORD-13904,22.85,Fashion,New
ORD-13905,261.85,Fitness,VIP
ORD-13906,23.18,Fashion,Returning
ORD-13907,32.18,Electronics,VIP
ORD-13908,32.32,Home & Kitchen,Returning
ORD-13909,24.58,Fitness,New
ORD-13910,135.85,Home & Kitchen,New
ORD-13911,258.13,Fitness,Returning
ORD-13912,45.36,Fashion,New
ORD-13913,27.32,Books,Returning
ORD-13914,15.77,Home & Kitchen,New
ORD-13915,52.12,Fitness,Returning
ORD-13916,49.91,Fashion,New
ORD-13917,40.82,Fashion,New
ORD-13918,68.91,Books,VIP
ORD-13919,76.49,Electronics,Returning
ORD-13920,73.25,Fashion,New
ORD-13921,49.92,Fitness,New
ORD-13922,31.16,Home & Kitchen,Returning
ORD-13923,89.97,Fitness,New
ORD-13924,60.8,Home & Kitchen,Returning
ORD-13925,102.82,Books,Returning
ORD-13926,96.94,Fashion,New
ORD-13927,25.71,Home & Kitchen,New
ORD-13928,25.52,Fitness,New
ORD-13929,38.35,Home & Kitchen,New
ORD-13930,32.02,Electronics,Returning
ORD-13931,94.93,Fashion,New
ORD-13932,74.5,Home & Kitchen,VIP
ORD-13933,116.69,Fitness,Returning
ORD-13934,76.55,Fashion,New
ORD-13935,68.39,Fitness,Returning
ORD-13936,123.94,Fitness,New
ORD-13937,79.98,Fashion,New
ORD-13938,62.86,Home & Kitchen,Returning
ORD-13939,146.68,Home & Kitchen,New
ORD-13940,64.66,Electronics,New
ORD-13941,50.27,Fashion,New
ORD-13942,36.5,Fashion,New
ORD-13943,92.0,Fitness,Returning
ORD-13944,126.75,Fashion,VIP
ORD-13945,58.54,Electronics,Returning
ORD-13946,132.26,Fashion,VIP
ORD-13947,18.5,Fitness,Returning
ORD-13948,58.37,Home & Kitchen,New
ORD-13949,58.91,Fashion,VIP
ORD-13950,39.01,Books,New
ORD-13951,252.22,Electronics,New
ORD-13952,57.99,Fashion,VIP
ORD-13953,47.25,Fashion,Returning
ORD-13954,61.29,Home & Kitchen,VIP
ORD-13955,18.14,Fitness,New
ORD-13956,38.25,Electronics,Returning
ORD-13957,108.85,Fitness,New
ORD-13958,41.37,Home & Kitchen,New
ORD-13959,36.7,Fitness,VIP
ORD-13960,132.39,Books,New
ORD-13961,134.85,Fitness,Returning
ORD-13962,82.29,Electronics,VIP
ORD-13963,45.92,Fashion,VIP
ORD-13964,52.26,Books,New
ORD-13965,37.24,Home & Kitchen,New
ORD-13966,33.22,Fashion,VIP
ORD-13967,32.24,Books,Returning
ORD-13968,41.64,Fitness,Returning
ORD-13969,32.43,Home & Kitchen,New
ORD-13970,23.61,Fitness,New
ORD-13971,68.83,Electronics,VIP
ORD-13972,69.46,Fitness,Returning
ORD-13973,167.41,Books,Returning
ORD-13974,40.41,Electronics,New
ORD-13975,72.07,Electronics,New
ORD-13976,72.79,Fitness,Returning
ORD-13977,51.82,Fashion,VIP
ORD-13978,94.31,Electronics,New
ORD-13979,96.08,Fashion,New
ORD-13980,73.44,Fashion,Returning
ORD-13981,51.76,Fashion,New
ORD-13982,48.69,Fitness,New
ORD-13983,26.56,Home & Kitchen,Returning
ORD-13984,37.21,Home & Kitchen,New
ORD-13985,41.55,Electronics,Returning
ORD-13986,30.74,Fashion,New
ORD-13987,78.57,Fashion,Returning
ORD-13988,123.71,Fitness,Returning
ORD-13989,34.99,Books,Returning
ORD-13990,71.53,Fashion,Returning
ORD-13991,32.44,Books,Returning
ORD-13992,50.25,Electronics,New
ORD-13993,39.88,Fashion,New
ORD-13994,86.59,Fitness,New
ORD-13995,40.15,Fashion,Returning
ORD-13996,110.72,Books,New
ORD-13997,52.07,Electronics,New
ORD-13998,40.86,Fitness,Returning
ORD-13999,28.45,Electronics,Returning
ORD-14000,70.24,Electronics,New
ORD-14001,103.25,Fashion,New
ORD-14002,71.09,Books,Returning
ORD-14003,231.2,Home & Kitchen,VIP
ORD-14004,142.29,Home & Kitchen,Returning
ORD-14005,50.17,Electronics,New
ORD-14006,49.86,Electronics,Returning
ORD-14007,79.98,Electronics,New
ORD-14008,36.5,Fitness,New
ORD-14009,121.48,Electronics,New
ORD-14010,74.96,Fashion,New
ORD-14011,70.38,Home & Kitchen,Returning
ORD-14012,91.12,Home & Kitchen,Returning
ORD-14013,169.64,Fashion,Returning
ORD-14014,66.86,Electronics,Returning
ORD-14015,56.38,Fashion,New
ORD-14016,149.19,Home & Kitchen,Returning
ORD-14017,107.83,Electronics,Returning
ORD-14018,49.77,Home & Kitchen,Returning
ORD-14019,60.53,Electronics,New
ORD-14020,67.85,Books,Returning
ORD-14021,74.97,Books,Returning
ORD-14022,26.74,Electronics,New
ORD-14023,23.92,Fashion,VIP
ORD-14024,35.43,Fashion,New
ORD-14025,33.82,Fitness,New
ORD-14026,41.01,Fashion,Returning
ORD-14027,88.31,Home & Kitchen,Returning
ORD-14028,54.52,Electronics,Returning
ORD-14029,67.89,Electronics,Returning
ORD-14030,28.95,Home & Kitchen,VIP
ORD-14031,45.74,Home & Kitchen,New
ORD-14032,85.83,Fitness,New
ORD-14033,86.23,Fitness,Returning
ORD-14034,39.07,Home & Kitchen,New
ORD-14035,66.49,Fashion,Returning
ORD-14036,225.72,Books,VIP
ORD-14037,59.71,Fitness,New
ORD-14038,39.81,Fitness,New
ORD-14039,54.37,Books,New
ORD-14040,63.77,Fashion,Returning
ORD-14041,55.11,Home & Kitchen,Returning
ORD-14042,59.22,Home & Kitchen,VIP
ORD-14043,25.38,Electronics,Returning
ORD-14044,33.87,Home & Kitchen,VIP
ORD-14045,55.17,Fashion,New
ORD-14046,54.64,Fashion,New
ORD-14047,42.96,Electronics,New
ORD-14048,54.26,Home & Kitchen,Returning
ORD-14049,62.59,Home & Kitchen,New
ORD-14050,102.89,Fashion,New
ORD-14051,56.85,Electronics,New
ORD-14052,76.67,Home & Kitchen,New
ORD-14053,43.6,Electronics,Returning
ORD-14054,85.05,Fashion,VIP
ORD-14055,75.6,Fashion,New
ORD-14056,101.44,Fitness,Returning
ORD-14057,92.58,Fashion,New
ORD-14058,85.9,Home & Kitchen,New
ORD-14059,56.88,Fitness,New
ORD-14060,69.89,Fashion,Returning
ORD-14061,114.22,Fitness,Returning
ORD-14062,40.8,Electronics,Returning
ORD-14063,41.39,Fashion,Returning
ORD-14064,67.28,Electronics,New
ORD-14065,77.41,Home & Kitchen,Returning
ORD-14066,36.8,Books,Returning
ORD-14067,57.69,Home & Kitchen,New
ORD-14068,57.03,Home & Kitchen,New
ORD-14069,15.97,Fashion,New
ORD-14070,52.89,Books,New
ORD-14071,54.91,Fashion,New
ORD-14072,54.81,Fashion,New
ORD-14073,141.11,Books,VIP
ORD-14074,29.09,Fashion,VIP
ORD-14075,36.79,Fashion,Returning
ORD-14076,12.59,Electronics,Returning
ORD-14077,45.22,Electronics,VIP
ORD-14078,47.59,Fitness,New
ORD-14079,44.43,Fashion,Returning
ORD-14080,117.28,Books,Returning
ORD-14081,101.13,Electronics,VIP
ORD-14082,63.23,Home & Kitchen,Returning
ORD-14083,48.31,Home & Kitchen,New
ORD-14084,111.69,Home & Kitchen,Returning
ORD-14085,59.63,Fashion,New
ORD-14086,36.93,Home & Kitchen,New
ORD-14087,21.55,Home & Kitchen,Returning
ORD-14088,46.3,Fitness,Returning
ORD-14089,94.9,Fashion,New
ORD-14090,236.49,Fashion,New
ORD-14091,62.61,Home & Kitchen,Returning
ORD-14092,38.12,Fashion,New
ORD-14093,29.64,Electronics,Returning
ORD-14094,84.03,Books,Returning
ORD-14095,20.93,Electronics,Returning
ORD-14096,83.95,Electronics,New
ORD-14097,98.56,Home & Kitchen,VIP
ORD-14098,78.4,Electronics,VIP
ORD-14099,52.89,Electronics,New
ORD-14100,84.69,Electronics,Returning
ORD-14101,66.86,Electronics,Returning
ORD-14102,37.83,Fashion,New
ORD-14103,183.14,Fitness,Returning
ORD-14104,48.86,Fashion,VIP
ORD-14105,96.11,Fashion,Returning
ORD-14106,14.14,Home & Kitchen,VIP
ORD-14107,129.79,Fashion,New
ORD-14108,145.66,Fashion,VIP
ORD-14109,61.43,Fashion,VIP
ORD-14110,84.37,Fashion,New
ORD-14111,84.36,Fashion,New
ORD-14112,41.03,Electronics,Returning
ORD-14113,83.79,Fitness,VIP
ORD-14114,37.14,Books,New
ORD-14115,41.88,Fitness,New
ORD-14116,118.65,Electronics,Returning
ORD-14117,108.29,Fitness,New
ORD-14118,39.5,Home & Kitchen,Returning
ORD-14119,38.86,Electronics,Returning
ORD-14120,40.96,Books,VIP
ORD-14121,93.65,Fitness,New
ORD-14122,33.12,Electronics,VIP
ORD-14123,74.74,Books,Returning
ORD-14124,94.45,Electronics,VIP
ORD-14125,57.23,Fashion,New
ORD-14126,110.61,Electronics,Returning
ORD-14127,50.27,Electronics,Returning
ORD-14128,53.07,Books,Returning
ORD-14129,33.57,Home & Kitchen,New
ORD-14130,111.09,Fashion,Returning
ORD-14131,38.1,Fitness,New
ORD-14132,74.43,Fitness,New
ORD-14133,57.81,Books,Returning
ORD-14134,32.08,Books,VIP
ORD-14135,41.87,Books,Returning
ORD-14136,138.34,Home & Kitchen,New
ORD-14137,68.1,Fashion,New
ORD-14138,32.93,Books,New
ORD-14139,72.47,Electronics,New
ORD-14140,55.28,Electronics,Returning
ORD-14141,479.35,Fashion,New
ORD-14142,71.6,Fashion,New
ORD-14143,48.02,Home & Kitchen,Returning
ORD-14144,141.46,Books,New
ORD-14145,19.99,Fashion,New
ORD-14146,63.85,Home & Kitchen,Returning
ORD-14147,199.67,Fashion,New
ORD-14148,56.28,Home & Kitchen,Returning
ORD-14149,21.33,Electronics,Returning
ORD-14150,47.58,Electronics,Returning
ORD-14151,144.42,Home & Kitchen,New
ORD-14152,75.61,Fashion,New
ORD-14153,36.48,Fashion,Returning
ORD-14154,40.0,Fashion,New
ORD-14155,43.13,Electronics,New
ORD-14156,74.94,Home & Kitchen,New
ORD-14157,134.68,Fashion,New
ORD-14158,113.46,Fashion,New
ORD-14159,79.33,Fitness,VIP
ORD-14160,27.14,Home & Kitchen,Returning
ORD-14161,27.2,Electronics,Returning
ORD-14162,83.09,Home & Kitchen,New
ORD-14163,26.92,Electronics,New
ORD-14164,52.7,Electronics,Returning
ORD-14165,72.42,Home & Kitchen,Returning
ORD-14166,30.49,Electronics,VIP
ORD-14167,32.64,Fashion,New
ORD-14168,57.03,Fitness,New
ORD-14169,81.63,Home & Kitchen,Returning
ORD-14170,114.08,Books,New
ORD-14171,86.85,Fitness,New
ORD-14172,63.07,Fashion,New
ORD-14173,38.56,Home & Kitchen,New
ORD-14174,31.74,Fashion,Returning
ORD-14175,44.41,Home & Kitchen,VIP
ORD-14176,77.17,Fashion,Returning
ORD-14177,73.85,Electronics,New
ORD-14178,17.12,Electronics,Returning
ORD-14179,37.66,Fitness,Returning
ORD-14180,124.3,Electronics,Returning
ORD-14181,63.28,Home & Kitchen,Returning
ORD-14182,25.79,Fitness,VIP
ORD-14183,248.02,Home & Kitchen,New
ORD-14184,59.3,Fashion,Returning
ORD-14185,75.99,Electronics,Returning
ORD-14186,76.69,Books,VIP
ORD-14187,48.4,Home & Kitchen,VIP
ORD-14188,39.0,Fashion,New
ORD-14189,215.51,Books,Returning
ORD-14190,110.16,Electronics,New
ORD-14191,98.81,Fashion,Returning
ORD-14192,85.27,Electronics,New
ORD-14193,33.05,Electronics,New
ORD-14194,129.87,Fashion,VIP
ORD-14195,36.38,Home & Kitchen,Returning
ORD-14196,71.52,Fashion,Returning
ORD-14197,22.56,Home & Kitchen,New
ORD-14198,17.73,Fitness,New
ORD-14199,73.04,Fitness,New
ORD-14200,37.13,Electronics,New
ORD-14201,18.29,Fitness,VIP
ORD-14202,83.46,Electronics,Returning
ORD-14203,215.3,Home & Kitchen,New
ORD-14204,138.9,Fashion,Returning
ORD-14205,51.71,Home & Kitchen,New
ORD-14206,60.66,Electronics,New
ORD-14207,102.78,Home & Kitchen,New
ORD-14208,118.31,Electronics,New
ORD-14209,49.1,Electronics,Returning
ORD-14210,61.59,Home & Kitchen,Returning
ORD-14211,72.27,Fashion,Returning
ORD-14212,84.13,Home & Kitchen,Returning
ORD-14213,55.71,Home & Kitchen,VIP
ORD-14214,56.15,Home & Kitchen,Returning
ORD-14215,138.09,Home & Kitchen,VIP
ORD-14216,124.68,Fitness,VIP
ORD-14217,80.35,Books,Returning
ORD-14218,169.26,Electronics,New
ORD-14219,47.85,Home & Kitchen,New
ORD-14220,159.78,Home & Kitchen,Returning
ORD-14221,83.56,Electronics,Returning
ORD-14222,429.5,Fashion,Returning
ORD-14223,29.5,Fashion,Returning
ORD-14224,39.9,Home & Kitchen,Returning
ORD-14225,77.58,Fashion,Returning
ORD-14226,76.58,Home & Kitchen,Returning
ORD-14227,194.43,Home & Kitchen,New
ORD-14228,40.41,Home & Kitchen,Returning
ORD-14229,103.85,Fashion,New
ORD-14230,121.2,Fitness,New
ORD-14231,92.09,Home & Kitchen,Returning
ORD-14232,33.9,Electronics,New
ORD-14233,140.42,Electronics,VIP
ORD-14234,126.17,Fashion,Returning
ORD-14235,86.47,Books,Returning
ORD-14236,68.21,Fashion,New
ORD-14237,69.11,Electronics,Returning
ORD-14238,57.56,Electronics,Returning
ORD-14239,88.63,Electronics,Returning
ORD-14240,61.48,Fashion,Returning
ORD-14241,36.27,Fitness,Returning
ORD-14242,32.16,Fashion,Returning
ORD-14243,38.43,Fitness,Returning
ORD-14244,68.94,Electronics,Returning
ORD-14245,59.37,Fashion,New
ORD-14246,68.66,Fitness,VIP
ORD-14247,81.49,Home & Kitchen,New
ORD-14248,41.41,Fitness,New
ORD-14249,145.39,Fashion,New
ORD-14250,51.39,Fashion,New
ORD-14251,46.52,Home & Kitchen,New
ORD-14252,80.59,Electronics,Returning
ORD-14253,20.05,Fitness,Returning
ORD-14254,37.55,Fashion,VIP
ORD-14255,108.71,Electronics,New
ORD-14256,21.28,Fitness,Returning
ORD-14257,117.98,Home & Kitchen,New
ORD-14258,149.41,Fitness,Returning
ORD-14259,48.34,Fitness,New
ORD-14260,71.89,Fashion,Returning
ORD-14261,118.09,Home & Kitchen,Returning
ORD-14262,45.6,Books,New
ORD-14263,101.56,Electronics,New
ORD-14264,40.34,Fashion,New
ORD-14265,45.31,Books,New
ORD-14266,37.35,Electronics,Returning
ORD-14267,74.11,Books,Returning
ORD-14268,120.88,Fashion,Returning
ORD-14269,54.03,Fitness,VIP
ORD-14270,28.14,Home & Kitchen,New
ORD-14271,31.51,Home & Kitchen,VIP
ORD-14272,76.46,Fitness,Returning
ORD-14273,182.45,Electronics,New
ORD-14274,76.42,Home & Kitchen,Returning
ORD-14275,47.84,Books,Returning
ORD-14276,95.56,Books,Returning
ORD-14277,52.26,Books,Returning
ORD-14278,48.09,Home & Kitchen,VIP
ORD-14279,33.95,Home & Kitchen,Returning
ORD-14280,140.48,Home & Kitchen,Returning
ORD-14281,13.15,Home & Kitchen,New
ORD-14282,97.39,Home & Kitchen,VIP
ORD-14283,45.68,Electronics,Returning
ORD-14284,47.17,Electronics,Returning
ORD-14285,166.57,Home & Kitchen,VIP
ORD-14286,39.31,Fashion,New
ORD-14287,40.12,Fashion,New
ORD-14288,55.8,Electronics,Returning
ORD-14289,77.35,Fitness,VIP
ORD-14290,46.29,Books,Returning
ORD-14291,23.47,Home & Kitchen,Returning
ORD-14292,35.89,Books,New
ORD-14293,130.16,Fitness,Returning
ORD-14294,63.11,Electronics,New
ORD-14295,79.1,Electronics,VIP
ORD-14296,51.58,Electronics,Returning
ORD-14297,40.62,Electronics,New
ORD-14298,165.1,Home & Kitchen,Returning
ORD-14299,53.9,Fashion,VIP
ORD-14300,46.25,Books,Returning
ORD-14301,116.48,Home & Kitchen,New
ORD-14302,39.12,Fashion,Returning
ORD-14303,42.23,Books,Returning
ORD-14304,60.71,Books,New
ORD-14305,60.35,Fitness,Returning
ORD-14306,70.51,Fitness,New
ORD-14307,211.66,Books,Returning
ORD-14308,73.83,Home & Kitchen,New
ORD-14309,14.49,Fitness,Returning
ORD-14310,73.39,Electronics,Returning
ORD-14311,61.73,Home & Kitchen,Returning
ORD-14312,61.93,Fashion,New
ORD-14313,69.94,Electronics,New
ORD-14314,59.31,Electronics,Returning
ORD-14315,58.47,Electronics,VIP
ORD-14316,87.17,Fashion,New
ORD-14317,43.59,Electronics,New
ORD-14318,34.17,Fashion,VIP
ORD-14319,370.28,Fitness,New
ORD-14320,39.27,Home & Kitchen,VIP
ORD-14321,64.08,Home & Kitchen,Returning
ORD-14322,24.6,Electronics,New
ORD-14323,64.71,Fitness,New
ORD-14324,34.47,Electronics,VIP
ORD-14325,46.27,Fashion,New
ORD-14326,112.96,Fashion,Returning
ORD-14327,80.09,Books,New
ORD-14328,84.86,Books,Returning
ORD-14329,20.85,Fitness,Returning
ORD-14330,181.66,Home & Kitchen,Returning
ORD-14331,29.51,Fashion,New
ORD-14332,150.98,Home & Kitchen,Returning
ORD-14333,111.38,Electronics,Returning
ORD-14334,85.32,Fashion,New
ORD-14335,36.13,Books,Returning
ORD-14336,66.09,Books,Returning
ORD-14337,45.49,Fashion,New
ORD-14338,61.4,Electronics,VIP
ORD-14339,51.94,Electronics,New
ORD-14340,17.76,Fashion,New
ORD-14341,118.28,Electronics,New
ORD-14342,57.47,Home & Kitchen,New
ORD-14343,45.11,Electronics,New
ORD-14344,43.11,Electronics,New
ORD-14345,74.82,Fashion,Returning
ORD-14346,35.3,Fitness,Returning
ORD-14347,15.59,Fashion,New
ORD-14348,77.04,Fashion,Returning
ORD-14349,82.39,Home & Kitchen,Returning
ORD-14350,53.53,Fitness,Returning
ORD-14351,30.3,Fashion,VIP
ORD-14352,63.65,Home & Kitchen,New
ORD-14353,25.06,Fashion,New
ORD-14354,32.58,Home & Kitchen,New
ORD-14355,38.46,Fashion,New
ORD-14356,100.12,Books,Returning
ORD-14357,48.54,Books,New
ORD-14358,46.12,Fitness,Returning
ORD-14359,194.96,Books,VIP
ORD-14360,74.55,Electronics,Returning
ORD-14361,73.95,Home & Kitchen,Returning
ORD-14362,48.34,Electronics,Returning
ORD-14363,42.19,Fashion,Returning
ORD-14364,16.25,Fashion,Returning
ORD-14365,107.9,Home & Kitchen,New
ORD-14366,78.96,Home & Kitchen,New
ORD-14367,54.19,Fitness,New
ORD-14368,55.57,Home & Kitchen,Returning
ORD-14369,93.85,Books,Returning
ORD-14370,23.74,Fitness,New
ORD-14371,42.35,Fitness,New
ORD-14372,30.51,Electronics,Returning
ORD-14373,174.67,Fashion,New
ORD-14374,102.04,Home & Kitchen,New
ORD-14375,16.09,Books,New
ORD-14376,24.33,Electronics,New
ORD-14377,55.73,Fashion,Returning
ORD-14378,45.45,Fashion,New
ORD-14379,27.26,Fashion,New
ORD-14380,193.81,Fitness,VIP
ORD-14381,72.79,Electronics,Returning
ORD-14382,80.23,Fashion,Returning
ORD-14383,39.84,Home & Kitchen,Returning
ORD-14384,93.07,Fashion,New
ORD-14385,48.03,Electronics,New
ORD-14386,50.91,Home & Kitchen,New
ORD-14387,87.06,Fashion,New
ORD-14388,22.71,Books,New
ORD-14389,157.31,Home & Kitchen,Returning
ORD-14390,67.32,Books,New
ORD-14391,130.13,Electronics,New
ORD-14392,31.65,Fitness,Returning
ORD-14393,34.68,Home & Kitchen,New
ORD-14394,30.05,Home & Kitchen,Returning
ORD-14395,70.12,Fashion,New
ORD-14396,62.78,Electronics,Returning
ORD-14397,45.67,Electronics,Returning
ORD-14398,32.84,Fitness,Returning
ORD-14399,28.22,Fitness,Returning
ORD-14400,58.61,Electronics,New
ORD-14401,45.63,Home & Kitchen,New
ORD-14402,39.99,Home & Kitchen,New
ORD-14403,152.67,Home & Kitchen,New
ORD-14404,57.43,Fashion,VIP
ORD-14405,129.29,Fitness,New
ORD-14406,43.82,Home & Kitchen,New
ORD-14407,69.89,Home & Kitchen,VIP
ORD-14408,58.36,Home & Kitchen,New
ORD-14409,21.79,Home & Kitchen,Returning
ORD-14410,142.17,Electronics,New
ORD-14411,55.64,Books,VIP
ORD-14412,94.43,Fashion,New
ORD-14413,38.43,Fitness,Returning
ORD-14414,54.66,Fitness,Returning
ORD-14415,35.87,Home & Kitchen,VIP
ORD-14416,126.67,Home & Kitchen,VIP
ORD-14417,72.74,Electronics,Returning
ORD-14418,75.21,Fashion,New
ORD-14419,136.31,Home & Kitchen,Returning
ORD-14420,120.76,Electronics,VIP
ORD-14421,95.51,Electronics,Returning
ORD-14422,25.71,Books,VIP
ORD-14423,39.75,Fashion,Returning
ORD-14424,33.04,Fashion,New
ORD-14425,93.37,Fashion,New
ORD-14426,66.85,Home & Kitchen,New
ORD-14427,26.2,Fashion,Returning
ORD-14428,53.88,Fitness,Returning
ORD-14429,24.62,Fashion,New
ORD-14430,58.45,Electronics,Returning
ORD-14431,22.35,Fashion,New
ORD-14432,82.87,Electronics,New
ORD-14433,75.7,Fitness,Returning
ORD-14434,189.57,Electronics,Returning
ORD-14435,100.36,Electronics,New
ORD-14436,46.82,Fashion,Returning
ORD-14437,98.58,Electronics,Returning
ORD-14438,26.09,Fashion,Returning
ORD-14439,33.87,Fashion,VIP
ORD-14440,73.69,Books,New
ORD-14441,16.53,Electronics,New
ORD-14442,59.01,Home & Kitchen,New
ORD-14443,32.72,Home & Kitchen,Returning
ORD-14444,64.12,Electronics,New
ORD-14445,31.61,Home & Kitchen,VIP
ORD-14446,77.83,Fitness,Returning
ORD-14447,61.04,Fitness,Returning
ORD-14448,139.8,Books,New
ORD-14449,60.58,Home & Kitchen,Returning
ORD-14450,38.05,Fashion,New
ORD-14451,52.03,Books,Returning
ORD-14452,26.94,Electronics,Returning
ORD-14453,76.99,Home & Kitchen,New
ORD-14454,85.96,Fitness,VIP
ORD-14455,265.47,Fitness,Returning
ORD-14456,41.55,Books,Returning
ORD-14457,51.38,Electronics,New
ORD-14458,42.71,Home & Kitchen,New
ORD-14459,68.53,Electronics,New
ORD-14460,75.87,Fitness,Returning
ORD-14461,58.44,Home & Kitchen,New
ORD-14462,115.79,Electronics,VIP
ORD-14463,41.67,Fitness,VIP
ORD-14464,109.04,Fashion,New
ORD-14465,83.35,Fashion,Returning
ORD-14466,59.91,Books,New
ORD-14467,49.95,Home & Kitchen,New
ORD-14468,258.79,Home & Kitchen,New
ORD-14469,36.96,Electronics,Returning
ORD-14470,72.15,Electronics,VIP
ORD-14471,38.47,Electronics,New
ORD-14472,176.16,Fashion,New
ORD-14473,102.73,Fashion,New
ORD-14474,40.16,Fashion,Returning
ORD-14475,82.07,Home & Kitchen,New
ORD-14476,70.43,Electronics,Returning
ORD-14477,44.26,Home & Kitchen,VIP
ORD-14478,95.1,Books,New
ORD-14479,76.22,Electronics,VIP
ORD-14480,68.68,Home & Kitchen,Returning
ORD-14481,58.84,Electronics,Returning
ORD-14482,78.15,Fashion,Returning
ORD-14483,69.24,Home & Kitchen,Returning
ORD-14484,62.52,Electronics,Returning
ORD-14485,41.07,Fashion,New
ORD-14486,166.71,Fitness,Returning
ORD-14487,32.13,Electronics,New
ORD-14488,77.99,Home & Kitchen,New
ORD-14489,49.79,Home & Kitchen,Returning
ORD-14490,173.42,Electronics,New
ORD-14491,35.09,Home & Kitchen,New
ORD-14492,38.82,Fashion,New
ORD-14493,33.72,Electronics,VIP
ORD-14494,73.26,Books,Returning
ORD-14495,26.47,Fashion,New
ORD-14496,45.28,Home & Kitchen,Returning
ORD-14497,16.59,Electronics,Returning
ORD-14498,69.7,Electronics,New
ORD-14499,44.7,Home & Kitchen,Returning
ORD-14500,24.71,Home & Kitchen,New
ORD-14501,115.74,Fashion,Returning
ORD-14502,27.53,Home & Kitchen,Returning
ORD-14503,97.34,Fashion,New
ORD-14504,39.62,Fashion,Returning
ORD-14505,157.74,Fitness,New
ORD-14506,94.61,Home & Kitchen,Returning
ORD-14507,32.96,Fashion,New
ORD-14508,34.8,Fitness,Returning
ORD-14509,86.77,Fashion,Returning
ORD-14510,51.55,Books,New
ORD-14511,54.51,Fitness,Returning
ORD-14512,129.46,Fashion,New
ORD-14513,38.5,Fashion,Returning
ORD-14514,63.74,Books,Returning
ORD-14515,106.99,Fitness,New
ORD-14516,98.05,Electronics,New
ORD-14517,54.83,Fashion,New
ORD-14518,50.74,Fashion,Returning
ORD-14519,21.26,Fitness,Returning
ORD-14520,32.02,Books,New
ORD-14521,73.04,Fitness,New
ORD-14522,55.55,Fashion,VIP
ORD-14523,63.11,Fitness,New
ORD-14524,112.57,Electronics,New
ORD-14525,29.6,Fashion,Returning
ORD-14526,52.37,Fashion,New
ORD-14527,67.57,Fashion,VIP
ORD-14528,39.55,Home & Kitchen,New
ORD-14529,142.44,Electronics,Returning
ORD-14530,104.08,Electronics,New
ORD-14531,71.81,Fitness,New
ORD-14532,177.07,Electronics,New
ORD-14533,24.55,Fashion,VIP
ORD-14534,60.06,Electronics,Returning
ORD-14535,75.17,Fashion,New
ORD-14536,34.86,Fashion,VIP
ORD-14537,72.27,Home & Kitchen,New
ORD-14538,31.06,Fashion,New
ORD-14539,91.32,Fashion,New
ORD-14540,113.83,Fitness,Returning
ORD-14541,71.05,Electronics,New
ORD-14542,19.85,Fitness,New
ORD-14543,33.78,Electronics,VIP
ORD-14544,84.68,Books,Returning
ORD-14545,61.11,Electronics,New
ORD-14546,11.98,Home & Kitchen,Returning
ORD-14547,127.19,Home & Kitchen,New
ORD-14548,65.5,Home & Kitchen,Returning
ORD-14549,36.91,Fitness,New
ORD-14550,109.61,Electronics,Returning
ORD-14551,40.18,Fashion,Returning
ORD-14552,39.92,Fitness,New
ORD-14553,74.81,Fitness,New
ORD-14554,175.67,Fashion,New
ORD-14555,159.84,Home & Kitchen,Returning
ORD-14556,74.88,Fitness,Returning
ORD-14557,79.63,Fitness,Returning
ORD-14558,97.02,Fitness,VIP
ORD-14559,28.38,Fitness,Returning
ORD-14560,88.81,Fashion,VIP
ORD-14561,38.84,Home & Kitchen,Returning
ORD-14562,73.05,Fashion,New
ORD-14563,52.64,Electronics,Returning
ORD-14564,81.51,Fitness,New
ORD-14565,64.77,Home & Kitchen,New
ORD-14566,9.55,Electronics,New
ORD-14567,67.18,Home & Kitchen,New
ORD-14568,88.7,Fashion,Returning
ORD-14569,78.85,Electronics,New
ORD-14570,56.74,Home & Kitchen,New
ORD-14571,161.63,Home & Kitchen,VIP
ORD-14572,72.74,Fashion,Returning
ORD-14573,78.46,Electronics,New
ORD-14574,112.92,Home & Kitchen,New
ORD-14575,75.01,Electronics,New
ORD-14576,35.21,Books,VIP
ORD-14577,13.97,Fashion,New
ORD-14578,45.32,Fitness,VIP
ORD-14579,95.26,Electronics,New
ORD-14580,48.82,Electronics,Returning
ORD-14581,97.58,Fashion,New
ORD-14582,65.97,Fitness,Returning
ORD-14583,130.69,Books,New
ORD-14584,50.55,Fashion,New
ORD-14585,79.88,Fashion,VIP
ORD-14586,81.74,Electronics,Returning
ORD-14587,148.56,Home & Kitchen,New
ORD-14588,21.67,Fashion,Returning
ORD-14589,45.83,Books,New
ORD-14590,100.39,Fashion,VIP
ORD-14591,152.56,Fitness,New
ORD-14592,69.69,Fitness,New
ORD-14593,50.62,Electronics,New
ORD-14594,95.04,Fashion,New
ORD-14595,101.62,Fitness,VIP
ORD-14596,48.63,Fashion,New
ORD-14597,73.57,Home & Kitchen,New
ORD-14598,122.53,Fitness,Returning
ORD-14599,187.59,Electronics,New
ORD-14600,94.21,Fitness,New
ORD-14601,61.96,Fashion,Returning
ORD-14602,58.41,Home & Kitchen,New
ORD-14603,84.3,Fashion,Returning
ORD-14604,56.29,Fashion,Returning
ORD-14605,67.61,Electronics,New
ORD-14606,31.99,Electronics,Returning
ORD-14607,131.4,Fashion,New
ORD-14608,30.44,Fashion,Returning
ORD-14609,46.56,Home & Kitchen,Returning
ORD-14610,63.98,Electronics,Returning
ORD-14611,199.26,Electronics,Returning
ORD-14612,46.82,Electronics,Returning
ORD-14613,40.46,Fashion,New
ORD-14614,43.36,Electronics,VIP
ORD-14615,163.26,Electronics,New
ORD-14616,11.16,Home & Kitchen,Returning
ORD-14617,33.06,Home & Kitchen,Returning
ORD-14618,310.68,Home & Kitchen,New
ORD-14619,86.02,Fashion,New
ORD-14620,31.08,Fitness,VIP
ORD-14621,58.84,Home & Kitchen,Returning
ORD-14622,62.83,Home & Kitchen,Returning
ORD-14623,100.25,Electronics,New
ORD-14624,181.94,Electronics,Returning
ORD-14625,76.18,Fashion,New
ORD-14626,43.65,Electronics,Returning
ORD-14627,96.76,Home & Kitchen,New
ORD-14628,39.69,Fashion,Returning
ORD-14629,32.46,Electronics,Returning
ORD-14630,20.99,Electronics,New
ORD-14631,23.59,Electronics,Returning
ORD-14632,35.24,Fashion,New
ORD-14633,29.76,Electronics,New
ORD-14634,72.82,Fashion,New
ORD-14635,29.38,Fashion,New
ORD-14636,9.15,Home & Kitchen,New
ORD-14637,32.25,Books,Returning
ORD-14638,45.46,Fitness,Returning
ORD-14639,41.96,Home & Kitchen,Returning
ORD-14640,150.16,Fashion,VIP
ORD-14641,41.76,Home & Kitchen,VIP
ORD-14642,102.37,Books,New
ORD-14643,59.66,Fashion,Returning
ORD-14644,58.83,Electronics,VIP
ORD-14645,36.55,Fitness,New
ORD-14646,58.25,Electronics,New
ORD-14647,38.13,Fitness,VIP
ORD-14648,66.82,Electronics,Returning
ORD-14649,52.37,Electronics,Returning
ORD-14650,34.23,Fitness,VIP
ORD-14651,109.41,Home & Kitchen,New
ORD-14652,77.95,Home & Kitchen,Returning
ORD-14653,46.12,Fitness,Returning
ORD-14654,65.84,Fitness,New
ORD-14655,57.38,Fashion,New
ORD-14656,35.85,Books,New
ORD-14657,62.95,Fashion,Returning
ORD-14658,41.57,Electronics,Returning
ORD-14659,34.23,Fitness,VIP
ORD-14660,22.79,Fashion,New
ORD-14661,48.66,Fitness,Returning
ORD-14662,84.79,Electronics,New
ORD-14663,39.77,Electronics,VIP
ORD-14664,273.81,Electronics,Returning
ORD-14665,102.66,Home & Kitchen,Returning
ORD-14666,131.97,Fitness,New
ORD-14667,97.24,Fashion,New
ORD-14668,183.41,Electronics,New
ORD-14669,37.63,Fashion,Returning
ORD-14670,12.98,Fashion,New
ORD-14671,46.17,Home & Kitchen,Returning
ORD-14672,84.35,Home & Kitchen,New
ORD-14673,66.08,Electronics,Returning
ORD-14674,71.19,Fashion,New
ORD-14675,133.29,Home & Kitchen,New
ORD-14676,75.89,Fashion,Returning
ORD-14677,97.45,Fashion,New
ORD-14678,34.34,Home & Kitchen,New
ORD-14679,31.27,Fashion,Returning
ORD-14680,158.93,Electronics,New
ORD-14681,64.11,Electronics,Returning
ORD-14682,41.52,Fitness,Returning
ORD-14683,41.56,Electronics,New
ORD-14684,40.88,Fitness,New
ORD-14685,39.43,Fashion,New
ORD-14686,27.94,Fashion,New
ORD-14687,24.53,Fitness,New
ORD-14688,53.68,Fashion,Returning
ORD-14689,42.28,Electronics,New
ORD-14690,117.25,Electronics,VIP
ORD-14691,71.94,Home & Kitchen,Returning
ORD-14692,70.75,Fashion,New
ORD-14693,38.63,Fitness,Returning
ORD-14694,56.11,Fashion,New
ORD-14695,74.93,Fashion,New
ORD-14696,92.73,Fashion,VIP
ORD-14697,57.03,Electronics,Returning
ORD-14698,115.29,Fitness,New
ORD-14699,60.63,Electronics,VIP
ORD-14700,97.1,Books,VIP
ORD-14701,44.97,Electronics,Returning
ORD-14702,20.34,Fashion,Returning
ORD-14703,70.88,Electronics,Returning
ORD-14704,93.24,Fitness,Returning
ORD-14705,85.22,Electronics,Returning
ORD-14706,77.74,Home & Kitchen,Returning
ORD-14707,48.95,Books,Returning
ORD-14708,37.19,Home & Kitchen,New
ORD-14709,84.02,Electronics,New
ORD-14710,77.93,Fitness,New
ORD-14711,43.1,Fashion,New
ORD-14712,117.41,Electronics,New
ORD-14713,35.53,Fashion,Returning
ORD-14714,42.52,Fitness,VIP
ORD-14715,161.07,Fashion,New
ORD-14716,101.61,Fitness,New
ORD-14717,48.68,Home & Kitchen,Returning
ORD-14718,71.7,Fashion,New
ORD-14719,66.21,Fashion,Returning
ORD-14720,11.62,Home & Kitchen,Returning
ORD-14721,35.03,Fashion,Returning
ORD-14722,58.53,Electronics,New
ORD-14723,48.72,Fashion,New
ORD-14724,69.98,Fitness,Returning
ORD-14725,118.83,Fashion,New
ORD-14726,49.75,Electronics,New
ORD-14727,31.99,Electronics,New
ORD-14728,73.33,Electronics,Returning
ORD-14729,49.6,Books,Returning
ORD-14730,54.95,Fashion,Returning
ORD-14731,50.65,Home & Kitchen,Returning
ORD-14732,231.62,Fitness,New
ORD-14733,15.73,Fashion,VIP
ORD-14734,47.8,Fitness,Returning
ORD-14735,60.21,Books,New
ORD-14736,37.76,Home & Kitchen,Returning
ORD-14737,103.53,Home & Kitchen,New
ORD-14738,98.29,Fashion,VIP
ORD-14739,58.64,Fitness,New
ORD-14740,51.3,Electronics,New
ORD-14741,56.42,Home & Kitchen,VIP
ORD-14742,56.66,Fashion,Returning
ORD-14743,57.57,Home & Kitchen,New
ORD-14744,53.9,Fitness,Returning
ORD-14745,70.21,Home & Kitchen,Returning
ORD-14746,94.81,Electronics,New
ORD-14747,28.84,Home & Kitchen,Returning
ORD-14748,32.12,Books,Returning
ORD-14749,21.13,Home & Kitchen,Returning
ORD-14750,101.48,Fitness,VIP
ORD-14751,70.12,Fitness,Returning
ORD-14752,81.71,Fitness,Returning
ORD-14753,25.59,Fashion,Returning
ORD-14754,176.09,Fashion,New
ORD-14755,41.88,Fitness,New
ORD-14756,66.75,Books,VIP
ORD-14757,100.75,Electronics,Returning
ORD-14758,33.38,Electronics,New
ORD-14759,43.48,Fashion,New
ORD-14760,67.19,Fitness,New
ORD-14761,335.12,Fitness,New
ORD-14762,72.29,Home & Kitchen,New
ORD-14763,158.19,Electronics,Returning
ORD-14764,124.39,Fashion,New
ORD-14765,75.25,Fitness,Returning
ORD-14766,33.33,Fashion,VIP
ORD-14767,113.96,Electronics,VIP
ORD-14768,24.56,Fashion,Returning
ORD-14769,157.67,Fitness,New
ORD-14770,68.03,Fashion,Returning
ORD-14771,12.3,Electronics,Returning
ORD-14772,49.19,Fashion,New
ORD-14773,89.33,Books,VIP
ORD-14774,52.34,Fashion,Returning
ORD-14775,92.67,Fashion,Returning
ORD-14776,36.23,Electronics,New
ORD-14777,27.56,Fashion,New
ORD-14778,57.81,Fitness,VIP
ORD-14779,61.49,Fitness,New
ORD-14780,48.96,Fashion,New
ORD-14781,126.01,Fitness,Returning
ORD-14782,36.23,Fashion,Returning
ORD-14783,72.81,Fitness,New
ORD-14784,62.85,Electronics,New
ORD-14785,23.71,Fashion,Returning
ORD-14786,27.35,Fitness,VIP
ORD-14787,60.77,Books,Returning
ORD-14788,198.09,Fitness,Returning
ORD-14789,85.42,Home & Kitchen,New
ORD-14790,21.43,Fitness,Returning
ORD-14791,9.33,Home & Kitchen,Returning
ORD-14792,93.68,Fashion,Returning
ORD-14793,56.96,Fashion,Returning
ORD-14794,119.67,Home & Kitchen,New
ORD-14795,35.57,Home & Kitchen,New
ORD-14796,74.45,Fitness,Returning
ORD-14797,100.25,Fashion,New
ORD-14798,46.13,Electronics,Returning
ORD-14799,46.73,Electronics,Returning
ORD-14800,61.26,Fitness,New
ORD-14801,83.56,Electronics,Returning
ORD-14802,59.82,Fitness,Returning
ORD-14803,108.25,Electronics,VIP
ORD-14804,45.73,Fashion,New
ORD-14805,27.19,Fitness,New
ORD-14806,197.59,Fashion,New
ORD-14807,41.98,Fitness,New
ORD-14808,42.9,Electronics,Returning
ORD-14809,58.0,Fashion,New
ORD-14810,62.82,Home & Kitchen,New
ORD-14811,47.85,Fitness,VIP
ORD-14812,59.71,Electronics,New
ORD-14813,58.92,Fashion,New
ORD-14814,67.01,Home & Kitchen,VIP
ORD-14815,14.67,Books,Returning
ORD-14816,186.52,Fitness,New
ORD-14817,55.24,Fitness,VIP
ORD-14818,85.49,Fashion,Returning
ORD-14819,26.39,Home & Kitchen,New
ORD-14820,45.49,Fitness,New
ORD-14821,40.31,Fitness,VIP
ORD-14822,145.74,Fitness,New
ORD-14823,42.46,Fitness,Returning
ORD-14824,95.09,Fitness,New
ORD-14825,40.84,Electronics,New
ORD-14826,45.99,Fashion,VIP
ORD-14827,52.07,Books,VIP
ORD-14828,130.36,Fashion,New
ORD-14829,19.42,Electronics,New
ORD-14830,27.4,Fashion,Returning
ORD-14831,18.76,Home & Kitchen,Returning
ORD-14832,31.42,Fitness,New
ORD-14833,37.08,Fitness,New
ORD-14834,22.9,Electronics,VIP
ORD-14835,38.84,Fashion,New
ORD-14836,18.01,Electronics,New
ORD-14837,32.76,Fitness,New
ORD-14838,124.0,Electronics,New
ORD-14839,76.87,Home & Kitchen,Returning
ORD-14840,67.52,Home & Kitchen,New
ORD-14841,33.06,Home & Kitchen,Returning
ORD-14842,24.01,Home & Kitchen,New
ORD-14843,30.46,Home & Kitchen,New
ORD-14844,58.8,Home & Kitchen,VIP
ORD-14845,101.59,Electronics,Returning
ORD-14846,103.69,Fashion,New
ORD-14847,88.09,Fashion,New
ORD-14848,38.76,Fashion,Returning
ORD-14849,61.24,Fitness,Returning
ORD-14850,49.76,Fashion,Returning
ORD-14851,53.48,Fitness,Returning
ORD-14852,204.85,Electronics,New
ORD-14853,20.96,Fitness,VIP
ORD-14854,52.42,Electronics,New
ORD-14855,124.84,Fashion,New
ORD-14856,25.04,Fashion,Returning
ORD-14857,41.01,Home & Kitchen,New
ORD-14858,43.93,Electronics,New
ORD-14859,52.77,Fitness,New
ORD-14860,23.16,Home & Kitchen,Returning
ORD-14861,86.24,Books,Returning
ORD-14862,90.0,Home & Kitchen,Returning
ORD-14863,81.86,Home & Kitchen,New
ORD-14864,35.79,Fitness,New
ORD-14865,63.56,Electronics,Returning
ORD-14866,35.18,Home & Kitchen,Returning
ORD-14867,49.42,Fashion,Returning
ORD-14868,219.66,Home & Kitchen,New
ORD-14869,63.91,Electronics,New
ORD-14870,29.59,Fashion,New
ORD-14871,67.24,Home & Kitchen,Returning
ORD-14872,26.81,Fashion,Returning
ORD-14873,29.39,Electronics,VIP
ORD-14874,32.31,Fashion,New
ORD-14875,46.22,Fitness,Returning
ORD-14876,105.87,Electronics,Returning
ORD-14877,85.37,Fashion,New
ORD-14878,82.58,Books,Returning
ORD-14879,31.21,Books,Returning
ORD-14880,43.61,Electronics,New
ORD-14881,71.04,Fashion,New
ORD-14882,41.39,Electronics,New
ORD-14883,51.06,Books,Returning
ORD-14884,78.63,Fashion,New
ORD-14885,48.95,Fashion,New
ORD-14886,69.11,Fashion,New
ORD-14887,156.9,Home & Kitchen,Returning
ORD-14888,54.43,Electronics,VIP
ORD-14889,122.44,Fitness,VIP
ORD-14890,84.4,Fashion,Returning
ORD-14891,25.02,Home & Kitchen,New
ORD-14892,31.15,Fitness,New
ORD-14893,36.59,Electronics,Returning
ORD-14894,36.13,Electronics,Returning
ORD-14895,57.16,Fashion,Returning
ORD-14896,87.25,Fitness,New
ORD-14897,128.14,Electronics,VIP
ORD-14898,72.6,Fitness,New
ORD-14899,46.18,Fashion,Returning
ORD-14900,17.3,Home & Kitchen,VIP
ORD-14901,62.95,Home & Kitchen,Returning
ORD-14902,61.28,Electronics,Returning
ORD-14903,67.34,Electronics,Returning
ORD-14904,213.52,Fitness,Returning
ORD-14905,127.02,Fashion,Returning
ORD-14906,96.64,Home & Kitchen,New
ORD-14907,33.88,Books,New
ORD-14908,44.35,Electronics,Returning
ORD-14909,57.0,Fashion,Returning
ORD-14910,37.89,Fashion,Returning
ORD-14911,81.47,Electronics,New
ORD-14912,74.75,Books,New
ORD-14913,31.41,Books,Returning
ORD-14914,123.73,Fashion,VIP
ORD-14915,64.16,Books,New
ORD-14916,21.38,Electronics,New
ORD-14917,58.51,Books,New
ORD-14918,71.43,Fitness,Returning
ORD-14919,108.17,Electronics,New
ORD-14920,49.28,Home & Kitchen,Returning
ORD-14921,99.16,Fitness,New
ORD-14922,67.51,Fashion,New
ORD-14923,27.41,Fashion,New
ORD-14924,25.81,Home & Kitchen,New
ORD-14925,118.34,Electronics,Returning
ORD-14926,123.67,Electronics,VIP
ORD-14927,73.24,Electronics,Returning
ORD-14928,148.03,Home & Kitchen,VIP
ORD-14929,113.75,Fashion,New
ORD-14930,90.94,Fashion,VIP
ORD-14931,34.93,Electronics,Returning
ORD-14932,170.52,Electronics,Returning
ORD-14933,83.24,Home & Kitchen,Returning
ORD-14934,47.87,Electronics,New
ORD-14935,40.41,Home & Kitchen,New
ORD-14936,70.39,Fashion,New
ORD-14937,22.14,Home & Kitchen,New
ORD-14938,91.82,Fashion,Returning
ORD-14939,34.05,Fitness,VIP
ORD-14940,75.37,Electronics,New
ORD-14941,44.13,Fitness,Returning
ORD-14942,51.49,Fashion,Returning
ORD-14943,38.32,Electronics,New
ORD-14944,54.78,Home & Kitchen,New
ORD-14945,187.47,Electronics,New
ORD-14946,138.52,Fashion,Returning
ORD-14947,74.64,Fitness,New
ORD-14948,59.43,Fitness,New
ORD-14949,100.14,Home & Kitchen,New
ORD-14950,118.86,Books,Returning
ORD-14951,36.68,Fashion,Returning
ORD-14952,57.6,Electronics,New
ORD-14953,20.22,Fitness,Returning
ORD-14954,118.38,Electronics,VIP
ORD-14955,208.31,Electronics,New
ORD-14956,63.31,Electronics,New
ORD-14957,16.86,Fashion,New
ORD-14958,86.95,Fashion,New
ORD-14959,35.08,Fashion,Returning
ORD-14960,40.53,Home & Kitchen,Returning
ORD-14961,87.88,Fitness,Returning
ORD-14962,70.3,Books,New
ORD-14963,45.02,Electronics,Returning
ORD-14964,40.86,Electronics,New
ORD-14965,65.07,Home & Kitchen,New
ORD-14966,47.2,Electronics,New
ORD-14967,31.01,Fashion,VIP
ORD-14968,49.43,Home & Kitchen,Returning
ORD-14969,73.98,Fitness,Returning
ORD-14970,54.22,Electronics,Returning
ORD-14971,25.84,Home & Kitchen,New
ORD-14972,109.23,Home & Kitchen,New
ORD-14973,11.67,Fitness,Returning
ORD-14974,46.16,Fashion,VIP
ORD-14975,41.59,Fitness,Returning
ORD-14976,65.95,Fitness,New
ORD-14977,84.52,Electronics,VIP
ORD-14978,118.64,Home & Kitchen,New
ORD-14979,39.35,Home & Kitchen,New
ORD-14980,85.79,Fashion,New
ORD-14981,67.86,Fashion,New
ORD-14982,21.61,Fashion,Returning
ORD-14983,188.73,Fitness,Returning
ORD-14984,25.45,Electronics,New
ORD-14985,77.61,Fashion,New
ORD-14986,76.25,Electronics,Returning
ORD-14987,71.19,Home & Kitchen,New
ORD-14988,44.85,Home & Kitchen,New
ORD-14989,99.12,Fashion,New
ORD-14990,23.66,Fashion,VIP
ORD-14991,58.0,Fashion,VIP
ORD-14992,43.02,Fashion,New
ORD-14993,40.19,Home & Kitchen,Returning
ORD-14994,78.04,Electronics,VIP
ORD-14995,115.18,Fitness,New
ORD-14996,49.11,Home & Kitchen,VIP
ORD-14997,96.39,Fitness,Returning
ORD-14998,62.17,Fashion,Returning
ORD-14999,35.32,Fashion,Returning
ORD-15000,51.69,Electronics,New
ORD-15001,50.42,Books,Returning
ORD-15002,39.73,Home & Kitchen,Returning
ORD-15003,78.03,Home & Kitchen,New
ORD-15004,69.46,Home & Kitchen,Returning
ORD-15005,23.23,Fashion,VIP
ORD-15006,22.4,Home & Kitchen,VIP
ORD-15007,77.85,Fitness,Returning
ORD-15008,37.0,Electronics,New
ORD-15009,72.33,Books,New
ORD-15010,96.41,Fitness,New
ORD-15011,28.15,Books,Returning
ORD-15012,25.87,Fitness,Returning
ORD-15013,164.79,Fashion,VIP
ORD-15014,74.51,Home & Kitchen,New
ORD-15015,46.92,Electronics,VIP
ORD-15016,34.45,Fitness,VIP
ORD-15017,44.42,Electronics,Returning
ORD-15018,29.54,Fitness,VIP
ORD-15019,102.52,Electronics,New
ORD-15020,37.86,Electronics,New
ORD-15021,116.29,Electronics,New
ORD-15022,47.45,Home & Kitchen,New
ORD-15023,32.27,Electronics,New
ORD-15024,46.72,Electronics,Returning
ORD-15025,12.5,Electronics,New
ORD-15026,56.12,Fashion,New
ORD-15027,54.49,Books,New
ORD-15028,98.97,Fashion,Returning
ORD-15029,19.46,Fashion,VIP
ORD-15030,121.16,Electronics,New
ORD-15031,98.73,Electronics,Returning
ORD-15032,127.9,Fashion,VIP
ORD-15033,58.46,Electronics,Returning
ORD-15034,110.87,Electronics,Returning
ORD-15035,24.96,Electronics,Returning
ORD-15036,92.56,Fashion,VIP
ORD-15037,37.99,Fitness,New
ORD-15038,22.4,Electronics,Returning
ORD-15039,30.74,Home & Kitchen,New
ORD-15040,60.54,Home & Kitchen,New
ORD-15041,36.8,Fitness,Returning
ORD-15042,75.61,Electronics,Returning
ORD-15043,20.39,Fitness,VIP
ORD-15044,16.84,Fitness,VIP
ORD-15045,137.47,Books,Returning
ORD-15046,103.78,Fitness,Returning
ORD-15047,32.15,Electronics,VIP
ORD-15048,60.23,Books,New
ORD-15049,111.24,Fitness,New
ORD-15050,77.6,Electronics,New
ORD-15051,65.95,Electronics,Returning
ORD-15052,116.41,Books,Returning
ORD-15053,38.92,Electronics,Returning
ORD-15054,61.48,Fitness,New
ORD-15055,59.7,Fashion,Returning
ORD-15056,51.23,Home & Kitchen,Returning
ORD-15057,47.76,Electronics,VIP
ORD-15058,63.04,Home & Kitchen,New
ORD-15059,61.6,Fashion,Returning
ORD-15060,32.17,Books,Returning
ORD-15061,97.62,Electronics,Returning
ORD-15062,33.59,Electronics,New
ORD-15063,52.93,Electronics,New
ORD-15064,50.54,Electronics,New
ORD-15065,74.8,Books,Returning
ORD-15066,16.92,Electronics,Returning
ORD-15067,102.98,Electronics,Returning
ORD-15068,40.2,Fitness,Returning
ORD-15069,125.46,Electronics,New
ORD-15070,45.29,Electronics,New
ORD-15071,58.6,Home & Kitchen,Returning
ORD-15072,190.24,Fashion,Returning
ORD-15073,51.09,Fitness,Returning
ORD-15074,126.89,Home & Kitchen,Returning
ORD-15075,61.77,Fashion,VIP
ORD-15076,77.42,Home & Kitchen,VIP
ORD-15077,62.93,Fitness,Returning
ORD-15078,100.35,Fashion,New
ORD-15079,39.99,Home & Kitchen,New
ORD-15080,33.43,Fashion,Returning
ORD-15081,41.13,Fashion,New
ORD-15082,64.06,Home & Kitchen,New
ORD-15083,52.85,Electronics,New
ORD-15084,92.4,Fashion,VIP
ORD-15085,132.0,Electronics,New
ORD-15086,33.6,Home & Kitchen,Returning
ORD-15087,38.85,Home & Kitchen,VIP
ORD-15088,25.49,Fashion,Returning
ORD-15089,204.02,Electronics,New
ORD-15090,72.44,Books,Returning
ORD-15091,80.47,Fashion,Returning
ORD-15092,27.0,Fashion,New
ORD-15093,60.3,Electronics,Returning
ORD-15094,81.9,Home & Kitchen,New
ORD-15095,51.85,Fashion,Returning
ORD-15096,115.06,Fitness,VIP
ORD-15097,241.56,Home & Kitchen,Returning
ORD-15098,34.18,Electronics,VIP
ORD-15099,32.68,Home & Kitchen,New
ORD-15100,35.64,Electronics,VIP
ORD-15101,158.18,Electronics,Returning
ORD-15102,112.78,Home & Kitchen,New
ORD-15103,55.63,Electronics,VIP
ORD-15104,61.68,Fitness,VIP
ORD-15105,36.97,Home & Kitchen,New
ORD-15106,102.93,Electronics,Returning
ORD-15107,48.04,Books,New
ORD-15108,51.62,Fashion,New
ORD-15109,86.94,Electronics,New
ORD-15110,53.9,Fashion,Returning
ORD-15111,52.41,Books,New
ORD-15112,60.72,Fashion,New
ORD-15113,97.24,Fashion,VIP
ORD-15114,162.05,Fashion,Returning
ORD-15115,85.74,Fashion,Returning
ORD-15116,97.71,Electronics,New
ORD-15117,53.52,Home & Kitchen,New
ORD-15118,39.46,Fitness,Returning
ORD-15119,89.33,Home & Kitchen,New
ORD-15120,66.87,Electronics,Returning
ORD-15121,25.7,Fashion,VIP
ORD-15122,49.56,Electronics,New
ORD-15123,57.41,Fashion,Returning
ORD-15124,44.42,Home & Kitchen,Returning
ORD-15125,146.8,Fashion,New
ORD-15126,80.47,Fitness,Returning
ORD-15127,137.54,Fashion,Returning
ORD-15128,70.67,Home & Kitchen,New
ORD-15129,63.36,Fitness,New
ORD-15130,34.4,Home & Kitchen,Returning
ORD-15131,60.77,Fitness,Returning
ORD-15132,60.81,Fitness,VIP
ORD-15133,26.57,Home & Kitchen,Returning
ORD-15134,43.65,Fashion,New
ORD-15135,49.7,Fashion,VIP
ORD-15136,77.33,Fitness,Returning
ORD-15137,79.58,Electronics,New
ORD-15138,42.57,Books,New
ORD-15139,79.94,Fashion,New
ORD-15140,54.1,Home & Kitchen,New
ORD-15141,10.79,Fashion,Returning
ORD-15142,45.11,Books,New
ORD-15143,115.28,Electronics,VIP
ORD-15144,22.0,Fashion,Returning
ORD-15145,64.56,Fitness,New
ORD-15146,156.2,Fashion,VIP
ORD-15147,38.23,Fashion,Returning
ORD-15148,60.42,Fitness,New
ORD-15149,27.59,Fitness,New
ORD-15150,160.19,Electronics,Returning
ORD-15151,57.4,Home & Kitchen,Returning
ORD-15152,62.05,Electronics,Returning
ORD-15153,135.99,Electronics,Returning
ORD-15154,89.74,Home & Kitchen,Returning
ORD-15155,35.68,Electronics,VIP
ORD-15156,40.92,Fashion,Returning
ORD-15157,81.2,Fashion,Returning
ORD-15158,41.49,Fitness,New
ORD-15159,16.94,Home & Kitchen,Returning
ORD-15160,58.44,Electronics,New
ORD-15161,24.83,Books,Returning
ORD-15162,159.14,Fitness,New
ORD-15163,67.09,Fashion,Returning
ORD-15164,35.05,Books,New
ORD-15165,39.68,Fashion,Returning
ORD-15166,19.42,Fashion,New
ORD-15167,31.2,Fashion,VIP
ORD-15168,111.03,Electronics,New
ORD-15169,230.23,Home & Kitchen,Returning
ORD-15170,93.3,Home & Kitchen,Returning
ORD-15171,57.1,Fitness,New
ORD-15172,46.56,Electronics,Returning
ORD-15173,33.99,Electronics,VIP
ORD-15174,207.65,Fashion,Returning
ORD-15175,53.88,Electronics,VIP
ORD-15176,214.73,Books,New
ORD-15177,139.23,Home & Kitchen,VIP
ORD-15178,21.23,Fitness,VIP
ORD-15179,40.46,Home & Kitchen,Returning
ORD-15180,40.39,Electronics,Returning
ORD-15181,57.52,Electronics,Returning
ORD-15182,58.2,Fashion,Returning
ORD-15183,364.21,Fitness,Returning
ORD-15184,31.62,Fashion,New
ORD-15185,69.23,Electronics,Returning
ORD-15186,87.35,Home & Kitchen,New
ORD-15187,60.28,Electronics,Returning
ORD-15188,64.46,Fashion,Returning
ORD-15189,32.24,Electronics,New
ORD-15190,64.32,Fashion,New
ORD-15191,82.01,Fashion,New
ORD-15192,73.45,Fitness,Returning
ORD-15193,84.95,Home & Kitchen,New
ORD-15194,140.83,Electronics,New
ORD-15195,105.87,Fitness,New
ORD-15196,62.98,Fitness,New
ORD-15197,29.87,Home & Kitchen,New
ORD-15198,42.1,Books,New
ORD-15199,52.89,Fitness,Returning
ORD-15200,70.2,Electronics,Returning
ORD-15201,45.29,Fashion,VIP
ORD-15202,34.42,Fashion,New
ORD-15203,29.58,Fashion,New
ORD-15204,22.41,Books,New
ORD-15205,52.41,Home & Kitchen,Returning
ORD-15206,24.98,Fashion,New
ORD-15207,33.11,Books,New
ORD-15208,47.64,Home & Kitchen,Returning
ORD-15209,27.07,Fashion,New
ORD-15210,75.78,Books,Returning
ORD-15211,94.08,Fashion,Returning
ORD-15212,43.39,Fashion,Returning
ORD-15213,46.42,Fashion,New
ORD-15214,83.3,Books,New
ORD-15215,39.31,Fashion,Returning
ORD-15216,37.73,Fashion,New
ORD-15217,123.7,Home & Kitchen,New
ORD-15218,102.57,Fitness,Returning
ORD-15219,86.57,Electronics,New
ORD-15220,105.15,Electronics,New
ORD-15221,18.42,Books,Returning
ORD-15222,135.95,Fitness,Returning
ORD-15223,76.34,Fashion,New
ORD-15224,110.66,Fashion,Returning
ORD-15225,76.12,Fashion,VIP
ORD-15226,62.14,Home & Kitchen,New
ORD-15227,51.15,Home & Kitchen,Returning
ORD-15228,75.21,Fitness,New
ORD-15229,50.05,Electronics,VIP
ORD-15230,101.57,Fitness,New
ORD-15231,23.29,Electronics,New
ORD-15232,43.6,Fitness,VIP
ORD-15233,205.8,Electronics,Returning
ORD-15234,41.44,Electronics,New
ORD-15235,52.29,Electronics,Returning
ORD-15236,35.53,Electronics,VIP
ORD-15237,73.81,Fashion,Returning
ORD-15238,38.79,Home & Kitchen,New
ORD-15239,53.98,Fitness,New
ORD-15240,100.42,Fashion,VIP
ORD-15241,39.68,Fashion,New
ORD-15242,96.85,Fashion,New
ORD-15243,98.82,Fitness,New
ORD-15244,113.63,Electronics,New
ORD-15245,65.65,Fashion,Returning
ORD-15246,421.89,Electronics,New
ORD-15247,113.6,Electronics,New
ORD-15248,73.33,Home & Kitchen,New
ORD-15249,35.67,Electronics,New
ORD-15250,56.93,Electronics,New
ORD-15251,142.0,Fitness,New
ORD-15252,168.3,Electronics,Returning
ORD-15253,146.5,Home & Kitchen,New
ORD-15254,96.65,Fashion,New
ORD-15255,28.41,Fitness,Returning
ORD-15256,80.83,Home & Kitchen,Returning
ORD-15257,28.65,Electronics,Returning
ORD-15258,24.72,Fitness,VIP
ORD-15259,69.65,Fashion,New
ORD-15260,82.59,Fashion,New
ORD-15261,103.75,Home & Kitchen,New
ORD-15262,81.31,Home & Kitchen,New
ORD-15263,83.01,Fashion,VIP
ORD-15264,33.42,Fashion,Returning
ORD-15265,56.66,Electronics,Returning
ORD-15266,24.43,Home & Kitchen,VIP
ORD-15267,18.14,Books,Returning
ORD-15268,94.1,Fashion,New
ORD-15269,38.4,Books,VIP
ORD-15270,101.85,Electronics,New
ORD-15271,117.33,Fitness,New
ORD-15272,41.61,Books,Returning
ORD-15273,85.99,Home & Kitchen,VIP
ORD-15274,40.58,Electronics,Returning
ORD-15275,19.93,Fashion,New
ORD-15276,64.97,Electronics,VIP
ORD-15277,45.49,Home & Kitchen,Returning
ORD-15278,46.34,Books,Returning
ORD-15279,197.39,Fashion,New
ORD-15280,24.15,Electronics,New
ORD-15281,75.92,Fashion,New
ORD-15282,33.22,Home & Kitchen,VIP
ORD-15283,104.06,Home & Kitchen,VIP
ORD-15284,72.17,Electronics,New
ORD-15285,75.76,Fitness,New
ORD-15286,34.23,Electronics,New
ORD-15287,38.12,Home & Kitchen,Returning
ORD-15288,105.25,Fashion,Returning
ORD-15289,174.6,Electronics,Returning
ORD-15290,80.49,Home & Kitchen,New
ORD-15291,35.22,Home & Kitchen,New
ORD-15292,73.95,Fashion,VIP
ORD-15293,258.91,Fitness,Returning
ORD-15294,64.16,Fashion,New
ORD-15295,145.05,Fashion,New
ORD-15296,38.7,Books,New
ORD-15297,58.84,Books,New
ORD-15298,87.51,Electronics,New
ORD-15299,76.58,Books,Returning
ORD-15300,38.1,Fitness,New
ORD-15301,37.12,Electronics,New
ORD-15302,109.18,Fashion,Returning
ORD-15303,123.34,Electronics,New
ORD-15304,149.5,Home & Kitchen,Returning
ORD-15305,178.1,Books,VIP
ORD-15306,65.42,Fashion,New
ORD-15307,50.06,Fashion,Returning
ORD-15308,135.72,Electronics,New
ORD-15309,92.56,Fashion,New
ORD-15310,33.47,Fitness,New
ORD-15311,32.45,Electronics,Returning
ORD-15312,81.06,Home & Kitchen,New
ORD-15313,54.25,Fashion,Returning
ORD-15314,59.39,Home & Kitchen,New
ORD-15315,114.84,Home & Kitchen,Returning
ORD-15316,95.15,Home & Kitchen,New
ORD-15317,134.01,Fashion,New
ORD-15318,18.94,Home & Kitchen,Returning
ORD-15319,70.25,Home & Kitchen,New
ORD-15320,91.54,Home & Kitchen,New
ORD-15321,24.14,Home & Kitchen,Returning
ORD-15322,40.73,Fitness,Returning
ORD-15323,36.44,Electronics,Returning
ORD-15324,61.13,Electronics,New
ORD-15325,160.25,Books,New
ORD-15326,203.07,Electronics,New
ORD-15327,37.02,Books,New
ORD-15328,82.76,Home & Kitchen,New
ORD-15329,84.38,Books,New
ORD-15330,76.14,Home & Kitchen,New
ORD-15331,76.66,Fitness,Returning
ORD-15332,72.4,Home & Kitchen,New
ORD-15333,166.09,Fashion,New
ORD-15334,116.92,Fashion,New
ORD-15335,31.94,Electronics,New
ORD-15336,97.26,Fashion,Returning
ORD-15337,103.07,Books,New
ORD-15338,72.89,Fashion,New
ORD-15339,118.97,Fitness,VIP
ORD-15340,67.55,Fashion,New
ORD-15341,68.05,Fashion,New
ORD-15342,64.89,Books,Returning
ORD-15343,17.98,Electronics,Returning
ORD-15344,57.5,Home & Kitchen,VIP
ORD-15345,40.41,Fashion,VIP
ORD-15346,29.61,Electronics,Returning
ORD-15347,142.65,Electronics,New
ORD-15348,81.66,Home & Kitchen,Returning
ORD-15349,59.27,Electronics,New
ORD-15350,43.0,Fitness,Returning
ORD-15351,72.07,Home & Kitchen,VIP
ORD-15352,109.38,Electronics,New
ORD-15353,36.74,Fashion,VIP
ORD-15354,60.17,Electronics,Returning
ORD-15355,101.58,Fitness,New
ORD-15356,18.89,Fashion,VIP
ORD-15357,58.29,Electronics,Returning
ORD-15358,46.64,Fashion,New
ORD-15359,55.68,Fashion,Returning
ORD-15360,44.66,Home & Kitchen,New
ORD-15361,65.53,Electronics,New
ORD-15362,191.36,Electronics,Returning
ORD-15363,49.68,Fashion,VIP
ORD-15364,71.88,Home & Kitchen,Returning
ORD-15365,199.71,Home & Kitchen,Returning
ORD-15366,43.38,Fashion,Returning
ORD-15367,179.25,Electronics,New
ORD-15368,60.53,Home & Kitchen,Returning
ORD-15369,175.76,Electronics,Returning
ORD-15370,94.64,Home & Kitchen,New
ORD-15371,72.55,Fashion,New
ORD-15372,58.01,Electronics,Returning
ORD-15373,41.5,Fashion,VIP
ORD-15374,63.15,Electronics,VIP
ORD-15375,103.38,Home & Kitchen,Returning
ORD-15376,59.87,Electronics,Returning
ORD-15377,49.9,Fashion,Returning
ORD-15378,51.91,Fashion,VIP
ORD-15379,109.45,Electronics,Returning
ORD-15380,125.85,Home & Kitchen,VIP
ORD-15381,40.44,Fitness,VIP
ORD-15382,40.4,Books,New
ORD-15383,75.76,Electronics,VIP
ORD-15384,150.89,Electronics,Returning
ORD-15385,120.01,Fashion,New
ORD-15386,28.47,Fitness,New
ORD-15387,51.5,Fashion,Returning
ORD-15388,34.52,Fashion,New
ORD-15389,51.39,Home & Kitchen,New
ORD-15390,158.01,Electronics,Returning
ORD-15391,25.7,Fashion,New
ORD-15392,22.84,Fashion,New
ORD-15393,36.7,Home & Kitchen,Returning
ORD-15394,71.69,Home & Kitchen,New
ORD-15395,87.57,Fashion,Returning
ORD-15396,78.45,Home & Kitchen,New
ORD-15397,122.17,Fashion,VIP
ORD-15398,20.95,Electronics,New
ORD-15399,123.1,Fitness,Returning
ORD-15400,50.04,Fitness,Returning
ORD-15401,93.59,Books,VIP
ORD-15402,27.27,Home & Kitchen,Returning
ORD-15403,60.52,Electronics,Returning
ORD-15404,69.53,Fashion,New
ORD-15405,120.72,Fashion,Returning
ORD-15406,23.31,Electronics,Returning
ORD-15407,61.46,Fashion,Returning
ORD-15408,31.46,Fashion,New
ORD-15409,81.72,Electronics,Returning
ORD-15410,96.19,Fitness,Returning
ORD-15411,130.62,Electronics,Returning
ORD-15412,43.77,Fashion,Returning
ORD-15413,105.25,Fitness,New
ORD-15414,136.53,Home & Kitchen,Returning
ORD-15415,22.51,Electronics,New
ORD-15416,87.13,Home & Kitchen,Returning
ORD-15417,107.24,Fitness,Returning
ORD-15418,51.66,Fitness,New
ORD-15419,29.18,Fashion,New
ORD-15420,106.25,Electronics,Returning
ORD-15421,29.38,Home & Kitchen,Returning
ORD-15422,54.22,Electronics,New
ORD-15423,58.9,Fitness,New
ORD-15424,92.7,Home & Kitchen,New
ORD-15425,41.43,Fitness,Returning
ORD-15426,40.01,Books,New
ORD-15427,64.03,Home & Kitchen,Returning
ORD-15428,110.37,Books,Returning
ORD-15429,238.05,Home & Kitchen,Returning
ORD-15430,24.42,Electronics,VIP
ORD-15431,72.91,Fitness,Returning
ORD-15432,31.44,Home & Kitchen,Returning
ORD-15433,111.2,Books,Returning
ORD-15434,34.36,Electronics,Returning
ORD-15435,40.25,Fashion,Returning
ORD-15436,42.37,Fitness,New
ORD-15437,57.64,Electronics,VIP
ORD-15438,73.25,Home & Kitchen,New
ORD-15439,80.66,Fashion,VIP
ORD-15440,60.13,Electronics,New
ORD-15441,27.17,Electronics,Returning
ORD-15442,93.38,Fitness,VIP
ORD-15443,58.45,Electronics,Returning
ORD-15444,121.15,Home & Kitchen,Returning
ORD-15445,39.46,Home & Kitchen,New
ORD-15446,23.07,Home & Kitchen,New
ORD-15447,59.12,Fashion,New
ORD-15448,131.31,Electronics,Returning
ORD-15449,66.46,Fitness,New
ORD-15450,53.53,Electronics,New
ORD-15451,35.79,Fashion,New
ORD-15452,173.24,Books,VIP
ORD-15453,32.53,Fashion,Returning
ORD-15454,39.05,Fashion,New
ORD-15455,84.95,Books,VIP
ORD-15456,19.81,Electronics,Returning
ORD-15457,129.64,Electronics,New
ORD-15458,87.75,Fashion,New
ORD-15459,103.5,Fitness,VIP
ORD-15460,84.34,Fitness,New
ORD-15461,54.78,Fitness,New
ORD-15462,31.88,Books,VIP
ORD-15463,55.48,Electronics,Returning
ORD-15464,33.61,Home & Kitchen,Returning
ORD-15465,80.78,Electronics,Returning
ORD-15466,97.91,Books,Returning
ORD-15467,146.36,Books,New
ORD-15468,75.42,Fashion,Returning
ORD-15469,105.08,Fitness,New
ORD-15470,50.49,Home & Kitchen,New
ORD-15471,45.29,Electronics,VIP
ORD-15472,80.17,Home & Kitchen,New
ORD-15473,47.85,Books,New
ORD-15474,70.92,Fashion,New
ORD-15475,31.92,Electronics,Returning
ORD-15476,35.55,Books,VIP
ORD-15477,88.34,Fashion,New
ORD-15478,102.72,Fashion,New
ORD-15479,33.4,Home & Kitchen,Returning
ORD-15480,90.23,Home & Kitchen,Returning
ORD-15481,43.83,Fashion,New
ORD-15482,60.94,Electronics,New
ORD-15483,141.2,Fitness,Returning
ORD-15484,97.95,Fashion,New
ORD-15485,97.27,Home & Kitchen,Returning
ORD-15486,189.67,Fitness,New
ORD-15487,39.55,Electronics,Returning
ORD-15488,33.4,Fitness,Returning
ORD-15489,39.12,Fitness,Returning
ORD-15490,51.8,Books,Returning
ORD-15491,14.69,Electronics,New
ORD-15492,53.28,Fashion,New
ORD-15493,43.52,Home & Kitchen,Returning
ORD-15494,96.57,Books,Returning
ORD-15495,74.55,Books,Returning
ORD-15496,42.08,Fashion,New
ORD-15497,85.97,Fashion,Returning
ORD-15498,93.13,Electronics,New
ORD-15499,38.05,Home & Kitchen,New
ORD-15500,44.89,Fitness,New
ORD-15501,15.88,Fitness,VIP
ORD-15502,31.36,Fashion,Returning
ORD-15503,38.65,Books,Returning
ORD-15504,63.09,Electronics,Returning
ORD-15505,34.22,Fashion,New
ORD-15506,44.34,Home & Kitchen,New
ORD-15507,28.93,Fashion,New
ORD-15508,66.86,Fitness,New
ORD-15509,77.9,Home & Kitchen,Returning
ORD-15510,76.82,Electronics,New
ORD-15511,60.79,Electronics,Returning
ORD-15512,23.94,Fashion,Returning
ORD-15513,41.6,Home & Kitchen,VIP
ORD-15514,47.26,Fashion,New
ORD-15515,47.37,Fashion,Returning
ORD-15516,63.12,Electronics,New
ORD-15517,141.93,Fitness,New
ORD-15518,98.22,Fashion,Returning
ORD-15519,33.36,Fashion,New
ORD-15520,90.65,Fashion,Returning
ORD-15521,88.6,Fashion,Returning
ORD-15522,37.2,Fashion,New
ORD-15523,100.42,Electronics,VIP
ORD-15524,54.8,Home & Kitchen,New
ORD-15525,25.89,Fashion,VIP
ORD-15526,79.29,Fashion,Returning
ORD-15527,68.73,Books,New
ORD-15528,52.64,Fashion,New
ORD-15529,59.0,Fashion,New
ORD-15530,39.19,Fashion,Returning
ORD-15531,87.01,Fashion,New
ORD-15532,58.79,Electronics,Returning
ORD-15533,66.68,Fitness,New
ORD-15534,74.76,Fashion,VIP
ORD-15535,30.18,Home & Kitchen,New
ORD-15536,35.28,Books,Returning
ORD-15537,16.02,Electronics,Returning
ORD-15538,84.68,Home & Kitchen,New
ORD-15539,29.16,Electronics,New
ORD-15540,65.34,Fashion,Returning
ORD-15541,75.38,Fitness,Returning
ORD-15542,86.61,Electronics,Returning
ORD-15543,29.3,Books,New
ORD-15544,58.03,Home & Kitchen,VIP
ORD-15545,164.38,Fashion,VIP
ORD-15546,168.78,Electronics,Returning
ORD-15547,109.11,Home & Kitchen,New
ORD-15548,73.88,Fashion,New
ORD-15549,33.01,Electronics,VIP
ORD-15550,92.87,Fashion,Returning
ORD-15551,54.88,Electronics,Returning
ORD-15552,84.46,Books,VIP
ORD-15553,41.28,Fashion,New
ORD-15554,54.39,Fashion,Returning
ORD-15555,66.59,Fitness,Returning
ORD-15556,69.95,Home & Kitchen,Returning
ORD-15557,81.14,Fitness,Returning
ORD-15558,42.63,Books,Returning
ORD-15559,26.95,Electronics,New
ORD-15560,159.95,Fashion,VIP
ORD-15561,268.69,Home & Kitchen,Returning
ORD-15562,78.92,Electronics,New
ORD-15563,27.27,Home & Kitchen,VIP
ORD-15564,37.94,Electronics,New
ORD-15565,81.9,Books,New
ORD-15566,134.92,Home & Kitchen,VIP
ORD-15567,29.14,Home & Kitchen,Returning
ORD-15568,56.0,Fashion,VIP
ORD-15569,67.87,Books,VIP
ORD-15570,101.37,Home & Kitchen,Returning
ORD-15571,49.1,Fitness,New
ORD-15572,23.61,Fitness,Returning
ORD-15573,87.59,Electronics,Returning
ORD-15574,118.5,Electronics,Returning
ORD-15575,57.42,Electronics,Returning
ORD-15576,76.95,Home & Kitchen,New
ORD-15577,45.39,Home & Kitchen,New
ORD-15578,36.33,Fashion,Returning
ORD-15579,111.7,Books,Returning
ORD-15580,76.13,Electronics,Returning
ORD-15581,80.98,Fitness,New
ORD-15582,148.6,Fashion,New
ORD-15583,32.04,Fashion,Returning
ORD-15584,43.33,Electronics,New
ORD-15585,66.34,Home & Kitchen,Returning
ORD-15586,43.01,Fitness,Returning
ORD-15587,96.53,Fashion,New
ORD-15588,53.92,Fashion,Returning
ORD-15589,33.26,Home & Kitchen,VIP
ORD-15590,62.77,Fashion,New
ORD-15591,66.83,Home & Kitchen,New
ORD-15592,105.72,Fashion,New
ORD-15593,76.39,Fitness,Returning
ORD-15594,79.57,Home & Kitchen,VIP
ORD-15595,73.13,Electronics,Returning
ORD-15596,53.9,Fitness,VIP
ORD-15597,39.26,Fashion,Returning
ORD-15598,71.76,Books,New
ORD-15599,49.41,Home & Kitchen,New
ORD-15600,166.32,Electronics,Returning
ORD-15601,135.0,Home & Kitchen,Returning
ORD-15602,88.21,Electronics,Returning
ORD-15603,75.72,Fitness,Returning
ORD-15604,57.24,Books,New
ORD-15605,28.31,Home & Kitchen,New
ORD-15606,53.0,Fashion,Returning
ORD-15607,64.13,Home & Kitchen,Returning
ORD-15608,69.25,Fashion,Returning
ORD-15609,79.98,Electronics,New
ORD-15610,104.88,Books,VIP
ORD-15611,39.83,Fashion,New
ORD-15612,40.05,Fashion,New
ORD-15613,144.1,Electronics,Returning
ORD-15614,95.83,Books,VIP
ORD-15615,47.73,Books,VIP
ORD-15616,56.58,Fashion,New
ORD-15617,56.73,Fashion,New
ORD-15618,61.49,Fitness,Returning
ORD-15619,80.13,Fashion,Returning
ORD-15620,276.16,Books,Returning
ORD-15621,67.62,Books,New
ORD-15622,89.8,Fitness,Returning
ORD-15623,21.94,Electronics,New
ORD-15624,45.11,Home & Kitchen,New
ORD-15625,126.13,Books,Returning
ORD-15626,76.81,Fashion,New
ORD-15627,4.33,Fitness,Returning
ORD-15628,90.42,Fashion,Returning
ORD-15629,190.74,Books,New
ORD-15630,18.22,Home & Kitchen,New
ORD-15631,150.15,Electronics,VIP
ORD-15632,11.44,Fashion,Returning
ORD-15633,105.93,Electronics,VIP
ORD-15634,60.03,Fashion,New
ORD-15635,14.73,Books,Returning
ORD-15636,78.86,Electronics,VIP
ORD-15637,120.36,Books,New
ORD-15638,75.06,Electronics,New
ORD-15639,85.7,Home & Kitchen,VIP
ORD-15640,47.13,Books,New
ORD-15641,19.75,Home & Kitchen,New
ORD-15642,91.39,Fitness,VIP
ORD-15643,172.41,Books,New
ORD-15644,118.84,Home & Kitchen,Returning
ORD-15645,18.31,Fitness,Returning
ORD-15646,24.31,Electronics,Returning
ORD-15647,36.32,Fashion,New
ORD-15648,23.2,Fashion,New
ORD-15649,61.96,Fitness,Returning
ORD-15650,76.41,Home & Kitchen,Returning
ORD-15651,25.58,Home & Kitchen,New
ORD-15652,96.19,Books,New
ORD-15653,86.54,Electronics,Returning
ORD-15654,43.43,Books,New
ORD-15655,54.41,Electronics,Returning
ORD-15656,18.73,Fashion,VIP
ORD-15657,49.43,Home & Kitchen,New
ORD-15658,60.61,Fashion,VIP
ORD-15659,66.77,Home & Kitchen,Returning
ORD-15660,75.74,Fitness,Returning
ORD-15661,69.86,Fitness,VIP
ORD-15662,51.49,Electronics,New
ORD-15663,71.64,Electronics,VIP
ORD-15664,110.08,Electronics,New
ORD-15665,56.98,Fashion,Returning
ORD-15666,73.01,Electronics,Returning
ORD-15667,53.96,Fashion,New
ORD-15668,40.93,Fitness,Returning
ORD-15669,82.58,Books,Returning
ORD-15670,43.24,Fitness,Returning
ORD-15671,76.07,Electronics,Returning
ORD-15672,61.37,Home & Kitchen,New
ORD-15673,50.28,Electronics,New
ORD-15674,49.56,Fashion,New
ORD-15675,44.48,Fashion,VIP
ORD-15676,22.48,Books,Returning
ORD-15677,75.92,Home & Kitchen,Returning
ORD-15678,69.33,Fashion,Returning
ORD-15679,100.46,Home & Kitchen,Returning
ORD-15680,43.87,Books,New
ORD-15681,188.15,Electronics,New
ORD-15682,48.05,Fitness,Returning
ORD-15683,35.69,Electronics,New
ORD-15684,33.24,Electronics,VIP
ORD-15685,21.32,Fitness,New
ORD-15686,151.35,Electronics,Returning
ORD-15687,137.36,Home & Kitchen,New
ORD-15688,86.53,Electronics,Returning
ORD-15689,35.25,Home & Kitchen,VIP
ORD-15690,178.89,Home & Kitchen,New
ORD-15691,48.86,Fitness,New
ORD-15692,51.35,Fitness,Returning
ORD-15693,142.93,Home & Kitchen,New
ORD-15694,89.6,Fashion,New
ORD-15695,226.03,Electronics,Returning
ORD-15696,70.05,Home & Kitchen,New
ORD-15697,47.55,Fashion,New
ORD-15698,41.8,Electronics,New
ORD-15699,19.92,Books,Returning
ORD-15700,51.05,Fashion,VIP
ORD-15701,119.91,Electronics,New
ORD-15702,86.43,Books,New
ORD-15703,61.08,Home & Kitchen,Returning
ORD-15704,33.22,Home & Kitchen,Returning
ORD-15705,69.14,Electronics,New
ORD-15706,110.8,Fashion,Returning
ORD-15707,78.13,Home & Kitchen,Returning
ORD-15708,66.69,Fashion,New
ORD-15709,37.41,Home & Kitchen,New
ORD-15710,101.53,Electronics,Returning
ORD-15711,9.22,Electronics,New
ORD-15712,75.92,Electronics,New
ORD-15713,282.08,Fashion,Returning
ORD-15714,24.41,Electronics,New
ORD-15715,52.21,Fitness,New
ORD-15716,60.05,Home & Kitchen,New
ORD-15717,45.72,Electronics,VIP
ORD-15718,112.37,Home & Kitchen,Returning
ORD-15719,80.12,Electronics,New
ORD-15720,66.11,Fashion,New
ORD-15721,97.35,Fitness,VIP
ORD-15722,60.95,Home & Kitchen,Returning
ORD-15723,406.64,Home & Kitchen,Returning
ORD-15724,66.08,Fashion,New
ORD-15725,67.84,Electronics,New
ORD-15726,21.62,Fitness,New
ORD-15727,43.55,Home & Kitchen,Returning
ORD-15728,120.11,Home & Kitchen,VIP
ORD-15729,27.08,Books,New
ORD-15730,16.53,Fashion,Returning
ORD-15731,61.52,Fitness,VIP
ORD-15732,137.34,Home & Kitchen,VIP
ORD-15733,61.89,Electronics,Returning
ORD-15734,49.32,Electronics,New
ORD-15735,19.78,Home & Kitchen,VIP
ORD-15736,79.15,Fashion,New
ORD-15737,89.73,Home & Kitchen,New
ORD-15738,20.72,Home & Kitchen,New
ORD-15739,119.19,Fashion,Returning
ORD-15740,95.53,Fashion,New
ORD-15741,119.03,Home & Kitchen,Returning
ORD-15742,85.64,Fashion,VIP
ORD-15743,89.32,Fitness,Returning
ORD-15744,82.47,Electronics,VIP
ORD-15745,101.6,Books,VIP
ORD-15746,20.26,Electronics,Returning
ORD-15747,24.52,Electronics,Returning
ORD-15748,38.8,Home & Kitchen,VIP
ORD-15749,55.82,Electronics,Returning
ORD-15750,76.16,Fashion,New
ORD-15751,73.32,Electronics,VIP
ORD-15752,117.95,Home & Kitchen,Returning
ORD-15753,120.19,Home & Kitchen,VIP
ORD-15754,35.75,Electronics,New
ORD-15755,69.63,Fashion,New
ORD-15756,36.28,Electronics,Returning
ORD-15757,53.9,Books,Returning
ORD-15758,73.19,Electronics,New
ORD-15759,7.81,Home & Kitchen,VIP
ORD-15760,256.4,Fashion,Returning
ORD-15761,84.76,Home & Kitchen,New
ORD-15762,42.21,Books,Returning
ORD-15763,191.79,Fashion,New
ORD-15764,48.99,Home & Kitchen,Returning
ORD-15765,65.33,Fashion,New
ORD-15766,45.05,Home & Kitchen,New
ORD-15767,162.58,Fashion,VIP
ORD-15768,56.66,Electronics,New
ORD-15769,66.0,Electronics,Returning
ORD-15770,124.25,Electronics,Returning
ORD-15771,85.72,Books,New
ORD-15772,58.4,Fitness,VIP
ORD-15773,117.48,Electronics,New
ORD-15774,276.74,Fashion,Returning
ORD-15775,73.0,Home & Kitchen,Returning
ORD-15776,64.72,Fashion,Returning
ORD-15777,66.84,Fashion,New
ORD-15778,132.46,Home & Kitchen,Returning
ORD-15779,42.12,Electronics,VIP
ORD-15780,51.06,Fashion,Returning
ORD-15781,23.99,Electronics,Returning
ORD-15782,29.66,Electronics,New
ORD-15783,44.23,Home & Kitchen,New
ORD-15784,58.35,Home & Kitchen,Returning
ORD-15785,174.42,Books,New
ORD-15786,83.23,Electronics,Returning
ORD-15787,34.91,Home & Kitchen,New
ORD-15788,38.99,Books,New
ORD-15789,137.67,Home & Kitchen,New
ORD-15790,118.62,Books,New
ORD-15791,61.37,Books,Returning
ORD-15792,46.27,Fitness,Returning
ORD-15793,118.51,Books,New
ORD-15794,33.25,Home & Kitchen,New
ORD-15795,76.34,Fashion,New
ORD-15796,235.94,Books,Returning
ORD-15797,68.25,Fitness,New
ORD-15798,37.89,Electronics,Returning
ORD-15799,77.19,Fashion,Returning
ORD-15800,45.51,Fashion,New
ORD-15801,26.14,Fitness,New
ORD-15802,91.89,Electronics,New
ORD-15803,118.0,Fashion,New
ORD-15804,50.07,Fashion,New
ORD-15805,48.12,Electronics,VIP
ORD-15806,33.89,Books,New
ORD-15807,55.15,Fashion,New
ORD-15808,43.06,Electronics,Returning
ORD-15809,32.9,Fashion,VIP
ORD-15810,187.79,Fitness,Returning
ORD-15811,79.83,Home & Kitchen,Returning
ORD-15812,85.07,Fashion,New
ORD-15813,102.52,Fashion,Returning
ORD-15814,95.83,Books,Returning
ORD-15815,47.09,Fitness,Returning
ORD-15816,71.06,Home & Kitchen,New
ORD-15817,51.35,Fashion,New
ORD-15818,78.5,Books,Returning
ORD-15819,74.07,Home & Kitchen,New
ORD-15820,47.96,Fashion,Returning
ORD-15821,27.18,Books,New
ORD-15822,65.87,Fitness,Returning
ORD-15823,53.38,Home & Kitchen,New
ORD-15824,19.41,Fitness,VIP
ORD-15825,81.83,Fashion,Returning
ORD-15826,107.68,Fashion,Returning
ORD-15827,275.07,Electronics,New
ORD-15828,47.72,Home & Kitchen,Returning
ORD-15829,43.67,Fashion,New
ORD-15830,31.01,Fashion,New
ORD-15831,68.39,Books,New
ORD-15832,68.13,Electronics,New
ORD-15833,37.09,Fitness,Returning
ORD-15834,54.33,Fashion,New
ORD-15835,18.41,Electronics,Returning
ORD-15836,105.2,Electronics,VIP
ORD-15837,38.0,Fashion,Returning
ORD-15838,59.1,Fashion,New
ORD-15839,25.64,Fashion,Returning
ORD-15840,42.55,Home & Kitchen,Returning
ORD-15841,51.02,Fashion,New
ORD-15842,59.93,Electronics,New
ORD-15843,80.47,Fashion,New
ORD-15844,143.09,Electronics,New
ORD-15845,93.66,Electronics,New
ORD-15846,107.48,Electronics,New
ORD-15847,143.69,Home & Kitchen,Returning
ORD-15848,84.93,Home & Kitchen,Returning
ORD-15849,59.03,Fitness,New
ORD-15850,110.55,Fitness,VIP
ORD-15851,114.87,Fashion,New
ORD-15852,89.04,Fashion,New
ORD-15853,25.21,Electronics,New
ORD-15854,36.42,Home & Kitchen,New
ORD-15855,51.17,Fashion,Returning
ORD-15856,96.33,Fashion,New
ORD-15857,59.57,Books,VIP
ORD-15858,119.36,Electronics,VIP
ORD-15859,132.84,Electronics,New
ORD-15860,123.9,Books,Returning
ORD-15861,124.38,Fashion,Returning
ORD-15862,32.39,Fashion,Returning
ORD-15863,80.61,Electronics,New
ORD-15864,41.91,Fashion,Returning
ORD-15865,22.43,Books,New
ORD-15866,50.78,Home & Kitchen,New
ORD-15867,133.6,Fashion,VIP
ORD-15868,79.55,Fashion,New
ORD-15869,202.49,Fashion,New
ORD-15870,67.11,Home & Kitchen,New
ORD-15871,262.09,Fashion,VIP
ORD-15872,67.12,Electronics,New
ORD-15873,61.16,Home & Kitchen,New
ORD-15874,28.0,Fitness,Returning
ORD-15875,117.49,Books,New
ORD-15876,44.64,Fitness,New
ORD-15877,40.93,Fashion,Returning
ORD-15878,130.16,Fitness,VIP
ORD-15879,120.9,Books,Returning
ORD-15880,119.01,Electronics,New
ORD-15881,48.55,Fashion,New
ORD-15882,58.52,Electronics,Returning
ORD-15883,58.21,Books,New
ORD-15884,96.5,Books,Returning
ORD-15885,153.26,Fitness,Returning
ORD-15886,75.26,Fashion,VIP
ORD-15887,197.34,Books,New
ORD-15888,103.37,Electronics,VIP
ORD-15889,52.41,Electronics,New
ORD-15890,99.21,Home & Kitchen,Returning
ORD-15891,167.93,Fitness,New
ORD-15892,200.13,Fitness,Returning
ORD-15893,122.99,Fashion,New
ORD-15894,61.28,Fashion,New
ORD-15895,52.98,Fashion,New
ORD-15896,85.25,Electronics,New
ORD-15897,164.74,Fitness,VIP
ORD-15898,78.28,Fashion,Returning
ORD-15899,79.26,Electronics,Returning
ORD-15900,62.23,Fashion,Returning
ORD-15901,49.56,Home & Kitchen,New
ORD-15902,54.75,Fitness,New
ORD-15903,65.45,Electronics,New
ORD-15904,169.16,Electronics,Returning
ORD-15905,52.26,Books,Returning
ORD-15906,62.28,Home & Kitchen,New
ORD-15907,35.9,Fashion,New
ORD-15908,92.76,Electronics,New
ORD-15909,137.0,Books,Returning
ORD-15910,159.92,Home & Kitchen,New
ORD-15911,68.17,Electronics,New
ORD-15912,85.17,Electronics,New
ORD-15913,55.03,Electronics,New
ORD-15914,82.83,Electronics,Returning
ORD-15915,72.85,Electronics,VIP
ORD-15916,62.49,Electronics,New
ORD-15917,65.54,Electronics,New
ORD-15918,79.13,Fashion,New
ORD-15919,50.58,Fashion,Returning
ORD-15920,52.17,Fashion,Returning
ORD-15921,168.08,Fitness,Returning
ORD-15922,306.84,Fashion,Returning
ORD-15923,29.29,Fitness,VIP
ORD-15924,28.34,Books,New
ORD-15925,33.98,Books,New
ORD-15926,56.71,Electronics,New
ORD-15927,103.28,Electronics,Returning
ORD-15928,86.03,Home & Kitchen,New
ORD-15929,66.9,Electronics,VIP
ORD-15930,82.88,Electronics,Returning
ORD-15931,39.84,Electronics,VIP
ORD-15932,52.12,Home & Kitchen,VIP
ORD-15933,59.62,Fitness,Returning
ORD-15934,23.32,Fashion,VIP
ORD-15935,30.06,Books,Returning
ORD-15936,30.79,Fitness,New
ORD-15937,95.44,Electronics,Returning
ORD-15938,69.91,Fashion,VIP
ORD-15939,87.06,Electronics,Returning
ORD-15940,20.01,Books,Returning
ORD-15941,24.78,Home & Kitchen,New
ORD-15942,89.83,Home & Kitchen,Returning
ORD-15943,11.39,Home & Kitchen,New
ORD-15944,125.81,Fashion,Returning
ORD-15945,20.21,Books,Returning
ORD-15946,100.08,Books,Returning
ORD-15947,35.4,Home & Kitchen,New
ORD-15948,113.22,Fashion,Returning
ORD-15949,413.6,Electronics,New
ORD-15950,15.43,Electronics,New
ORD-15951,91.58,Electronics,New
ORD-15952,20.39,Home & Kitchen,Returning
ORD-15953,77.95,Fitness,New
ORD-15954,53.3,Books,New
ORD-15955,65.23,Electronics,VIP
ORD-15956,34.92,Fashion,Returning
ORD-15957,96.38,Electronics,VIP
ORD-15958,25.3,Books,Returning
ORD-15959,127.1,Fitness,New
ORD-15960,47.2,Fashion,Returning
ORD-15961,26.01,Home & Kitchen,New
ORD-15962,157.11,Home & Kitchen,VIP
ORD-15963,57.95,Fashion,New
ORD-15964,189.54,Electronics,Returning
ORD-15965,125.56,Fashion,Returning
ORD-15966,37.38,Electronics,Returning
ORD-15967,57.34,Home & Kitchen,New
ORD-15968,64.89,Fashion,Returning
ORD-15969,150.77,Home & Kitchen,New
ORD-15970,78.45,Home & Kitchen,Returning
ORD-15971,67.07,Fashion,New
ORD-15972,53.52,Books,New
ORD-15973,58.54,Fashion,Returning
ORD-15974,131.99,Home & Kitchen,Returning
ORD-15975,60.47,Electronics,Returning
ORD-15976,47.61,Home & Kitchen,Returning
ORD-15977,43.0,Fashion,New
ORD-15978,43.28,Electronics,Returning
ORD-15979,26.02,Electronics,New
ORD-15980,38.47,Home & Kitchen,Returning
ORD-15981,148.27,Home & Kitchen,New
ORD-15982,53.31,Home & Kitchen,New
ORD-15983,92.08,Fashion,Returning
ORD-15984,13.64,Home & Kitchen,VIP
ORD-15985,84.86,Home & Kitchen,VIP
ORD-15986,54.77,Electronics,Returning
ORD-15987,45.2,Fashion,New
ORD-15988,67.26,Fashion,New
ORD-15989,44.81,Fitness,New
ORD-15990,16.87,Fashion,Returning
ORD-15991,104.94,Fashion,New
ORD-15992,69.81,Books,VIP
ORD-15993,49.98,Fitness,New
ORD-15994,33.79,Electronics,New
ORD-15995,24.98,Books,Returning
ORD-15996,69.02,Electronics,New
ORD-15997,158.87,Fitness,New
ORD-15998,68.16,Electronics,Returning
ORD-15999,26.32,Fashion,VIP
ORD-16000,69.07,Books,New
ORD-16001,58.44,Electronics,New
ORD-16002,101.33,Fitness,New
ORD-16003,86.84,Fashion,Returning
ORD-16004,10.06,Electronics,New
ORD-16005,83.69,Books,Returning
ORD-16006,33.05,Fashion,Returning
ORD-16007,25.71,Fitness,VIP
ORD-16008,53.89,Fitness,Returning
ORD-16009,77.21,Electronics,Returning
ORD-16010,22.55,Fashion,Returning
ORD-16011,92.09,Fashion,New
ORD-16012,95.39,Fashion,New
ORD-16013,62.07,Electronics,Returning
ORD-16014,35.85,Fashion,New
ORD-16015,33.53,Fitness,New
ORD-16016,111.67,Electronics,New
ORD-16017,24.37,Home & Kitchen,New
ORD-16018,114.28,Fashion,New
ORD-16019,54.65,Electronics,Returning
ORD-16020,56.97,Electronics,Returning
ORD-16021,21.65,Electronics,New
ORD-16022,55.26,Home & Kitchen,Returning
ORD-16023,87.2,Electronics,New
ORD-16024,27.06,Fitness,VIP
ORD-16025,81.38,Fitness,Returning
ORD-16026,63.65,Electronics,Returning
ORD-16027,41.01,Fitness,Returning
ORD-16028,100.77,Books,Returning
ORD-16029,16.1,Electronics,New
ORD-16030,74.29,Books,New
ORD-16031,159.44,Fashion,VIP
ORD-16032,143.16,Home & Kitchen,VIP
ORD-16033,76.24,Electronics,Returning
ORD-16034,50.35,Fitness,Returning
ORD-16035,41.2,Fitness,New
ORD-16036,50.31,Books,Returning
ORD-16037,83.62,Books,Returning
ORD-16038,37.18,Electronics,New
ORD-16039,95.05,Home & Kitchen,VIP
ORD-16040,217.0,Fashion,Returning
ORD-16041,58.14,Electronics,VIP
ORD-16042,26.93,Electronics,Returning
ORD-16043,26.93,Books,New
ORD-16044,96.15,Home & Kitchen,Returning
ORD-16045,58.22,Electronics,New
ORD-16046,102.11,Books,VIP
ORD-16047,43.81,Fitness,New
ORD-16048,99.32,Fashion,Returning
ORD-16049,54.87,Fashion,Returning
ORD-16050,38.88,Home & Kitchen,New
ORD-16051,47.44,Home & Kitchen,New
ORD-16052,29.42,Fashion,Returning
ORD-16053,199.06,Fashion,New
ORD-16054,56.95,Electronics,VIP
ORD-16055,88.83,Fashion,New
ORD-16056,43.72,Fashion,New
ORD-16057,32.1,Fashion,New
ORD-16058,52.44,Fashion,New
ORD-16059,116.83,Home & Kitchen,New
ORD-16060,44.15,Fashion,VIP
ORD-16061,35.79,Fashion,Returning
ORD-16062,66.24,Electronics,VIP
ORD-16063,81.4,Books,New
ORD-16064,161.69,Electronics,New
ORD-16065,74.61,Fashion,New
ORD-16066,88.8,Electronics,Returning
ORD-16067,92.9,Home & Kitchen,New
ORD-16068,30.21,Fashion,New
ORD-16069,33.85,Fashion,Returning
ORD-16070,31.49,Fitness,New
ORD-16071,27.13,Fitness,Returning
ORD-16072,97.25,Fashion,Returning
ORD-16073,71.81,Fashion,Returning
ORD-16074,63.29,Books,New
ORD-16075,12.74,Books,Returning
ORD-16076,207.12,Home & Kitchen,New
ORD-16077,35.28,Fitness,New
ORD-16078,206.66,Fitness,New
ORD-16079,25.29,Books,New
ORD-16080,37.06,Electronics,Returning
ORD-16081,16.09,Books,Returning
ORD-16082,74.98,Home & Kitchen,Returning
ORD-16083,31.16,Home & Kitchen,New
ORD-16084,31.7,Fashion,New
ORD-16085,26.48,Fashion,New
ORD-16086,96.2,Fitness,VIP
ORD-16087,92.47,Home & Kitchen,New
ORD-16088,178.97,Electronics,New
ORD-16089,39.99,Home & Kitchen,New
ORD-16090,68.81,Electronics,Returning
ORD-16091,27.84,Fashion,New
ORD-16092,49.35,Home & Kitchen,New
ORD-16093,44.2,Home & Kitchen,Returning
ORD-16094,79.73,Electronics,Returning
ORD-16095,111.08,Electronics,Returning
ORD-16096,109.36,Fashion,VIP
ORD-16097,36.39,Home & Kitchen,VIP
ORD-16098,109.85,Books,Returning
ORD-16099,58.77,Fitness,VIP
ORD-16100,49.66,Home & Kitchen,Returning
ORD-16101,39.44,Fashion,New
ORD-16102,43.12,Electronics,Returning
ORD-16103,171.64,Fitness,Returning
ORD-16104,72.56,Fashion,Returning
ORD-16105,67.0,Electronics,Returning
ORD-16106,51.56,Fashion,Returning
ORD-16107,261.8,Home & Kitchen,VIP
ORD-16108,132.03,Fashion,New
ORD-16109,39.15,Electronics,Returning
ORD-16110,51.2,Home & Kitchen,Returning
ORD-16111,53.06,Electronics,VIP
ORD-16112,65.86,Fashion,New
ORD-16113,39.62,Fitness,New
ORD-16114,78.52,Books,New
ORD-16115,144.21,Fashion,New
ORD-16116,27.44,Electronics,New
ORD-16117,30.66,Fashion,New
ORD-16118,45.16,Fashion,New
ORD-16119,46.43,Fitness,VIP
ORD-16120,200.15,Home & Kitchen,New
ORD-16121,110.06,Fashion,New
ORD-16122,106.33,Fitness,Returning
ORD-16123,51.49,Fashion,New
ORD-16124,50.82,Fashion,Returning
ORD-16125,25.25,Books,Returning
ORD-16126,96.45,Electronics,New
ORD-16127,81.01,Fashion,Returning
ORD-16128,130.53,Fitness,New
ORD-16129,53.17,Fashion,New
ORD-16130,55.42,Fashion,Returning
ORD-16131,66.82,Electronics,New
ORD-16132,103.04,Fashion,Returning
ORD-16133,24.97,Fashion,Returning
ORD-16134,93.84,Fashion,New
ORD-16135,59.6,Fashion,New
ORD-16136,31.97,Fashion,Returning
ORD-16137,17.27,Home & Kitchen,New
ORD-16138,55.6,Fitness,Returning
ORD-16139,143.83,Home & Kitchen,VIP
ORD-16140,164.81,Home & Kitchen,Returning
ORD-16141,74.68,Fitness,New
ORD-16142,195.82,Electronics,New
ORD-16143,58.81,Fashion,Returning
ORD-16144,106.91,Electronics,Returning
ORD-16145,46.03,Fashion,VIP
ORD-16146,44.31,Books,Returning
ORD-16147,40.19,Fashion,New
ORD-16148,17.53,Fitness,New
ORD-16149,130.62,Electronics,VIP
ORD-16150,41.06,Fashion,Returning
ORD-16151,37.31,Fashion,VIP
ORD-16152,29.73,Electronics,Returning
ORD-16153,53.38,Fashion,VIP
ORD-16154,173.83,Home & Kitchen,Returning
ORD-16155,211.93,Fashion,VIP
ORD-16156,22.28,Fitness,VIP
ORD-16157,48.78,Books,Returning
ORD-16158,32.44,Fashion,VIP
ORD-16159,109.18,Books,Returning
ORD-16160,71.66,Electronics,Returning
ORD-16161,41.18,Fashion,Returning
ORD-16162,63.03,Fashion,Returning
ORD-16163,45.31,Home & Kitchen,Returning
ORD-16164,158.94,Fashion,Returning
ORD-16165,83.78,Home & Kitchen,New
ORD-16166,90.19,Fitness,Returning
ORD-16167,12.18,Fashion,VIP
ORD-16168,57.97,Fitness,Returning
ORD-16169,210.59,Home & Kitchen,Returning
ORD-16170,133.71,Fashion,VIP
ORD-16171,19.92,Fashion,Returning
ORD-16172,50.0,Fashion,Returning
ORD-16173,29.34,Fashion,Returning
ORD-16174,168.45,Fitness,Returning
ORD-16175,69.87,Fashion,Returning
ORD-16176,38.07,Electronics,New
ORD-16177,61.59,Fitness,New
ORD-16178,12.62,Home & Kitchen,VIP
ORD-16179,31.47,Books,VIP
ORD-16180,61.67,Fashion,New
ORD-16181,100.22,Home & Kitchen,VIP
ORD-16182,18.83,Fashion,Returning
ORD-16183,48.01,Home & Kitchen,New
ORD-16184,110.59,Fashion,Returning
ORD-16185,25.26,Electronics,New
ORD-16186,69.24,Books,New
ORD-16187,62.78,Home & Kitchen,VIP
ORD-16188,168.79,Home & Kitchen,Returning
ORD-16189,52.56,Fashion,New
ORD-16190,54.44,Home & Kitchen,Returning
ORD-16191,100.78,Electronics,Returning
ORD-16192,27.23,Fashion,Returning
ORD-16193,52.85,Electronics,New
ORD-16194,45.9,Electronics,New
ORD-16195,55.51,Electronics,Returning
ORD-16196,100.39,Fitness,Returning
ORD-16197,84.14,Electronics,VIP
ORD-16198,38.51,Fitness,New
ORD-16199,65.5,Books,VIP
ORD-16200,147.56,Electronics,VIP
ORD-16201,36.64,Home & Kitchen,New
ORD-16202,65.83,Fashion,New
ORD-16203,53.74,Books,Returning
ORD-16204,58.1,Fashion,VIP
ORD-16205,22.68,Fashion,New
ORD-16206,140.68,Fashion,New
ORD-16207,37.92,Books,Returning
ORD-16208,111.68,Electronics,Returning
ORD-16209,41.56,Fitness,New
ORD-16210,41.46,Electronics,New
ORD-16211,124.95,Home & Kitchen,New
ORD-16212,109.54,Fashion,VIP
ORD-16213,68.39,Electronics,Returning
ORD-16214,95.27,Electronics,Returning
ORD-16215,50.75,Fashion,VIP
ORD-16216,60.04,Fitness,Returning
ORD-16217,40.57,Home & Kitchen,VIP
ORD-16218,103.8,Electronics,New
ORD-16219,39.8,Fashion,New
ORD-16220,147.1,Electronics,New
ORD-16221,49.92,Home & Kitchen,New
ORD-16222,61.09,Fitness,Returning
ORD-16223,95.13,Fitness,Returning
ORD-16224,61.21,Fitness,New
ORD-16225,50.46,Fashion,Returning
ORD-16226,59.26,Fashion,Returning
ORD-16227,103.16,Fitness,Returning
ORD-16228,40.54,Electronics,New
ORD-16229,55.94,Electronics,VIP
ORD-16230,60.71,Fashion,Returning
ORD-16231,101.37,Fitness,VIP
ORD-16232,56.83,Home & Kitchen,Returning
ORD-16233,178.57,Books,Returning
ORD-16234,54.93,Fashion,New
ORD-16235,52.32,Fashion,Returning
ORD-16236,54.46,Fashion,New
ORD-16237,27.39,Fitness,VIP
ORD-16238,32.39,Electronics,New
ORD-16239,43.89,Books,New
ORD-16240,119.28,Fashion,Returning
ORD-16241,59.15,Fitness,Returning
ORD-16242,45.11,Fitness,Returning
ORD-16243,125.95,Fashion,Returning
ORD-16244,153.04,Home & Kitchen,Returning
ORD-16245,128.15,Fashion,VIP
ORD-16246,36.17,Fitness,Returning
ORD-16247,44.83,Fitness,Returning
ORD-16248,179.15,Home & Kitchen,VIP
ORD-16249,69.73,Electronics,New
ORD-16250,51.39,Books,New
ORD-16251,92.85,Books,New
ORD-16252,110.43,Home & Kitchen,Returning
ORD-16253,42.83,Books,Returning
ORD-16254,68.83,Fashion,New
ORD-16255,105.21,Fashion,New
ORD-16256,30.08,Fashion,New
ORD-16257,60.79,Electronics,Returning
ORD-16258,30.92,Fashion,New
ORD-16259,33.44,Home & Kitchen,Returning
ORD-16260,43.04,Electronics,VIP
ORD-16261,80.34,Fashion,Returning
ORD-16262,49.74,Home & Kitchen,VIP
ORD-16263,40.89,Fitness,VIP
ORD-16264,62.24,Books,Returning
ORD-16265,30.32,Fashion,Returning
ORD-16266,78.04,Fitness,Returning
ORD-16267,118.97,Electronics,Returning
ORD-16268,57.54,Electronics,New
ORD-16269,53.43,Home & Kitchen,New
ORD-16270,75.49,Fashion,Returning
ORD-16271,17.87,Fitness,VIP
ORD-16272,83.27,Fashion,Returning
ORD-16273,388.05,Electronics,New
ORD-16274,56.06,Fashion,Returning
ORD-16275,56.18,Electronics,Returning
ORD-16276,94.27,Fashion,Returning
ORD-16277,161.94,Electronics,Returning
ORD-16278,108.31,Fashion,New
ORD-16279,16.55,Fitness,New
ORD-16280,84.61,Electronics,VIP
ORD-16281,282.35,Home & Kitchen,New
ORD-16282,87.66,Home & Kitchen,VIP
ORD-16283,30.18,Fashion,New
ORD-16284,71.46,Fashion,VIP
ORD-16285,27.98,Home & Kitchen,New
ORD-16286,126.43,Fitness,Returning
ORD-16287,34.0,Electronics,Returning
ORD-16288,63.09,Fitness,Returning
ORD-16289,36.07,Electronics,Returning
ORD-16290,43.47,Fashion,New
ORD-16291,147.19,Fashion,New
ORD-16292,64.2,Electronics,New
ORD-16293,43.14,Electronics,Returning
ORD-16294,30.35,Electronics,Returning
ORD-16295,19.63,Electronics,New
ORD-16296,28.48,Home & Kitchen,Returning
ORD-16297,64.53,Electronics,New
ORD-16298,108.65,Fitness,New
ORD-16299,43.11,Fitness,New
ORD-16300,154.83,Fashion,Returning
ORD-16301,39.23,Electronics,New
ORD-16302,52.31,Fashion,VIP
ORD-16303,31.57,Fitness,Returning
ORD-16304,109.34,Fashion,Returning
ORD-16305,212.41,Electronics,New
ORD-16306,20.97,Books,Returning
ORD-16307,49.02,Fashion,VIP
ORD-16308,128.88,Fashion,Returning
ORD-16309,25.33,Fitness,New
ORD-16310,84.78,Books,New
ORD-16311,125.57,Fashion,New
ORD-16312,63.24,Fashion,New
ORD-16313,83.94,Fashion,Returning
ORD-16314,173.56,Electronics,New
ORD-16315,194.23,Fashion,Returning
ORD-16316,58.14,Electronics,Returning
ORD-16317,43.84,Home & Kitchen,Returning
ORD-16318,34.74,Fitness,VIP
ORD-16319,108.44,Books,New
ORD-16320,26.49,Fitness,New
ORD-16321,51.86,Electronics,Returning
ORD-16322,64.18,Electronics,Returning
ORD-16323,44.62,Fashion,Returning
ORD-16324,71.37,Fashion,VIP
ORD-16325,281.1,Electronics,Returning
ORD-16326,56.09,Fitness,VIP
ORD-16327,46.47,Fashion,New
ORD-16328,110.96,Electronics,New
ORD-16329,69.67,Fashion,New
ORD-16330,143.11,Books,Returning
ORD-16331,66.61,Home & Kitchen,New
ORD-16332,51.98,Electronics,New
ORD-16333,20.69,Fashion,VIP
ORD-16334,22.83,Books,New
ORD-16335,20.06,Electronics,New
ORD-16336,75.76,Home & Kitchen,New
ORD-16337,26.65,Home & Kitchen,New
ORD-16338,128.17,Home & Kitchen,New
ORD-16339,61.45,Electronics,New
ORD-16340,52.12,Books,New
ORD-16341,36.37,Fashion,Returning
ORD-16342,87.65,Electronics,New
ORD-16343,37.24,Electronics,Returning
ORD-16344,33.41,Fashion,Returning
ORD-16345,123.1,Electronics,Returning
ORD-16346,74.65,Fitness,VIP
ORD-16347,52.41,Fitness,Returning
ORD-16348,88.66,Electronics,New
ORD-16349,60.66,Fitness,New
ORD-16350,75.93,Books,New
ORD-16351,36.96,Electronics,Returning
ORD-16352,208.98,Home & Kitchen,Returning
ORD-16353,42.62,Books,New
ORD-16354,153.49,Fitness,New
ORD-16355,53.88,Fashion,VIP
ORD-16356,97.93,Fitness,Returning
ORD-16357,93.74,Home & Kitchen,New
ORD-16358,120.07,Fashion,VIP
ORD-16359,36.44,Electronics,Returning
ORD-16360,115.05,Fashion,Returning
ORD-16361,182.7,Fashion,Returning
ORD-16362,51.67,Fashion,Returning
ORD-16363,61.61,Electronics,New
ORD-16364,44.08,Fitness,VIP
ORD-16365,49.02,Home & Kitchen,Returning
ORD-16366,168.49,Fashion,Returning
ORD-16367,33.03,Electronics,Returning
ORD-16368,34.29,Electronics,VIP
ORD-16369,158.62,Electronics,New
ORD-16370,87.77,Home & Kitchen,New
ORD-16371,215.34,Electronics,Returning
ORD-16372,46.05,Books,New
ORD-16373,65.09,Fashion,Returning
ORD-16374,40.59,Electronics,Returning
ORD-16375,65.76,Fitness,New
ORD-16376,20.81,Fashion,New
ORD-16377,91.01,Fashion,Returning
ORD-16378,73.27,Electronics,New
ORD-16379,58.29,Home & Kitchen,New
ORD-16380,47.74,Fashion,New
ORD-16381,35.27,Fitness,New
ORD-16382,93.38,Home & Kitchen,Returning
ORD-16383,29.88,Fitness,VIP
ORD-16384,82.03,Home & Kitchen,Returning
ORD-16385,209.49,Fitness,Returning
ORD-16386,147.13,Home & Kitchen,New
ORD-16387,24.46,Fashion,VIP
ORD-16388,43.73,Home & Kitchen,VIP
ORD-16389,77.7,Home & Kitchen,Returning
ORD-16390,57.85,Electronics,New
ORD-16391,26.06,Home & Kitchen,New
ORD-16392,76.03,Fashion,New
ORD-16393,59.98,Fashion,New
ORD-16394,190.3,Electronics,New
ORD-16395,51.83,Electronics,VIP
ORD-16396,121.61,Electronics,New
ORD-16397,28.21,Electronics,New
ORD-16398,32.56,Electronics,VIP
ORD-16399,93.04,Electronics,VIP
ORD-16400,115.61,Home & Kitchen,New
ORD-16401,33.97,Fashion,New
ORD-16402,61.22,Books,Returning
ORD-16403,26.34,Fitness,VIP
ORD-16404,54.12,Electronics,Returning
ORD-16405,99.7,Fashion,New
ORD-16406,46.48,Fashion,Returning
ORD-16407,51.97,Fashion,Returning
ORD-16408,30.63,Fashion,New
ORD-16409,40.89,Home & Kitchen,New
ORD-16410,173.27,Home & Kitchen,VIP
ORD-16411,63.04,Fashion,Returning
ORD-16412,33.07,Home & Kitchen,New
ORD-16413,49.96,Fashion,Returning
ORD-16414,23.14,Fitness,Returning
ORD-16415,32.84,Books,New
ORD-16416,136.48,Fashion,New
ORD-16417,55.4,Fitness,New
ORD-16418,187.62,Fitness,VIP
ORD-16419,56.99,Fashion,New
ORD-16420,59.05,Electronics,Returning
ORD-16421,88.64,Fitness,Returning
ORD-16422,12.14,Fashion,VIP
ORD-16423,68.24,Electronics,VIP
ORD-16424,58.59,Home & Kitchen,VIP
ORD-16425,147.18,Fashion,VIP
ORD-16426,107.64,Electronics,New
ORD-16427,30.56,Books,New
ORD-16428,127.14,Electronics,New
ORD-16429,51.55,Fashion,Returning
ORD-16430,35.07,Home & Kitchen,New
ORD-16431,67.92,Electronics,New
ORD-16432,53.43,Home & Kitchen,New
ORD-16433,151.88,Home & Kitchen,Returning
ORD-16434,74.02,Fashion,New
ORD-16435,68.26,Fashion,New
ORD-16436,103.58,Books,Returning
ORD-16437,116.25,Books,Returning
ORD-16438,96.56,Electronics,VIP
ORD-16439,141.41,Fashion,Returning
ORD-16440,86.94,Fashion,Returning
ORD-16441,66.73,Books,New
ORD-16442,126.91,Fitness,New
ORD-16443,57.14,Fashion,Returning
ORD-16444,61.56,Fitness,New
ORD-16445,169.52,Fashion,Returning
ORD-16446,159.68,Fashion,VIP
ORD-16447,60.05,Home & Kitchen,New
ORD-16448,45.96,Fashion,Returning
ORD-16449,145.17,Home & Kitchen,New
ORD-16450,97.54,Fashion,New
ORD-16451,72.92,Fitness,New
ORD-16452,49.74,Books,Returning
ORD-16453,73.63,Fashion,VIP
ORD-16454,59.56,Fashion,New
ORD-16455,40.5,Home & Kitchen,Returning
ORD-16456,65.2,Electronics,New
ORD-16457,70.76,Fitness,New
ORD-16458,48.17,Home & Kitchen,Returning
ORD-16459,103.78,Electronics,Returning
ORD-16460,130.75,Fitness,Returning
ORD-16461,107.98,Fashion,VIP
ORD-16462,51.12,Electronics,New
ORD-16463,94.96,Electronics,Returning
ORD-16464,63.23,Fitness,New
ORD-16465,28.75,Books,Returning
ORD-16466,90.35,Fashion,New
ORD-16467,65.87,Electronics,New
ORD-16468,286.04,Electronics,Returning
ORD-16469,144.66,Home & Kitchen,New
ORD-16470,92.45,Fashion,Returning
ORD-16471,70.07,Fashion,VIP
ORD-16472,66.57,Fashion,Returning
ORD-16473,33.04,Fashion,Returning
ORD-16474,21.26,Home & Kitchen,VIP
ORD-16475,35.75,Fashion,Returning
ORD-16476,58.64,Electronics,New
ORD-16477,17.06,Fashion,Returning
ORD-16478,43.53,Fashion,Returning
ORD-16479,52.01,Fashion,Returning
ORD-16480,53.02,Electronics,Returning
ORD-16481,40.57,Electronics,New
ORD-16482,49.16,Fashion,Returning
ORD-16483,169.75,Fashion,New
ORD-16484,89.77,Home & Kitchen,VIP
ORD-16485,43.11,Fashion,Returning
ORD-16486,57.92,Electronics,VIP
ORD-16487,59.32,Home & Kitchen,New
ORD-16488,38.06,Fashion,New
ORD-16489,38.04,Electronics,New
ORD-16490,110.64,Fitness,New
ORD-16491,46.91,Fashion,New
ORD-16492,31.29,Books,Returning
ORD-16493,58.8,Electronics,New
ORD-16494,64.77,Fitness,VIP
ORD-16495,18.47,Fitness,New
ORD-16496,58.88,Electronics,New
ORD-16497,101.57,Fashion,Returning
ORD-16498,79.1,Home & Kitchen,New
ORD-16499,229.95,Fashion,Returning
ORD-16500,127.83,Fashion,Returning
ORD-16501,143.93,Books,Returning
ORD-16502,323.78,Home & Kitchen,Returning
ORD-16503,95.1,Books,Returning
ORD-16504,66.54,Fitness,VIP
ORD-16505,108.23,Fitness,New
ORD-16506,43.14,Home & Kitchen,Returning
ORD-16507,64.37,Home & Kitchen,Returning
ORD-16508,40.91,Fitness,New
ORD-16509,76.61,Home & Kitchen,Returning
ORD-16510,40.81,Electronics,Returning
ORD-16511,39.96,Home & Kitchen,New
ORD-16512,77.33,Electronics,New
ORD-16513,55.55,Books,Returning
ORD-16514,18.98,Home & Kitchen,New
ORD-16515,25.2,Home & Kitchen,New
ORD-16516,30.31,Electronics,Returning
ORD-16517,35.52,Fashion,Returning
ORD-16518,77.37,Fashion,Returning
ORD-16519,68.81,Home & Kitchen,New
ORD-16520,114.34,Home & Kitchen,New
ORD-16521,94.79,Fashion,Returning
ORD-16522,114.79,Fashion,New
ORD-16523,86.92,Fashion,VIP
ORD-16524,68.43,Fashion,Returning
ORD-16525,116.7,Fitness,New
ORD-16526,104.76,Fitness,Returning
ORD-16527,75.62,Fitness,VIP
ORD-16528,129.37,Fashion,VIP
ORD-16529,14.77,Electronics,Returning
ORD-16530,50.69,Books,New
ORD-16531,50.23,Books,Returning
ORD-16532,120.5,Electronics,Returning
ORD-16533,154.91,Home & Kitchen,Returning
ORD-16534,25.28,Fashion,New
ORD-16535,140.71,Electronics,VIP
ORD-16536,29.88,Books,Returning
ORD-16537,30.43,Books,New
ORD-16538,52.43,Books,New
ORD-16539,49.85,Electronics,New
ORD-16540,23.69,Fashion,Returning
ORD-16541,89.11,Fitness,New
ORD-16542,90.71,Home & Kitchen,Returning
ORD-16543,113.57,Fashion,New
ORD-16544,46.52,Fashion,New
ORD-16545,58.92,Electronics,New
ORD-16546,59.25,Home & Kitchen,New
ORD-16547,166.13,Fitness,New
ORD-16548,11.02,Electronics,New
ORD-16549,33.98,Electronics,Returning
ORD-16550,60.54,Fashion,Returning
ORD-16551,31.46,Home & Kitchen,Returning
ORD-16552,51.68,Fashion,New
ORD-16553,55.94,Electronics,New
ORD-16554,40.67,Home & Kitchen,New
ORD-16555,62.72,Electronics,Returning
ORD-16556,87.96,Home & Kitchen,Returning
ORD-16557,52.37,Home & Kitchen,Returning
ORD-16558,45.97,Fashion,Returning
ORD-16559,54.63,Home & Kitchen,New
ORD-16560,60.07,Home & Kitchen,New
ORD-16561,21.24,Home & Kitchen,VIP
ORD-16562,79.59,Home & Kitchen,New
ORD-16563,46.03,Fashion,New
ORD-16564,128.63,Fashion,New
ORD-16565,86.02,Fashion,VIP
ORD-16566,121.76,Fashion,VIP
ORD-16567,32.9,Fashion,New
ORD-16568,48.29,Electronics,New
ORD-16569,28.63,Home & Kitchen,Returning
ORD-16570,39.52,Electronics,New
ORD-16571,127.9,Books,New
ORD-16572,147.3,Home & Kitchen,Returning
ORD-16573,30.3,Electronics,New
ORD-16574,45.83,Home & Kitchen,New
ORD-16575,57.64,Fashion,Returning
ORD-16576,85.74,Books,Returning
ORD-16577,20.99,Books,Returning
ORD-16578,23.06,Fitness,New
ORD-16579,80.95,Home & Kitchen,New
ORD-16580,18.74,Books,VIP
ORD-16581,46.15,Home & Kitchen,New
ORD-16582,66.5,Fitness,New
ORD-16583,77.43,Electronics,New
ORD-16584,55.42,Books,New
ORD-16585,48.45,Home & Kitchen,Returning
ORD-16586,100.16,Fashion,New
ORD-16587,71.6,Books,Returning
ORD-16588,40.93,Home & Kitchen,New
ORD-16589,61.72,Books,Returning
ORD-16590,75.94,Electronics,Returning
ORD-16591,169.18,Home & Kitchen,New
ORD-16592,96.72,Home & Kitchen,Returning
ORD-16593,125.05,Electronics,VIP
ORD-16594,41.83,Fitness,New
ORD-16595,44.06,Home & Kitchen,Returning
ORD-16596,52.39,Fashion,Returning
ORD-16597,55.36,Home & Kitchen,Returning
ORD-16598,32.96,Electronics,New
ORD-16599,128.97,Fitness,New
ORD-16600,102.52,Fitness,New
ORD-16601,50.23,Fashion,New
ORD-16602,88.68,Fashion,New
ORD-16603,68.97,Fashion,VIP
ORD-16604,92.93,Fashion,New
ORD-16605,26.93,Fitness,New
ORD-16606,55.29,Fashion,New
ORD-16607,58.28,Fashion,New
ORD-16608,87.72,Fashion,Returning
ORD-16609,41.39,Home & Kitchen,Returning
ORD-16610,13.46,Fitness,New
ORD-16611,31.53,Electronics,New
ORD-16612,58.17,Fashion,New
ORD-16613,62.7,Electronics,VIP
ORD-16614,165.71,Electronics,New
ORD-16615,85.6,Fashion,New
ORD-16616,63.37,Fitness,New
ORD-16617,59.18,Fashion,New
ORD-16618,117.04,Electronics,New
ORD-16619,42.35,Home & Kitchen,VIP
ORD-16620,55.47,Fitness,New
ORD-16621,31.39,Fashion,New
ORD-16622,141.36,Electronics,New
ORD-16623,76.36,Fitness,New
ORD-16624,39.47,Electronics,VIP
ORD-16625,56.34,Fitness,Returning
ORD-16626,81.92,Fitness,VIP
ORD-16627,51.91,Fitness,VIP
ORD-16628,43.79,Electronics,Returning
ORD-16629,40.75,Electronics,Returning
ORD-16630,73.95,Fitness,Returning
ORD-16631,48.68,Fashion,Returning
ORD-16632,45.96,Fashion,Returning
ORD-16633,27.07,Home & Kitchen,Returning
ORD-16634,63.22,Electronics,New
ORD-16635,54.12,Home & Kitchen,Returning
ORD-16636,49.75,Books,New
ORD-16637,67.98,Home & Kitchen,Returning
ORD-16638,94.52,Fashion,Returning
ORD-16639,91.92,Books,Returning
ORD-16640,84.07,Home & Kitchen,Returning
ORD-16641,52.23,Electronics,Returning
ORD-16642,42.94,Home & Kitchen,Returning
ORD-16643,32.25,Electronics,New
ORD-16644,42.27,Fashion,New
ORD-16645,61.06,Home & Kitchen,New
ORD-16646,37.65,Electronics,New
ORD-16647,63.92,Electronics,New
ORD-16648,33.81,Home & Kitchen,Returning
ORD-16649,22.27,Fashion,Returning
ORD-16650,98.66,Fashion,New
ORD-16651,45.39,Fashion,VIP
ORD-16652,36.52,Home & Kitchen,New
ORD-16653,31.3,Fitness,Returning
ORD-16654,77.78,Electronics,Returning
ORD-16655,137.68,Fitness,Returning
ORD-16656,47.38,Electronics,New
ORD-16657,53.02,Fashion,New
ORD-16658,114.78,Fashion,New
ORD-16659,20.36,Electronics,Returning
ORD-16660,196.39,Electronics,VIP
ORD-16661,261.51,Fitness,Returning
ORD-16662,11.9,Fitness,Returning
ORD-16663,56.91,Books,New
ORD-16664,39.2,Books,Returning
ORD-16665,51.48,Fashion,Returning
ORD-16666,46.94,Electronics,New
ORD-16667,98.2,Electronics,Returning
ORD-16668,56.4,Fashion,New
ORD-16669,34.93,Fitness,New
ORD-16670,54.42,Fashion,New
ORD-16671,82.18,Electronics,Returning
ORD-16672,29.66,Fashion,Returning
ORD-16673,22.47,Fitness,New
ORD-16674,199.47,Fashion,VIP
ORD-16675,41.04,Home & Kitchen,Returning
ORD-16676,55.57,Fashion,Returning
ORD-16677,47.53,Fashion,VIP
ORD-16678,83.84,Fashion,VIP
ORD-16679,174.81,Fitness,New
ORD-16680,85.45,Fitness,VIP
ORD-16681,24.26,Fashion,New
ORD-16682,26.3,Fashion,New
ORD-16683,47.49,Electronics,New
ORD-16684,51.37,Electronics,Returning
ORD-16685,21.47,Electronics,VIP
ORD-16686,98.65,Electronics,New
ORD-16687,31.44,Home & Kitchen,Returning
ORD-16688,147.82,Fitness,New
ORD-16689,179.9,Home & Kitchen,Returning
ORD-16690,51.99,Home & Kitchen,New
ORD-16691,78.52,Books,Returning
ORD-16692,28.81,Books,Returning
ORD-16693,87.72,Fashion,New
ORD-16694,44.75,Electronics,VIP
ORD-16695,31.43,Electronics,VIP
ORD-16696,50.72,Fitness,Returning
ORD-16697,45.63,Electronics,Returning
ORD-16698,49.65,Fashion,Returning
ORD-16699,106.68,Fashion,New
ORD-16700,37.67,Home & Kitchen,New
ORD-16701,170.89,Home & Kitchen,Returning
ORD-16702,27.25,Fitness,Returning
ORD-16703,159.06,Home & Kitchen,Returning
ORD-16704,32.79,Fitness,Returning
ORD-16705,60.3,Electronics,Returning
ORD-16706,44.96,Fitness,New
ORD-16707,49.1,Home & Kitchen,New
ORD-16708,97.59,Electronics,New
ORD-16709,148.4,Books,New
ORD-16710,123.26,Books,Returning
ORD-16711,47.33,Fitness,Returning
ORD-16712,67.39,Books,New
ORD-16713,37.74,Fashion,Returning
ORD-16714,33.28,Electronics,New
ORD-16715,30.33,Electronics,Returning
ORD-16716,46.41,Fitness,VIP
ORD-16717,70.09,Fitness,New
ORD-16718,19.16,Books,Returning
ORD-16719,58.69,Fitness,New
ORD-16720,149.85,Home & Kitchen,New
ORD-16721,118.29,Electronics,Returning
ORD-16722,42.47,Electronics,Returning
ORD-16723,26.1,Fashion,Returning
ORD-16724,79.51,Fitness,VIP
ORD-16725,15.02,Electronics,Returning
ORD-16726,117.46,Books,Returning
ORD-16727,53.08,Home & Kitchen,New
ORD-16728,181.05,Fashion,New
ORD-16729,21.41,Fitness,Returning
ORD-16730,104.68,Home & Kitchen,Returning
ORD-16731,56.81,Home & Kitchen,New
ORD-16732,49.47,Fashion,New
ORD-16733,26.53,Fashion,New
ORD-16734,86.27,Electronics,New
ORD-16735,90.53,Fashion,Returning
ORD-16736,176.1,Fitness,Returning
ORD-16737,110.48,Books,Returning
ORD-16738,42.25,Fitness,VIP
ORD-16739,33.04,Electronics,Returning
ORD-16740,26.55,Books,New
ORD-16741,146.05,Electronics,Returning
ORD-16742,37.83,Electronics,Returning
ORD-16743,146.66,Home & Kitchen,Returning
ORD-16744,82.69,Books,Returning
ORD-16745,73.55,Books,Returning
ORD-16746,50.19,Fitness,New
ORD-16747,89.69,Electronics,New
ORD-16748,59.78,Electronics,New
ORD-16749,48.35,Electronics,New
ORD-16750,91.62,Home & Kitchen,VIP
ORD-16751,55.35,Fashion,New
ORD-16752,37.37,Electronics,New
ORD-16753,86.48,Fashion,Returning
ORD-16754,58.07,Home & Kitchen,VIP
ORD-16755,80.91,Home & Kitchen,Returning
ORD-16756,45.96,Fashion,New
ORD-16757,29.21,Fashion,New
ORD-16758,170.89,Home & Kitchen,Returning
ORD-16759,152.62,Home & Kitchen,Returning
ORD-16760,102.54,Fashion,New
ORD-16761,47.81,Electronics,VIP
ORD-16762,50.39,Books,Returning
ORD-16763,138.3,Fitness,Returning
ORD-16764,48.8,Electronics,New
ORD-16765,41.28,Home & Kitchen,VIP
ORD-16766,185.55,Home & Kitchen,Returning
ORD-16767,58.64,Electronics,New
ORD-16768,174.35,Electronics,New
ORD-16769,26.07,Books,New
ORD-16770,82.34,Fashion,New
ORD-16771,209.07,Electronics,New
ORD-16772,61.43,Fitness,New
ORD-16773,51.5,Fashion,Returning
ORD-16774,29.94,Home & Kitchen,Returning
ORD-16775,115.52,Fashion,Returning
ORD-16776,38.01,Electronics,Returning
ORD-16777,57.0,Electronics,New
ORD-16778,28.77,Books,New
ORD-16779,153.57,Home & Kitchen,Returning
ORD-16780,120.65,Fitness,Returning
ORD-16781,59.21,Electronics,New
ORD-16782,30.19,Fitness,VIP
ORD-16783,151.65,Fashion,Returning
ORD-16784,48.45,Home & Kitchen,VIP
ORD-16785,31.09,Fashion,Returning
ORD-16786,20.96,Home & Kitchen,New
ORD-16787,40.95,Electronics,VIP
ORD-16788,25.21,Electronics,VIP
ORD-16789,41.53,Fitness,Returning
ORD-16790,94.32,Electronics,VIP
ORD-16791,48.17,Electronics,VIP
ORD-16792,74.7,Books,Returning
ORD-16793,39.1,Fashion,New
ORD-16794,62.75,Home & Kitchen,Returning
ORD-16795,191.05,Fitness,Returning
ORD-16796,48.96,Home & Kitchen,Returning
ORD-16797,75.99,Electronics,Returning
ORD-16798,23.59,Home & Kitchen,Returning
ORD-16799,150.21,Fashion,VIP
ORD-16800,45.32,Fashion,Returning
ORD-16801,113.33,Fitness,New
ORD-16802,56.04,Books,Returning
ORD-16803,87.09,Electronics,New
ORD-16804,90.25,Electronics,New
ORD-16805,46.0,Home & Kitchen,Returning
ORD-16806,116.18,Fashion,VIP
ORD-16807,38.27,Fitness,New
ORD-16808,96.23,Electronics,New
ORD-16809,47.75,Electronics,Returning
ORD-16810,74.42,Home & Kitchen,Returning
ORD-16811,45.73,Books,New
ORD-16812,62.18,Electronics,New
ORD-16813,31.66,Fitness,Returning
ORD-16814,70.0,Fashion,VIP
ORD-16815,61.96,Electronics,New
ORD-16816,43.64,Fashion,Returning
ORD-16817,58.38,Fashion,Returning
ORD-16818,65.39,Home & Kitchen,New
ORD-16819,41.69,Fashion,Returning
ORD-16820,55.85,Fashion,New
ORD-16821,33.01,Electronics,New
ORD-16822,246.52,Fitness,New
ORD-16823,113.92,Books,New
ORD-16824,71.08,Fashion,Returning
ORD-16825,121.91,Fashion,Returning
ORD-16826,18.4,Books,Returning
ORD-16827,13.01,Electronics,Returning
ORD-16828,47.49,Fitness,New
ORD-16829,26.39,Home & Kitchen,VIP
ORD-16830,52.35,Fitness,VIP
ORD-16831,68.26,Fashion,New
ORD-16832,104.82,Fashion,Returning
ORD-16833,30.48,Fashion,Returning
ORD-16834,76.69,Electronics,Returning
ORD-16835,60.86,Electronics,New
ORD-16836,74.33,Books,New
ORD-16837,44.17,Electronics,VIP
ORD-16838,138.36,Electronics,Returning
ORD-16839,56.71,Fashion,Returning
ORD-16840,174.95,Fashion,VIP
ORD-16841,37.55,Fashion,New
ORD-16842,94.23,Electronics,VIP
ORD-16843,58.22,Fitness,Returning
ORD-16844,49.57,Fitness,Returning
ORD-16845,88.18,Electronics,New
ORD-16846,50.43,Fitness,New
ORD-16847,12.22,Fashion,New
ORD-16848,9.6,Fashion,New
ORD-16849,129.47,Books,New
ORD-16850,126.24,Fitness,New
ORD-16851,187.24,Fashion,Returning
ORD-16852,59.71,Fashion,VIP
ORD-16853,27.78,Fashion,New
ORD-16854,46.91,Fashion,New
ORD-16855,60.76,Home & Kitchen,Returning
ORD-16856,32.98,Electronics,Returning
ORD-16857,162.25,Books,Returning
ORD-16858,231.3,Home & Kitchen,VIP
ORD-16859,80.4,Electronics,New
ORD-16860,59.95,Fitness,Returning
ORD-16861,27.74,Home & Kitchen,VIP
ORD-16862,152.61,Fashion,Returning
ORD-16863,63.17,Fashion,Returning
ORD-16864,50.73,Fitness,VIP
ORD-16865,80.54,Books,New
ORD-16866,42.46,Fashion,New
ORD-16867,65.9,Home & Kitchen,New
ORD-16868,25.39,Fitness,Returning
ORD-16869,115.84,Books,VIP
ORD-16870,56.68,Electronics,New
ORD-16871,120.94,Fashion,Returning
ORD-16872,53.48,Fitness,Returning
ORD-16873,55.61,Electronics,New
ORD-16874,29.15,Fashion,Returning
ORD-16875,95.19,Home & Kitchen,New
ORD-16876,35.68,Fashion,VIP
ORD-16877,45.07,Home & Kitchen,Returning
ORD-16878,60.38,Electronics,New
ORD-16879,64.89,Fitness,Returning
ORD-16880,21.68,Fashion,Returning
ORD-16881,52.54,Fitness,New
ORD-16882,97.24,Fashion,New
ORD-16883,48.09,Electronics,Returning
ORD-16884,52.73,Books,Returning
ORD-16885,66.52,Fitness,Returning
ORD-16886,55.95,Fashion,New
ORD-16887,32.51,Fashion,Returning
ORD-16888,59.04,Home & Kitchen,Returning
ORD-16889,109.56,Books,New
ORD-16890,32.11,Fashion,New
ORD-16891,48.2,Books,New
ORD-16892,26.34,Fashion,Returning
ORD-16893,106.15,Home & Kitchen,New
ORD-16894,57.09,Fashion,VIP
ORD-16895,36.23,Electronics,New
ORD-16896,63.77,Books,Returning
ORD-16897,29.31,Electronics,New
ORD-16898,32.46,Books,Returning
ORD-16899,25.13,Electronics,Returning
ORD-16900,31.81,Fashion,Returning
ORD-16901,136.24,Books,VIP
ORD-16902,38.87,Home & Kitchen,New
ORD-16903,79.82,Electronics,New
ORD-16904,36.53,Home & Kitchen,New
ORD-16905,95.18,Electronics,Returning
ORD-16906,32.6,Fitness,Returning
ORD-16907,61.78,Electronics,New
ORD-16908,62.28,Fashion,Returning
ORD-16909,243.88,Electronics,New
ORD-16910,88.08,Home & Kitchen,VIP
ORD-16911,42.28,Books,New
ORD-16912,91.02,Fitness,VIP
ORD-16913,217.65,Fashion,Returning
ORD-16914,22.7,Electronics,VIP
ORD-16915,36.4,Electronics,Returning
ORD-16916,52.35,Fitness,New
ORD-16917,46.98,Electronics,Returning
ORD-16918,49.42,Home & Kitchen,Returning
ORD-16919,27.59,Fashion,New
ORD-16920,140.1,Books,Returning
ORD-16921,25.7,Fashion,VIP
ORD-16922,53.51,Fashion,Returning
ORD-16923,113.01,Books,New
ORD-16924,59.26,Books,Returning
ORD-16925,33.53,Home & Kitchen,New
ORD-16926,26.86,Fitness,New
ORD-16927,52.56,Home & Kitchen,New
ORD-16928,38.31,Fashion,New
ORD-16929,68.25,Electronics,Returning
ORD-16930,26.03,Home & Kitchen,New
ORD-16931,98.28,Home & Kitchen,New
ORD-16932,64.67,Electronics,New
ORD-16933,67.62,Electronics,VIP
ORD-16934,143.26,Home & Kitchen,Returning
ORD-16935,46.4,Electronics,Returning
ORD-16936,39.04,Home & Kitchen,Returning
ORD-16937,43.44,Home & Kitchen,New
ORD-16938,53.76,Fashion,VIP
ORD-16939,57.14,Fashion,New
ORD-16940,36.66,Fashion,New
ORD-16941,17.92,Fashion,New
ORD-16942,43.1,Home & Kitchen,New
ORD-16943,74.88,Home & Kitchen,New
ORD-16944,65.48,Fitness,Returning
ORD-16945,123.93,Electronics,New
ORD-16946,195.06,Home & Kitchen,New
ORD-16947,95.16,Fashion,Returning
ORD-16948,138.31,Fitness,Returning
ORD-16949,95.59,Electronics,VIP
ORD-16950,168.33,Home & Kitchen,New
ORD-16951,183.19,Fashion,VIP
ORD-16952,106.77,Fashion,Returning
ORD-16953,92.19,Books,Returning
ORD-16954,53.35,Electronics,New
ORD-16955,58.86,Electronics,Returning
ORD-16956,49.27,Home & Kitchen,New
ORD-16957,87.6,Fashion,Returning
ORD-16958,39.17,Fashion,Returning
ORD-16959,53.8,Fashion,New
ORD-16960,14.69,Electronics,New
ORD-16961,169.67,Fitness,VIP
ORD-16962,52.86,Home & Kitchen,Returning
ORD-16963,79.31,Electronics,Returning
ORD-16964,144.7,Fashion,VIP
ORD-16965,72.25,Books,New
ORD-16966,143.54,Fitness,Returning
ORD-16967,28.64,Electronics,Returning
ORD-16968,254.28,Home & Kitchen,New
ORD-16969,115.85,Electronics,New
ORD-16970,68.41,Electronics,VIP
ORD-16971,141.89,Fitness,New
ORD-16972,29.93,Fitness,New
ORD-16973,50.75,Electronics,New
ORD-16974,143.53,Fitness,Returning
ORD-16975,19.68,Home & Kitchen,Returning
ORD-16976,84.46,Fitness,New
ORD-16977,83.04,Fitness,New
ORD-16978,196.67,Fashion,New
ORD-16979,23.34,Books,Returning
ORD-16980,158.5,Electronics,VIP
ORD-16981,43.13,Fashion,New
ORD-16982,46.15,Fashion,Returning
ORD-16983,28.99,Fitness,Returning
ORD-16984,31.42,Electronics,Returning
ORD-16985,76.87,Fashion,Returning
ORD-16986,30.96,Fitness,New
ORD-16987,94.08,Fashion,Returning
ORD-16988,40.54,Electronics,Returning
ORD-16989,29.14,Fashion,Returning
ORD-16990,43.96,Home & Kitchen,New
ORD-16991,73.85,Fashion,New
ORD-16992,51.09,Fashion,New
ORD-16993,61.59,Fashion,New
ORD-16994,91.63,Books,New
ORD-16995,115.52,Fitness,New
ORD-16996,50.1,Electronics,New
ORD-16997,32.25,Fitness,New
ORD-16998,63.16,Fitness,VIP
ORD-16999,80.03,Home & Kitchen,Returning
ORD-17000,25.12,Fashion,New
ORD-17001,35.36,Electronics,Returning
ORD-17002,39.19,Home & Kitchen,Returning
ORD-17003,53.27,Fashion,New
ORD-17004,38.22,Fashion,Returning
ORD-17005,92.22,Electronics,New
ORD-17006,23.03,Electronics,Returning
ORD-17007,23.39,Home & Kitchen,New
ORD-17008,49.39,Electronics,Returning
ORD-17009,54.3,Home & Kitchen,New
ORD-17010,25.21,Fitness,New
ORD-17011,41.93,Fashion,Returning
ORD-17012,47.44,Electronics,New
ORD-17013,47.66,Electronics,New
ORD-17014,66.1,Fashion,New
ORD-17015,40.57,Fitness,Returning
ORD-17016,146.45,Home & Kitchen,Returning
ORD-17017,80.88,Fitness,Returning
ORD-17018,37.18,Books,Returning
ORD-17019,63.86,Electronics,VIP
ORD-17020,65.0,Home & Kitchen,New
ORD-17021,125.06,Fashion,Returning
ORD-17022,42.09,Fashion,New
ORD-17023,95.62,Fashion,New
ORD-17024,61.87,Fashion,Returning
ORD-17025,147.66,Home & Kitchen,VIP
ORD-17026,130.91,Home & Kitchen,Returning
ORD-17027,67.91,Fashion,New
ORD-17028,51.55,Electronics,Returning
ORD-17029,81.77,Home & Kitchen,New
ORD-17030,54.15,Home & Kitchen,Returning
ORD-17031,165.37,Home & Kitchen,New
ORD-17032,63.25,Electronics,New
ORD-17033,47.3,Fashion,New
ORD-17034,45.8,Fitness,VIP
ORD-17035,29.14,Home & Kitchen,New
ORD-17036,84.26,Electronics,New
ORD-17037,36.89,Fashion,New
ORD-17038,116.62,Fashion,Returning
ORD-17039,27.78,Home & Kitchen,New
ORD-17040,65.13,Electronics,Returning
ORD-17041,120.32,Home & Kitchen,New
ORD-17042,16.59,Books,New
ORD-17043,202.54,Fashion,New
ORD-17044,46.75,Fashion,New
ORD-17045,65.67,Electronics,Returning
ORD-17046,85.02,Electronics,New
ORD-17047,93.29,Books,Returning
ORD-17048,71.12,Books,New
ORD-17049,109.77,Electronics,New
ORD-17050,82.39,Books,New
ORD-17051,173.56,Electronics,Returning
ORD-17052,82.55,Home & Kitchen,New
ORD-17053,196.13,Home & Kitchen,Returning
ORD-17054,103.61,Fashion,Returning
ORD-17055,20.42,Fashion,New
ORD-17056,289.07,Home & Kitchen,New
ORD-17057,42.75,Electronics,New
ORD-17058,148.02,Books,New
ORD-17059,61.32,Electronics,New
ORD-17060,114.05,Electronics,Returning
ORD-17061,39.92,Books,Returning
ORD-17062,87.83,Fashion,Returning
ORD-17063,51.84,Fashion,New
ORD-17064,155.62,Fashion,Returning
ORD-17065,78.51,Electronics,Returning
ORD-17066,105.8,Fashion,Returning
ORD-17067,16.47,Fashion,Returning
ORD-17068,57.32,Fashion,Returning
ORD-17069,77.19,Fashion,Returning
ORD-17070,69.0,Fitness,New
ORD-17071,107.41,Books,Returning
ORD-17072,48.45,Fashion,Returning
ORD-17073,62.13,Books,New
ORD-17074,122.58,Fitness,New
ORD-17075,15.38,Books,New
ORD-17076,85.94,Home & Kitchen,Returning
ORD-17077,49.39,Electronics,New
ORD-17078,34.9,Electronics,Returning
ORD-17079,73.84,Books,VIP
ORD-17080,126.02,Fashion,VIP
ORD-17081,112.56,Fitness,New
ORD-17082,55.64,Home & Kitchen,Returning
ORD-17083,102.05,Electronics,VIP
ORD-17084,101.58,Fashion,Returning
ORD-17085,57.26,Books,New
ORD-17086,39.81,Electronics,Returning
ORD-17087,41.22,Home & Kitchen,Returning
ORD-17088,99.75,Books,Returning
ORD-17089,58.83,Electronics,VIP
ORD-17090,32.21,Fashion,VIP
ORD-17091,21.96,Fashion,Returning
ORD-17092,99.39,Fitness,New
ORD-17093,43.46,Fashion,Returning
ORD-17094,73.57,Electronics,Returning
ORD-17095,126.95,Electronics,Returning
ORD-17096,27.51,Fashion,New
ORD-17097,58.73,Fashion,Returning
ORD-17098,54.47,Electronics,Returning
ORD-17099,75.78,Fitness,VIP
ORD-17100,126.91,Electronics,Returning
ORD-17101,27.18,Fitness,New
ORD-17102,84.93,Books,Returning
ORD-17103,112.05,Home & Kitchen,Returning
ORD-17104,53.96,Home & Kitchen,Returning
ORD-17105,55.56,Electronics,New
ORD-17106,77.56,Home & Kitchen,Returning
ORD-17107,74.21,Fashion,Returning
ORD-17108,85.58,Electronics,Returning
ORD-17109,84.5,Home & Kitchen,VIP
ORD-17110,33.48,Electronics,VIP
ORD-17111,109.31,Fashion,Returning
ORD-17112,121.52,Home & Kitchen,VIP
ORD-17113,67.47,Fashion,Returning
ORD-17114,24.62,Electronics,VIP
ORD-17115,56.33,Electronics,VIP
ORD-17116,67.81,Fashion,Returning
ORD-17117,30.36,Fashion,New
ORD-17118,48.61,Fashion,New
ORD-17119,25.9,Electronics,Returning
ORD-17120,86.87,Home & Kitchen,Returning
ORD-17121,66.66,Books,Returning
ORD-17122,22.48,Home & Kitchen,Returning
ORD-17123,74.51,Fashion,Returning
ORD-17124,58.33,Home & Kitchen,New
ORD-17125,82.26,Fitness,New
ORD-17126,47.71,Books,Returning
ORD-17127,37.3,Electronics,New
ORD-17128,38.0,Electronics,VIP
ORD-17129,43.69,Electronics,VIP
ORD-17130,61.03,Fitness,Returning
ORD-17131,65.94,Electronics,Returning
ORD-17132,53.82,Books,Returning
ORD-17133,46.81,Electronics,VIP
ORD-17134,48.87,Home & Kitchen,Returning
ORD-17135,271.68,Fashion,VIP
ORD-17136,38.0,Fashion,Returning
ORD-17137,43.17,Fashion,New
ORD-17138,435.42,Home & Kitchen,Returning
ORD-17139,77.68,Fashion,Returning
ORD-17140,26.36,Fashion,VIP
ORD-17141,100.04,Home & Kitchen,New
ORD-17142,34.95,Books,New
ORD-17143,104.11,Fitness,Returning
ORD-17144,53.17,Home & Kitchen,VIP
ORD-17145,46.35,Fashion,Returning
ORD-17146,158.46,Books,New
ORD-17147,84.76,Fashion,VIP
ORD-17148,108.18,Books,Returning
ORD-17149,78.33,Fitness,VIP
ORD-17150,46.22,Electronics,Returning
ORD-17151,87.08,Electronics,New
ORD-17152,124.65,Home & Kitchen,VIP
ORD-17153,65.42,Home & Kitchen,Returning
ORD-17154,177.86,Home & Kitchen,VIP
ORD-17155,100.51,Books,New
ORD-17156,68.52,Fashion,Returning
ORD-17157,70.17,Fashion,New
ORD-17158,65.52,Home & Kitchen,New
ORD-17159,28.48,Electronics,VIP
ORD-17160,57.17,Home & Kitchen,New
ORD-17161,68.9,Books,New
ORD-17162,47.01,Electronics,VIP
ORD-17163,73.89,Fitness,New
ORD-17164,61.12,Fitness,Returning
ORD-17165,95.99,Electronics,VIP
ORD-17166,89.83,Fitness,Returning
ORD-17167,66.71,Fitness,New
ORD-17168,26.57,Fashion,Returning
ORD-17169,176.7,Electronics,Returning
ORD-17170,55.42,Fashion,New
ORD-17171,57.48,Home & Kitchen,Returning
ORD-17172,49.13,Electronics,New
ORD-17173,45.01,Fashion,New
ORD-17174,152.39,Books,New
ORD-17175,138.6,Home & Kitchen,VIP
ORD-17176,78.78,Home & Kitchen,New
ORD-17177,56.57,Books,New
ORD-17178,87.49,Electronics,VIP
ORD-17179,63.07,Electronics,New
ORD-17180,53.83,Home & Kitchen,VIP
ORD-17181,73.91,Fashion,VIP
ORD-17182,46.31,Electronics,Returning
ORD-17183,70.2,Fitness,New
ORD-17184,68.21,Electronics,New
ORD-17185,86.64,Fashion,New
ORD-17186,41.62,Home & Kitchen,New
ORD-17187,92.4,Home & Kitchen,Returning
ORD-17188,35.03,Fashion,New
ORD-17189,42.8,Electronics,Returning
ORD-17190,43.93,Fitness,New
ORD-17191,31.71,Books,New
ORD-17192,110.99,Fashion,New
ORD-17193,33.74,Electronics,New
ORD-17194,39.67,Home & Kitchen,Returning
ORD-17195,128.16,Fashion,Returning
ORD-17196,42.85,Electronics,New
ORD-17197,53.9,Electronics,Returning
ORD-17198,32.88,Electronics,Returning
ORD-17199,99.46,Fashion,VIP
ORD-17200,100.29,Fashion,New
ORD-17201,94.01,Fitness,Returning
ORD-17202,83.31,Fashion,New
ORD-17203,63.06,Fashion,New
ORD-17204,44.05,Electronics,Returning
ORD-17205,37.0,Fitness,New
ORD-17206,130.84,Electronics,Returning
ORD-17207,95.48,Electronics,Returning
ORD-17208,39.81,Home & Kitchen,New
ORD-17209,61.8,Home & Kitchen,VIP
ORD-17210,50.4,Fitness,New
ORD-17211,30.66,Fashion,VIP
ORD-17212,67.13,Fashion,Returning
ORD-17213,47.03,Fashion,New
ORD-17214,34.07,Home & Kitchen,New
ORD-17215,24.84,Fashion,Returning
ORD-17216,23.61,Fashion,Returning
ORD-17217,48.29,Electronics,Returning
ORD-17218,57.34,Books,New
ORD-17219,35.69,Electronics,New
ORD-17220,89.16,Fashion,Returning
ORD-17221,58.01,Books,VIP
ORD-17222,85.3,Home & Kitchen,New
ORD-17223,54.07,Home & Kitchen,Returning
ORD-17224,37.63,Home & Kitchen,Returning
ORD-17225,64.62,Electronics,Returning
ORD-17226,28.29,Fitness,Returning
ORD-17227,83.4,Fashion,New
ORD-17228,34.39,Books,New
ORD-17229,104.68,Electronics,Returning
ORD-17230,49.25,Home & Kitchen,VIP
ORD-17231,114.15,Fashion,Returning
ORD-17232,30.77,Electronics,New
ORD-17233,40.18,Fashion,New
ORD-17234,75.84,Fitness,Returning
ORD-17235,121.79,Electronics,Returning
ORD-17236,164.02,Books,New
ORD-17237,61.86,Fashion,New
ORD-17238,181.75,Home & Kitchen,Returning
ORD-17239,50.71,Home & Kitchen,New
ORD-17240,116.66,Fashion,New
ORD-17241,34.28,Home & Kitchen,Returning
ORD-17242,77.64,Home & Kitchen,New
ORD-17243,14.81,Home & Kitchen,New
ORD-17244,30.79,Home & Kitchen,New
ORD-17245,79.84,Home & Kitchen,New
ORD-17246,27.45,Fashion,VIP
ORD-17247,77.96,Electronics,Returning
ORD-17248,103.95,Electronics,New
ORD-17249,44.67,Home & Kitchen,New
ORD-17250,33.74,Books,New
ORD-17251,45.4,Electronics,VIP
ORD-17252,33.8,Fashion,Returning
ORD-17253,56.78,Fashion,Returning
ORD-17254,64.15,Home & Kitchen,New
ORD-17255,50.22,Home & Kitchen,VIP
ORD-17256,164.78,Home & Kitchen,Returning
ORD-17257,39.19,Home & Kitchen,New
ORD-17258,139.05,Fitness,New
ORD-17259,32.31,Electronics,New
ORD-17260,63.03,Fashion,Returning
ORD-17261,122.71,Fashion,New
ORD-17262,118.96,Books,New
ORD-17263,46.89,Fitness,Returning
ORD-17264,84.19,Electronics,Returning
ORD-17265,77.69,Electronics,New
ORD-17266,43.64,Fashion,Returning
ORD-17267,87.32,Books,New
ORD-17268,184.47,Electronics,Returning
ORD-17269,80.08,Home & Kitchen,Returning
ORD-17270,84.76,Fashion,Returning
ORD-17271,90.31,Home & Kitchen,VIP
ORD-17272,25.11,Home & Kitchen,Returning
ORD-17273,79.53,Electronics,Returning
ORD-17274,32.78,Fitness,Returning
ORD-17275,42.35,Electronics,New
ORD-17276,220.78,Fitness,VIP
ORD-17277,51.83,Electronics,Returning
ORD-17278,38.7,Home & Kitchen,VIP
ORD-17279,120.49,Fashion,Returning
ORD-17280,34.17,Home & Kitchen,Returning
ORD-17281,46.13,Fashion,New
ORD-17282,127.67,Home & Kitchen,New
ORD-17283,61.91,Electronics,Returning
ORD-17284,23.64,Fashion,VIP
ORD-17285,83.63,Fitness,Returning
ORD-17286,47.57,Fashion,Returning
ORD-17287,152.0,Fashion,New
ORD-17288,41.94,Home & Kitchen,New
ORD-17289,113.38,Fashion,New
ORD-17290,175.11,Fitness,VIP
ORD-17291,36.21,Fashion,Returning
ORD-17292,53.74,Books,Returning
ORD-17293,76.19,Fitness,VIP
ORD-17294,36.07,Fashion,New
ORD-17295,70.96,Fashion,VIP
ORD-17296,52.72,Home & Kitchen,Returning
ORD-17297,52.09,Fitness,New
ORD-17298,62.14,Electronics,Returning
ORD-17299,62.98,Electronics,New
ORD-17300,66.57,Electronics,Returning
ORD-17301,42.13,Fitness,New
ORD-17302,43.25,Home & Kitchen,New
ORD-17303,56.2,Electronics,Returning
ORD-17304,58.74,Fashion,New
ORD-17305,46.37,Fitness,New
ORD-17306,73.29,Books,Returning
ORD-17307,20.31,Electronics,New
ORD-17308,38.93,Fashion,Returning
ORD-17309,51.01,Fashion,Returning
ORD-17310,36.1,Home & Kitchen,New
ORD-17311,160.38,Electronics,VIP
ORD-17312,61.03,Electronics,New
ORD-17313,67.09,Fitness,New
ORD-17314,45.15,Fashion,New
ORD-17315,59.77,Electronics,Returning
ORD-17316,29.1,Fashion,New
ORD-17317,54.5,Electronics,New
ORD-17318,34.39,Fashion,Returning
ORD-17319,51.09,Fashion,Returning
ORD-17320,12.99,Electronics,New
ORD-17321,30.67,Electronics,New
ORD-17322,145.24,Fitness,New
ORD-17323,99.31,Fitness,New
ORD-17324,133.14,Electronics,Returning
ORD-17325,138.74,Home & Kitchen,New
ORD-17326,90.36,Electronics,New
ORD-17327,45.98,Fitness,New
ORD-17328,32.38,Fitness,Returning
ORD-17329,120.07,Home & Kitchen,Returning
ORD-17330,62.72,Home & Kitchen,New
ORD-17331,269.46,Fashion,Returning
ORD-17332,48.47,Electronics,Returning
ORD-17333,197.11,Fashion,New
ORD-17334,54.92,Electronics,New
ORD-17335,134.51,Home & Kitchen,New
ORD-17336,167.0,Fashion,Returning
ORD-17337,32.66,Electronics,New
ORD-17338,45.11,Home & Kitchen,New
ORD-17339,32.47,Fitness,Returning
ORD-17340,28.85,Home & Kitchen,Returning
ORD-17341,90.04,Fashion,Returning
ORD-17342,53.63,Fitness,New
ORD-17343,62.27,Electronics,New
ORD-17344,84.25,Home & Kitchen,Returning
ORD-17345,19.8,Fashion,Returning
ORD-17346,130.59,Electronics,VIP
ORD-17347,48.94,Books,Returning
ORD-17348,83.05,Fashion,Returning
ORD-17349,87.57,Fashion,New
ORD-17350,137.34,Electronics,VIP
ORD-17351,56.66,Books,Returning
ORD-17352,16.87,Fitness,New
ORD-17353,62.44,Electronics,Returning
ORD-17354,68.06,Home & Kitchen,Returning
ORD-17355,32.44,Electronics,New
ORD-17356,65.92,Home & Kitchen,Returning
ORD-17357,48.59,Fashion,Returning
ORD-17358,26.96,Electronics,New
ORD-17359,90.28,Home & Kitchen,VIP
ORD-17360,43.02,Books,VIP
ORD-17361,47.28,Fashion,New
ORD-17362,45.72,Electronics,New
ORD-17363,126.63,Books,VIP
ORD-17364,58.88,Electronics,New
ORD-17365,63.27,Fashion,VIP
ORD-17366,46.32,Fashion,New
ORD-17367,79.66,Electronics,Returning
ORD-17368,135.58,Electronics,Returning
ORD-17369,89.01,Electronics,New
ORD-17370,91.11,Electronics,Returning
ORD-17371,86.81,Fashion,New
ORD-17372,26.36,Fitness,New
ORD-17373,35.67,Electronics,New
ORD-17374,53.36,Home & Kitchen,New
ORD-17375,39.04,Fashion,New
ORD-17376,31.86,Electronics,New
ORD-17377,19.62,Fashion,New
ORD-17378,26.9,Fashion,New
ORD-17379,51.73,Home & Kitchen,New
ORD-17380,57.88,Fashion,Returning
ORD-17381,37.49,Home & Kitchen,New
ORD-17382,63.27,Books,Returning
ORD-17383,46.51,Electronics,New
ORD-17384,116.09,Books,New
ORD-17385,54.76,Electronics,New
ORD-17386,91.63,Electronics,New
ORD-17387,68.16,Electronics,Returning
ORD-17388,26.02,Fitness,Returning
ORD-17389,57.15,Home & Kitchen,New
ORD-17390,28.75,Books,New
ORD-17391,56.55,Home & Kitchen,Returning
ORD-17392,38.59,Fashion,New
ORD-17393,75.88,Fitness,Returning
ORD-17394,26.97,Books,Returning
ORD-17395,60.87,Fitness,New
ORD-17396,85.07,Home & Kitchen,New
ORD-17397,104.02,Fitness,New
ORD-17398,38.15,Electronics,Returning
ORD-17399,60.99,Books,VIP
ORD-17400,67.39,Books,New
ORD-17401,152.67,Home & Kitchen,VIP
ORD-17402,24.81,Electronics,New
ORD-17403,34.93,Electronics,New
ORD-17404,324.63,Books,Returning
ORD-17405,51.22,Fitness,VIP
ORD-17406,19.4,Home & Kitchen,Returning
ORD-17407,42.54,Books,Returning
ORD-17408,11.46,Fashion,Returning
ORD-17409,69.72,Fitness,VIP
ORD-17410,98.09,Electronics,Returning
ORD-17411,34.92,Electronics,Returning
ORD-17412,45.49,Fashion,Returning
ORD-17413,105.02,Fashion,Returning
ORD-17414,21.11,Fashion,VIP
ORD-17415,27.3,Fitness,Returning
ORD-17416,52.62,Electronics,New
ORD-17417,38.42,Home & Kitchen,VIP
ORD-17418,50.59,Electronics,Returning
ORD-17419,28.27,Fitness,Returning
ORD-17420,68.62,Electronics,Returning
ORD-17421,55.17,Home & Kitchen,New
ORD-17422,83.89,Home & Kitchen,New
ORD-17423,68.05,Fashion,New
ORD-17424,68.31,Fashion,VIP
ORD-17425,25.34,Electronics,Returning
ORD-17426,81.09,Fashion,Returning
ORD-17427,49.48,Electronics,New
ORD-17428,54.6,Electronics,VIP
ORD-17429,113.18,Home & Kitchen,New
ORD-17430,39.19,Electronics,New
ORD-17431,135.74,Electronics,VIP
ORD-17432,143.55,Fashion,Returning
ORD-17433,94.79,Fashion,VIP
ORD-17434,33.5,Fashion,Returning
ORD-17435,16.25,Home & Kitchen,New
ORD-17436,115.27,Home & Kitchen,New
ORD-17437,64.51,Fashion,VIP
ORD-17438,38.59,Fashion,Returning
ORD-17439,122.01,Fashion,Returning
ORD-17440,35.98,Home & Kitchen,New
ORD-17441,46.78,Fashion,New
ORD-17442,82.68,Fitness,Returning
ORD-17443,30.93,Home & Kitchen,VIP
ORD-17444,56.5,Home & Kitchen,New
ORD-17445,115.99,Fashion,New
ORD-17446,68.49,Books,New
ORD-17447,127.54,Fashion,New
ORD-17448,119.12,Fashion,Returning
ORD-17449,60.62,Fitness,Returning
ORD-17450,14.85,Home & Kitchen,New
ORD-17451,31.08,Fashion,Returning
ORD-17452,95.39,Fashion,Returning
ORD-17453,23.8,Electronics,New
ORD-17454,49.6,Fitness,VIP
ORD-17455,73.93,Fashion,Returning
ORD-17456,145.73,Electronics,New
ORD-17457,42.73,Electronics,VIP
ORD-17458,41.01,Books,New
ORD-17459,58.47,Home & Kitchen,VIP
ORD-17460,74.48,Fashion,Returning
ORD-17461,55.01,Books,VIP
ORD-17462,113.25,Fashion,New
ORD-17463,37.36,Fitness,New
ORD-17464,64.85,Home & Kitchen,VIP
ORD-17465,78.82,Fashion,Returning
ORD-17466,47.46,Fitness,VIP
ORD-17467,99.87,Books,New
ORD-17468,65.98,Electronics,Returning
ORD-17469,96.86,Electronics,New
ORD-17470,67.79,Fitness,New
ORD-17471,75.63,Fashion,Returning
ORD-17472,41.29,Fashion,Returning
ORD-17473,41.33,Electronics,Returning
ORD-17474,125.79,Fitness,New
ORD-17475,88.35,Home & Kitchen,Returning
ORD-17476,32.66,Books,VIP
ORD-17477,67.26,Fashion,New
ORD-17478,14.52,Books,Returning
ORD-17479,42.76,Fashion,VIP
ORD-17480,107.41,Home & Kitchen,New
ORD-17481,55.98,Home & Kitchen,Returning
ORD-17482,64.76,Fashion,VIP
ORD-17483,9.88,Home & Kitchen,Returning
ORD-17484,47.69,Electronics,New
ORD-17485,73.92,Fashion,Returning
ORD-17486,79.77,Home & Kitchen,Returning
ORD-17487,107.49,Electronics,Returning
ORD-17488,53.19,Home & Kitchen,New
ORD-17489,54.63,Fashion,New
ORD-17490,27.13,Fashion,Returning
ORD-17491,53.37,Home & Kitchen,Returning
ORD-17492,28.31,Electronics,VIP
ORD-17493,19.91,Books,New
ORD-17494,31.47,Books,Returning
ORD-17495,149.19,Fashion,New
ORD-17496,51.3,Fashion,Returning
ORD-17497,68.85,Electronics,VIP
ORD-17498,44.34,Fitness,New
ORD-17499,20.61,Electronics,New
ORD-17500,105.81,Books,VIP
ORD-17501,16.39,Books,Returning
ORD-17502,43.26,Electronics,Returning
ORD-17503,58.4,Home & Kitchen,New
ORD-17504,69.29,Fashion,VIP
ORD-17505,39.02,Fashion,Returning
ORD-17506,20.03,Electronics,New
ORD-17507,37.31,Home & Kitchen,Returning
ORD-17508,38.5,Electronics,New
ORD-17509,37.95,Fitness,Returning
ORD-17510,107.99,Fashion,Returning
ORD-17511,29.13,Home & Kitchen,New
ORD-17512,72.28,Books,New
ORD-17513,66.35,Home & Kitchen,New
ORD-17514,107.37,Fashion,New
ORD-17515,55.71,Fashion,VIP
ORD-17516,97.0,Fashion,Returning
ORD-17517,54.42,Fashion,New
ORD-17518,78.31,Books,New
ORD-17519,24.49,Fashion,New
ORD-17520,12.39,Fashion,Returning
ORD-17521,75.68,Fitness,New
ORD-17522,78.16,Fashion,New
ORD-17523,80.26,Fitness,VIP
ORD-17524,44.04,Electronics,Returning
ORD-17525,147.5,Electronics,Returning
ORD-17526,45.79,Home & Kitchen,New
ORD-17527,77.67,Fashion,New
ORD-17528,86.21,Books,VIP
ORD-17529,169.23,Fashion,Returning
ORD-17530,49.89,Electronics,Returning
ORD-17531,40.78,Fashion,Returning
ORD-17532,24.56,Fashion,New
ORD-17533,153.15,Home & Kitchen,Returning
ORD-17534,77.7,Fashion,New
ORD-17535,79.19,Home & Kitchen,New
ORD-17536,391.51,Books,Returning
ORD-17537,73.33,Fashion,New
ORD-17538,27.62,Home & Kitchen,New
ORD-17539,53.65,Electronics,New
ORD-17540,33.62,Fitness,New
ORD-17541,47.58,Fashion,VIP
ORD-17542,47.39,Home & Kitchen,VIP
ORD-17543,42.43,Fashion,New
ORD-17544,26.15,Electronics,New
ORD-17545,156.88,Fashion,Returning
ORD-17546,72.19,Electronics,New
ORD-17547,52.71,Fitness,Returning
ORD-17548,95.07,Fashion,New
ORD-17549,80.05,Books,Returning
ORD-17550,71.19,Fashion,New
ORD-17551,91.01,Electronics,Returning
ORD-17552,65.39,Fashion,Returning
ORD-17553,90.21,Electronics,New
ORD-17554,94.81,Fitness,New
ORD-17555,66.53,Electronics,Returning
ORD-17556,52.87,Fitness,VIP
ORD-17557,151.14,Electronics,Returning
ORD-17558,45.3,Fashion,New
ORD-17559,76.31,Electronics,Returning
ORD-17560,77.35,Home & Kitchen,New
ORD-17561,41.86,Fashion,VIP
ORD-17562,37.16,Books,Returning
ORD-17563,48.8,Fashion,New
ORD-17564,44.91,Electronics,Returning
ORD-17565,25.16,Fitness,Returning
ORD-17566,40.82,Home & Kitchen,New
ORD-17567,70.79,Fitness,Returning
ORD-17568,128.97,Fashion,Returning
ORD-17569,84.15,Home & Kitchen,Returning
ORD-17570,12.68,Electronics,Returning
ORD-17571,88.66,Books,Returning
ORD-17572,43.17,Electronics,Returning
ORD-17573,79.19,Fitness,Returning
ORD-17574,59.83,Electronics,Returning
ORD-17575,53.75,Fitness,Returning
ORD-17576,56.75,Fitness,Returning
ORD-17577,59.53,Fitness,New
ORD-17578,135.18,Fashion,Returning
ORD-17579,59.63,Fashion,Returning
ORD-17580,115.74,Fitness,New
ORD-17581,106.05,Home & Kitchen,New
ORD-17582,90.04,Home & Kitchen,Returning
ORD-17583,20.66,Electronics,New
ORD-17584,117.92,Fashion,New
ORD-17585,45.84,Fashion,New
ORD-17586,92.71,Home & Kitchen,Returning
ORD-17587,33.67,Electronics,VIP
ORD-17588,29.63,Fashion,VIP
ORD-17589,197.52,Fitness,VIP
ORD-17590,33.98,Fashion,VIP
ORD-17591,120.02,Fitness,New
ORD-17592,64.78,Electronics,New
ORD-17593,46.9,Fashion,New
ORD-17594,58.74,Fashion,New
ORD-17595,27.64,Fashion,Returning
ORD-17596,59.84,Home & Kitchen,VIP
ORD-17597,31.51,Electronics,Returning
ORD-17598,47.6,Fashion,VIP
ORD-17599,105.13,Electronics,Returning
ORD-17600,70.28,Home & Kitchen,New
ORD-17601,24.8,Fitness,New
ORD-17602,100.57,Electronics,VIP
ORD-17603,60.08,Fashion,Returning
ORD-17604,43.58,Fashion,New
ORD-17605,94.44,Home & Kitchen,New
ORD-17606,54.58,Electronics,Returning
ORD-17607,29.98,Fashion,Returning
ORD-17608,182.85,Fitness,Returning
ORD-17609,59.72,Fashion,VIP
ORD-17610,57.46,Home & Kitchen,New
ORD-17611,47.32,Fashion,VIP
ORD-17612,122.48,Books,Returning
ORD-17613,44.04,Electronics,Returning
ORD-17614,23.88,Electronics,VIP
ORD-17615,40.16,Fashion,Returning
ORD-17616,133.76,Fashion,New
ORD-17617,99.41,Home & Kitchen,VIP
ORD-17618,51.78,Electronics,Returning
ORD-17619,137.55,Electronics,New
ORD-17620,94.52,Home & Kitchen,Returning
ORD-17621,51.42,Fashion,Returning
ORD-17622,54.62,Home & Kitchen,Returning
ORD-17623,73.52,Home & Kitchen,New
ORD-17624,36.63,Electronics,New
ORD-17625,60.5,Home & Kitchen,New
ORD-17626,72.61,Fitness,Returning
ORD-17627,21.93,Fitness,New
ORD-17628,53.86,Electronics,Returning
ORD-17629,50.31,Fashion,Returning
ORD-17630,111.81,Books,New
ORD-17631,19.95,Home & Kitchen,New
ORD-17632,47.99,Fashion,New
ORD-17633,45.19,Electronics,VIP
ORD-17634,107.34,Home & Kitchen,VIP
ORD-17635,58.78,Fitness,New
ORD-17636,177.27,Books,New
ORD-17637,89.78,Books,Returning
ORD-17638,47.18,Fashion,New
ORD-17639,69.67,Home & Kitchen,Returning
ORD-17640,48.79,Electronics,New
ORD-17641,101.05,Electronics,Returning
ORD-17642,27.13,Electronics,New
ORD-17643,36.81,Books,VIP
ORD-17644,79.31,Electronics,New
ORD-17645,125.9,Fashion,New
ORD-17646,16.1,Fashion,VIP
ORD-17647,137.65,Fashion,New
ORD-17648,55.47,Fashion,New
ORD-17649,19.49,Electronics,New
ORD-17650,9.96,Fashion,Returning
ORD-17651,24.1,Fashion,Returning
ORD-17652,59.63,Fitness,Returning
ORD-17653,58.0,Home & Kitchen,New
ORD-17654,88.23,Fitness,New
ORD-17655,43.39,Fashion,New
ORD-17656,31.04,Electronics,New
ORD-17657,47.09,Fashion,New
ORD-17658,61.57,Books,Returning
ORD-17659,69.3,Electronics,Returning
ORD-17660,37.58,Electronics,Returning
ORD-17661,103.63,Books,Returning
ORD-17662,41.56,Books,Returning
ORD-17663,35.81,Electronics,New
ORD-17664,43.58,Fitness,Returning
ORD-17665,115.0,Fashion,New
ORD-17666,55.72,Fashion,Returning
ORD-17667,39.78,Fashion,Returning
ORD-17668,105.18,Books,Returning
ORD-17669,218.25,Electronics,VIP
ORD-17670,68.43,Fitness,New
ORD-17671,126.51,Electronics,New
ORD-17672,112.35,Home & Kitchen,VIP
ORD-17673,41.96,Home & Kitchen,New
ORD-17674,61.31,Fitness,New
ORD-17675,27.95,Books,New
ORD-17676,53.36,Fitness,New
ORD-17677,41.44,Home & Kitchen,Returning
ORD-17678,47.38,Fashion,Returning
ORD-17679,38.48,Books,Returning
ORD-17680,50.79,Fashion,Returning
ORD-17681,83.04,Fashion,Returning
ORD-17682,56.17,Fashion,Returning
ORD-17683,19.71,Fashion,New
ORD-17684,38.56,Home & Kitchen,Returning
ORD-17685,24.25,Fashion,New
ORD-17686,69.86,Electronics,New
ORD-17687,81.61,Books,Returning
ORD-17688,70.38,Books,Returning
ORD-17689,37.62,Fashion,VIP
ORD-17690,69.97,Books,Returning
ORD-17691,45.51,Fashion,New
ORD-17692,30.48,Fashion,New
ORD-17693,94.18,Books,New
ORD-17694,98.57,Home & Kitchen,New
ORD-17695,106.63,Fitness,Returning
ORD-17696,41.89,Fashion,Returning
ORD-17697,122.44,Fashion,New
ORD-17698,44.87,Electronics,New
ORD-17699,89.31,Books,New
ORD-17700,44.41,Electronics,Returning
ORD-17701,52.75,Fashion,New
ORD-17702,14.12,Electronics,New
ORD-17703,50.34,Home & Kitchen,New
ORD-17704,63.73,Fashion,New
ORD-17705,47.18,Fitness,New
ORD-17706,173.07,Fashion,Returning
ORD-17707,30.04,Electronics,New
ORD-17708,43.03,Electronics,New
ORD-17709,35.06,Electronics,New
ORD-17710,43.02,Home & Kitchen,New
ORD-17711,112.04,Fitness,VIP
ORD-17712,146.47,Fashion,Returning
ORD-17713,39.63,Fashion,Returning
ORD-17714,39.1,Electronics,Returning
ORD-17715,30.14,Fitness,New
ORD-17716,132.13,Books,New
ORD-17717,118.23,Fitness,New
ORD-17718,56.62,Electronics,Returning
ORD-17719,26.11,Fashion,Returning
ORD-17720,27.55,Books,New
ORD-17721,66.85,Electronics,Returning
ORD-17722,83.9,Home & Kitchen,New
ORD-17723,17.47,Books,New
ORD-17724,49.76,Fitness,New
ORD-17725,159.33,Home & Kitchen,New
ORD-17726,52.96,Fashion,New
ORD-17727,147.49,Books,VIP
ORD-17728,89.07,Fashion,New
ORD-17729,31.48,Books,New
ORD-17730,50.62,Fashion,New
ORD-17731,55.86,Fitness,New
ORD-17732,34.07,Books,New
ORD-17733,33.72,Home & Kitchen,New
ORD-17734,149.02,Fashion,New
ORD-17735,33.57,Electronics,New
ORD-17736,115.25,Fitness,New
ORD-17737,46.44,Home & Kitchen,Returning
ORD-17738,59.42,Fashion,VIP
ORD-17739,84.53,Fitness,New
ORD-17740,42.13,Books,Returning
ORD-17741,84.84,Fitness,Returning
ORD-17742,17.67,Home & Kitchen,Returning
ORD-17743,78.56,Books,Returning
ORD-17744,13.72,Fitness,Returning
ORD-17745,52.66,Electronics,VIP
ORD-17746,100.74,Books,New
ORD-17747,87.65,Fashion,Returning
ORD-17748,27.69,Books,Returning
ORD-17749,29.91,Fitness,VIP
ORD-17750,39.92,Home & Kitchen,Returning
ORD-17751,67.47,Fashion,VIP
ORD-17752,17.83,Electronics,Returning
ORD-17753,59.86,Fashion,Returning
ORD-17754,72.74,Home & Kitchen,Returning
ORD-17755,50.92,Fitness,Returning
ORD-17756,82.7,Electronics,Returning
ORD-17757,69.01,Electronics,Returning
ORD-17758,43.6,Home & Kitchen,New
ORD-17759,18.88,Fashion,VIP
ORD-17760,65.37,Electronics,Returning
ORD-17761,34.06,Electronics,Returning
ORD-17762,42.65,Home & Kitchen,New
ORD-17763,80.44,Home & Kitchen,New
ORD-17764,141.23,Fitness,New
ORD-17765,58.98,Fashion,New
ORD-17766,84.14,Electronics,Returning
ORD-17767,25.36,Fitness,VIP
ORD-17768,69.92,Books,Returning
ORD-17769,58.21,Fashion,New
ORD-17770,126.16,Fitness,VIP
ORD-17771,43.63,Fitness,VIP
ORD-17772,52.2,Books,Returning
ORD-17773,113.9,Fashion,New
ORD-17774,57.1,Electronics,Returning
ORD-17775,31.02,Electronics,New
ORD-17776,278.94,Fitness,New
ORD-17777,31.59,Fitness,Returning
ORD-17778,58.04,Fashion,Returning
ORD-17779,74.29,Electronics,New
ORD-17780,70.85,Electronics,VIP
ORD-17781,53.85,Home & Kitchen,VIP
ORD-17782,54.01,Books,Returning
ORD-17783,52.41,Fashion,New
ORD-17784,30.89,Home & Kitchen,New
ORD-17785,219.23,Fashion,Returning
ORD-17786,52.88,Fitness,Returning
ORD-17787,86.33,Fitness,Returning
ORD-17788,49.36,Electronics,New
ORD-17789,48.77,Home & Kitchen,New
ORD-17790,45.91,Fitness,New
ORD-17791,23.81,Books,Returning
ORD-17792,54.8,Home & Kitchen,Returning
ORD-17793,47.27,Electronics,New
ORD-17794,121.87,Home & Kitchen,Returning
ORD-17795,29.43,Home & Kitchen,VIP
ORD-17796,42.68,Fashion,New
ORD-17797,35.2,Books,New
ORD-17798,143.38,Electronics,Returning
ORD-17799,35.81,Books,VIP
ORD-17800,84.55,Fashion,New
ORD-17801,108.0,Electronics,New
ORD-17802,55.28,Fashion,Returning
ORD-17803,26.41,Home & Kitchen,New
ORD-17804,26.62,Fitness,VIP
ORD-17805,101.07,Fashion,Returning
ORD-17806,28.32,Electronics,New
ORD-17807,76.34,Books,VIP
ORD-17808,64.63,Home & Kitchen,Returning
ORD-17809,75.66,Fashion,Returning
ORD-17810,80.07,Fitness,New
ORD-17811,34.46,Electronics,Returning
ORD-17812,33.61,Electronics,VIP
ORD-17813,92.66,Fashion,New
ORD-17814,41.36,Home & Kitchen,New
ORD-17815,11.59,Fashion,VIP
ORD-17816,89.05,Books,New
ORD-17817,32.4,Fashion,New
ORD-17818,79.86,Books,New
ORD-17819,139.17,Electronics,Returning
ORD-17820,60.95,Electronics,Returning
ORD-17821,109.67,Electronics,New
ORD-17822,66.17,Electronics,New
ORD-17823,156.41,Fashion,Returning
ORD-17824,31.9,Fitness,Returning
ORD-17825,60.04,Fitness,New
ORD-17826,90.37,Home & Kitchen,Returning
ORD-17827,53.83,Electronics,Returning
ORD-17828,120.46,Fitness,New
ORD-17829,46.56,Fashion,New
ORD-17830,208.85,Home & Kitchen,VIP
ORD-17831,215.58,Home & Kitchen,VIP
ORD-17832,71.47,Electronics,New
ORD-17833,84.06,Fashion,VIP
ORD-17834,123.35,Books,Returning
ORD-17835,29.6,Fashion,VIP
ORD-17836,27.46,Home & Kitchen,VIP
ORD-17837,128.23,Books,Returning
ORD-17838,71.12,Fashion,Returning
ORD-17839,52.67,Fashion,New
ORD-17840,60.74,Fashion,Returning
ORD-17841,14.42,Fitness,New
ORD-17842,53.82,Fashion,Returning
ORD-17843,38.4,Fashion,New
ORD-17844,104.67,Electronics,Returning
ORD-17845,109.62,Books,VIP
ORD-17846,85.29,Fitness,New
ORD-17847,76.5,Home & Kitchen,Returning
ORD-17848,24.57,Books,Returning
ORD-17849,86.0,Home & Kitchen,Returning
ORD-17850,88.03,Books,VIP
ORD-17851,127.37,Electronics,Returning
ORD-17852,215.06,Electronics,New
ORD-17853,21.86,Fitness,Returning
ORD-17854,47.79,Fashion,Returning
ORD-17855,38.65,Fashion,New
ORD-17856,66.92,Fitness,Returning
ORD-17857,60.83,Home & Kitchen,Returning
ORD-17858,52.43,Fashion,New
ORD-17859,111.78,Fashion,New
ORD-17860,31.16,Fashion,New
ORD-17861,32.31,Electronics,New
ORD-17862,32.64,Electronics,Returning
ORD-17863,48.61,Fashion,New
ORD-17864,28.87,Fitness,Returning
ORD-17865,58.61,Fashion,VIP
ORD-17866,54.64,Fashion,Returning
ORD-17867,37.64,Home & Kitchen,Returning
ORD-17868,101.93,Electronics,VIP
ORD-17869,58.22,Fashion,New
ORD-17870,114.16,Electronics,New
ORD-17871,53.68,Home & Kitchen,New
ORD-17872,59.47,Electronics,New
ORD-17873,43.05,Fashion,New
ORD-17874,60.09,Home & Kitchen,Returning
ORD-17875,92.51,Fitness,Returning
ORD-17876,47.14,Home & Kitchen,New
ORD-17877,82.36,Books,New
ORD-17878,37.05,Home & Kitchen,New
ORD-17879,95.15,Fashion,Returning
ORD-17880,42.61,Electronics,New
ORD-17881,100.59,Electronics,New
ORD-17882,62.59,Fashion,New
ORD-17883,150.29,Electronics,Returning
ORD-17884,30.19,Fashion,New
ORD-17885,24.89,Home & Kitchen,Returning
ORD-17886,41.69,Home & Kitchen,Returning
ORD-17887,26.29,Fashion,Returning
ORD-17888,26.32,Fashion,New
ORD-17889,87.61,Electronics,Returning
ORD-17890,60.19,Fashion,New
ORD-17891,45.25,Fashion,Returning
ORD-17892,47.84,Fashion,Returning
ORD-17893,42.17,Fashion,New
ORD-17894,162.43,Books,New
ORD-17895,38.81,Fashion,Returning
ORD-17896,27.3,Home & Kitchen,Returning
ORD-17897,97.28,Electronics,New
ORD-17898,53.01,Electronics,Returning
ORD-17899,205.05,Fashion,New
ORD-17900,44.0,Books,VIP
ORD-17901,100.24,Electronics,Returning
ORD-17902,115.51,Fashion,New
ORD-17903,44.13,Books,New
ORD-17904,38.64,Fashion,New
ORD-17905,94.14,Fashion,Returning
ORD-17906,85.19,Home & Kitchen,New
ORD-17907,25.88,Fashion,New
ORD-17908,30.66,Books,Returning
ORD-17909,13.17,Electronics,New
ORD-17910,86.25,Fitness,New
ORD-17911,51.57,Fashion,Returning
ORD-17912,54.75,Fitness,Returning
ORD-17913,21.87,Fitness,Returning
ORD-17914,31.22,Fitness,New
ORD-17915,45.3,Fitness,Returning
ORD-17916,40.31,Home & Kitchen,Returning
ORD-17917,64.76,Electronics,New
ORD-17918,85.63,Electronics,VIP
ORD-17919,235.51,Fashion,New
ORD-17920,59.62,Fashion,New
ORD-17921,117.83,Fashion,VIP
ORD-17922,36.67,Home & Kitchen,New
ORD-17923,22.09,Home & Kitchen,VIP
ORD-17924,48.84,Books,New
ORD-17925,23.14,Fashion,New
ORD-17926,60.87,Fitness,New
ORD-17927,37.78,Home & Kitchen,New
ORD-17928,18.68,Books,VIP
ORD-17929,170.99,Fitness,VIP
ORD-17930,43.71,Fashion,Returning
ORD-17931,22.59,Electronics,New
ORD-17932,103.43,Books,Returning
ORD-17933,38.97,Home & Kitchen,New
ORD-17934,116.06,Fitness,New
ORD-17935,38.86,Fitness,New
ORD-17936,43.62,Home & Kitchen,New
ORD-17937,74.21,Fitness,New
ORD-17938,86.14,Books,Returning
ORD-17939,95.69,Books,New
ORD-17940,57.18,Fashion,New
ORD-17941,82.86,Electronics,New
ORD-17942,94.38,Electronics,Returning
ORD-17943,68.06,Fashion,Returning
ORD-17944,55.39,Fitness,New
ORD-17945,25.35,Fitness,VIP
ORD-17946,86.44,Fashion,Returning
ORD-17947,61.89,Fashion,New
ORD-17948,47.08,Fashion,New
ORD-17949,129.89,Fitness,VIP
ORD-17950,25.62,Home & Kitchen,New
ORD-17951,161.81,Electronics,New
ORD-17952,59.54,Fashion,Returning
ORD-17953,73.0,Home & Kitchen,New
ORD-17954,47.61,Fashion,Returning
ORD-17955,22.19,Fitness,Returning
ORD-17956,55.49,Books,Returning
ORD-17957,73.76,Electronics,Returning
ORD-17958,90.53,Electronics,Returning
ORD-17959,53.58,Fashion,New
ORD-17960,16.19,Fashion,VIP
ORD-17961,23.93,Fashion,New
ORD-17962,206.69,Electronics,New
ORD-17963,31.33,Electronics,VIP
ORD-17964,142.06,Fitness,VIP
ORD-17965,34.45,Electronics,Returning
ORD-17966,54.08,Fitness,Returning
ORD-17967,87.81,Fashion,New
ORD-17968,36.89,Fashion,Returning
ORD-17969,156.86,Electronics,New
ORD-17970,63.15,Electronics,New
ORD-17971,79.56,Fashion,New
ORD-17972,51.39,Fitness,VIP
ORD-17973,89.59,Books,VIP
ORD-17974,155.6,Electronics,VIP
ORD-17975,55.77,Electronics,Returning
ORD-17976,170.35,Electronics,New
ORD-17977,41.81,Fitness,New
ORD-17978,95.44,Electronics,New
ORD-17979,80.92,Electronics,New
ORD-17980,31.78,Fitness,Returning
ORD-17981,68.6,Fitness,New
ORD-17982,60.61,Home & Kitchen,VIP
ORD-17983,36.16,Electronics,New
ORD-17984,74.8,Fashion,New
ORD-17985,65.88,Electronics,Returning
ORD-17986,57.77,Home & Kitchen,Returning
ORD-17987,57.91,Fitness,New
ORD-17988,57.17,Electronics,Returning
ORD-17989,48.39,Fitness,Returning
ORD-17990,65.62,Fashion,New
ORD-17991,41.0,Fitness,Returning
ORD-17992,297.11,Electronics,VIP
ORD-17993,25.9,Fashion,New
ORD-17994,42.49,Electronics,New
ORD-17995,44.55,Home & Kitchen,New
ORD-17996,205.26,Electronics,Returning
ORD-17997,27.33,Fashion,VIP
ORD-17998,77.91,Fitness,New
ORD-17999,70.04,Home & Kitchen,Returning
ORD-18000,73.71,Home & Kitchen,Returning
ORD-18001,126.7,Home & Kitchen,New
ORD-18002,125.15,Home & Kitchen,Returning
ORD-18003,46.04,Home & Kitchen,VIP
ORD-18004,67.79,Fashion,VIP
ORD-18005,19.72,Electronics,Returning
ORD-18006,64.04,Fashion,New
ORD-18007,37.47,Electronics,New
ORD-18008,53.96,Fashion,New
ORD-18009,21.95,Fashion,Returning
ORD-18010,76.93,Electronics,New
ORD-18011,21.8,Fitness,Returning
ORD-18012,65.95,Home & Kitchen,Returning
ORD-18013,28.91,Home & Kitchen,New
ORD-18014,36.24,Books,VIP
ORD-18015,120.64,Fashion,New
ORD-18016,85.86,Fashion,New
ORD-18017,120.24,Electronics,Returning
ORD-18018,153.83,Fashion,New
ORD-18019,37.95,Electronics,New
ORD-18020,148.32,Fitness,VIP
ORD-18021,25.05,Fashion,VIP
ORD-18022,94.41,Fashion,Returning
ORD-18023,44.88,Fashion,New
ORD-18024,34.53,Fashion,New
ORD-18025,87.24,Home & Kitchen,New
ORD-18026,106.38,Home & Kitchen,New
ORD-18027,104.5,Fitness,VIP
ORD-18028,68.64,Home & Kitchen,New
ORD-18029,65.31,Fashion,Returning
ORD-18030,82.77,Fashion,New
ORD-18031,72.4,Home & Kitchen,Returning
ORD-18032,83.5,Fashion,New
ORD-18033,68.2,Fashion,New
ORD-18034,100.05,Electronics,New
ORD-18035,22.73,Home & Kitchen,VIP
ORD-18036,55.77,Electronics,Returning
ORD-18037,26.3,Books,Returning
ORD-18038,71.24,Electronics,New
ORD-18039,161.61,Fashion,Returning
ORD-18040,45.4,Electronics,Returning
ORD-18041,65.13,Fashion,Returning
ORD-18042,95.0,Fashion,Returning
ORD-18043,17.45,Home & Kitchen,VIP
ORD-18044,44.11,Electronics,VIP
ORD-18045,75.09,Fashion,VIP
ORD-18046,10.61,Electronics,Returning
ORD-18047,33.58,Fashion,New
ORD-18048,116.81,Books,New
ORD-18049,110.15,Fashion,New
ORD-18050,75.53,Fitness,New
ORD-18051,102.44,Fashion,New
ORD-18052,68.65,Fashion,Returning
ORD-18053,84.2,Fitness,Returning
ORD-18054,49.93,Electronics,Returning
ORD-18055,64.68,Fitness,VIP
ORD-18056,41.29,Fashion,New
ORD-18057,128.78,Fashion,New
ORD-18058,150.35,Books,Returning
ORD-18059,138.1,Fashion,Returning
ORD-18060,47.23,Books,Returning
ORD-18061,34.05,Books,VIP
ORD-18062,129.82,Fashion,New
ORD-18063,83.63,Fashion,Returning
ORD-18064,73.49,Fitness,VIP
ORD-18065,41.26,Electronics,New
ORD-18066,77.9,Home & Kitchen,Returning
ORD-18067,31.46,Electronics,New
ORD-18068,88.27,Electronics,New
ORD-18069,138.01,Fashion,New
ORD-18070,160.55,Home & Kitchen,Returning
ORD-18071,92.31,Home & Kitchen,Returning
ORD-18072,26.33,Home & Kitchen,VIP
ORD-18073,67.92,Fashion,Returning
ORD-18074,217.85,Fashion,New
ORD-18075,35.83,Electronics,Returning
ORD-18076,58.24,Fashion,New
ORD-18077,140.91,Fashion,Returning
ORD-18078,87.38,Home & Kitchen,New
ORD-18079,267.23,Electronics,Returning
ORD-18080,38.87,Electronics,VIP
ORD-18081,33.32,Home & Kitchen,New
ORD-18082,125.77,Electronics,Returning
ORD-18083,29.44,Books,Returning
ORD-18084,53.62,Fashion,New
ORD-18085,58.01,Electronics,New
ORD-18086,112.35,Fitness,Returning
ORD-18087,87.23,Home & Kitchen,New
ORD-18088,79.38,Fitness,New
ORD-18089,47.4,Fashion,Returning
ORD-18090,125.09,Fashion,Returning
ORD-18091,675.53,Home & Kitchen,New
ORD-18092,91.36,Fashion,VIP
ORD-18093,64.06,Home & Kitchen,VIP
ORD-18094,27.7,Fashion,VIP
ORD-18095,41.16,Fashion,Returning
ORD-18096,53.08,Electronics,New
ORD-18097,43.78,Fitness,New
ORD-18098,59.76,Fashion,VIP
ORD-18099,175.35,Books,VIP
ORD-18100,127.52,Fashion,Returning
ORD-18101,54.86,Fashion,Returning
ORD-18102,29.23,Fashion,New
ORD-18103,134.62,Home & Kitchen,Returning
ORD-18104,58.59,Fitness,New
ORD-18105,21.42,Fashion,Returning
ORD-18106,92.52,Fashion,Returning
ORD-18107,111.65,Home & Kitchen,Returning
ORD-18108,14.08,Electronics,Returning
ORD-18109,36.79,Home & Kitchen,Returning
ORD-18110,56.47,Home & Kitchen,New
ORD-18111,93.76,Fashion,New
ORD-18112,44.28,Home & Kitchen,New
ORD-18113,36.62,Home & Kitchen,New
ORD-18114,93.34,Electronics,New
ORD-18115,45.56,Fashion,New
ORD-18116,83.53,Fashion,Returning
ORD-18117,30.97,Fitness,New
ORD-18118,26.81,Home & Kitchen,Returning
ORD-18119,94.93,Fashion,Returning
ORD-18120,70.21,Fashion,New
ORD-18121,104.95,Electronics,New
ORD-18122,43.84,Electronics,New
ORD-18123,37.45,Electronics,New
ORD-18124,136.51,Electronics,Returning
ORD-18125,24.2,Electronics,VIP
ORD-18126,127.85,Home & Kitchen,New
ORD-18127,133.26,Home & Kitchen,New
ORD-18128,101.09,Electronics,New
ORD-18129,39.94,Home & Kitchen,New
ORD-18130,36.97,Electronics,VIP
ORD-18131,53.2,Fashion,Returning
ORD-18132,27.74,Books,Returning
ORD-18133,33.89,Fashion,VIP
ORD-18134,88.84,Electronics,Returning
ORD-18135,89.09,Fashion,New
ORD-18136,32.14,Home & Kitchen,Returning
ORD-18137,90.53,Electronics,Returning
ORD-18138,79.25,Books,New
ORD-18139,149.3,Fashion,Returning
ORD-18140,84.9,Electronics,Returning
ORD-18141,113.88,Fashion,New
ORD-18142,80.34,Home & Kitchen,Returning
ORD-18143,108.63,Fashion,New
ORD-18144,27.87,Books,New
ORD-18145,56.09,Books,New
ORD-18146,58.95,Electronics,Returning
ORD-18147,52.13,Electronics,VIP
ORD-18148,78.75,Fashion,Returning
ORD-18149,88.29,Home & Kitchen,Returning
ORD-18150,76.35,Home & Kitchen,New
ORD-18151,54.26,Fashion,Returning
ORD-18152,38.81,Books,New
ORD-18153,116.55,Fashion,Returning
ORD-18154,74.43,Fitness,Returning
ORD-18155,32.75,Fitness,New
ORD-18156,53.72,Electronics,VIP
ORD-18157,21.2,Electronics,New
ORD-18158,61.63,Electronics,Returning
ORD-18159,53.57,Books,Returning
ORD-18160,42.75,Fashion,Returning
ORD-18161,156.14,Fitness,Returning
ORD-18162,30.15,Fashion,New
ORD-18163,92.19,Fashion,VIP
ORD-18164,224.08,Books,Returning
ORD-18165,115.16,Fashion,Returning
ORD-18166,59.21,Home & Kitchen,Returning
ORD-18167,30.56,Fashion,New
ORD-18168,26.65,Electronics,Returning
ORD-18169,47.14,Electronics,New
ORD-18170,39.96,Electronics,Returning
ORD-18171,39.18,Home & Kitchen,New
ORD-18172,49.61,Fashion,Returning
ORD-18173,56.75,Fashion,VIP
ORD-18174,80.73,Electronics,VIP
ORD-18175,28.71,Home & Kitchen,Returning
ORD-18176,40.07,Fitness,Returning
ORD-18177,54.83,Home & Kitchen,Returning
ORD-18178,53.66,Books,New
ORD-18179,181.61,Electronics,Returning
ORD-18180,69.36,Electronics,Returning
ORD-18181,22.92,Fashion,New
ORD-18182,77.55,Fashion,Returning
ORD-18183,83.71,Home & Kitchen,New
ORD-18184,55.98,Fitness,Returning
ORD-18185,29.14,Electronics,Returning
ORD-18186,173.27,Books,VIP
ORD-18187,31.76,Electronics,New
ORD-18188,89.7,Home & Kitchen,New
ORD-18189,68.04,Fashion,Returning
ORD-18190,86.53,Home & Kitchen,Returning
ORD-18191,168.03,Electronics,New
ORD-18192,84.52,Books,Returning
ORD-18193,43.16,Books,VIP
ORD-18194,117.17,Fashion,Returning
ORD-18195,41.32,Fashion,New
ORD-18196,66.56,Home & Kitchen,New
ORD-18197,27.78,Home & Kitchen,Returning
ORD-18198,32.46,Fashion,Returning
ORD-18199,62.23,Home & Kitchen,VIP
ORD-18200,75.25,Fitness,New
ORD-18201,21.73,Home & Kitchen,Returning
ORD-18202,81.32,Electronics,VIP
ORD-18203,36.9,Books,New
ORD-18204,130.04,Electronics,VIP
ORD-18205,48.85,Electronics,Returning
ORD-18206,30.75,Books,Returning
ORD-18207,63.15,Electronics,New
ORD-18208,34.82,Electronics,Returning
ORD-18209,129.2,Home & Kitchen,VIP
ORD-18210,60.36,Fitness,New
ORD-18211,55.09,Electronics,Returning
ORD-18212,86.06,Fashion,New
ORD-18213,33.02,Electronics,New
ORD-18214,27.84,Fashion,Returning
ORD-18215,77.09,Fashion,Returning
ORD-18216,31.19,Electronics,New
ORD-18217,31.19,Books,New
ORD-18218,99.69,Home & Kitchen,New
ORD-18219,82.69,Fitness,New
ORD-18220,28.44,Books,New
ORD-18221,41.62,Books,New
ORD-18222,35.08,Home & Kitchen,Returning
ORD-18223,175.18,Fashion,New
ORD-18224,103.92,Fitness,VIP
ORD-18225,46.88,Fashion,New
ORD-18226,85.26,Fashion,Returning
ORD-18227,26.74,Fashion,New
ORD-18228,40.3,Fashion,New
ORD-18229,64.26,Fashion,Returning
ORD-18230,79.15,Fitness,New
ORD-18231,56.91,Fashion,New
ORD-18232,70.02,Fashion,New
ORD-18233,63.24,Electronics,Returning
ORD-18234,54.7,Fitness,New
ORD-18235,50.52,Fashion,New
ORD-18236,46.72,Fashion,New
ORD-18237,69.35,Fitness,Returning
ORD-18238,77.21,Fitness,VIP
ORD-18239,67.97,Fashion,New
ORD-18240,29.75,Home & Kitchen,New
ORD-18241,33.14,Electronics,Returning
ORD-18242,76.66,Books,VIP
ORD-18243,145.91,Home & Kitchen,New
ORD-18244,66.12,Home & Kitchen,Returning
ORD-18245,47.13,Electronics,Returning
ORD-18246,69.03,Home & Kitchen,New
ORD-18247,30.51,Fashion,Returning
ORD-18248,132.34,Fashion,Returning
ORD-18249,67.49,Home & Kitchen,New
ORD-18250,40.38,Fitness,New
ORD-18251,54.59,Fashion,New
ORD-18252,43.98,Fitness,New
ORD-18253,132.56,Electronics,Returning
ORD-18254,53.45,Home & Kitchen,Returning
ORD-18255,66.24,Electronics,Returning
ORD-18256,85.13,Fashion,Returning
ORD-18257,38.69,Fitness,New
ORD-18258,67.78,Electronics,New
ORD-18259,71.14,Books,Returning
ORD-18260,23.75,Fashion,New
ORD-18261,70.22,Home & Kitchen,New
ORD-18262,58.71,Electronics,Returning
ORD-18263,65.23,Home & Kitchen,Returning
ORD-18264,61.64,Books,New
ORD-18265,70.49,Home & Kitchen,Returning
ORD-18266,134.61,Fashion,New
ORD-18267,29.73,Fitness,Returning
ORD-18268,49.14,Home & Kitchen,Returning
ORD-18269,90.01,Electronics,Returning
ORD-18270,80.52,Home & Kitchen,New
ORD-18271,79.49,Home & Kitchen,Returning
ORD-18272,314.87,Fitness,New
ORD-18273,87.22,Fashion,Returning
ORD-18274,118.93,Fashion,VIP
ORD-18275,50.19,Books,New
ORD-18276,33.26,Home & Kitchen,Returning
ORD-18277,49.97,Fashion,New
ORD-18278,92.5,Books,Returning
ORD-18279,77.02,Electronics,Returning
ORD-18280,76.86,Fashion,Returning
ORD-18281,53.06,Fitness,Returning
ORD-18282,48.22,Home & Kitchen,VIP
ORD-18283,54.17,Books,Returning
ORD-18284,93.19,Home & Kitchen,VIP
ORD-18285,99.93,Fashion,New
ORD-18286,32.99,Fashion,VIP
ORD-18287,95.34,Electronics,New
ORD-18288,40.84,Books,New
ORD-18289,79.95,Electronics,New
ORD-18290,53.78,Fashion,New
ORD-18291,154.39,Fashion,Returning
ORD-18292,46.95,Electronics,New
ORD-18293,67.17,Fashion,Returning
ORD-18294,86.83,Home & Kitchen,New
ORD-18295,35.72,Electronics,New
ORD-18296,57.76,Books,VIP
ORD-18297,51.42,Books,Returning
ORD-18298,44.33,Electronics,New
ORD-18299,46.35,Fitness,Returning
ORD-18300,117.59,Fashion,VIP
ORD-18301,42.13,Electronics,New
ORD-18302,84.76,Fashion,New
ORD-18303,72.88,Fitness,VIP
ORD-18304,26.1,Home & Kitchen,New
ORD-18305,82.39,Electronics,New
ORD-18306,25.84,Home & Kitchen,New
ORD-18307,87.96,Home & Kitchen,New
ORD-18308,44.51,Home & Kitchen,VIP
ORD-18309,60.64,Fashion,VIP
ORD-18310,27.76,Fitness,Returning
ORD-18311,64.94,Home & Kitchen,Returning
ORD-18312,105.23,Electronics,Returning
ORD-18313,37.18,Fitness,Returning
ORD-18314,41.92,Fashion,Returning
ORD-18315,79.26,Home & Kitchen,VIP
ORD-18316,80.46,Home & Kitchen,New
ORD-18317,14.01,Fashion,New
ORD-18318,202.2,Electronics,Returning
ORD-18319,82.86,Home & Kitchen,Returning
ORD-18320,91.67,Fitness,New
ORD-18321,55.36,Fitness,New
ORD-18322,19.82,Home & Kitchen,Returning
ORD-18323,90.45,Electronics,Returning
ORD-18324,42.99,Fashion,VIP
ORD-18325,83.63,Fitness,Returning
ORD-18326,52.92,Fashion,Returning
ORD-18327,69.6,Home & Kitchen,Returning
ORD-18328,37.9,Fashion,Returning
ORD-18329,101.36,Electronics,New
ORD-18330,29.58,Home & Kitchen,New
ORD-18331,232.14,Home & Kitchen,New
ORD-18332,231.08,Home & Kitchen,VIP
ORD-18333,160.71,Fashion,VIP
ORD-18334,129.71,Fitness,New
ORD-18335,57.36,Fashion,Returning
ORD-18336,121.5,Fitness,Returning
ORD-18337,56.96,Home & Kitchen,New
ORD-18338,23.76,Fashion,New
ORD-18339,148.7,Home & Kitchen,VIP
ORD-18340,118.78,Home & Kitchen,New
ORD-18341,59.22,Fashion,Returning
ORD-18342,28.93,Home & Kitchen,Returning
ORD-18343,42.45,Electronics,Returning
ORD-18344,20.23,Books,Returning
ORD-18345,106.38,Fashion,Returning
ORD-18346,23.06,Electronics,VIP
ORD-18347,71.67,Fitness,New
ORD-18348,36.37,Electronics,New
ORD-18349,25.64,Books,New
ORD-18350,69.62,Fashion,Returning
ORD-18351,49.39,Fashion,Returning
ORD-18352,99.77,Electronics,Returning
ORD-18353,28.2,Electronics,New
ORD-18354,38.31,Electronics,Returning
ORD-18355,14.4,Electronics,VIP
ORD-18356,16.27,Fashion,Returning
ORD-18357,177.49,Fashion,Returning
ORD-18358,210.64,Fashion,Returning
ORD-18359,63.79,Electronics,Returning
ORD-18360,36.81,Electronics,New
ORD-18361,50.45,Electronics,Returning
ORD-18362,101.92,Electronics,New
ORD-18363,44.32,Fashion,New
ORD-18364,69.59,Electronics,Returning
ORD-18365,59.88,Fashion,New
ORD-18366,42.89,Books,New
ORD-18367,44.0,Fashion,Returning
ORD-18368,71.95,Electronics,Returning
ORD-18369,33.58,Home & Kitchen,New
ORD-18370,79.13,Fashion,New
ORD-18371,45.47,Electronics,Returning
ORD-18372,65.13,Fitness,Returning
ORD-18373,138.43,Home & Kitchen,Returning
ORD-18374,54.55,Books,Returning
ORD-18375,104.78,Books,Returning
ORD-18376,20.59,Home & Kitchen,New
ORD-18377,45.5,Home & Kitchen,Returning
ORD-18378,61.35,Fashion,New
ORD-18379,191.33,Fitness,New
ORD-18380,18.62,Home & Kitchen,VIP
ORD-18381,56.96,Fashion,VIP
ORD-18382,144.61,Electronics,New
ORD-18383,37.67,Home & Kitchen,New
ORD-18384,53.11,Fashion,VIP
ORD-18385,73.63,Fitness,New
ORD-18386,67.4,Electronics,VIP
ORD-18387,154.39,Fitness,New
ORD-18388,78.97,Electronics,New
ORD-18389,133.84,Home & Kitchen,New
ORD-18390,48.62,Fashion,Returning
ORD-18391,38.69,Fashion,New
ORD-18392,52.7,Fashion,New
ORD-18393,30.1,Electronics,VIP
ORD-18394,80.65,Electronics,New
ORD-18395,47.87,Fitness,Returning
ORD-18396,40.32,Electronics,New
ORD-18397,81.39,Home & Kitchen,Returning
ORD-18398,30.38,Home & Kitchen,New
ORD-18399,95.8,Electronics,Returning
ORD-18400,45.29,Fitness,Returning
ORD-18401,120.96,Fitness,VIP
ORD-18402,47.67,Fitness,VIP
ORD-18403,88.16,Fitness,New
ORD-18404,67.2,Home & Kitchen,New
ORD-18405,94.29,Books,New
ORD-18406,64.46,Electronics,Returning
ORD-18407,22.24,Electronics,New
ORD-18408,110.53,Home & Kitchen,Returning
ORD-18409,57.25,Fashion,VIP
ORD-18410,96.9,Home & Kitchen,New
ORD-18411,91.3,Fashion,New
ORD-18412,37.94,Fashion,Returning
ORD-18413,34.85,Fitness,New
ORD-18414,89.41,Electronics,New
ORD-18415,50.3,Electronics,New
ORD-18416,105.83,Home & Kitchen,VIP
ORD-18417,54.22,Fitness,Returning
ORD-18418,111.5,Fitness,New
ORD-18419,77.79,Electronics,New
ORD-18420,71.72,Fitness,Returning
ORD-18421,48.21,Home & Kitchen,New
ORD-18422,69.37,Fitness,VIP
ORD-18423,123.43,Electronics,Returning
ORD-18424,58.41,Fashion,VIP
ORD-18425,82.99,Fashion,Returning
ORD-18426,62.04,Home & Kitchen,VIP
ORD-18427,65.02,Electronics,Returning
ORD-18428,169.7,Fashion,Returning
ORD-18429,124.09,Home & Kitchen,New
ORD-18430,63.28,Fashion,Returning
ORD-18431,68.63,Fashion,Returning
ORD-18432,39.6,Fashion,Returning
ORD-18433,54.39,Fitness,Returning
ORD-18434,72.65,Home & Kitchen,New
ORD-18435,100.52,Home & Kitchen,New
ORD-18436,94.59,Books,New
ORD-18437,31.01,Home & Kitchen,New
ORD-18438,108.44,Fashion,Returning
ORD-18439,57.21,Home & Kitchen,VIP
ORD-18440,33.37,Books,Returning
ORD-18441,134.54,Electronics,VIP
ORD-18442,145.18,Home & Kitchen,VIP
ORD-18443,70.69,Electronics,New
ORD-18444,92.32,Fitness,Returning
ORD-18445,95.63,Home & Kitchen,New
ORD-18446,139.42,Books,VIP
ORD-18447,93.4,Home & Kitchen,Returning
ORD-18448,27.2,Electronics,New
ORD-18449,201.52,Fashion,New
ORD-18450,114.36,Books,Returning
ORD-18451,44.45,Electronics,New
ORD-18452,32.53,Electronics,New
ORD-18453,81.69,Home & Kitchen,VIP
ORD-18454,51.06,Fashion,New
ORD-18455,73.55,Electronics,Returning
ORD-18456,94.26,Fashion,Returning
ORD-18457,42.95,Fashion,New
ORD-18458,30.89,Home & Kitchen,New
ORD-18459,76.06,Fashion,New
ORD-18460,43.81,Fashion,VIP
ORD-18461,65.87,Fitness,Returning
ORD-18462,26.95,Fashion,New
ORD-18463,51.87,Home & Kitchen,Returning
ORD-18464,92.66,Fashion,New
ORD-18465,86.8,Fashion,New
ORD-18466,37.6,Home & Kitchen,New
ORD-18467,29.94,Home & Kitchen,Returning
ORD-18468,60.91,Books,New
ORD-18469,84.49,Fashion,Returning
ORD-18470,76.95,Electronics,New
ORD-18471,44.38,Fashion,Returning
ORD-18472,72.15,Fashion,Returning
ORD-18473,148.62,Electronics,New
ORD-18474,68.24,Fitness,New
ORD-18475,22.65,Fitness,Returning
ORD-18476,68.16,Fashion,New
ORD-18477,205.69,Fashion,New
ORD-18478,27.87,Electronics,Returning
ORD-18479,61.43,Fashion,Returning
ORD-18480,52.68,Home & Kitchen,Returning
ORD-18481,63.91,Fitness,New
ORD-18482,67.8,Fashion,New
ORD-18483,119.58,Electronics,Returning
ORD-18484,63.49,Electronics,Returning
ORD-18485,129.85,Electronics,New
ORD-18486,56.23,Books,New
ORD-18487,48.91,Fitness,New
ORD-18488,40.39,Fitness,Returning
ORD-18489,20.28,Fitness,VIP
ORD-18490,71.2,Electronics,New
ORD-18491,206.93,Home & Kitchen,Returning
ORD-18492,79.44,Home & Kitchen,New
ORD-18493,91.11,Electronics,New
ORD-18494,47.1,Fashion,Returning
ORD-18495,52.11,Home & Kitchen,Returning
ORD-18496,108.94,Fitness,New
ORD-18497,201.38,Electronics,Returning
ORD-18498,147.34,Fitness,New
ORD-18499,97.82,Books,New
ORD-18500,61.63,Books,Returning
ORD-18501,68.43,Electronics,New
ORD-18502,38.39,Electronics,Returning
ORD-18503,25.31,Home & Kitchen,Returning
ORD-18504,30.69,Fashion,VIP
ORD-18505,62.17,Electronics,New
ORD-18506,50.64,Fitness,Returning
ORD-18507,24.99,Electronics,New
ORD-18508,59.0,Fashion,New
ORD-18509,49.85,Books,New
ORD-18510,29.85,Fashion,Returning
ORD-18511,48.32,Books,New
ORD-18512,49.77,Fashion,VIP
ORD-18513,41.68,Fashion,New
ORD-18514,105.21,Electronics,Returning
ORD-18515,19.26,Fashion,New
ORD-18516,18.33,Fashion,New
ORD-18517,60.46,Fitness,Returning
ORD-18518,63.92,Books,New
ORD-18519,76.9,Electronics,Returning
ORD-18520,43.67,Electronics,Returning
ORD-18521,34.79,Home & Kitchen,Returning
ORD-18522,60.08,Fashion,Returning
ORD-18523,46.3,Fashion,New
ORD-18524,153.03,Fashion,Returning
ORD-18525,49.67,Electronics,Returning
ORD-18526,58.45,Fashion,Returning
ORD-18527,266.47,Electronics,Returning
ORD-18528,53.69,Home & Kitchen,Returning
ORD-18529,84.24,Fashion,Returning
ORD-18530,88.92,Fashion,New
ORD-18531,93.58,Fashion,New
ORD-18532,71.79,Electronics,New
ORD-18533,67.78,Fitness,New
ORD-18534,64.08,Home & Kitchen,Returning
ORD-18535,42.71,Fitness,New
ORD-18536,73.36,Fashion,New
ORD-18537,203.81,Fashion,VIP
ORD-18538,124.76,Electronics,VIP
ORD-18539,72.41,Fashion,Returning
ORD-18540,100.84,Home & Kitchen,Returning
ORD-18541,35.82,Fashion,New
ORD-18542,51.61,Electronics,Returning
ORD-18543,106.56,Fashion,New
ORD-18544,147.27,Electronics,New
ORD-18545,38.0,Fashion,Returning
ORD-18546,45.14,Home & Kitchen,New
ORD-18547,223.37,Books,New
ORD-18548,63.93,Electronics,Returning
ORD-18549,180.19,Electronics,New
ORD-18550,68.31,Fashion,New
ORD-18551,69.94,Electronics,New
ORD-18552,50.23,Home & Kitchen,New
ORD-18553,106.22,Electronics,Returning
ORD-18554,136.27,Books,New
ORD-18555,32.43,Fitness,New
ORD-18556,48.84,Fashion,Returning
ORD-18557,104.49,Books,Returning
ORD-18558,55.83,Home & Kitchen,Returning
ORD-18559,44.88,Books,Returning
ORD-18560,110.58,Fashion,Returning
ORD-18561,116.99,Books,New
ORD-18562,46.07,Electronics,Returning
ORD-18563,68.54,Fashion,New
ORD-18564,29.22,Books,Returning
ORD-18565,35.26,Fashion,VIP
ORD-18566,65.01,Electronics,New
ORD-18567,61.49,Electronics,New
ORD-18568,33.78,Electronics,New
ORD-18569,39.27,Fashion,VIP
ORD-18570,31.85,Fashion,New
ORD-18571,79.28,Fashion,VIP
ORD-18572,18.53,Fitness,New
ORD-18573,32.89,Electronics,Returning
ORD-18574,19.73,Fitness,New
ORD-18575,77.59,Home & Kitchen,New
ORD-18576,20.46,Fitness,New
ORD-18577,61.5,Fitness,New
ORD-18578,161.37,Books,New
ORD-18579,164.69,Electronics,New
ORD-18580,20.42,Home & Kitchen,Returning
ORD-18581,72.17,Books,Returning
ORD-18582,33.34,Home & Kitchen,New
ORD-18583,29.49,Electronics,Returning
ORD-18584,56.37,Home & Kitchen,Returning
ORD-18585,126.09,Fitness,VIP
ORD-18586,86.47,Fashion,New
ORD-18587,39.29,Home & Kitchen,New
ORD-18588,92.11,Fitness,VIP
ORD-18589,15.7,Fashion,VIP
ORD-18590,38.41,Electronics,VIP
ORD-18591,36.81,Fashion,Returning
ORD-18592,63.24,Home & Kitchen,Returning
ORD-18593,53.43,Fashion,VIP
ORD-18594,55.43,Home & Kitchen,Returning
ORD-18595,54.33,Fashion,New
ORD-18596,61.16,Fitness,VIP
ORD-18597,83.44,Fitness,Returning
ORD-18598,66.0,Fitness,New
ORD-18599,50.88,Fashion,New
ORD-18600,76.79,Electronics,VIP
ORD-18601,99.05,Home & Kitchen,New
ORD-18602,43.22,Electronics,Returning
ORD-18603,58.23,Fashion,New
ORD-18604,121.16,Electronics,New
ORD-18605,31.14,Fashion,Returning
ORD-18606,178.18,Home & Kitchen,VIP
ORD-18607,27.02,Fashion,Returning
ORD-18608,49.05,Fashion,New
ORD-18609,34.12,Electronics,New
ORD-18610,224.25,Fashion,New
ORD-18611,44.61,Fashion,VIP
ORD-18612,44.68,Fitness,New
ORD-18613,48.31,Fitness,VIP
ORD-18614,63.9,Books,VIP
ORD-18615,49.55,Electronics,Returning
ORD-18616,55.72,Fashion,New
ORD-18617,7.26,Fashion,VIP
ORD-18618,62.45,Home & Kitchen,New
ORD-18619,60.99,Home & Kitchen,VIP
ORD-18620,112.52,Fitness,New
ORD-18621,132.35,Fashion,New
ORD-18622,53.91,Home & Kitchen,New
ORD-18623,98.47,Books,New
ORD-18624,31.16,Electronics,Returning
ORD-18625,95.62,Fitness,Returning
ORD-18626,42.8,Home & Kitchen,New
ORD-18627,29.64,Electronics,Returning
ORD-18628,53.98,Books,New
ORD-18629,139.81,Fitness,VIP
ORD-18630,67.26,Fitness,VIP
ORD-18631,148.1,Electronics,Returning
ORD-18632,38.5,Electronics,VIP
ORD-18633,113.15,Home & Kitchen,New
ORD-18634,40.8,Electronics,New
ORD-18635,69.08,Electronics,New
ORD-18636,68.72,Fashion,Returning
ORD-18637,89.74,Electronics,New
ORD-18638,70.14,Home & Kitchen,VIP
ORD-18639,38.73,Fashion,Returning
ORD-18640,102.33,Electronics,New
ORD-18641,170.54,Fashion,Returning
ORD-18642,42.51,Electronics,Returning
ORD-18643,20.06,Electronics,Returning
ORD-18644,81.42,Fashion,Returning
ORD-18645,49.47,Fashion,Returning
ORD-18646,55.78,Fashion,New
ORD-18647,84.24,Home & Kitchen,Returning
ORD-18648,45.89,Fashion,New
ORD-18649,51.35,Home & Kitchen,Returning
ORD-18650,56.82,Fashion,New
ORD-18651,145.74,Home & Kitchen,Returning
ORD-18652,61.44,Home & Kitchen,New
ORD-18653,28.75,Electronics,New
ORD-18654,29.44,Home & Kitchen,Returning
ORD-18655,65.6,Fitness,New
ORD-18656,30.64,Electronics,Returning
ORD-18657,23.63,Home & Kitchen,Returning
ORD-18658,88.35,Fitness,New
ORD-18659,90.99,Electronics,New
ORD-18660,48.38,Books,Returning
ORD-18661,71.97,Fashion,Returning
ORD-18662,67.55,Home & Kitchen,Returning
ORD-18663,86.61,Fitness,New
ORD-18664,86.73,Books,New
ORD-18665,12.64,Home & Kitchen,Returning
ORD-18666,52.23,Home & Kitchen,VIP
ORD-18667,82.33,Fashion,Returning
ORD-18668,47.17,Fashion,Returning
ORD-18669,61.67,Fitness,Returning
ORD-18670,94.67,Fashion,Returning
ORD-18671,63.34,Fitness,Returning
ORD-18672,149.12,Electronics,New
ORD-18673,118.65,Electronics,Returning
ORD-18674,56.2,Electronics,New
ORD-18675,53.58,Fashion,New
ORD-18676,10.91,Electronics,New
ORD-18677,49.61,Fashion,New
ORD-18678,26.79,Books,New
ORD-18679,68.91,Fitness,New
ORD-18680,66.14,Fitness,New
ORD-18681,91.61,Electronics,New
ORD-18682,139.49,Fashion,New
ORD-18683,59.4,Home & Kitchen,New
ORD-18684,237.04,Electronics,Returning
ORD-18685,69.37,Fashion,Returning
ORD-18686,27.49,Books,New
ORD-18687,43.07,Electronics,New
ORD-18688,48.25,Books,New
ORD-18689,86.08,Electronics,New
ORD-18690,34.18,Electronics,New
ORD-18691,50.46,Electronics,New
ORD-18692,54.78,Books,Returning
ORD-18693,46.11,Home & Kitchen,Returning
ORD-18694,98.18,Fitness,Returning
ORD-18695,88.66,Fashion,New
ORD-18696,121.5,Fitness,New
ORD-18697,49.47,Home & Kitchen,VIP
ORD-18698,124.15,Home & Kitchen,Returning
ORD-18699,26.62,Fitness,Returning
ORD-18700,26.23,Fitness,VIP
ORD-18701,29.13,Home & Kitchen,Returning
ORD-18702,60.67,Electronics,New
ORD-18703,124.14,Fitness,Returning
ORD-18704,42.04,Fashion,New
ORD-18705,45.33,Books,Returning
ORD-18706,53.01,Fashion,New
ORD-18707,85.09,Electronics,New
ORD-18708,45.31,Fashion,New
ORD-18709,43.81,Home & Kitchen,New
ORD-18710,26.92,Fashion,Returning
ORD-18711,42.82,Fitness,New
ORD-18712,122.3,Home & Kitchen,New
ORD-18713,63.72,Electronics,New
ORD-18714,38.71,Fashion,Returning
ORD-18715,126.68,Fitness,Returning
ORD-18716,42.47,Fitness,Returning
ORD-18717,141.45,Fashion,New
ORD-18718,140.07,Books,New
ORD-18719,62.4,Electronics,New
ORD-18720,24.55,Home & Kitchen,New
ORD-18721,238.34,Fitness,New
ORD-18722,76.12,Fashion,VIP
ORD-18723,49.68,Electronics,Returning
ORD-18724,107.09,Home & Kitchen,New
ORD-18725,91.96,Fashion,Returning
ORD-18726,132.5,Electronics,New
ORD-18727,40.55,Electronics,New
ORD-18728,73.05,Fitness,Returning
ORD-18729,29.62,Electronics,Returning
ORD-18730,90.0,Fashion,Returning
ORD-18731,59.52,Books,VIP
ORD-18732,71.42,Fitness,New
ORD-18733,55.27,Fashion,Returning
ORD-18734,51.9,Fashion,VIP
ORD-18735,35.84,Electronics,New
ORD-18736,96.96,Fashion,Returning
ORD-18737,147.5,Electronics,VIP
ORD-18738,43.21,Electronics,Returning
ORD-18739,84.11,Electronics,New
ORD-18740,78.2,Home & Kitchen,New
ORD-18741,60.63,Electronics,Returning
ORD-18742,24.14,Electronics,VIP
ORD-18743,27.63,Fitness,New
ORD-18744,37.77,Electronics,New
ORD-18745,16.72,Home & Kitchen,New
ORD-18746,140.45,Fashion,New
ORD-18747,75.24,Home & Kitchen,Returning
ORD-18748,59.27,Electronics,Returning
ORD-18749,16.21,Electronics,Returning
ORD-18750,20.2,Fitness,Returning
ORD-18751,60.26,Fashion,Returning
ORD-18752,196.82,Electronics,Returning
ORD-18753,39.68,Fashion,New
ORD-18754,101.32,Fashion,New
ORD-18755,45.24,Electronics,Returning
ORD-18756,62.37,Fashion,Returning
ORD-18757,125.06,Fashion,New
ORD-18758,49.03,Home & Kitchen,Returning
ORD-18759,39.88,Fitness,Returning
ORD-18760,141.29,Fashion,New
ORD-18761,62.01,Fitness,Returning
ORD-18762,116.13,Fashion,New
ORD-18763,40.0,Fashion,VIP
ORD-18764,140.33,Home & Kitchen,Returning
ORD-18765,71.11,Home & Kitchen,Returning
ORD-18766,78.33,Electronics,Returning
ORD-18767,65.3,Books,Returning
ORD-18768,44.55,Books,New
ORD-18769,60.28,Fashion,New
ORD-18770,46.27,Home & Kitchen,VIP
ORD-18771,107.31,Fitness,VIP
ORD-18772,53.42,Books,VIP
ORD-18773,24.58,Home & Kitchen,VIP
ORD-18774,22.03,Electronics,Returning
ORD-18775,21.41,Home & Kitchen,Returning
ORD-18776,87.43,Electronics,Returning
ORD-18777,30.24,Home & Kitchen,New
ORD-18778,72.24,Home & Kitchen,Returning
ORD-18779,65.49,Home & Kitchen,Returning
ORD-18780,58.04,Electronics,Returning
ORD-18781,78.5,Fashion,New
ORD-18782,66.35,Home & Kitchen,Returning
ORD-18783,11.87,Fashion,VIP
ORD-18784,49.69,Electronics,New
ORD-18785,77.87,Electronics,New
ORD-18786,161.45,Fitness,Returning
ORD-18787,165.98,Fashion,Returning
ORD-18788,26.63,Home & Kitchen,Returning
ORD-18789,48.92,Fashion,Returning
ORD-18790,23.58,Fitness,New
ORD-18791,150.19,Fashion,New
ORD-18792,110.8,Electronics,VIP
ORD-18793,74.47,Electronics,New
ORD-18794,66.66,Electronics,New
ORD-18795,138.16,Fitness,New
ORD-18796,124.81,Home & Kitchen,New
ORD-18797,120.88,Fitness,New
ORD-18798,79.36,Home & Kitchen,Returning
ORD-18799,48.93,Fitness,Returning
ORD-18800,95.61,Books,Returning
ORD-18801,98.46,Home & Kitchen,New
ORD-18802,53.82,Fashion,VIP
ORD-18803,48.87,Electronics,New
ORD-18804,119.1,Home & Kitchen,New
ORD-18805,163.77,Fitness,New
ORD-18806,38.49,Home & Kitchen,VIP
ORD-18807,51.52,Fashion,Returning
ORD-18808,74.48,Home & Kitchen,Returning
ORD-18809,80.8,Fashion,New
ORD-18810,44.11,Fashion,New
ORD-18811,186.81,Fitness,VIP
ORD-18812,77.73,Home & Kitchen,New
ORD-18813,83.0,Fashion,Returning
ORD-18814,173.35,Fashion,Returning
ORD-18815,46.09,Home & Kitchen,Returning
ORD-18816,57.22,Fashion,New
ORD-18817,28.45,Electronics,New
ORD-18818,54.41,Home & Kitchen,New
ORD-18819,24.7,Home & Kitchen,VIP
ORD-18820,94.51,Electronics,Returning
ORD-18821,77.63,Fashion,New
ORD-18822,51.1,Home & Kitchen,VIP
ORD-18823,56.81,Fashion,New
ORD-18824,95.29,Fashion,New
ORD-18825,30.52,Fashion,New
ORD-18826,68.2,Fashion,VIP
ORD-18827,91.81,Fitness,New
ORD-18828,20.71,Fashion,New
ORD-18829,91.01,Books,New
ORD-18830,22.1,Fashion,New
ORD-18831,56.23,Home & Kitchen,Returning
ORD-18832,30.02,Fashion,New
ORD-18833,142.42,Fitness,Returning
ORD-18834,30.14,Fitness,VIP
ORD-18835,22.42,Fashion,New
ORD-18836,65.37,Fashion,VIP
ORD-18837,47.08,Books,Returning
ORD-18838,24.46,Books,VIP
ORD-18839,82.72,Books,New
ORD-18840,18.27,Electronics,Returning
ORD-18841,32.4,Electronics,Returning
ORD-18842,42.73,Fashion,New
ORD-18843,97.64,Home & Kitchen,Returning
ORD-18844,131.27,Electronics,New
ORD-18845,116.94,Fashion,Returning
ORD-18846,55.04,Home & Kitchen,Returning
ORD-18847,14.06,Electronics,Returning
ORD-18848,76.29,Home & Kitchen,New
ORD-18849,145.82,Electronics,VIP
ORD-18850,126.5,Fitness,New
ORD-18851,79.66,Fashion,Returning
ORD-18852,29.56,Home & Kitchen,Returning
ORD-18853,44.03,Fashion,New
ORD-18854,192.54,Fashion,Returning
ORD-18855,25.79,Fashion,VIP
ORD-18856,30.3,Fitness,VIP
ORD-18857,106.22,Fashion,New
ORD-18858,46.59,Electronics,New
ORD-18859,29.69,Home & Kitchen,New
ORD-18860,150.92,Electronics,Returning
ORD-18861,79.57,Fashion,New
ORD-18862,47.99,Fashion,New
ORD-18863,30.34,Fashion,New
ORD-18864,206.12,Electronics,VIP
ORD-18865,59.46,Fashion,New
ORD-18866,139.55,Electronics,Returning
ORD-18867,103.15,Fashion,New
ORD-18868,44.14,Home & Kitchen,Returning
ORD-18869,44.36,Home & Kitchen,Returning
ORD-18870,143.71,Electronics,VIP
ORD-18871,145.11,Electronics,Returning
ORD-18872,19.57,Home & Kitchen,New
ORD-18873,83.92,Fashion,New
ORD-18874,56.11,Fitness,New
ORD-18875,32.46,Electronics,New
ORD-18876,70.6,Electronics,VIP
ORD-18877,26.85,Fashion,Returning
ORD-18878,45.61,Home & Kitchen,VIP
ORD-18879,37.37,Fashion,New
ORD-18880,44.71,Electronics,VIP
ORD-18881,57.81,Electronics,VIP
ORD-18882,32.81,Home & Kitchen,Returning
ORD-18883,155.07,Fashion,New
ORD-18884,81.12,Home & Kitchen,VIP
ORD-18885,177.1,Fashion,VIP
ORD-18886,54.81,Fashion,New
ORD-18887,43.41,Electronics,VIP
ORD-18888,173.3,Books,VIP
ORD-18889,42.66,Electronics,New
ORD-18890,54.22,Electronics,New
ORD-18891,92.95,Fitness,New
ORD-18892,28.71,Electronics,Returning
ORD-18893,92.46,Fashion,VIP
ORD-18894,85.63,Fashion,VIP
ORD-18895,129.23,Home & Kitchen,New
ORD-18896,102.93,Fashion,Returning
ORD-18897,131.63,Fitness,Returning
ORD-18898,56.47,Home & Kitchen,Returning
ORD-18899,35.96,Fashion,Returning
ORD-18900,214.0,Electronics,Returning
ORD-18901,24.14,Fitness,New
ORD-18902,25.64,Fitness,New
ORD-18903,84.7,Fitness,VIP
ORD-18904,159.97,Electronics,New
ORD-18905,67.61,Home & Kitchen,New
ORD-18906,109.9,Home & Kitchen,VIP
ORD-18907,18.22,Books,VIP
ORD-18908,44.71,Fashion,Returning
ORD-18909,19.6,Fitness,New
ORD-18910,96.37,Home & Kitchen,Returning
ORD-18911,23.85,Fitness,Returning
ORD-18912,28.03,Home & Kitchen,New
ORD-18913,82.14,Fitness,New
ORD-18914,114.1,Fashion,New
ORD-18915,54.85,Electronics,Returning
ORD-18916,84.95,Fashion,VIP
ORD-18917,83.32,Fitness,Returning
ORD-18918,53.02,Electronics,New
ORD-18919,31.29,Home & Kitchen,New
ORD-18920,84.68,Books,Returning
ORD-18921,87.17,Fitness,Returning
ORD-18922,103.17,Home & Kitchen,New
ORD-18923,72.77,Fitness,VIP
ORD-18924,29.93,Electronics,VIP
ORD-18925,91.3,Fashion,VIP
ORD-18926,60.29,Fashion,New
ORD-18927,45.17,Fitness,Returning
ORD-18928,50.56,Fashion,Returning
ORD-18929,39.88,Electronics,Returning
ORD-18930,102.85,Home & Kitchen,New
ORD-18931,25.77,Fashion,New
ORD-18932,33.25,Fitness,New
ORD-18933,49.54,Fashion,VIP
ORD-18934,158.9,Fitness,Returning
ORD-18935,113.59,Fashion,VIP
ORD-18936,22.54,Fitness,Returning
ORD-18937,135.75,Home & Kitchen,New
ORD-18938,135.59,Fashion,Returning
ORD-18939,29.83,Fashion,New
ORD-18940,13.29,Fitness,VIP
ORD-18941,57.78,Electronics,New
ORD-18942,118.33,Home & Kitchen,New
ORD-18943,156.77,Electronics,Returning
ORD-18944,35.78,Fitness,Returning
ORD-18945,172.64,Electronics,Returning
ORD-18946,15.85,Home & Kitchen,New
ORD-18947,48.38,Home & Kitchen,Returning
ORD-18948,46.98,Electronics,New
ORD-18949,120.47,Fashion,Returning
ORD-18950,131.5,Fitness,Returning
ORD-18951,106.97,Home & Kitchen,New
ORD-18952,26.83,Books,New
ORD-18953,101.25,Fitness,New
ORD-18954,81.89,Home & Kitchen,New
ORD-18955,22.14,Home & Kitchen,Returning
ORD-18956,17.46,Books,New
ORD-18957,112.48,Fashion,New
ORD-18958,54.16,Fashion,Returning
ORD-18959,27.91,Fitness,Returning
ORD-18960,53.26,Books,VIP
ORD-18961,75.07,Fashion,VIP
ORD-18962,57.41,Electronics,Returning
ORD-18963,23.78,Home & Kitchen,New
ORD-18964,187.04,Home & Kitchen,Returning
ORD-18965,110.23,Fashion,Returning
ORD-18966,49.34,Home & Kitchen,Returning
ORD-18967,50.55,Fashion,VIP
ORD-18968,74.87,Fashion,Returning
ORD-18969,30.64,Home & Kitchen,New
ORD-18970,73.23,Fashion,Returning
ORD-18971,27.15,Fitness,New
ORD-18972,57.84,Electronics,VIP
ORD-18973,29.93,Fitness,New
ORD-18974,30.85,Fashion,Returning
ORD-18975,161.97,Books,Returning
ORD-18976,62.52,Fitness,New
ORD-18977,68.34,Electronics,Returning
ORD-18978,18.05,Books,New
ORD-18979,42.17,Fashion,New
ORD-18980,79.58,Fashion,New
ORD-18981,67.79,Books,Returning
ORD-18982,16.57,Books,VIP
ORD-18983,68.33,Home & Kitchen,New
ORD-18984,75.18,Books,Returning
ORD-18985,130.35,Fashion,VIP
ORD-18986,40.73,Electronics,New
ORD-18987,15.72,Electronics,VIP
ORD-18988,33.18,Fashion,New
ORD-18989,31.24,Home & Kitchen,Returning
ORD-18990,93.88,Fashion,Returning
ORD-18991,11.82,Home & Kitchen,VIP
ORD-18992,46.11,Electronics,New
ORD-18993,141.95,Fashion,New
ORD-18994,60.6,Home & Kitchen,Returning
ORD-18995,103.32,Electronics,Returning
ORD-18996,22.53,Home & Kitchen,Returning
ORD-18997,23.08,Fitness,Returning
ORD-18998,142.93,Home & Kitchen,Returning
ORD-18999,64.12,Fitness,New
ORD-19000,64.2,Books,New
ORD-19001,30.85,Electronics,New
ORD-19002,64.1,Home & Kitchen,New
ORD-19003,30.34,Electronics,Returning
ORD-19004,122.99,Fashion,New
ORD-19005,310.04,Home & Kitchen,Returning
ORD-19006,80.67,Home & Kitchen,New
ORD-19007,41.22,Fitness,VIP
ORD-19008,13.19,Home & Kitchen,New
ORD-19009,21.96,Fitness,New
ORD-19010,153.38,Home & Kitchen,Returning
ORD-19011,32.54,Electronics,New
ORD-19012,48.3,Electronics,Returning
ORD-19013,89.41,Fashion,New
ORD-19014,146.84,Home & Kitchen,Returning
ORD-19015,53.53,Electronics,New
ORD-19016,47.33,Fashion,New
ORD-19017,62.99,Fashion,Returning
ORD-19018,41.41,Home & Kitchen,Returning
ORD-19019,42.76,Fashion,Returning
ORD-19020,77.26,Electronics,New
ORD-19021,67.44,Electronics,Returning
ORD-19022,216.8,Fashion,New
ORD-19023,78.52,Fashion,Returning
ORD-19024,120.38,Books,VIP
ORD-19025,31.73,Electronics,New
ORD-19026,82.69,Fashion,New
ORD-19027,39.1,Home & Kitchen,Returning
ORD-19028,76.5,Home & Kitchen,VIP
ORD-19029,91.2,Fashion,Returning
ORD-19030,62.17,Electronics,Returning
ORD-19031,255.8,Books,Returning
ORD-19032,142.14,Books,New
ORD-19033,122.28,Fashion,VIP
ORD-19034,95.45,Home & Kitchen,Returning
ORD-19035,173.82,Electronics,VIP
ORD-19036,25.48,Electronics,VIP
ORD-19037,137.3,Electronics,VIP
ORD-19038,33.29,Home & Kitchen,New
ORD-19039,43.01,Electronics,VIP
ORD-19040,84.51,Electronics,New
ORD-19041,126.46,Electronics,New
ORD-19042,30.2,Electronics,New
ORD-19043,44.37,Fashion,New
ORD-19044,63.98,Fashion,New
ORD-19045,53.96,Home & Kitchen,Returning
ORD-19046,100.73,Fashion,New
ORD-19047,474.17,Fashion,New
ORD-19048,77.6,Fitness,New
ORD-19049,38.82,Fashion,Returning
ORD-19050,27.72,Electronics,Returning
ORD-19051,49.64,Fitness,Returning
ORD-19052,34.32,Home & Kitchen,Returning
ORD-19053,79.88,Fashion,Returning
ORD-19054,79.14,Fashion,New
ORD-19055,45.7,Electronics,Returning
ORD-19056,198.54,Electronics,Returning
ORD-19057,38.81,Fitness,New
ORD-19058,56.17,Home & Kitchen,VIP
ORD-19059,88.54,Electronics,New
ORD-19060,103.05,Electronics,VIP
ORD-19061,129.87,Fashion,New
ORD-19062,78.03,Fashion,Returning
ORD-19063,113.36,Fashion,New
ORD-19064,40.49,Fashion,VIP
ORD-19065,104.67,Fitness,Returning
ORD-19066,103.84,Home & Kitchen,New
ORD-19067,149.57,Books,New
ORD-19068,22.17,Fitness,Returning
ORD-19069,35.01,Books,New
ORD-19070,98.88,Books,New
ORD-19071,12.29,Fashion,VIP
ORD-19072,81.06,Electronics,Returning
ORD-19073,113.96,Electronics,New
ORD-19074,42.7,Home & Kitchen,Returning
ORD-19075,46.61,Home & Kitchen,New
ORD-19076,31.67,Electronics,Returning
ORD-19077,44.13,Fitness,New
ORD-19078,44.9,Fitness,New
ORD-19079,40.06,Home & Kitchen,New
ORD-19080,38.76,Fashion,VIP
ORD-19081,51.28,Electronics,New
ORD-19082,50.91,Fashion,Returning
ORD-19083,185.76,Electronics,Returning
ORD-19084,47.63,Home & Kitchen,Returning
ORD-19085,74.18,Fashion,New
ORD-19086,42.69,Electronics,VIP
ORD-19087,42.36,Fashion,VIP
ORD-19088,21.7,Home & Kitchen,New
ORD-19089,23.5,Fashion,New
ORD-19090,29.25,Books,VIP
ORD-19091,67.37,Electronics,New
ORD-19092,115.09,Books,Returning
ORD-19093,20.66,Electronics,Returning
ORD-19094,43.4,Electronics,New
ORD-19095,26.57,Books,New
ORD-19096,51.49,Home & Kitchen,New
ORD-19097,115.06,Home & Kitchen,Returning
ORD-19098,46.15,Home & Kitchen,Returning
ORD-19099,58.64,Fashion,Returning
ORD-19100,144.48,Fitness,Returning
ORD-19101,79.42,Electronics,Returning
ORD-19102,38.24,Fitness,New
ORD-19103,66.38,Books,New
ORD-19104,36.73,Fitness,New
ORD-19105,77.66,Home & Kitchen,New
ORD-19106,82.2,Home & Kitchen,New
ORD-19107,26.57,Fashion,VIP
ORD-19108,67.03,Fashion,New
ORD-19109,56.23,Fitness,New
ORD-19110,83.66,Home & Kitchen,Returning
ORD-19111,99.37,Fashion,Returning
ORD-19112,80.36,Fitness,Returning
ORD-19113,50.3,Electronics,New
ORD-19114,105.64,Fitness,New
ORD-19115,35.74,Fitness,New
ORD-19116,27.32,Electronics,New
ORD-19117,8.87,Electronics,New
ORD-19118,57.85,Home & Kitchen,Returning
ORD-19119,36.86,Electronics,VIP
ORD-19120,76.6,Books,New
ORD-19121,18.49,Electronics,New
ORD-19122,40.92,Electronics,VIP
ORD-19123,80.01,Electronics,Returning
ORD-19124,32.53,Fitness,Returning
ORD-19125,77.13,Home & Kitchen,VIP
ORD-19126,43.2,Fitness,Returning
ORD-19127,59.16,Books,Returning
ORD-19128,86.24,Home & Kitchen,New
ORD-19129,106.88,Electronics,VIP
ORD-19130,63.78,Electronics,Returning
ORD-19131,37.03,Fitness,New
ORD-19132,45.84,Electronics,Returning
ORD-19133,88.43,Fitness,New
ORD-19134,32.7,Fitness,Returning
ORD-19135,54.23,Home & Kitchen,New
ORD-19136,47.87,Home & Kitchen,Returning
ORD-19137,56.71,Books,Returning
ORD-19138,32.93,Fitness,Returning
ORD-19139,19.86,Home & Kitchen,Returning
ORD-19140,82.47,Fashion,New
ORD-19141,107.61,Fashion,New
ORD-19142,20.59,Fashion,Returning
ORD-19143,75.29,Books,Returning
ORD-19144,115.57,Home & Kitchen,VIP
ORD-19145,86.28,Fitness,New
ORD-19146,46.99,Electronics,Returning
ORD-19147,34.26,Fitness,VIP
ORD-19148,63.34,Fashion,Returning
ORD-19149,70.01,Home & Kitchen,New
ORD-19150,63.91,Electronics,New
ORD-19151,54.16,Fitness,VIP
ORD-19152,31.51,Home & Kitchen,New
ORD-19153,77.76,Fashion,New
ORD-19154,80.04,Fashion,Returning
ORD-19155,68.07,Fashion,New
ORD-19156,64.5,Fashion,Returning
ORD-19157,165.26,Electronics,VIP
ORD-19158,41.49,Fashion,VIP
ORD-19159,130.17,Fashion,Returning
ORD-19160,38.85,Fashion,VIP
ORD-19161,117.37,Home & Kitchen,Returning
ORD-19162,126.47,Fashion,VIP
ORD-19163,50.61,Electronics,VIP
ORD-19164,163.46,Fitness,VIP
ORD-19165,79.95,Fashion,New
ORD-19166,35.65,Home & Kitchen,New
ORD-19167,48.21,Books,New
ORD-19168,119.06,Fitness,Returning
ORD-19169,104.99,Fashion,VIP
ORD-19170,31.98,Fashion,VIP
ORD-19171,55.5,Fitness,VIP
ORD-19172,68.18,Fitness,Returning
ORD-19173,44.5,Electronics,Returning
ORD-19174,248.31,Home & Kitchen,Returning
ORD-19175,69.42,Fitness,Returning
ORD-19176,58.14,Fitness,New
ORD-19177,123.29,Electronics,Returning
ORD-19178,48.47,Fashion,Returning
ORD-19179,110.44,Fashion,New
ORD-19180,22.18,Fashion,Returning
ORD-19181,45.96,Home & Kitchen,Returning
ORD-19182,113.23,Fashion,Returning
ORD-19183,154.8,Fashion,Returning
ORD-19184,37.94,Fashion,New
ORD-19185,35.38,Fitness,Returning
ORD-19186,84.81,Fitness,New
ORD-19187,41.52,Fitness,New
ORD-19188,51.36,Books,Returning
ORD-19189,102.09,Books,Returning
ORD-19190,43.53,Fashion,VIP
ORD-19191,18.56,Electronics,New
ORD-19192,27.64,Fitness,Returning
ORD-19193,60.7,Home & Kitchen,VIP
ORD-19194,19.73,Fashion,VIP
ORD-19195,50.49,Books,New
ORD-19196,26.17,Fashion,New
ORD-19197,161.41,Books,Returning
ORD-19198,221.2,Home & Kitchen,VIP
ORD-19199,31.98,Electronics,New
ORD-19200,70.39,Fitness,Returning
ORD-19201,33.91,Fitness,VIP
ORD-19202,50.12,Home & Kitchen,Returning
ORD-19203,178.05,Home & Kitchen,Returning
ORD-19204,45.6,Electronics,VIP
ORD-19205,50.82,Electronics,New
ORD-19206,34.28,Electronics,New
ORD-19207,120.03,Electronics,New
ORD-19208,8.52,Fashion,Returning
ORD-19209,46.26,Fashion,New
ORD-19210,58.7,Electronics,New
ORD-19211,40.58,Home & Kitchen,New
ORD-19212,101.3,Fashion,Returning
ORD-19213,124.12,Fashion,Returning
ORD-19214,25.86,Books,Returning
ORD-19215,211.9,Books,Returning
ORD-19216,25.69,Fitness,VIP
ORD-19217,130.74,Electronics,Returning
ORD-19218,66.02,Home & Kitchen,Returning
ORD-19219,44.6,Electronics,New
ORD-19220,47.2,Home & Kitchen,New
ORD-19221,59.14,Fitness,New
ORD-19222,68.38,Fashion,Returning
ORD-19223,34.74,Books,VIP
ORD-19224,52.44,Home & Kitchen,New
ORD-19225,38.0,Fashion,New
ORD-19226,29.11,Electronics,Returning
ORD-19227,36.95,Fitness,VIP
ORD-19228,30.27,Fashion,Returning
ORD-19229,46.89,Electronics,New
ORD-19230,78.22,Electronics,Returning
ORD-19231,64.87,Books,New
ORD-19232,197.28,Electronics,Returning
ORD-19233,16.02,Books,Returning
ORD-19234,79.97,Home & Kitchen,Returning
ORD-19235,60.57,Fashion,New
ORD-19236,98.44,Fashion,VIP
ORD-19237,92.75,Fitness,New
ORD-19238,54.65,Fashion,New
ORD-19239,66.93,Electronics,Returning
ORD-19240,38.61,Electronics,Returning
ORD-19241,87.2,Fitness,Returning
ORD-19242,19.54,Home & Kitchen,New
ORD-19243,96.17,Fashion,New
ORD-19244,59.51,Electronics,New
ORD-19245,45.05,Fashion,Returning
ORD-19246,52.48,Fitness,New
ORD-19247,54.84,Electronics,VIP
ORD-19248,131.42,Books,Returning
ORD-19249,419.93,Fitness,Returning
ORD-19250,125.45,Fashion,VIP
ORD-19251,42.98,Fitness,Returning
ORD-19252,88.05,Home & Kitchen,Returning
ORD-19253,90.38,Home & Kitchen,VIP
ORD-19254,34.64,Electronics,New
ORD-19255,28.32,Books,New
ORD-19256,58.09,Fashion,Returning
ORD-19257,97.97,Fitness,New
ORD-19258,22.94,Fashion,Returning
ORD-19259,39.15,Fashion,VIP
ORD-19260,85.08,Books,Returning
ORD-19261,61.87,Fashion,New
ORD-19262,141.14,Electronics,New
ORD-19263,25.87,Fitness,New
ORD-19264,247.47,Electronics,New
ORD-19265,23.98,Fitness,Returning
ORD-19266,17.86,Books,Returning
ORD-19267,58.24,Electronics,Returning
ORD-19268,30.55,Home & Kitchen,Returning
ORD-19269,58.95,Books,New
ORD-19270,57.73,Books,New
ORD-19271,53.65,Fashion,Returning
ORD-19272,36.4,Home & Kitchen,New
ORD-19273,78.23,Home & Kitchen,New
ORD-19274,49.88,Electronics,Returning
ORD-19275,117.0,Home & Kitchen,New
ORD-19276,54.15,Fashion,New
ORD-19277,33.83,Fashion,Returning
ORD-19278,21.92,Fashion,New
ORD-19279,54.42,Fitness,Returning
ORD-19280,28.18,Electronics,New
ORD-19281,26.84,Fashion,VIP
ORD-19282,82.8,Electronics,Returning
ORD-19283,20.77,Electronics,New
ORD-19284,140.8,Books,New
ORD-19285,66.41,Fashion,VIP
ORD-19286,58.77,Electronics,Returning
ORD-19287,32.43,Books,Returning
ORD-19288,95.45,Electronics,VIP
ORD-19289,60.24,Fashion,New
ORD-19290,39.98,Fitness,Returning
ORD-19291,68.03,Fitness,Returning
ORD-19292,21.98,Electronics,Returning
ORD-19293,22.62,Home & Kitchen,New
ORD-19294,30.81,Home & Kitchen,VIP
ORD-19295,74.42,Home & Kitchen,Returning
ORD-19296,60.22,Fashion,VIP
ORD-19297,113.23,Fitness,New
ORD-19298,34.74,Home & Kitchen,Returning
ORD-19299,85.18,Home & Kitchen,New
ORD-19300,56.36,Books,VIP
ORD-19301,34.27,Fitness,New
ORD-19302,76.03,Fitness,Returning
ORD-19303,58.0,Fashion,New
ORD-19304,41.37,Electronics,New
ORD-19305,61.88,Home & Kitchen,New
ORD-19306,55.83,Electronics,Returning
ORD-19307,55.02,Home & Kitchen,New
ORD-19308,47.11,Home & Kitchen,Returning
ORD-19309,27.58,Home & Kitchen,Returning
ORD-19310,63.11,Electronics,VIP
ORD-19311,37.28,Fitness,Returning
ORD-19312,32.71,Home & Kitchen,Returning
ORD-19313,52.23,Fashion,Returning
ORD-19314,93.73,Home & Kitchen,New
ORD-19315,67.45,Electronics,Returning
ORD-19316,43.87,Home & Kitchen,VIP
ORD-19317,42.83,Electronics,New
ORD-19318,88.37,Home & Kitchen,New
ORD-19319,14.32,Electronics,Returning
ORD-19320,97.36,Electronics,Returning
ORD-19321,19.6,Electronics,New
ORD-19322,25.81,Electronics,VIP
ORD-19323,44.32,Fitness,New
ORD-19324,221.87,Fitness,Returning
ORD-19325,165.08,Electronics,VIP
ORD-19326,92.19,Electronics,New
ORD-19327,74.73,Fitness,Returning
ORD-19328,19.74,Electronics,VIP
ORD-19329,66.29,Fashion,New
ORD-19330,43.4,Electronics,New
ORD-19331,36.97,Home & Kitchen,VIP
ORD-19332,66.21,Books,Returning
ORD-19333,45.48,Electronics,VIP
ORD-19334,101.65,Books,VIP
ORD-19335,18.89,Fitness,Returning
ORD-19336,63.12,Books,Returning
ORD-19337,35.61,Fitness,Returning
ORD-19338,47.19,Fitness,New
ORD-19339,72.44,Home & Kitchen,Returning
ORD-19340,30.86,Fitness,Returning
ORD-19341,66.59,Electronics,VIP
ORD-19342,53.12,Home & Kitchen,VIP
ORD-19343,40.6,Home & Kitchen,VIP
ORD-19344,45.5,Electronics,New
ORD-19345,55.0,Fashion,Returning
ORD-19346,38.07,Electronics,New
ORD-19347,60.6,Fashion,Returning
ORD-19348,51.06,Electronics,VIP
ORD-19349,41.81,Fashion,VIP
ORD-19350,156.63,Fashion,VIP
ORD-19351,77.41,Home & Kitchen,New
ORD-19352,47.96,Electronics,Returning
ORD-19353,65.86,Electronics,New
ORD-19354,32.59,Fashion,Returning
ORD-19355,46.43,Fashion,New
ORD-19356,49.8,Electronics,Returning
ORD-19357,28.56,Books,Returning
ORD-19358,76.13,Fashion,Returning
ORD-19359,44.55,Fashion,VIP
ORD-19360,48.75,Home & Kitchen,New
ORD-19361,42.9,Fitness,Returning
ORD-19362,356.19,Fashion,Returning
ORD-19363,40.55,Electronics,VIP
ORD-19364,17.44,Home & Kitchen,New
ORD-19365,23.1,Fashion,Returning
ORD-19366,95.16,Fashion,New
ORD-19367,134.54,Books,New
ORD-19368,40.08,Books,New
ORD-19369,129.98,Home & Kitchen,Returning
ORD-19370,94.16,Electronics,New
ORD-19371,53.86,Home & Kitchen,Returning
ORD-19372,51.61,Books,New
ORD-19373,67.26,Books,New
ORD-19374,102.15,Electronics,Returning
ORD-19375,76.58,Electronics,New
ORD-19376,40.2,Electronics,New
ORD-19377,54.35,Fitness,New
ORD-19378,198.1,Fashion,New
ORD-19379,70.16,Fashion,Returning
ORD-19380,101.66,Fashion,Returning
ORD-19381,83.42,Fashion,Returning
ORD-19382,71.09,Fitness,New
ORD-19383,64.41,Fashion,New
ORD-19384,103.38,Electronics,Returning
ORD-19385,92.87,Home & Kitchen,New
ORD-19386,70.69,Home & Kitchen,New
ORD-19387,39.8,Home & Kitchen,New
ORD-19388,76.05,Fitness,Returning
ORD-19389,57.96,Electronics,Returning
ORD-19390,50.15,Electronics,New
ORD-19391,301.05,Electronics,New
ORD-19392,23.96,Home & Kitchen,Returning
ORD-19393,107.24,Books,New
ORD-19394,35.96,Fashion,Returning
ORD-19395,65.28,Fitness,Returning
ORD-19396,281.79,Home & Kitchen,New
ORD-19397,33.87,Books,New
ORD-19398,39.08,Fashion,Returning
ORD-19399,59.71,Electronics,Returning
ORD-19400,36.29,Fitness,Returning
ORD-19401,102.56,Fitness,New
ORD-19402,43.78,Home & Kitchen,New
ORD-19403,89.34,Fitness,Returning
ORD-19404,27.18,Fashion,New
ORD-19405,20.41,Home & Kitchen,New
ORD-19406,52.59,Fashion,New
ORD-19407,23.54,Fashion,Returning
ORD-19408,150.05,Electronics,New
ORD-19409,24.1,Electronics,Returning
ORD-19410,32.38,Electronics,Returning
ORD-19411,77.34,Home & Kitchen,VIP
ORD-19412,42.44,Fitness,Returning
ORD-19413,24.26,Fashion,Returning
ORD-19414,205.2,Fashion,New
ORD-19415,33.08,Electronics,Returning
ORD-19416,53.64,Fashion,Returning
ORD-19417,53.22,Fashion,VIP
ORD-19418,92.41,Home & Kitchen,VIP
ORD-19419,79.63,Books,New
ORD-19420,36.74,Fashion,VIP
ORD-19421,49.63,Home & Kitchen,Returning
ORD-19422,52.66,Home & Kitchen,Returning
ORD-19423,94.57,Electronics,Returning
ORD-19424,29.93,Fashion,New
ORD-19425,202.53,Electronics,Returning
ORD-19426,38.26,Fashion,New
ORD-19427,60.02,Fitness,Returning
ORD-19428,30.08,Fashion,New
ORD-19429,27.69,Fashion,New
ORD-19430,35.71,Electronics,Returning
ORD-19431,33.71,Fashion,Returning
ORD-19432,47.06,Books,VIP
ORD-19433,33.54,Fashion,Returning
ORD-19434,91.59,Home & Kitchen,Returning
ORD-19435,37.72,Electronics,VIP
ORD-19436,35.29,Electronics,Returning
ORD-19437,47.67,Fashion,Returning
ORD-19438,109.48,Books,VIP
ORD-19439,68.64,Electronics,Returning
ORD-19440,56.84,Home & Kitchen,Returning
ORD-19441,25.54,Electronics,Returning
ORD-19442,30.4,Home & Kitchen,Returning
ORD-19443,28.02,Home & Kitchen,Returning
ORD-19444,132.17,Home & Kitchen,Returning
ORD-19445,82.96,Fashion,Returning
ORD-19446,35.98,Electronics,New
ORD-19447,43.01,Fitness,New
ORD-19448,36.78,Home & Kitchen,Returning
ORD-19449,35.46,Electronics,New
ORD-19450,79.53,Fashion,New
ORD-19451,50.78,Electronics,New
ORD-19452,210.33,Fashion,New
ORD-19453,127.77,Fashion,Returning
ORD-19454,132.38,Electronics,Returning
ORD-19455,90.27,Fashion,Returning
ORD-19456,46.82,Home & Kitchen,New
ORD-19457,86.37,Books,New
ORD-19458,48.95,Home & Kitchen,New
ORD-19459,160.48,Fashion,New
ORD-19460,76.9,Fitness,New
ORD-19461,70.63,Fashion,Returning
ORD-19462,65.12,Home & Kitchen,New
ORD-19463,171.43,Electronics,Returning
ORD-19464,25.53,Electronics,Returning
ORD-19465,181.81,Home & Kitchen,New
ORD-19466,53.96,Electronics,Returning
ORD-19467,25.95,Home & Kitchen,Returning
ORD-19468,38.42,Home & Kitchen,New
ORD-19469,22.41,Electronics,Returning
ORD-19470,89.32,Fashion,Returning
ORD-19471,32.36,Home & Kitchen,Returning
ORD-19472,66.77,Home & Kitchen,VIP
ORD-19473,119.17,Fitness,New
ORD-19474,40.32,Fashion,New
ORD-19475,51.37,Fitness,VIP
ORD-19476,27.6,Fashion,Returning
ORD-19477,47.8,Electronics,VIP
ORD-19478,282.71,Home & Kitchen,Returning
ORD-19479,96.23,Electronics,Returning
ORD-19480,51.48,Electronics,Returning
ORD-19481,41.8,Fashion,New
ORD-19482,58.82,Fitness,New
ORD-19483,65.24,Books,New
ORD-19484,46.93,Books,New
ORD-19485,82.93,Fashion,Returning
ORD-19486,34.05,Fashion,Returning
ORD-19487,33.95,Fitness,VIP
ORD-19488,75.35,Fashion,New
ORD-19489,29.93,Fashion,Returning
ORD-19490,93.45,Electronics,New
ORD-19491,59.83,Home & Kitchen,Returning
ORD-19492,20.15,Home & Kitchen,New
ORD-19493,64.44,Fashion,Returning
ORD-19494,21.95,Electronics,Returning
ORD-19495,91.47,Home & Kitchen,New
ORD-19496,51.98,Home & Kitchen,Returning
ORD-19497,183.21,Electronics,New
ORD-19498,114.75,Fashion,New
ORD-19499,31.93,Books,VIP
ORD-19500,17.95,Home & Kitchen,New
ORD-19501,38.36,Home & Kitchen,New
ORD-19502,29.0,Home & Kitchen,VIP
ORD-19503,180.45,Books,New
ORD-19504,59.97,Fashion,New
ORD-19505,105.64,Fashion,Returning
ORD-19506,50.86,Fashion,Returning
ORD-19507,54.17,Fitness,Returning
ORD-19508,59.17,Electronics,Returning
ORD-19509,117.2,Electronics,VIP
ORD-19510,72.75,Electronics,New
ORD-19511,32.0,Home & Kitchen,Returning
ORD-19512,159.73,Home & Kitchen,VIP
ORD-19513,50.62,Fashion,New
ORD-19514,45.91,Fashion,VIP
ORD-19515,11.05,Fitness,VIP
ORD-19516,88.29,Electronics,VIP
ORD-19517,64.11,Home & Kitchen,New
ORD-19518,64.07,Electronics,Returning
ORD-19519,47.38,Books,Returning
ORD-19520,42.73,Fashion,New
ORD-19521,48.34,Home & Kitchen,Returning
ORD-19522,79.67,Electronics,New
ORD-19523,88.54,Fashion,New
ORD-19524,52.53,Home & Kitchen,VIP
ORD-19525,106.63,Home & Kitchen,VIP
ORD-19526,57.55,Fitness,New
ORD-19527,44.59,Home & Kitchen,New
ORD-19528,67.97,Home & Kitchen,Returning
ORD-19529,26.69,Fitness,New
ORD-19530,69.38,Fashion,Returning
ORD-19531,23.92,Fitness,Returning
ORD-19532,32.57,Fashion,New
ORD-19533,17.97,Fashion,Returning
ORD-19534,54.32,Fitness,New
ORD-19535,158.5,Electronics,New
ORD-19536,56.25,Electronics,Returning
ORD-19537,88.78,Electronics,New
ORD-19538,247.49,Fashion,New
ORD-19539,76.89,Home & Kitchen,Returning
ORD-19540,38.13,Electronics,New
ORD-19541,41.41,Electronics,Returning
ORD-19542,60.36,Fashion,Returning
ORD-19543,41.28,Fashion,New
ORD-19544,43.17,Electronics,New
ORD-19545,108.98,Electronics,New
ORD-19546,111.69,Fitness,Returning
ORD-19547,22.46,Home & Kitchen,New
ORD-19548,36.93,Fashion,VIP
ORD-19549,45.68,Fashion,New
ORD-19550,86.44,Electronics,Returning
ORD-19551,119.8,Fashion,Returning
ORD-19552,305.27,Fashion,Returning
ORD-19553,45.63,Books,Returning
ORD-19554,47.02,Home & Kitchen,New
ORD-19555,85.9,Fashion,New
ORD-19556,40.07,Electronics,New
ORD-19557,55.45,Home & Kitchen,New
ORD-19558,47.04,Books,Returning
ORD-19559,12.52,Electronics,Returning
ORD-19560,64.97,Fitness,Returning
ORD-19561,54.09,Electronics,VIP
ORD-19562,129.38,Home & Kitchen,Returning
ORD-19563,60.54,Electronics,New
ORD-19564,28.42,Home & Kitchen,New
ORD-19565,51.68,Electronics,Returning
ORD-19566,17.21,Fashion,New
ORD-19567,29.18,Home & Kitchen,New
ORD-19568,88.35,Home & Kitchen,Returning
ORD-19569,52.02,Home & Kitchen,Returning
ORD-19570,104.95,Electronics,New
ORD-19571,18.54,Home & Kitchen,New
ORD-19572,52.17,Electronics,New
ORD-19573,45.36,Home & Kitchen,New
ORD-19574,107.07,Electronics,New
ORD-19575,90.35,Fashion,Returning
ORD-19576,88.71,Fashion,Returning
ORD-19577,152.15,Books,New
ORD-19578,48.38,Home & Kitchen,VIP
ORD-19579,134.43,Electronics,Returning
ORD-19580,32.25,Home & Kitchen,New
ORD-19581,31.55,Electronics,Returning
ORD-19582,94.79,Fashion,Returning
ORD-19583,24.46,Fashion,Returning
ORD-19584,85.09,Fitness,New
ORD-19585,64.12,Books,Returning
ORD-19586,114.79,Books,New
ORD-19587,58.23,Electronics,New
ORD-19588,62.4,Electronics,Returning
ORD-19589,81.9,Fitness,Returning
ORD-19590,40.54,Fashion,Returning
ORD-19591,39.5,Home & Kitchen,New
ORD-19592,80.21,Books,New
ORD-19593,59.29,Electronics,VIP
ORD-19594,47.26,Fashion,Returning
ORD-19595,57.42,Fitness,Returning
ORD-19596,157.08,Home & Kitchen,New
ORD-19597,46.26,Books,VIP
ORD-19598,45.46,Home & Kitchen,New
ORD-19599,21.66,Fashion,New
ORD-19600,58.83,Fitness,Returning
ORD-19601,89.49,Fitness,New
ORD-19602,99.66,Books,Returning
ORD-19603,64.39,Fashion,Returning
ORD-19604,107.07,Fashion,VIP
ORD-19605,93.57,Fashion,New
ORD-19606,117.66,Fashion,New
ORD-19607,108.92,Books,Returning
ORD-19608,154.78,Books,Returning
ORD-19609,54.5,Fashion,VIP
ORD-19610,27.21,Books,New
ORD-19611,89.86,Fashion,Returning
ORD-19612,96.38,Fitness,New
ORD-19613,154.78,Home & Kitchen,New
ORD-19614,130.16,Home & Kitchen,New
ORD-19615,193.89,Home & Kitchen,New
ORD-19616,87.52,Home & Kitchen,New
ORD-19617,69.22,Fitness,New
ORD-19618,26.29,Fashion,New
ORD-19619,72.59,Fitness,VIP
ORD-19620,43.31,Electronics,New
ORD-19621,68.5,Electronics,Returning
ORD-19622,62.35,Home & Kitchen,VIP
ORD-19623,80.08,Fitness,Returning
ORD-19624,56.92,Books,Returning
ORD-19625,105.74,Fashion,New
ORD-19626,11.78,Electronics,New
ORD-19627,67.63,Fashion,Returning
ORD-19628,124.15,Fitness,Returning
ORD-19629,185.31,Books,Returning
ORD-19630,93.61,Fitness,VIP
ORD-19631,165.82,Fashion,Returning
ORD-19632,66.78,Fitness,New
ORD-19633,60.44,Electronics,New
ORD-19634,82.9,Books,VIP
ORD-19635,60.22,Home & Kitchen,VIP
ORD-19636,37.73,Fashion,Returning
ORD-19637,44.29,Home & Kitchen,Returning
ORD-19638,30.96,Fitness,Returning
ORD-19639,82.85,Electronics,New
ORD-19640,60.75,Electronics,VIP
ORD-19641,48.61,Home & Kitchen,Returning
ORD-19642,42.95,Books,Returning
ORD-19643,81.7,Home & Kitchen,Returning
ORD-19644,96.38,Electronics,Returning
ORD-19645,30.62,Home & Kitchen,New
ORD-19646,27.87,Electronics,Returning
ORD-19647,106.99,Fashion,New
ORD-19648,26.44,Electronics,New
ORD-19649,83.8,Fashion,New
ORD-19650,159.2,Fashion,New
ORD-19651,159.42,Electronics,VIP
ORD-19652,93.95,Fashion,New
ORD-19653,92.32,Home & Kitchen,New
ORD-19654,233.02,Fashion,Returning
ORD-19655,14.87,Electronics,VIP
ORD-19656,45.67,Fashion,Returning
ORD-19657,100.39,Fitness,VIP
ORD-19658,49.29,Fitness,Returning
ORD-19659,126.96,Fashion,Returning
ORD-19660,58.93,Home & Kitchen,New
ORD-19661,65.3,Fitness,New
ORD-19662,51.17,Home & Kitchen,Returning
ORD-19663,44.1,Fashion,Returning
ORD-19664,43.46,Electronics,Returning
ORD-19665,71.0,Fashion,Returning
ORD-19666,37.91,Fashion,Returning
ORD-19667,106.9,Fashion,Returning
ORD-19668,89.29,Books,New
ORD-19669,116.71,Electronics,New
ORD-19670,30.65,Fashion,Returning
ORD-19671,21.77,Books,New
ORD-19672,60.19,Home & Kitchen,VIP
ORD-19673,343.53,Electronics,New
ORD-19674,128.99,Books,New
ORD-19675,43.26,Fashion,Returning
ORD-19676,77.84,Electronics,New
ORD-19677,93.37,Fashion,Returning
ORD-19678,26.55,Electronics,New
ORD-19679,137.25,Fitness,New
ORD-19680,54.57,Electronics,Returning
ORD-19681,57.14,Fitness,New
ORD-19682,61.21,Electronics,Returning
ORD-19683,119.91,Books,New
ORD-19684,38.36,Electronics,Returning
ORD-19685,21.67,Books,New
ORD-19686,73.24,Electronics,New
ORD-19687,17.7,Fitness,Returning
ORD-19688,50.37,Fitness,Returning
ORD-19689,122.99,Home & Kitchen,VIP
ORD-19690,85.41,Electronics,Returning
ORD-19691,112.78,Home & Kitchen,Returning
ORD-19692,87.55,Home & Kitchen,New
ORD-19693,256.26,Home & Kitchen,Returning
ORD-19694,42.4,Home & Kitchen,Returning
ORD-19695,76.62,Books,Returning
ORD-19696,46.39,Books,Returning
ORD-19697,107.13,Fashion,New
ORD-19698,58.15,Electronics,Returning
ORD-19699,169.24,Electronics,Returning
ORD-19700,43.88,Home & Kitchen,New
ORD-19701,140.37,Books,Returning
ORD-19702,86.13,Fashion,Returning
ORD-19703,59.18,Electronics,Returning
ORD-19704,83.55,Fashion,VIP
ORD-19705,70.58,Fashion,New
ORD-19706,74.71,Books,New
ORD-19707,53.3,Home & Kitchen,New
ORD-19708,39.61,Electronics,VIP
ORD-19709,49.35,Fashion,New
ORD-19710,21.98,Electronics,Returning
ORD-19711,100.0,Home & Kitchen,Returning
ORD-19712,28.76,Home & Kitchen,Returning
ORD-19713,52.95,Electronics,New
ORD-19714,89.02,Fashion,New
ORD-19715,99.85,Books,VIP
ORD-19716,20.81,Fitness,Returning
ORD-19717,57.1,Home & Kitchen,New
ORD-19718,79.51,Fashion,New
ORD-19719,62.25,Books,Returning
ORD-19720,135.16,Home & Kitchen,VIP
ORD-19721,36.85,Books,Returning
ORD-19722,17.65,Electronics,New
ORD-19723,98.12,Electronics,Returning
ORD-19724,43.72,Electronics,New
ORD-19725,21.01,Fitness,VIP
ORD-19726,54.87,Home & Kitchen,New
ORD-19727,126.26,Electronics,New
ORD-19728,28.28,Books,New
ORD-19729,245.08,Books,New
ORD-19730,36.5,Electronics,New
ORD-19731,63.57,Home & Kitchen,Returning
ORD-19732,29.04,Home & Kitchen,Returning
ORD-19733,61.87,Electronics,Returning
ORD-19734,55.69,Home & Kitchen,New
ORD-19735,24.69,Electronics,New
ORD-19736,328.82,Books,Returning
ORD-19737,44.83,Fitness,Returning
ORD-19738,44.85,Books,New
ORD-19739,107.92,Fitness,Returning
ORD-19740,179.21,Electronics,New
ORD-19741,118.61,Fashion,New
ORD-19742,29.35,Home & Kitchen,New
ORD-19743,68.6,Fashion,Returning
ORD-19744,19.51,Home & Kitchen,New
ORD-19745,103.65,Fashion,New
ORD-19746,22.62,Electronics,Returning
ORD-19747,37.27,Fashion,New
ORD-19748,60.22,Home & Kitchen,New
ORD-19749,78.81,Fashion,Returning
ORD-19750,51.6,Home & Kitchen,Returning
ORD-19751,150.12,Fashion,New
ORD-19752,93.13,Fitness,New
ORD-19753,88.84,Home & Kitchen,New
ORD-19754,28.86,Home & Kitchen,VIP
ORD-19755,167.27,Fashion,Returning
ORD-19756,37.27,Fashion,New
ORD-19757,171.15,Electronics,VIP
ORD-19758,203.02,Home & Kitchen,Returning
ORD-19759,82.07,Electronics,New
ORD-19760,112.08,Fitness,VIP
ORD-19761,9.49,Fitness,Returning
ORD-19762,53.68,Fashion,Returning
ORD-19763,116.9,Fitness,Returning
ORD-19764,105.08,Home & Kitchen,VIP
ORD-19765,29.03,Electronics,New
ORD-19766,50.59,Home & Kitchen,New
ORD-19767,13.17,Books,New
ORD-19768,77.31,Electronics,VIP
ORD-19769,19.49,Electronics,New
ORD-19770,118.9,Home & Kitchen,New
ORD-19771,122.69,Fashion,New
ORD-19772,45.39,Home & Kitchen,New
ORD-19773,82.5,Home & Kitchen,Returning
ORD-19774,52.97,Fitness,New
ORD-19775,69.77,Electronics,Returning
ORD-19776,30.32,Fashion,Returning
ORD-19777,87.66,Fitness,Returning
ORD-19778,22.54,Fashion,Returning
ORD-19779,20.13,Fashion,New
ORD-19780,56.08,Electronics,Returning
ORD-19781,53.16,Electronics,Returning
ORD-19782,71.05,Fashion,New
ORD-19783,40.87,Fashion,New
ORD-19784,187.06,Home & Kitchen,Returning
ORD-19785,66.44,Home & Kitchen,Returning
ORD-19786,69.39,Fitness,Returning
ORD-19787,67.92,Fitness,New
ORD-19788,110.14,Electronics,New
ORD-19789,85.25,Electronics,VIP
ORD-19790,78.67,Fitness,New
ORD-19791,93.84,Fashion,VIP
ORD-19792,20.19,Fashion,Returning
ORD-19793,20.65,Electronics,Returning
ORD-19794,57.65,Home & Kitchen,New
ORD-19795,53.59,Fashion,VIP
ORD-19796,85.45,Electronics,VIP
ORD-19797,61.07,Fashion,Returning
ORD-19798,85.55,Fitness,Returning
ORD-19799,28.58,Fashion,Returning
ORD-19800,59.95,Home & Kitchen,New
ORD-19801,26.99,Fashion,VIP
ORD-19802,76.11,Fashion,New
ORD-19803,19.55,Fashion,Returning
ORD-19804,74.37,Electronics,New
ORD-19805,24.99,Fashion,Returning
ORD-19806,47.94,Fitness,Returning
ORD-19807,103.23,Electronics,Returning
ORD-19808,69.16,Books,New
ORD-19809,22.48,Electronics,New
ORD-19810,40.31,Fashion,New
ORD-19811,24.51,Home & Kitchen,VIP
ORD-19812,21.83,Fitness,New
ORD-19813,64.75,Electronics,VIP
ORD-19814,84.45,Electronics,New
ORD-19815,78.6,Home & Kitchen,VIP
ORD-19816,86.62,Fashion,Returning
ORD-19817,59.91,Home & Kitchen,Returning
ORD-19818,51.21,Fitness,Returning
ORD-19819,31.69,Electronics,Returning
ORD-19820,46.34,Fitness,Returning
ORD-19821,27.31,Electronics,New
ORD-19822,36.34,Fitness,VIP
ORD-19823,63.65,Books,Returning
ORD-19824,56.22,Home & Kitchen,New
ORD-19825,379.49,Books,New
ORD-19826,26.91,Fitness,Returning
ORD-19827,55.98,Electronics,VIP
ORD-19828,25.68,Electronics,Returning
ORD-19829,47.81,Electronics,New
ORD-19830,49.0,Fashion,Returning
ORD-19831,100.18,Home & Kitchen,New
ORD-19832,46.07,Fashion,New
ORD-19833,53.8,Home & Kitchen,Returning
ORD-19834,46.61,Fashion,New
ORD-19835,26.03,Electronics,New
ORD-19836,40.8,Electronics,New
ORD-19837,47.98,Books,New
ORD-19838,63.07,Fashion,New
ORD-19839,84.38,Fashion,New
ORD-19840,52.42,Electronics,Returning
ORD-19841,51.87,Books,VIP
ORD-19842,21.49,Electronics,New
ORD-19843,83.42,Home & Kitchen,VIP
ORD-19844,39.74,Electronics,Returning
ORD-19845,94.47,Electronics,New
ORD-19846,132.94,Home & Kitchen,New
ORD-19847,53.91,Home & Kitchen,New
ORD-19848,32.66,Home & Kitchen,Returning
ORD-19849,59.74,Electronics,Returning
ORD-19850,74.38,Books,New
ORD-19851,49.93,Home & Kitchen,New
ORD-19852,43.02,Books,New
ORD-19853,84.62,Electronics,Returning
ORD-19854,81.33,Fashion,New
ORD-19855,49.02,Fashion,Returning
ORD-19856,22.37,Fitness,Returning
ORD-19857,79.35,Home & Kitchen,Returning
ORD-19858,38.08,Fashion,New
ORD-19859,68.62,Electronics,Returning
ORD-19860,66.07,Electronics,Returning
ORD-19861,19.43,Electronics,Returning
ORD-19862,63.35,Fitness,Returning
ORD-19863,82.16,Fashion,New
ORD-19864,88.44,Electronics,New
ORD-19865,64.74,Fashion,Returning
ORD-19866,18.42,Electronics,Returning
ORD-19867,129.83,Books,Returning
ORD-19868,77.22,Fashion,Returning
ORD-19869,29.31,Books,VIP
ORD-19870,37.61,Home & Kitchen,VIP
ORD-19871,69.32,Home & Kitchen,New
ORD-19872,90.73,Fashion,New
ORD-19873,45.03,Home & Kitchen,VIP
ORD-19874,99.02,Home & Kitchen,Returning
ORD-19875,20.58,Electronics,VIP
ORD-19876,32.28,Books,Returning
ORD-19877,17.49,Fashion,VIP
ORD-19878,35.22,Fashion,New
ORD-19879,149.13,Fashion,Returning
ORD-19880,207.41,Home & Kitchen,Returning
ORD-19881,69.46,Fashion,New
ORD-19882,41.14,Fashion,New
ORD-19883,52.83,Electronics,New
ORD-19884,80.16,Fashion,New
ORD-19885,23.62,Electronics,VIP
ORD-19886,42.8,Fitness,VIP
ORD-19887,142.73,Fashion,VIP
ORD-19888,32.22,Books,VIP
ORD-19889,38.5,Home & Kitchen,Returning
ORD-19890,60.82,Fitness,VIP
ORD-19891,71.51,Books,New
ORD-19892,41.47,Electronics,New
ORD-19893,63.19,Home & Kitchen,VIP
ORD-19894,86.9,Electronics,Returning
ORD-19895,195.76,Electronics,Returning
ORD-19896,55.94,Fashion,Returning
ORD-19897,58.86,Home & Kitchen,New
ORD-19898,150.88,Fitness,New
ORD-19899,43.4,Fashion,Returning
ORD-19900,27.26,Home & Kitchen,Returning
ORD-19901,70.12,Electronics,New
ORD-19902,115.09,Electronics,Returning
ORD-19903,74.94,Electronics,New
ORD-19904,56.93,Home & Kitchen,Returning
ORD-19905,25.3,Fashion,Returning
ORD-19906,58.26,Fashion,Returning
ORD-19907,126.46,Electronics,VIP
ORD-19908,28.78,Home & Kitchen,Returning
ORD-19909,52.1,Fitness,VIP
ORD-19910,47.82,Electronics,Returning
ORD-19911,39.7,Home & Kitchen,VIP
ORD-19912,70.02,Home & Kitchen,Returning
ORD-19913,78.73,Fashion,Returning
ORD-19914,78.23,Electronics,Returning
ORD-19915,33.58,Books,Returning
ORD-19916,22.48,Fashion,New
ORD-19917,70.63,Fashion,New
ORD-19918,44.54,Fitness,New
ORD-19919,181.81,Fitness,Returning
ORD-19920,186.92,Home & Kitchen,New
ORD-19921,199.22,Fitness,Returning
ORD-19922,34.33,Electronics,New
ORD-19923,84.91,Fitness,New
ORD-19924,101.76,Fashion,Returning
ORD-19925,95.11,Fitness,VIP
ORD-19926,48.78,Fashion,New
ORD-19927,130.0,Electronics,VIP
ORD-19928,60.36,Fashion,New
ORD-19929,65.16,Fitness,Returning
ORD-19930,23.98,Fashion,New
ORD-19931,88.84,Fitness,New
ORD-19932,51.61,Electronics,New
ORD-19933,79.75,Electronics,New
ORD-19934,69.48,Home & Kitchen,Returning
ORD-19935,67.26,Fashion,Returning
ORD-19936,58.71,Home & Kitchen,New
ORD-19937,96.73,Books,VIP
ORD-19938,53.55,Home & Kitchen,Returning
ORD-19939,25.2,Fashion,New
ORD-19940,84.89,Fashion,New
ORD-19941,37.14,Books,New
ORD-19942,27.26,Home & Kitchen,Returning
ORD-19943,32.68,Fitness,Returning
ORD-19944,71.52,Fashion,New
ORD-19945,56.95,Home & Kitchen,New
ORD-19946,16.78,Electronics,New
ORD-19947,47.93,Home & Kitchen,New
ORD-19948,121.7,Fitness,Returning
ORD-19949,46.03,Books,VIP
ORD-19950,54.64,Electronics,New
ORD-19951,112.82,Fitness,New
ORD-19952,97.25,Electronics,New
ORD-19953,111.39,Fashion,New
ORD-19954,11.43,Home & Kitchen,Returning
ORD-19955,170.74,Fashion,VIP
ORD-19956,88.4,Fashion,Returning
ORD-19957,264.25,Home & Kitchen,New
ORD-19958,37.74,Home & Kitchen,VIP
ORD-19959,20.95,Home & Kitchen,Returning
ORD-19960,60.6,Fashion,New
ORD-19961,51.15,Home & Kitchen,VIP
ORD-19962,89.32,Fashion,Returning
ORD-19963,115.0,Electronics,Returning
ORD-19964,57.26,Fashion,Returning
ORD-19965,52.23,Home & Kitchen,New
ORD-19966,82.57,Fashion,Returning
ORD-19967,51.74,Electronics,Returning
ORD-19968,49.21,Books,VIP
ORD-19969,112.42,Fitness,New
ORD-19970,128.49,Home & Kitchen,New
ORD-19971,115.63,Fitness,Returning
ORD-19972,54.55,Books,Returning
ORD-19973,16.71,Home & Kitchen,New
ORD-19974,55.21,Electronics,Returning
ORD-19975,38.29,Home & Kitchen,Returning
ORD-19976,55.82,Books,Returning
ORD-19977,40.34,Home & Kitchen,New
ORD-19978,59.59,Electronics,Returning
ORD-19979,32.34,Books,Returning
ORD-19980,27.98,Fitness,Returning
ORD-19981,125.66,Fashion,Returning
ORD-19982,33.72,Books,Returning
ORD-19983,60.35,Home & Kitchen,New
ORD-19984,106.99,Fitness,New
ORD-19985,104.44,Books,New
ORD-19986,97.21,Electronics,Returning
ORD-19987,72.36,Fitness,Returning
ORD-19988,93.17,Fashion,VIP
ORD-19989,137.53,Fitness,Returning
ORD-19990,77.87,Fitness,Returning
ORD-19991,20.04,Fitness,Returning
ORD-19992,43.94,Fitness,New
ORD-19993,91.64,Fitness,Returning
ORD-19994,41.42,Fashion,New
ORD-19995,159.5,Fashion,Returning
ORD-19996,58.1,Electronics,VIP
ORD-19997,63.51,Fitness,Returning
ORD-19998,118.49,Home & Kitchen,New
ORD-19999,54.07,Home & Kitchen,Returning
