Customer_ID,Age,Gender,Tenure_Months,Monthly_Charges,Total_Charges,Contract_Type,Internet_Service,Payment_Method,Support_Calls,Late_Payments,Usage_Hours,Discount,Complaints,Risk_Level,Churn
CUST_10000,56.0,Male,68,77.86,5121.42,One year,Fiber optic,Bank transfer (automatic),1,2,165.1,0.0,0,Low,0
CUST_10001,69.0,Male,18,79.93,1439.95,Month-to-month,Fiber optic,Credit card (automatic),3,3,83.9,0.0,3,High,1
CUST_10002,46.0,Female,42,69.25,2933.49,Two year,Fiber optic,Electronic check,2,1,143.4,0.0,1,Low,0
CUST_10003,32.0,Female,10,87.9,856.14,Month-to-month,Fiber optic,Bank transfer (automatic),0,0,122.5,0.0,0,Medium,1
CUST_10004,60.0,Male,2,30.95,62.44,One year,No,Bank transfer (automatic),0,1,99.5,0.0,1,Low,0
CUST_10005,25.0,Female,26,67.86,1834.99,One year,DSL,Electronic check,0,0,122.7,0.0,2,Low,0
CUST_10006,38.0,Female,1,94.49,94.24,One year,Fiber optic,Electronic check,1,2,35.5,0.0,0,High,1
CUST_10007,56.0,Female,15,52.97,822.95,Month-to-month,DSL,Credit card (automatic),4,0,105.9,0.0,0,High,1
CUST_10008,36.0,Male,5,59.31,309.22,Two year,DSL,Mailed check,0,0,90.5,5.0,0,Low,0
CUST_10009,40.0,Female,23,25.2,555.98,Month-to-month,No,Electronic check,2,1,127.4,10.0,0,Medium,0
CUST_10010,28.0,Male,72,20.44,1412.2,One year,No,Electronic check,0,1,37.4,0.0,0,Low,0
CUST_10011,28.0,Female,14,60.38,843.29,Month-to-month,DSL,Bank transfer (automatic),1,1,148.6,0.0,0,Medium,0
CUST_10012,41.0,Male,40,62.18,2509.11,Month-to-month,DSL,Bank transfer (automatic),1,0,180.9,0.0,0,Low,0
CUST_10013,70.0,Male,17,68.51,1156.04,Month-to-month,DSL,Bank transfer (automatic),2,0,134.7,0.0,1,Medium,1
CUST_10014,53.0,Male,16,63.84,1003.71,Month-to-month,DSL,Electronic check,3,1,162.4,0.0,1,High,1
CUST_10015,57.0,Female,63,76.16,4865.73,Month-to-month,Fiber optic,Credit card (automatic),1,0,116.9,0.0,1,Low,0
CUST_10016,41.0,Male,52,84.33,4166.81,Month-to-month,Fiber optic,Mailed check,2,0,70.0,0.0,1,Medium,1
CUST_10017,20.0,Female,36,71.68,2701.27,Month-to-month,DSL,Electronic check,1,0,140.1,15.0,1,Medium,0
CUST_10018,39.0,Female,8,87.48,681.09,One year,Fiber optic,Mailed check,0,1,170.6,0.0,0,Low,0
CUST_10019,70.0,Male,18,83.45,1564.75,Two year,Fiber optic,Mailed check,2,0,80.4,15.0,1,Low,0
CUST_10020,19.0,Female,6,37.63,216.95,Month-to-month,DSL,Credit card (automatic),4,1,119.1,15.0,0,Medium,0
CUST_10021,41.0,Male,14,75.68,1031.77,Month-to-month,Fiber optic,Credit card (automatic),3,1,128.9,10.0,0,High,1
CUST_10022,61.0,Female,15,56.49,824.88,Month-to-month,DSL,Electronic check,3,1,268.3,15.0,0,Medium,1
CUST_10023,47.0,Male,42,39.85,1756.74,Month-to-month,DSL,Credit card (automatic),2,0,150.1,0.0,0,Low,0
CUST_10024,55.0,Female,54,19.26,988.52,One year,No,Credit card (automatic),1,1,54.2,0.0,0,Low,0
CUST_10025,19.0,Female,12,50.02,608.62,One year,DSL,Credit card (automatic),3,1,43.1,0.0,0,Low,0
CUST_10026,38.0,Female,1,69.02,71.57,Month-to-month,Fiber optic,Electronic check,0,0,172.9,0.0,0,High,1
CUST_10027,50.0,Female,47,49.31,2357.5,Month-to-month,DSL,Bank transfer (automatic),2,2,251.8,0.0,0,Low,0
CUST_10028,29.0,Male,4,25.09,98.98,Month-to-month,No,Electronic check,0,1,127.4,10.0,2,Medium,0
CUST_10029,39.0,Female,23,37.38,899.14,Two year,No,Credit card (automatic),2,0,124.7,0.0,2,Low,0
CUST_10030,61.0,Female,1,94.16,97.87,Two year,Fiber optic,Electronic check,2,1,159.4,0.0,1,High,1
CUST_10031,42.0,Female,12,96.07,1145.23,Month-to-month,Fiber optic,Bank transfer (automatic),3,0,104.1,5.0,1,High,1
CUST_10032,66.0,Male,72,20.92,1517.29,Month-to-month,No,Electronic check,2,0,25.5,0.0,0,Low,0
CUST_10033,44.0,Female,2,104.18,218.1,Two year,Fiber optic,Electronic check,2,1,186.7,0.0,1,High,1
CUST_10034,59.0,Female,13,41.2,561.45,Two year,DSL,Bank transfer (automatic),2,1,112.4,0.0,0,Low,0
CUST_10035,45.0,Female,8,68.0,541.27,Month-to-month,Fiber optic,Credit card (automatic),0,0,187.3,10.0,0,Medium,0
CUST_10036,33.0,Male,56,89.38,5179.14,Month-to-month,Fiber optic,Bank transfer (automatic),2,2,105.8,5.0,1,Medium,1
CUST_10037,32.0,Female,48,87.94,4137.53,Month-to-month,Fiber optic,Credit card (automatic),4,0,145.5,5.0,0,Medium,0
CUST_10038,64.0,Male,6,77.76,460.58,One year,Fiber optic,Electronic check,0,1,178.5,0.0,0,Medium,0
CUST_10039,68.0,Female,2,63.7,123.13,Month-to-month,DSL,Mailed check,0,2,188.2,15.0,0,Medium,1
CUST_10040,61.0,Male,23,,483.25,Month-to-month,No,Mailed check,1,2,150.5,0.0,0,Medium,0
CUST_10041,72.0,Female,9,96.89,885.69,One year,Fiber optic,Electronic check,2,0,148.2,10.0,2,High,1
CUST_10042,69.0,Female,26,22.18,577.3,Month-to-month,No,Mailed check,2,0,167.9,20.0,2,Low,0
CUST_10043,74.0,Male,1,73.18,71.21,One year,Fiber optic,Bank transfer (automatic),0,0,160.9,5.0,0,Medium,0
CUST_10044,20.0,Female,3,46.14,137.08,Month-to-month,DSL,Bank transfer (automatic),1,1,81.9,5.0,0,Medium,0
CUST_10045,54.0,Male,27,90.2,2404.52,Month-to-month,Fiber optic,Bank transfer (automatic),3,2,82.8,0.0,0,High,1
CUST_10046,68.0,Female,5,21.49,112.69,One year,No,Bank transfer (automatic),2,1,45.1,0.0,1,Low,0
CUST_10047,24.0,Female,46,51.33,2444.66,Month-to-month,DSL,Electronic check,3,0,174.5,15.0,1,Medium,0
CUST_10048,38.0,Female,1,24.17,23.9,Two year,DSL,Electronic check,0,1,122.2,0.0,1,Low,0
CUST_10049,26.0,Female,5,30.16,157.04,Month-to-month,No,Bank transfer (automatic),1,1,176.9,15.0,0,Low,0
CUST_10050,56.0,Female,72,48.56,3441.3,Month-to-month,DSL,Electronic check,3,0,158.2,5.0,1,Low,0
CUST_10051,35.0,Male,13,23.69,313.14,One year,No,Electronic check,1,1,94.9,0.0,1,Low,0
CUST_10052,21.0,Male,29,58.9,1787.81,Month-to-month,DSL,Mailed check,3,1,134.6,5.0,0,Low,0
CUST_10053,42.0,Female,4,28.31,112.0,Two year,No,Mailed check,1,0,119.5,0.0,0,Low,0
CUST_10054,31.0,Female,22,44.16,989.0,Month-to-month,DSL,Electronic check,1,0,112.6,0.0,1,Medium,0
CUST_10055,67.0,Female,31,77.94,2366.83,Month-to-month,Fiber optic,Bank transfer (automatic),1,1,181.2,0.0,1,High,1
CUST_10056,26.0,Female,9,76.06,668.54,Month-to-month,DSL,Bank transfer (automatic),3,0,253.0,0.0,0,Medium,1
CUST_10057,43.0,Male,42,111.05,4698.69,Month-to-month,Fiber optic,Electronic check,2,1,190.2,15.0,0,Medium,1
CUST_10058,70.0,Female,22,62.9,1450.12,Two year,DSL,Bank transfer (automatic),2,1,138.8,0.0,3,Low,0
CUST_10059,19.0,Male,11,56.7,620.78,Two year,DSL,Bank transfer (automatic),1,1,196.7,5.0,0,Low,0
CUST_10060,37.0,Female,19,49.75,986.62,Month-to-month,DSL,Bank transfer (automatic),0,0,217.1,0.0,1,Low,0
CUST_10061,45.0,Male,20,85.01,1770.65,Month-to-month,Fiber optic,Mailed check,1,0,77.3,10.0,0,Medium,1
CUST_10062,64.0,Male,4,94.92,370.33,Two year,Fiber optic,Electronic check,3,0,195.1,5.0,0,High,1
CUST_10063,24.0,Male,12,50.82,603.85,Two year,DSL,Bank transfer (automatic),1,0,174.6,0.0,0,Low,0
CUST_10064,61.0,Male,10,25.1,254.6,Month-to-month,No,Mailed check,4,1,193.5,15.0,0,Low,0
CUST_10065,25.0,Female,12,76.89,924.35,Month-to-month,Fiber optic,Credit card (automatic),2,0,176.6,15.0,2,High,1
CUST_10066,64.0,Male,34,78.14,2549.42,Month-to-month,Fiber optic,Credit card (automatic),2,1,129.8,5.0,0,High,1
CUST_10067,52.0,Male,15,60.05,945.22,Two year,DSL,Bank transfer (automatic),4,0,231.5,15.0,1,Low,0
CUST_10068,31.0,Male,67,55.51,3813.14,month-to-month,DSL,Electronic check,4,0,155.3,5.0,1,Low,0
CUST_10069,34.0,Male,8,77.53,616.38,Month-to-month,Fiber optic,Electronic check,1,2,120.5,10.0,0,High,1
CUST_10070,53.0,Male,12,63.53,771.37,One year,Fiber optic,Mailed check,3,0,162.8,0.0,1,Low,0
CUST_10071,67.0,Male,37,97.09,3444.17,Month-to-month,Fiber optic,Mailed check,2,0,183.8,0.0,0,Medium,1
CUST_10072,57.0,Female,18,30.46,548.02,Month-to-month,No,Electronic check,3,0,144.3,20.0,0,Low,0
CUST_10073,21.0,Female,19,81.08,1606.89,Month-to-month,Fiber optic,Mailed check,0,1,157.7,0.0,0,Medium,0
CUST_10074,19.0,Female,1,81.42,84.65,Month-to-month,Fiber optic,Electronic check,2,0,144.0,0.0,0,High,1
CUST_10075,23.0,Male,12,90.44,1067.63,Month-to-month,Fiber optic,Credit card (automatic),2,3,110.3,0.0,0,High,1
CUST_10076,71.0,Male,7,102.69,721.08,Month-to-month,Fiber optic,Electronic check,3,0,103.0,0.0,1,High,1
CUST_10077,59.0,Female,72,34.13,2505.86,Month-to-month,DSL,Credit card (automatic),1,0,76.9,0.0,0,Low,0
CUST_10078,21.0,Female,8,76.63,603.23,One year,Fiber optic,Credit card (automatic),3,0,208.3,5.0,1,Low,0
CUST_10079,71.0,Male,51,65.57,,Two year,Fiber optic,Mailed check,6,1,129.9,20.0,2,Low,0
CUST_10080,46.0,Male,27,55.79,1507.15,One year,DSL,Bank transfer (automatic),1,1,10.0,0.0,1,Low,0
CUST_10081,35.0,Male,10,85.88,867.53,Month-to-month,Fiber optic,Mailed check,2,0,157.8,10.0,1,High,1
CUST_10082,43.0,Male,18,77.14,1319.91,Month-to-month,Fiber optic,Bank transfer (automatic),0,0,156.9,0.0,1,Medium,1
CUST_10083,61.0,Male,44,28.91,1220.6,Month-to-month,No,Mailed check,1,0,56.0,0.0,0,Low,0
CUST_10084,51.0,Female,51,71.72,3550.66,Month-to-month,DSL,Electronic check,3,2,102.5,5.0,0,Medium,1
CUST_10085,27.0,Female,4,22.9,90.21,Month-to-month,No,Bank transfer (automatic),1,1,100.6,15.0,2,Low,0
CUST_10086,53.0,Female,9,24.65,222.76,One year,No,Mailed check,3,1,106.6,0.0,0,Low,0
CUST_10087,31.0,Female,9,42.35,373.29,Month-to-month,DSL,Bank transfer (automatic),2,2,194.6,0.0,1,High,1
CUST_10088,48.0,Female,1,95.67,93.53,Month-to-month,Fiber optic,Electronic check,3,2,133.3,0.0,0,High,1
CUST_10089,65.0,Female,21,45.7,995.15,Month-to-month,DSL,Mailed check,2,0,120.8,15.0,0,Medium,0
CUST_10090,32.0,Female,46,26.95,1195.7,One year,No,Electronic check,1,0,190.5,0.0,0,Low,0
CUST_10091,25.0,Male,11,68.5,753.16,Month-to-month,DSL,Electronic check,1,1,162.3,0.0,2,High,1
CUST_10092,31.0,Male,32,62.2,2080.53,One year,DSL,Electronic check,1,3,61.7,15.0,1,Medium,0
CUST_10093,40.0,Male,23,84.6,1970.13,Month-to-month,Fiber optic,Electronic check,0,1,112.3,5.0,1,High,1
CUST_10094,74.0,Female,11,25.57,287.38,Two year,No,Electronic check,1,2,154.5,15.0,1,Low,0
CUST_10095,57.0,Female,3,59.28,176.62,Two year,DSL,Credit card (automatic),2,2,98.0,15.0,0,Low,0
CUST_10096,38.0,Male,29,18.0,496.94,Month-to-month,No,Electronic check,2,1,231.3,0.0,1,Low,0
CUST_10097,33.0,Female,46,104.26,4866.04,Month-to-month,Fiber optic,Bank transfer (automatic),3,0,145.1,5.0,1,High,1
CUST_10098,62.0,Male,27,90.89,2486.4,Month-to-month,Fiber optic,Electronic check,2,0,106.1,0.0,0,High,1
CUST_10099,35.0,Female,1,88.96,85.49,Month-to-month,Fiber optic,Credit card (automatic),1,1,89.5,20.0,1,High,1
CUST_10100,64.0,Male,5,39.3,195.76,One year,DSL,Mailed check,3,2,181.7,0.0,0,Low,0
CUST_10101,70.0,Male,1,86.96,90.57,Two year,Fiber optic,Electronic check,3,1,110.8,10.0,0,Medium,0
CUST_10102,41.0,Male,20,77.83,1510.69,One year,Fiber optic,Mailed check,0,1,157.1,0.0,0,Low,0
CUST_10103,43.0,Male,33,20.46,672.55,Two year,No,Mailed check,2,1,88.2,0.0,0,Low,0
CUST_10104,42.0,Male,2,69.31,138.08,Month-to-month,Fiber optic,Bank transfer (automatic),1,0,143.2,0.0,0,High,1
CUST_10105,62.0,Male,43,37.38,1657.29,Month-to-month,No,Electronic check,1,1,111.4,5.0,1,Low,0
CUST_10106,58.0,Female,19,91.74,1799.64,One year,Fiber optic,Credit card (automatic),0,0,125.8,0.0,2,Medium,0
CUST_10107,46.0,Female,28,27.64,793.99,Month-to-month,No,Mailed check,2,0,104.2,0.0,0,Low,0
CUST_10108,32.0,Male,72,46.09,3273.83,One year,DSL,Mailed check,1,0,186.2,0.0,0,Low,0
CUST_10109,62.0,Female,2,28.53,54.62,Month-to-month,No,Bank transfer (automatic),3,0,117.9,0.0,0,Medium,0
CUST_10110,18.0,Female,55,31.34,1697.76,Month-to-month,No,Mailed check,3,2,133.5,5.0,0,Low,0
CUST_10111,42.0,Male,3,87.84,268.26,Two year,Fiber optic,Credit card (automatic),1,0,135.7,0.0,2,Medium,0
CUST_10112,24.0,Male,11,93.14,1045.31,Month-to-month,Fiber optic,Mailed check,1,1,212.6,0.0,0,High,1
CUST_10113,26.0,Male,45,62.5,2943.28,Two year,Fiber optic,Bank transfer (automatic),2,1,180.1,5.0,0,Low,0
CUST_10114,41.0,Male,56,61.99,3455.35,Two year,DSL,Electronic check,2,1,175.6,10.0,1,Low,0
CUST_10115,18.0,Female,16,28.92,468.85,One year,No,Credit card (automatic),1,1,69.0,5.0,1,Low,0
CUST_10116,61.0,Male,21,50.43,1063.18,One year,DSL,Bank transfer (automatic),1,0,110.5,20.0,1,Low,0
CUST_10117,25.0,Female,29,41.45,1160.05,One year,DSL,Electronic check,0,0,193.5,0.0,0,Low,0
CUST_10118,41.0,Female,42,74.78,3128.57,Two year,Fiber optic,Electronic check,3,2,87.3,10.0,0,Low,0
CUST_10119,28.0,Male,3,28.98,87.33,Month-to-month,No,Electronic check,5,2,143.8,5.0,1,High,1
CUST_10120,68.0,Female,39,31.02,1264.31,Month-to-month,No,Credit card (automatic),1,0,92.1,5.0,1,Low,0
CUST_10121,34.0,Male,15,80.41,1190.05,One year,Fiber optic,Electronic check,3,1,96.6,5.0,0,Medium,0
CUST_10122,25.0,Female,14,79.85,1171.57,Month-to-month,DSL,Mailed check,2,1,215.6,0.0,0,Low,0
CUST_10123,52.0,Male,13,90.87,1186.31,Month-to-month,Fiber optic,Electronic check,2,1,172.4,0.0,0,High,1
CUST_10124,52.0,Female,17,58.62,970.88,Month-to-month,DSL,Mailed check,0,0,184.2,5.0,0,Low,0
CUST_10125,50.0,Female,69,42.78,2860.8,One year,DSL,Bank transfer (automatic),0,0,175.3,0.0,3,Low,0
CUST_10126,22.0,Male,19,98.12,1797.48,Two year,Fiber optic,Credit card (automatic),1,0,133.7,5.0,0,Low,0
CUST_10127,59.0,Female,72,96.65,6926.05,Month-to-month,Fiber optic,Mailed check,2,1,108.9,10.0,0,Medium,0
CUST_10128,56.0,Female,4,89.96,342.64,Two year,Fiber optic,Credit card (automatic),1,2,121.9,0.0,0,Low,0
CUST_10129,58.0,Female,30,58.34,1740.58,One year,DSL,Mailed check,2,0,131.4,0.0,0,Low,0
CUST_10130,45.0,Female,40,60.99,2558.75,Two year,DSL,Electronic check,2,0,219.9,0.0,1,Low,0
CUST_10131,24.0,Female,27,88.77,2437.56,One year,Fiber optic,Electronic check,1,0,79.9,0.0,0,Low,0
CUST_10132,26.0,Male,22,49.09,1108.04,One year,DSL,Bank transfer (automatic),1,1,115.1,0.0,0,Low,0
CUST_10133,25.0,Male,19,68.88,1258.86,Month-to-month,DSL,Credit card (automatic),4,1,98.9,0.0,0,High,1
CUST_10134,29.0,Female,47,72.78,3411.46,Two year,Fiber optic,Credit card (automatic),1,1,187.5,0.0,2,Low,0
CUST_10135,51.0,Male,41,71.97,2887.69,Month-to-month,Fiber optic,Electronic check,2,0,223.4,0.0,1,Medium,0
CUST_10136,50.0,Female,3,59.42,185.29,Two year,DSL,Electronic check,1,2,153.9,0.0,0,Medium,0
CUST_10137,65.0,Female,45,32.3,1407.18,Two year,No,Electronic check,2,0,157.6,20.0,0,Low,0
CUST_10138,72.0,Male,12,66.08,789.69,Month-to-month,Fiber optic,Credit card (automatic),5,2,144.1,20.0,1,High,1
CUST_10139,40.0,Male,7,89.74,633.71,Month-to-month,Fiber optic,Credit card (automatic),2,0,159.7,0.0,0,High,1
CUST_10140,41.0,Female,48,89.35,4294.82,One year,Fiber optic,Bank transfer (automatic),2,4,174.8,0.0,0,Medium,0
CUST_10141,54.0,Male,13,54.75,735.26,Month-to-month,DSL,Mailed check,2,1,159.2,0.0,0,Medium,0
CUST_10142,52.0,Female,39,87.16,3307.95,Two year,Fiber optic,Mailed check,4,3,162.4,0.0,1,Medium,0
CUST_10143,61.0,Male,7,68.88,476.25,Month-to-month,Fiber optic,Mailed check,1,0,174.9,5.0,2,High,1
CUST_10144,57.0,Female,1,49.63,51.08,Month-to-month,DSL,Electronic check,1,0,60.0,0.0,0,High,1
CUST_10145,39.0,Male,16,40.16,644.36,Two year,DSL,Mailed check,1,1,140.1,0.0,0,Low,0
CUST_10146,44.0,Female,2,78.54,155.54,One year,Fiber optic,Electronic check,0,1,153.7,10.0,0,Low,0
CUST_10147,52.0,Male,33,82.81,2604.14,Two year,Fiber optic,Electronic check,3,0,158.7,10.0,0,Low,0
CUST_10148,18.0,Female,7,52.07,373.73,Month-to-month,DSL,Credit card (automatic),1,1,132.3,20.0,0,Medium,0
CUST_10149,52.0,Male,14,102.65,1504.96,One year,Fiber optic,Bank transfer (automatic),3,0,147.2,0.0,1,Medium,0
CUST_10150,54.0,Female,2,69.1,139.86,One year,Fiber optic,Mailed check,1,1,107.6,15.0,1,Low,0
CUST_10151,64.0,Female,8,23.65,195.95,One year,No,Mailed check,2,0,60.1,5.0,0,Low,0
CUST_10152,31.0,Male,36,99.22,3577.95,One year,Fiber optic,Mailed check,1,0,184.2,5.0,0,Low,0
CUST_10153,20.0,Male,3,50.26,146.73,One year,DSL,Bank transfer (automatic),4,1,89.0,15.0,0,Low,0
CUST_10154,18.0,Male,25,33.85,805.16,Month-to-month,No,Credit card (automatic),2,2,132.8,15.0,0,Low,0
CUST_10155,22.0,Female,59,89.11,5338.14,Month-to-month,Fiber optic,Bank transfer (automatic),4,0,106.3,10.0,0,Medium,0
CUST_10156,43.0,Female,27,69.67,1879.79,One year,Fiber optic,Bank transfer (automatic),1,0,211.4,0.0,0,Low,0
CUST_10157,72.0,Female,39,61.1,2450.12,Month-to-month,DSL,Electronic check,2,1,136.4,0.0,0,Medium,1
CUST_10158,31.0,Male,2,24.74,50.44,One year,No,Electronic check,1,1,126.0,5.0,1,Low,0
CUST_10159,56.0,Male,6,30.77,193.63,Month-to-month,No,Mailed check,2,0,173.7,10.0,1,Low,0
CUST_10160,44.0,Female,53,68.43,3630.53,One year,DSL,Electronic check,1,0,237.0,5.0,0,Low,0
CUST_10161,26.0,Male,30,55.27,1646.02,One year,Fiber optic,Bank transfer (automatic),2,0,158.3,0.0,2,Low,0
CUST_10162,32.0,Female,24,59.73,1402.95,Month-to-month,DSL,Electronic check,2,0,123.0,0.0,0,Medium,1
CUST_10163,32.0,Male,26,98.35,2551.18,Month-to-month,Fiber optic,Electronic check,1,3,171.3,0.0,0,High,1
CUST_10164,43.0,Female,12,75.55,940.4,Month-to-month,DSL,Mailed check,2,0,69.2,15.0,0,Medium,0
CUST_10165,59.0,Male,1,82.97,79.17,One year,Fiber optic,Credit card (automatic),4,0,142.1,0.0,0,Medium,1
CUST_10166,30.0,Male,36,92.87,3503.1,Two year,Fiber optic,Electronic check,1,0,229.7,5.0,1,Low,0
CUST_10167,68.0,Female,27,57.0,1614.92,Month-to-month,DSL,Bank transfer (automatic),5,1,147.1,15.0,0,Medium,0
CUST_10168,49.0,Female,15,69.45,1051.94,One year,DSL,Mailed check,1,2,144.8,0.0,0,Low,0
CUST_10169,56.0,Female,55,73.33,3965.21,Month-to-month,Fiber optic,Electronic check,2,2,140.9,10.0,1,Medium,0
CUST_10170,66.0,Male,9,61.69,539.83,Month-to-month,Fiber optic,Mailed check,3,1,122.2,10.0,1,High,1
CUST_10171,69.0,Male,8,28.83,225.48,Two year,No,Bank transfer (automatic),0,1,154.2,0.0,1,Low,0
CUST_10172,49.0,Female,49,59.61,2789.48,Month-to-month,DSL,Mailed check,3,0,174.9,0.0,1,Medium,0
CUST_10173,21.0,Female,38,87.26,3307.63,Month-to-month,Fiber optic,Credit card (automatic),0,1,125.1,5.0,1,Low,0
CUST_10174,47.0,Male,17,69.75,1133.26,Month-to-month,Fiber optic,Electronic check,4,0,27.9,0.0,0,High,1
CUST_10175,54.0,Male,3,96.56,296.01,Month-to-month,Fiber optic,Electronic check,2,0,161.0,5.0,0,High,1
CUST_10176,40.0,Male,5,33.44,165.06,Month-to-month,No,Credit card (automatic),1,0,236.0,5.0,1,Low,0
CUST_10177,56.0,Female,25,70.36,1706.12,Month-to-month,DSL,Mailed check,2,0,123.1,0.0,0,High,1
CUST_10178,62.0,Male,11,72.83,804.72,One year,DSL,Bank transfer (automatic),2,2,73.8,0.0,0,Medium,0
CUST_10179,32.0,Male,43,55.74,2510.37,Month-to-month,DSL,Credit card (automatic),0,4,170.5,0.0,0,Low,0
CUST_10180,60.0,Male,71,70.77,5122.72,Month-to-month,Fiber optic,Electronic check,4,2,218.5,0.0,1,Medium,0
CUST_10181,46.0,Male,39,21.1,822.22,Month-to-month,No,Bank transfer (automatic),0,1,163.8,5.0,0,Low,0
CUST_10182,53.0,Male,11,52.85,597.45,Month-to-month,DSL,Electronic check,2,2,217.6,5.0,0,High,1
CUST_10183,30.0,Female,37,91.12,3451.5,One year,Fiber optic,Electronic check,0,0,175.7,0.0,0,Low,0
CUST_10184,49.0,Male,10,88.14,915.93,Two year,Fiber optic,Electronic check,3,0,171.8,10.0,0,Low,0
CUST_10185,24.0,Female,4,55.85,216.8,Month-to-month,DSL,Credit card (automatic),1,3,116.7,0.0,0,High,1
CUST_10186,68.0,Male,1,27.9,28.9,Two year,No,Electronic check,3,1,152.8,15.0,0,Low,0
CUST_10187,39.0,Female,11,87.14,939.47,One year,Fiber optic,Bank transfer (automatic),0,0,138.7,0.0,0,Low,0
CUST_10188,45.0,Female,56,24.98,1460.57,One year,No,Credit card (automatic),2,0,137.1,0.0,1,Low,0
CUST_10189,19.0,Female,6,58.67,344.31,Month-to-month,DSL,Mailed check,3,1,128.6,10.0,1,Medium,1
CUST_10190,59.0,Female,5,94.17,490.95,Month-to-month,Fiber optic,Mailed check,2,0,150.2,5.0,1,High,1
CUST_10191,62.0,Male,72,80.32,6051.25,Month-to-month,Fiber optic,Mailed check,3,0,81.7,0.0,0,Low,0
CUST_10192,74.0,Male,1,79.41,76.59,One year,Fiber optic,Electronic check,2,0,176.5,0.0,1,Medium,1
CUST_10193,70.0,Female,36,69.71,2628.64,Month-to-month,DSL,Mailed check,0,2,100.5,0.0,0,Medium,0
CUST_10194,23.0,Female,9,97.04,837.18,Two year,Fiber optic,Bank transfer (automatic),3,2,128.7,0.0,0,Medium,0
CUST_10195,45.0,Female,1,91.58,89.0,Month-to-month,Fiber optic,Credit card (automatic),0,0,154.9,0.0,0,High,1
CUST_10196,45.0,Female,59,48.31,2834.38,Month-to-month,DSL,Credit card (automatic),1,1,98.3,5.0,2,Low,0
CUST_10197,61.0,Female,3,63.04,198.45,One year,DSL,Credit card (automatic),3,2,51.5,15.0,1,Medium,1
CUST_10198,61.0,Male,19,83.07,1576.52,Month-to-month,Fiber optic,Credit card (automatic),3,0,122.8,10.0,1,High,1
CUST_10199,37.0,Male,7,81.64,574.36,Month-to-month,Fiber optic,Mailed check,1,0,75.6,0.0,0,High,1
CUST_10200,47.0,Female,1,73.0,74.42,One year,DSL,Bank transfer (automatic),4,0,172.1,15.0,0,Medium,0
CUST_10201,28.0,Female,1,49.51,51.83,Two year,DSL,Credit card (automatic),3,2,88.1,0.0,3,Medium,1
CUST_10202,72.0,Male,2,34.14,70.21,One year,No,Mailed check,1,1,206.8,0.0,0,Low,0
CUST_10203,45.0,Female,1,95.2,92.57,One year,Fiber optic,Credit card (automatic),1,0,139.7,10.0,0,Medium,0
CUST_10204,42.0,Male,34,23.96,798.59,One year,No,Mailed check,3,2,142.7,0.0,2,Low,0
CUST_10205,56.0,Female,15,64.12,923.1,Two year,DSL,Bank transfer (automatic),1,0,50.9,0.0,1,Low,0
CUST_10206,50.0,Male,10,45.38,460.36,Month-to-month,DSL,Bank transfer (automatic),2,1,146.5,0.0,0,Medium,0
CUST_10207,18.0,Male,13,59.35,746.92,Month-to-month,DSL,Credit card (automatic),1,2,136.4,0.0,0,Medium,1
CUST_10208,74.0,Female,63,95.88,5893.9,Month-to-month,Fiber optic,Electronic check,1,0,81.5,0.0,0,Medium,0
CUST_10209,44.0,Male,57,67.58,,Month-to-month,Fiber optic,Bank transfer (automatic),2,1,143.9,10.0,1,Low,0
CUST_10210,74.0,Female,30,45.71,1347.54,One year,DSL,Mailed check,5,1,122.1,0.0,1,Medium,0
CUST_10211,69.0,Female,51,47.49,2438.13,One year,DSL,Electronic check,1,1,130.2,0.0,0,Low,0
CUST_10212,30.0,Female,9,60.22,536.43,One year,DSL,Bank transfer (automatic),2,0,141.2,0.0,1,Low,0
CUST_10213,58.0,Male,11,84.44,889.27,Month-to-month,Fiber optic,Mailed check,0,1,118.8,10.0,1,High,1
CUST_10214,20.0,Male,22,32.06,695.65,One year,No,Bank transfer (automatic),2,0,151.1,0.0,4,Low,0
CUST_10215,56.0,Male,23,58.52,1333.59,Month-to-month,DSL,Electronic check,2,0,136.1,0.0,1,Medium,0
CUST_10216,23.0,Female,15,90.84,1416.52,One year,Fiber optic,Mailed check,3,1,161.3,10.0,0,Low,0
CUST_10217,25.0,Female,12,105.13,1239.41,One year,Fiber optic,Bank transfer (automatic),1,1,116.2,0.0,1,Medium,1
CUST_10218,44.0,Female,72,48.77,3469.04,Month-to-month,DSL,Mailed check,1,1,92.1,0.0,0,Low,0
CUST_10219,26.0,Female,41,44.49,1875.69,Month-to-month,DSL,Electronic check,2,1,108.1,5.0,1,Medium,0
CUST_10220,54.0,Female,13,63.0,840.21,Month-to-month,DSL,Credit card (automatic),0,0,204.9,0.0,1,Medium,1
CUST_10221,50.0,Female,31,34.51,1101.72,Two year,No,Mailed check,1,2,183.0,0.0,0,Low,0
CUST_10222,68.0,Male,7,91.08,666.49,Two year,Fiber optic,Bank transfer (automatic),5,1,194.6,0.0,0,Medium,1
CUST_10223,59.0,Female,2,98.34,202.49,One year,Fiber optic,Mailed check,2,0,197.7,0.0,1,Medium,1
CUST_10224,61.0,Male,10,18.0,178.34,Month-to-month,No,Mailed check,3,0,119.0,20.0,2,Medium,1
CUST_10225,41.0,Female,12,19.76,244.74,Month-to-month,No,Mailed check,3,3,153.3,0.0,0,Low,0
CUST_10226,32.0,Female,1,55.05,55.1,One year,DSL,Mailed check,3,0,143.4,0.0,0,Low,0
CUST_10227,71.0,Female,40,27.52,1076.33,One year,No,Mailed check,2,0,169.7,10.0,1,Low,0
CUST_10228,49.0,Male,10,73.92,724.63,Month-to-month,Fiber optic,Mailed check,3,1,127.0,0.0,0,High,1
CUST_10229,49.0,Male,20,24.16,469.86,Month-to-month,No,Mailed check,1,0,144.2,0.0,0,Low,0
CUST_10230,41.0,Male,1,84.08,81.1,One year,Fiber optic,Electronic check,3,2,143.3,5.0,1,High,1
CUST_10231,58.0,Male,4,65.06,252.03,Month-to-month,Fiber optic,Mailed check,3,0,164.0,5.0,0,High,1
CUST_10232,69.0,Male,52,95.32,4740.12,Month-to-month,Fiber optic,Electronic check,0,0,169.5,5.0,2,Medium,1
CUST_10233,66.0,Female,22,51.79,1183.64,Month-to-month,Fiber optic,Electronic check,0,2,144.2,0.0,0,High,1
CUST_10234,66.0,Female,72,117.58,8830.64,Month-to-month,Fiber optic,Credit card (automatic),3,1,145.6,10.0,0,Medium,0
CUST_10235,69.0,Male,72,103.02,7481.8,Two year,Fiber optic,Bank transfer (automatic),1,0,150.2,0.0,0,Low,0
CUST_10236,29.0,Male,11,81.87,931.23,Two year,Fiber optic,Bank transfer (automatic),2,0,214.1,0.0,0,Low,0
CUST_10237,56.0,Male,8,85.11,659.33,One year,Fiber optic,Mailed check,1,0,62.2,0.0,0,Low,0
CUST_10238,19.0,Female,46,57.72,2761.77,Month-to-month,DSL,Credit card (automatic),4,2,96.4,10.0,0,Low,0
CUST_10239,20.0,Female,72,77.93,5614.53,Month-to-month,Fiber optic,Bank transfer (automatic),3,2,170.3,5.0,0,Low,0
CUST_10240,66.0,Female,23,87.31,1921.21,Month-to-month,Fiber optic,Bank transfer (automatic),1,2,152.1,10.0,0,Medium,1
CUST_10241,54.0,Male,38,41.87,1533.99,Month-to-month,DSL,Mailed check,1,1,151.8,5.0,1,Low,0
CUST_10242,66.0,Female,36,18.96,669.52,One year,No,Credit card (automatic),0,0,170.0,0.0,0,Low,0
CUST_10243,73.0,Female,10,63.22,603.34,Month-to-month,DSL,Credit card (automatic),0,2,149.6,0.0,0,High,1
CUST_10244,34.0,Male,20,69.24,1358.39,Month-to-month,Fiber optic,Credit card (automatic),0,0,114.8,5.0,0,Low,0
CUST_10245,66.0,Female,42,66.17,2656.84,Month-to-month,DSL,Electronic check,1,1,168.3,0.0,1,Medium,1
CUST_10246,19.0,Male,27,86.96,2285.94,Month-to-month,Fiber optic,Electronic check,0,0,140.9,0.0,0,Medium,0
CUST_10247,19.0,Female,1,86.55,84.52,Month-to-month,Fiber optic,Electronic check,1,0,119.9,15.0,2,High,1
CUST_10248,45.0,Male,9,82.41,778.36,Month-to-month,Fiber optic,Electronic check,0,0,171.1,10.0,0,High,1
CUST_10249,71.0,Female,3,24.48,71.5,Two year,No,Credit card (automatic),1,0,169.3,0.0,2,Low,0
CUST_10250,40.0,Female,6,80.76,471.92,Month-to-month,Fiber optic,Electronic check,1,1,149.7,10.0,0,High,1
CUST_10251,54.0,Female,56,87.73,5004.65,Month-to-month,Fiber optic,Electronic check,4,5,217.3,5.0,1,High,1
CUST_10252,49.0,Female,1,100.57,104.18,Two year,Fiber optic,Electronic check,1,0,199.7,0.0,1,Low,0
CUST_10253,50.0,Male,5,29.26,144.65,Two year,No,Electronic check,0,0,185.1,0.0,0,Low,0
CUST_10254,18.0,Male,8,31.22,259.14,One year,DSL,Electronic check,2,0,255.5,0.0,0,Low,0
CUST_10255,36.0,Male,23,83.84,1897.49,Two year,Fiber optic,Credit card (automatic),2,2,133.4,0.0,1,Medium,0
CUST_10256,19.0,Male,18,77.2,1347.5,Month-to-month,DSL,Bank transfer (automatic),2,1,119.1,0.0,1,Medium,1
CUST_10257,70.0,Female,5,61.06,300.1,Month-to-month,DSL,Electronic check,4,0,178.7,15.0,0,High,1
CUST_10258,61.0,Male,4,52.97,214.2,Month-to-month,DSL,Mailed check,3,2,128.6,0.0,0,High,1
CUST_10259,43.0,Female,6,83.76,495.88,One year,Fiber optic,Mailed check,3,2,140.5,10.0,1,Medium,1
CUST_10260,49.0,Female,16,26.24,427.1,One year,No,Electronic check,2,1,95.6,0.0,0,Low,0
CUST_10261,23.0,Female,7,93.15,634.9,Month-to-month,Fiber optic,Bank transfer (automatic),3,0,167.3,0.0,0,High,1
CUST_10262,49.0,Male,70,54.63,3900.96,Month-to-month,DSL,Bank transfer (automatic),2,3,73.8,15.0,1,Low,0
CUST_10263,72.0,Female,14,92.45,1274.55,One year,Fiber optic,Bank transfer (automatic),0,1,135.7,0.0,0,Medium,0
CUST_10264,21.0,Female,1,52.25,52.02,Month-to-month,Fiber optic,Bank transfer (automatic),2,2,139.3,15.0,0,Medium,1
CUST_10265,72.0,Male,31,85.06,2652.09,One year,Fiber optic,Electronic check,1,1,120.4,0.0,2,High,1
CUST_10266,28.0,Female,9,62.18,570.04,One year,DSL,Credit card (automatic),3,0,60.9,15.0,0,Low,0
CUST_10267,73.0,Female,25,72.24,1758.81,One year,Fiber optic,Credit card (automatic),2,1,60.6,0.0,1,Medium,0
CUST_10268,34.0,Male,7,74.01,535.47,One year,DSL,Credit card (automatic),3,1,106.4,0.0,0,Medium,0
CUST_10269,55.0,Male,20,78.12,1597.06,Two year,Fiber optic,Electronic check,1,1,164.3,5.0,0,Low,0
CUST_10270,41.0,Male,35,51.4,1751.16,Month-to-month,DSL,Credit card (automatic),2,3,153.0,10.0,0,Medium,0
CUST_10271,22.0,Male,63,24.58,1622.09,One year,No,Credit card (automatic),3,1,139.3,0.0,1,Low,0
CUST_10272,69.0,Male,7,55.4,394.19,One year,DSL,Credit card (automatic),3,0,100.2,20.0,0,Low,0
CUST_10273,51.0,Male,9,43.57,390.26,Month-to-month,DSL,Electronic check,2,0,155.4,5.0,0,Medium,1
CUST_10274,23.0,Male,14,47.33,639.93,Month-to-month,DSL,Bank transfer (automatic),1,1,59.0,0.0,2,Medium,1
CUST_10275,39.0,Male,62,94.71,5891.53,Month-to-month,Fiber optic,Credit card (automatic),1,0,32.2,0.0,1,Medium,0
CUST_10276,28.0,Female,55,23.52,1250.24,Month-to-month,No,Bank transfer (automatic),2,0,129.1,0.0,1,Low,0
CUST_10277,65.0,Female,2,99.84,198.27,One year,Fiber optic,Bank transfer (automatic),2,2,115.4,0.0,0,Medium,1
CUST_10278,33.0,Female,3,58.0,172.41,Two year,DSL,Credit card (automatic),0,1,185.6,0.0,0,Low,0
CUST_10279,50.0,Male,16,35.21,575.75,Month-to-month,DSL,Mailed check,1,0,147.1,10.0,0,Low,0
CUST_10280,26.0,Male,2,76.38,148.06,Month-to-month,Fiber optic,Bank transfer (automatic),1,0,214.3,5.0,2,High,1
CUST_10281,23.0,Male,10,94.4,974.38,Two year,Fiber optic,Mailed check,0,0,115.3,0.0,0,Low,0
CUST_10282,33.0,Male,3,53.37,157.33,Month-to-month,DSL,Credit card (automatic),1,1,161.9,0.0,1,High,1
CUST_10283,46.0,Male,24,22.97,548.19,Month-to-month,No,Electronic check,6,2,128.6,20.0,1,Medium,1
CUST_10284,20.0,Female,71,24.17,1762.81,One year,No,Mailed check,1,0,202.2,0.0,0,Low,0
CUST_10285,37.0,Male,72,49.59,3615.25,Month-to-month,DSL,Bank transfer (automatic),2,1,130.8,0.0,1,Low,0
CUST_10286,53.0,Female,11,48.63,524.66,Month-to-month,DSL,Credit card (automatic),1,0,178.4,5.0,0,Medium,0
CUST_10287,36.0,Female,21,31.31,650.03,Month-to-month,No,Bank transfer (automatic),1,0,91.5,10.0,1,Low,0
CUST_10288,43.0,Male,46,110.62,4989.69,Month-to-month,Fiber optic,Credit card (automatic),1,2,121.3,20.0,0,High,1
CUST_10289,20.0,Male,2,80.96,163.45,One year,Fiber optic,Credit card (automatic),2,0,136.2,20.0,0,Low,0
CUST_10290,36.0,Female,28,51.82,1426.67,Month-to-month,DSL,Electronic check,2,0,196.9,15.0,0,Low,0
CUST_10291,37.0,Male,12,28.01,343.71,Month-to-month,No,Mailed check,1,0,41.1,0.0,0,Low,0
CUST_10292,49.0,Male,5,24.79,124.94,One year,No,Electronic check,0,1,125.0,0.0,1,Medium,0
CUST_10293,24.0,Female,12,76.25,882.58,Two year,Fiber optic,Electronic check,0,0,123.5,5.0,1,Low,0
CUST_10294,69.0,Male,1,78.72,77.23,Month-to-month,Fiber optic,Mailed check,2,0,46.5,0.0,0,High,1
CUST_10295,58.0,Female,28,68.61,1867.57,Month-to-month,Fiber optic,Credit card (automatic),4,0,119.1,0.0,1,High,1
CUST_10296,50.0,Female,6,75.58,448.51,One year,Fiber optic,Credit card (automatic),0,0,70.7,0.0,0,Low,0
CUST_10297,57.0,Male,8,108.39,868.51,Month-to-month,Fiber optic,Electronic check,3,1,35.1,0.0,0,High,1
CUST_10298,56.0,Male,3,46.79,140.46,Month-to-month,DSL,Electronic check,1,0,128.2,0.0,0,Medium,1
CUST_10299,35.0,Male,47,96.11,4632.14,One year,Fiber optic,Bank transfer (automatic),0,0,126.7,0.0,1,Low,0
CUST_10300,57.0,Male,16,24.46,379.2,Two year,No,Mailed check,1,2,129.0,0.0,1,Low,0
CUST_10301,18.0,Male,20,107.01,2235.75,Two year,Fiber optic,Electronic check,3,0,151.4,10.0,0,Low,0
CUST_10302,28.0,Female,20,46.99,925.03,One year,DSL,Credit card (automatic),1,0,100.4,5.0,3,Low,0
CUST_10303,45.0,Male,12,70.24,826.04,One year,Fiber optic,Credit card (automatic),2,2,220.6,15.0,0,Low,0
CUST_10304,74.0,Male,5,75.36,383.78,Month-to-month,Fiber optic,Mailed check,3,1,138.5,0.0,0,High,1
CUST_10305,42.0,Female,32,79.36,2617.11,One year,Fiber optic,Credit card (automatic),3,0,197.9,0.0,1,Medium,0
CUST_10306,67.0,Female,3,18.0,53.34,Month-to-month,No,Mailed check,0,1,64.4,0.0,1,Medium,0
CUST_10307,40.0,Female,2,28.53,58.47,Month-to-month,No,Bank transfer (automatic),3,1,102.4,5.0,0,Medium,0
CUST_10308,48.0,Male,29,,1689.63,One year,DSL,Mailed check,3,0,170.9,10.0,0,Low,0
CUST_10309,47.0,Female,5,85.42,438.5,One year,Fiber optic,Electronic check,2,0,129.8,0.0,1,Medium,0
CUST_10310,59.0,Female,8,20.5,156.36,Month-to-month,No,Credit card (automatic),3,0,91.7,15.0,0,Low,0
CUST_10311,52.0,Male,15,58.89,912.27,Two year,Fiber optic,Mailed check,1,1,57.3,5.0,0,Low,0
CUST_10312,24.0,Male,14,73.09,1051.35,Month-to-month,Fiber optic,Bank transfer (automatic),1,2,173.0,0.0,0,Medium,1
CUST_10313,33.0,Female,29,54.65,1611.68,Month-to-month,DSL,Mailed check,0,0,169.3,5.0,0,Low,0
CUST_10314,43.0,Male,23,21.65,510.9,Month-to-month,No,Electronic check,2,2,150.9,5.0,0,Medium,0
CUST_10315,65.0,Male,24,71.44,1796.76,One year,Fiber optic,Electronic check,2,0,117.7,0.0,0,Low,0
CUST_10316,74.0,Male,30,79.11,2356.95,One year,Fiber optic,Mailed check,3,1,89.9,0.0,0,Medium,0
CUST_10317,69.0,Male,8,18.18,139.15,Month-to-month,No,Bank transfer (automatic),0,1,137.6,10.0,0,Low,0
CUST_10318,66.0,Female,9,83.49,748.47,One year,Fiber optic,Electronic check,0,1,80.8,5.0,0,Medium,1
CUST_10319,19.0,Female,13,72.12,895.04,Month-to-month,Fiber optic,Bank transfer (automatic),0,2,106.2,0.0,1,High,1
CUST_10320,18.0,Female,8,57.88,453.51,One year,DSL,Bank transfer (automatic),2,1,196.8,15.0,0,Low,0
CUST_10321,65.0,Male,72,25.49,1851.22,Month-to-month,No,Bank transfer (automatic),1,0,56.7,0.0,1,Low,0
CUST_10322,29.0,Male,40,52.13,2045.5,Month-to-month,DSL,Mailed check,1,1,170.5,0.0,0,Low,0
CUST_10323,22.0,Male,4,31.31,127.56,Two year,No,Credit card (automatic),2,0,207.2,0.0,1,Low,0
CUST_10324,54.0,Male,1,55.84,57.64,Month-to-month,DSL,Mailed check,5,1,176.7,15.0,2,High,1
CUST_10325,49.0,Male,1,89.87,89.15,Month-to-month,Fiber optic,Mailed check,3,1,157.9,5.0,0,High,1
CUST_10326,72.0,Female,6,20.25,126.36,One year,No,Electronic check,0,0,119.1,5.0,0,Low,0
CUST_10327,26.0,Male,2,75.43,144.52,Two year,Fiber optic,Electronic check,3,0,110.9,20.0,0,Medium,0
CUST_10328,58.0,Female,18,89.57,1667.1,Month-to-month,Fiber optic,Electronic check,1,1,38.8,10.0,1,High,1
CUST_10329,52.0,Male,46,71.75,3408.95,Month-to-month,DSL,Bank transfer (automatic),1,1,141.7,0.0,0,Medium,0
CUST_10330,36.0,Male,32,86.71,2725.33,Month-to-month,Fiber optic,Electronic check,1,0,121.9,10.0,0,Medium,1
CUST_10331,65.0,Male,5,104.24,510.71,Month-to-month,Fiber optic,Electronic check,2,1,108.6,10.0,0,High,1
CUST_10332,33.0,Female,12,90.52,1065.07,Month-to-month,Fiber optic,Bank transfer (automatic),0,0,139.1,0.0,0,Medium,1
CUST_10333,20.0,Female,17,95.96,1682.12,One year,Fiber optic,Electronic check,1,1,142.8,0.0,0,Medium,0
CUST_10334,37.0,Female,39,29.16,1174.96,Two year,No,Electronic check,0,1,111.4,10.0,1,Low,0
CUST_10335,41.0,Male,43,51.93,2194.97,Month-to-month,DSL,Electronic check,5,1,212.6,0.0,0,Medium,0
CUST_10336,71.0,Male,57,23.6,1357.66,Month-to-month,No,Bank transfer (automatic),1,1,172.9,0.0,0,Low,0
CUST_10337,73.0,Female,17,79.5,1302.7,Month-to-month,Fiber optic,Electronic check,2,2,180.3,10.0,0,High,1
CUST_10338,50.0,Male,28,89.19,2489.52,Month-to-month,Fiber optic,Mailed check,1,1,135.4,15.0,0,Low,0
CUST_10339,41.0,Female,2,89.11,187.11,Two year,Fiber optic,Mailed check,0,1,163.0,0.0,0,Low,0
CUST_10340,69.0,Male,19,91.09,1671.66,Month-to-month,Fiber optic,Bank transfer (automatic),0,0,99.7,0.0,0,Medium,0
CUST_10341,28.0,Male,6,98.2,615.57,Month-to-month,Fiber optic,Bank transfer (automatic),0,2,170.0,5.0,0,High,1
CUST_10342,66.0,Male,13,42.92,576.05,One year,DSL,Credit card (automatic),2,0,130.8,5.0,0,Low,0
CUST_10343,25.0,Male,24,18.0,452.4,Month-to-month,No,Electronic check,2,1,94.0,20.0,1,Low,0
CUST_10344,53.0,Female,7,26.26,177.93,One year,No,Electronic check,2,1,139.0,5.0,1,Low,0
CUST_10345,55.0,Male,1,76.31,74.12,Month-to-month,Fiber optic,Electronic check,2,1,126.9,5.0,1,High,1
CUST_10346,57.0,Male,1,23.9,22.75,Two year,No,Electronic check,1,0,244.5,20.0,0,Low,0
CUST_10347,37.0,Male,1,91.19,93.24,Two year,Fiber optic,Electronic check,3,1,159.6,0.0,3,High,1
CUST_10348,52.0,Male,1,84.06,85.27,One year,Fiber optic,Electronic check,2,1,211.1,0.0,0,Medium,1
CUST_10349,65.0,Female,2,31.96,61.86,Two year,No,Mailed check,4,0,190.9,5.0,0,Low,0
CUST_10350,42.0,Female,6,56.44,348.5,Month-to-month,DSL,Bank transfer (automatic),3,1,141.7,0.0,2,High,1
CUST_10351,52.0,Female,6,85.36,501.88,Month-to-month,Fiber optic,Mailed check,1,0,120.0,0.0,1,High,1
CUST_10352,42.0,Female,72,86.34,5989.58,One year,Fiber optic,Bank transfer (automatic),1,2,61.7,0.0,0,Low,0
CUST_10353,46.0,Male,8,79.52,631.23,One year,Fiber optic,Electronic check,2,0,100.8,5.0,0,Medium,1
CUST_10354,35.0,Female,3,54.7,157.39,Month-to-month,DSL,Electronic check,3,1,169.8,15.0,0,Medium,1
CUST_10355,63.0,Male,18,69.63,1223.67,Month-to-month,DSL,Mailed check,3,0,126.4,0.0,0,Medium,1
CUST_10356,35.0,Male,46,25.04,1137.02,Month-to-month,No,Electronic check,2,0,156.9,5.0,0,Low,0
CUST_10357,19.0,Female,27,88.02,2460.16,Month-to-month,Fiber optic,Electronic check,0,1,48.6,0.0,0,High,1
CUST_10358,71.0,Male,8,68.9,567.33,Month-to-month,Fiber optic,Mailed check,1,0,160.4,5.0,0,Medium,1
CUST_10359,52.0,Female,19,52.95,1000.29,month-to-month,DSL,Credit card (automatic),2,4,189.3,5.0,1,Medium,0
CUST_10360,33.0,Male,30,69.84,2142.25,Month-to-month,DSL,Bank transfer (automatic),0,0,60.1,15.0,0,Low,0
CUST_10361,58.0,Female,31,101.44,3166.23,Month-to-month,Fiber optic,Electronic check,4,0,156.7,0.0,0,High,1
CUST_10362,53.0,Female,26,53.49,1368.61,One year,DSL,Credit card (automatic),1,0,200.5,0.0,1,Low,0
CUST_10363,50.0,Female,49,24.73,1239.14,One year,No,Bank transfer (automatic),3,2,215.6,0.0,1,Low,0
CUST_10364,21.0,Female,48,20.86,1019.65,Two year,No,Bank transfer (automatic),1,1,117.3,5.0,0,Low,0
CUST_10365,50.0,Female,20,21.54,435.93,One year,No,Credit card (automatic),3,0,175.1,15.0,0,Low,0
CUST_10366,31.0,Male,13,26.36,346.72,Month-to-month,No,Mailed check,1,1,204.3,15.0,0,Low,0
CUST_10367,38.0,Female,24,55.47,1355.64,Two year,DSL,Electronic check,2,2,158.1,0.0,0,Low,0
CUST_10368,65.0,Male,40,20.21,799.07,Month-to-month,No,Mailed check,3,0,197.8,10.0,0,Low,0
CUST_10369,37.0,Female,1,77.93,80.81,Month-to-month,Fiber optic,Mailed check,2,1,138.4,0.0,0,Medium,1
CUST_10370,73.0,Female,72,74.66,5193.99,One year,Fiber optic,Mailed check,2,0,157.7,0.0,0,Low,0
CUST_10371,25.0,Female,4,86.17,357.91,Two year,Fiber optic,Bank transfer (automatic),2,0,112.0,15.0,1,Low,0
CUST_10372,24.0,Male,15,61.74,911.49,Month-to-month,DSL,Credit card (automatic),1,0,132.6,0.0,0,Medium,0
CUST_10373,20.0,Male,49,92.79,4376.22,Month-to-month,Fiber optic,Credit card (automatic),3,1,159.5,0.0,0,Medium,1
CUST_10374,34.0,Female,6,30.08,182.29,Month-to-month,No,Credit card (automatic),4,1,108.7,0.0,0,Medium,0
CUST_10375,50.0,Male,15,105.62,1564.65,Month-to-month,Fiber optic,Credit card (automatic),1,0,129.9,0.0,0,Medium,1
CUST_10376,65.0,Male,3,69.52,215.14,Month-to-month,Fiber optic,Credit card (automatic),1,1,174.2,0.0,1,High,1
CUST_10377,29.0,Male,12,61.74,735.75,One year,DSL,Electronic check,1,0,232.4,10.0,0,Low,0
CUST_10378,68.0,Female,4,75.82,308.39,Month-to-month,Fiber optic,Electronic check,2,0,47.8,0.0,0,High,1
CUST_10379,39.0,Female,10,63.45,622.33,Two year,Fiber optic,Mailed check,2,2,228.9,0.0,0,Low,0
CUST_10380,72.0,Male,11,87.85,938.27,One year,Fiber optic,Credit card (automatic),1,1,128.3,0.0,1,Medium,1
CUST_10381,39.0,Male,72,52.93,3768.3,One year,DSL,Mailed check,3,1,183.4,5.0,3,Low,0
CUST_10382,63.0,Male,72,71.68,5216.08,Two year,Fiber optic,Bank transfer (automatic),3,1,192.2,10.0,0,Low,0
CUST_10383,47.0,Female,2,52.57,106.79,Month-to-month,DSL,Electronic check,1,0,210.4,15.0,0,Medium,1
CUST_10384,55.0,Female,31,31.86,995.38,Month-to-month,DSL,Electronic check,1,0,107.2,20.0,1,Medium,0
CUST_10385,55.0,Male,1,96.71,101.43,One year,Fiber optic,Bank transfer (automatic),4,2,129.9,0.0,2,High,1
CUST_10386,62.0,Male,1,92.02,93.78,Two year,Fiber optic,Electronic check,1,1,137.6,20.0,0,Low,0
CUST_10387,68.0,Male,2,85.68,178.75,One year,Fiber optic,Mailed check,2,1,123.9,0.0,0,Medium,1
CUST_10388,71.0,Female,72,43.45,3008.87,Month-to-month,DSL,Electronic check,3,0,199.3,0.0,0,Low,0
CUST_10389,25.0,Female,67,84.67,5424.06,Two year,Fiber optic,Mailed check,2,0,136.5,10.0,0,Low,0
CUST_10390,44.0,Male,5,67.84,332.79,Month-to-month,Fiber optic,Bank transfer (automatic),2,0,67.2,0.0,2,High,1
CUST_10391,44.0,Male,4,74.73,288.06,Two year,DSL,Mailed check,2,2,111.5,0.0,0,Low,0
CUST_10392,51.0,Male,6,68.82,413.99,Two year,DSL,Mailed check,1,0,69.0,15.0,0,Low,0
CUST_10393,38.0,Female,17,83.07,1414.87,Month-to-month,Fiber optic,Electronic check,3,1,129.7,10.0,0,High,1
CUST_10394,47.0,Male,20,95.21,1918.49,One year,Fiber optic,Credit card (automatic),7,1,170.3,0.0,0,High,1
CUST_10395,50.0,Female,6,25.74,158.23,Month-to-month,No,Mailed check,5,2,110.5,10.0,0,High,1
CUST_10396,45.0,Female,33,27.59,953.38,Month-to-month,No,Bank transfer (automatic),0,0,121.9,10.0,2,Low,0
CUST_10397,64.0,Male,8,50.38,418.29,Month-to-month,DSL,Bank transfer (automatic),2,0,127.6,15.0,1,High,1
CUST_10398,50.0,Male,61,62.06,3641.19,One year,DSL,Electronic check,2,0,146.3,5.0,1,Low,0
CUST_10399,22.0,Male,25,64.59,1588.67,Two year,DSL,Credit card (automatic),5,0,163.2,10.0,0,Low,0
CUST_10400,65.0,Female,13,32.6,413.45,One year,No,Bank transfer (automatic),2,2,176.3,10.0,0,Low,0
CUST_10401,36.0,Female,37,25.06,897.25,Month-to-month,No,Mailed check,2,2,241.5,5.0,0,Low,0
CUST_10402,21.0,Female,40,74.99,3013.02,Two year,Fiber optic,Electronic check,1,1,145.6,5.0,2,Low,0
CUST_10403,52.0,Female,8,23.39,188.12,Two year,No,Credit card (automatic),2,2,173.1,5.0,1,Low,0
CUST_10404,66.0,Male,9,86.42,756.57,Month-to-month,Fiber optic,Bank transfer (automatic),5,0,68.6,0.0,0,High,1
CUST_10405,34.0,Female,65,75.36,5002.2,Two year,Fiber optic,Electronic check,0,1,122.9,20.0,1,Low,0
CUST_10406,61.0,Female,4,55.2,225.94,Month-to-month,DSL,Electronic check,0,0,127.8,0.0,0,Medium,0
CUST_10407,45.0,Male,1,82.47,78.52,Two year,Fiber optic,Credit card (automatic),3,3,94.2,0.0,1,High,1
CUST_10408,47.0,Female,14,24.09,333.74,Month-to-month,No,Bank transfer (automatic),2,0,115.9,10.0,0,Low,0
CUST_10409,46.0,Female,38,76.4,3016.47,Month-to-month,Fiber optic,Bank transfer (automatic),2,4,135.2,0.0,0,High,1
CUST_10410,63.0,Female,35,54.53,1912.43,Month-to-month,DSL,Mailed check,3,1,117.3,5.0,0,Medium,1
CUST_10411,70.0,Female,60,33.1,1955.74,One year,No,Bank transfer (automatic),2,1,257.1,0.0,1,Low,0
CUST_10412,,Female,18,29.94,525.65,Month-to-month,No,Mailed check,2,0,163.1,5.0,0,Low,0
CUST_10413,52.0,Female,2,91.85,178.99,Month-to-month,Fiber optic,Electronic check,4,1,230.0,15.0,2,High,1
CUST_10414,58.0,Male,21,75.75,1527.08,One year,Fiber optic,Bank transfer (automatic),0,1,207.2,10.0,1,Low,0
CUST_10415,54.0,Male,36,50.69,1882.73,Two year,DSL,Credit card (automatic),3,1,111.2,0.0,1,Low,0
CUST_10416,41.0,Female,2,81.22,155.73,Month-to-month,Fiber optic,Electronic check,1,0,141.7,20.0,0,High,1
CUST_10417,46.0,Male,4,28.55,111.83,Month-to-month,No,Mailed check,1,1,120.4,0.0,1,Medium,1
CUST_10418,66.0,Male,1,31.77,30.33,Month-to-month,No,Bank transfer (automatic),3,4,132.7,0.0,0,Medium,1
CUST_10419,63.0,Male,21,60.68,1310.14,Month-to-month,Fiber optic,Mailed check,2,0,96.1,0.0,0,Medium,1
CUST_10420,70.0,Male,52,89.83,4455.95,Two year,Fiber optic,Credit card (automatic),3,0,120.1,20.0,0,Low,0
CUST_10421,48.0,Female,26,87.98,2243.63,Two year,Fiber optic,Bank transfer (automatic),2,1,156.2,0.0,0,Low,0
CUST_10422,52.0,Female,72,27.1,1965.5,One year,No,Electronic check,0,1,155.0,5.0,0,Low,0
CUST_10423,50.0,Male,1,77.29,76.59,Month-to-month,Fiber optic,Credit card (automatic),2,0,151.4,0.0,0,High,1
CUST_10424,69.0,Male,55,84.59,4551.15,One year,Fiber optic,Bank transfer (automatic),2,1,137.3,0.0,0,Low,0
CUST_10425,38.0,Male,40,78.86,3083.49,One year,Fiber optic,Credit card (automatic),2,1,178.7,15.0,0,Low,0
CUST_10426,49.0,Female,9,62.75,581.57,Two year,DSL,Bank transfer (automatic),0,1,128.4,5.0,2,Low,0
CUST_10427,40.0,Female,72,95.1,7171.74,One year,Fiber optic,Credit card (automatic),2,1,202.6,10.0,0,Low,0
CUST_10428,50.0,Male,8,87.21,687.08,One year,Fiber optic,Electronic check,3,0,56.9,0.0,3,High,1
CUST_10429,20.0,Female,52,30.59,1517.37,One year,No,Mailed check,2,1,169.6,10.0,1,Low,0
CUST_10430,35.0,Female,51,18.0,875.46,Month-to-month,No,Credit card (automatic),1,0,162.0,10.0,0,Low,0
CUST_10431,42.0,Female,34,71.83,2505.53,Two year,DSL,Electronic check,0,0,109.6,0.0,0,Low,0
CUST_10432,59.0,Female,19,71.16,1359.12,Month-to-month,Fiber optic,Electronic check,0,2,124.0,5.0,0,High,1
CUST_10433,48.0,Male,3,80.56,248.53,One year,Fiber optic,Credit card (automatic),1,1,160.9,20.0,1,Medium,0
CUST_10434,71.0,Female,18,35.0,642.44,Month-to-month,DSL,Credit card (automatic),2,0,181.2,10.0,2,Medium,1
CUST_10435,20.0,Male,10,77.92,810.95,One year,Fiber optic,Electronic check,1,0,61.3,0.0,0,Low,0
CUST_10436,57.0,Female,37,18.91,726.66,One year,No,Credit card (automatic),0,1,168.3,5.0,0,Low,0
CUST_10437,63.0,Female,34,54.53,1907.48,Month-to-month,DSL,Bank transfer (automatic),1,1,119.4,10.0,1,Low,0
CUST_10438,41.0,Female,57,81.78,4649.89,Month-to-month,Fiber optic,Mailed check,3,2,190.6,0.0,1,Medium,1
CUST_10439,67.0,Female,1,32.38,31.76,One year,No,Credit card (automatic),0,1,57.2,5.0,0,Low,0
CUST_10440,49.0,Male,39,22.18,865.63,One year,No,Mailed check,1,0,250.0,20.0,0,Low,0
CUST_10441,64.0,Female,66,84.32,5566.27,Month-to-month,Fiber optic,Electronic check,1,0,100.1,15.0,0,Low,0
CUST_10442,39.0,Female,37,57.08,2135.25,Month-to-month,DSL,Electronic check,2,1,204.3,10.0,1,Medium,1
CUST_10443,40.0,Female,3,70.5,204.86,One year,Fiber optic,Mailed check,2,0,136.9,0.0,0,Low,0
CUST_10444,19.0,Male,2,82.75,168.08,Month-to-month,Fiber optic,Mailed check,1,1,103.2,20.0,0,Medium,1
CUST_10445,44.0,Male,1,100.32,99.88,Month-to-month,Fiber optic,Credit card (automatic),1,0,151.9,5.0,0,High,1
CUST_10446,59.0,Male,23,67.08,1561.39,Month-to-month,DSL,Credit card (automatic),1,1,186.3,0.0,1,Medium,1
CUST_10447,19.0,Female,23,28.58,640.22,Month-to-month,No,Bank transfer (automatic),0,0,70.1,5.0,0,Low,0
CUST_10448,43.0,Female,72,61.12,4371.77,Month-to-month,DSL,Credit card (automatic),2,1,171.6,15.0,1,Low,0
CUST_10449,34.0,Male,12,76.44,890.7,Month-to-month,Fiber optic,Electronic check,0,0,139.5,0.0,2,High,1
CUST_10450,57.0,Male,9,25.46,237.74,Month-to-month,DSL,Electronic check,2,0,166.0,15.0,0,Medium,1
CUST_10451,50.0,Female,23,90.13,2070.49,Month-to-month,Fiber optic,Credit card (automatic),1,1,140.5,15.0,1,High,1
CUST_10452,26.0,Female,41,22.94,914.67,Month-to-month,No,Electronic check,2,0,114.3,0.0,0,Low,0
CUST_10453,60.0,Female,66,92.12,5800.98,Month-to-month,Fiber optic,Electronic check,1,0,89.9,15.0,1,Medium,0
CUST_10454,71.0,Female,39,80.34,3188.32,Month-to-month,Fiber optic,Bank transfer (automatic),1,0,170.3,15.0,1,Medium,0
CUST_10455,65.0,Male,13,94.91,1198.62,Two year,Fiber optic,Mailed check,1,1,170.0,0.0,1,Medium,0
CUST_10456,56.0,Male,24,82.36,2073.41,Month-to-month,DSL,Credit card (automatic),1,1,169.8,0.0,0,Medium,1
CUST_10457,46.0,Female,46,64.92,2996.38,Month-to-month,Fiber optic,Electronic check,1,0,159.2,0.0,0,Low,0
CUST_10458,59.0,Female,16,48.7,762.76,Month-to-month,DSL,Electronic check,3,0,182.5,0.0,0,Medium,0
CUST_10459,72.0,Female,5,74.73,379.54,Month-to-month,Fiber optic,Electronic check,0,0,203.3,10.0,0,High,1
CUST_10460,43.0,Female,4,63.25,247.31,One year,Fiber optic,Bank transfer (automatic),1,0,55.6,0.0,0,Low,0
CUST_10461,52.0,Female,1,73.3,75.65,One year,DSL,Mailed check,2,1,34.6,20.0,0,Medium,0
CUST_10462,67.0,Male,30,24.06,707.96,Two year,No,Mailed check,4,0,217.3,20.0,0,Low,0
CUST_10463,42.0,Male,2,27.08,56.8,One year,No,Credit card (automatic),4,2,79.7,0.0,0,Low,0
CUST_10464,41.0,Male,6,108.01,654.87,Two year,Fiber optic,Credit card (automatic),0,1,91.1,5.0,0,Low,0
CUST_10465,30.0,Male,8,94.95,785.76,Month-to-month,Fiber optic,Electronic check,8,0,127.1,5.0,0,High,1
CUST_10466,24.0,Female,19,76.1,1384.13,Month-to-month,Fiber optic,Mailed check,1,2,65.6,5.0,0,Medium,1
CUST_10467,,Female,12,55.4,654.71,Month-to-month,DSL,Mailed check,0,1,122.8,0.0,0,Medium,0
CUST_10468,53.0,Male,26,48.33,1286.42,Month-to-month,DSL,Credit card (automatic),0,0,97.3,0.0,0,Low,0
CUST_10469,62.0,Male,1,29.66,30.12,Month-to-month,No,Credit card (automatic),0,1,129.5,0.0,0,Low,0
CUST_10470,37.0,Female,3,27.47,79.89,One year,No,Electronic check,0,1,152.6,0.0,0,Low,0
CUST_10471,18.0,Male,16,66.88,1054.69,Month-to-month,Fiber optic,Bank transfer (automatic),3,1,124.5,15.0,0,Medium,1
CUST_10472,25.0,Female,9,56.79,499.02,Two year,DSL,Mailed check,1,1,122.3,0.0,0,Low,0
CUST_10473,63.0,Female,8,20.97,169.66,Two year,No,Electronic check,3,0,151.6,0.0,0,Low,0
CUST_10474,33.0,Female,1,25.1,24.71,Month-to-month,No,Electronic check,2,0,187.0,5.0,0,Low,0
CUST_10475,31.0,Male,54,86.36,4574.39,Month-to-month,Fiber optic,Mailed check,1,1,212.1,0.0,0,Low,0
CUST_10476,29.0,Male,28,82.09,2231.26,Month-to-month,Fiber optic,Mailed check,3,1,130.2,0.0,3,High,1
CUST_10477,68.0,Female,3,86.47,257.05,Month-to-month,Fiber optic,Electronic check,0,1,222.1,5.0,0,High,1
CUST_10478,40.0,Female,1,100.44,97.38,Month-to-month,Fiber optic,Bank transfer (automatic),1,0,179.5,5.0,1,High,1
CUST_10479,32.0,Male,72,83.51,6290.85,Month-to-month,Fiber optic,Electronic check,3,1,84.6,0.0,0,Medium,0
CUST_10480,45.0,Female,27,71.05,1852.07,Month-to-month,Fiber optic,Mailed check,4,2,83.2,0.0,0,High,1
CUST_10481,51.0,Male,12,48.57,606.93,Month-to-month,DSL,Electronic check,1,2,114.0,0.0,0,High,1
CUST_10482,19.0,Female,29,79.43,2286.99,Two year,Fiber optic,Electronic check,1,0,205.0,5.0,0,Low,0
CUST_10483,49.0,Male,33,102.09,3327.82,One year,Fiber optic,Mailed check,3,1,117.4,10.0,2,Medium,1
CUST_10484,40.0,Female,36,99.05,3469.99,Two year,Fiber optic,Electronic check,2,1,54.8,0.0,1,Medium,0
CUST_10485,39.0,Male,15,24.6,374.01,Month-to-month,No,Mailed check,0,1,129.7,0.0,0,Low,0
CUST_10486,68.0,Male,13,30.58,404.92,Month-to-month,No,Electronic check,2,1,50.9,10.0,1,High,1
CUST_10487,42.0,Male,1,57.32,57.13,One year,DSL,Mailed check,0,0,92.5,15.0,0,Low,0
CUST_10488,39.0,Male,62,85.18,5046.52,Month-to-month,Fiber optic,Electronic check,0,1,113.6,15.0,0,Low,0
CUST_10489,39.0,Female,22,26.55,608.55,Month-to-month,No,Bank transfer (automatic),5,1,146.7,0.0,0,Low,0
CUST_10490,66.0,Female,5,80.5,421.83,One year,Fiber optic,Bank transfer (automatic),2,0,186.1,5.0,0,Medium,0
CUST_10491,69.0,Male,60,79.24,4721.62,One year,Fiber optic,Electronic check,1,1,171.2,5.0,2,Low,0
CUST_10492,59.0,Male,59,77.89,4647.74,Month-to-month,Fiber optic,Mailed check,1,0,86.9,15.0,0,Low,0
CUST_10493,23.0,Female,72,84.72,6069.52,Month-to-month,Fiber optic,Electronic check,2,0,123.3,10.0,2,Medium,0
CUST_10494,32.0,Female,49,56.41,2714.86,Month-to-month,Fiber optic,Bank transfer (automatic),3,0,143.4,0.0,0,Low,0
CUST_10495,71.0,Female,72,24.51,1690.13,Month-to-month,No,Electronic check,1,0,128.2,0.0,0,Low,0
CUST_10496,60.0,Male,6,45.63,272.58,Month-to-month,DSL,Mailed check,3,0,127.9,0.0,0,Medium,1
CUST_10497,54.0,Male,44,99.49,4516.93,Month-to-month,Fiber optic,Mailed check,4,2,62.5,0.0,1,High,1
CUST_10498,50.0,Female,41,31.98,1247.85,Month-to-month,No,Credit card (automatic),1,0,88.1,20.0,1,Low,0
CUST_10499,25.0,Male,6,87.17,527.31,Two year,Fiber optic,Mailed check,2,2,121.9,0.0,0,Medium,1
CUST_10500,70.0,Female,2,87.72,182.12,One year,Fiber optic,Bank transfer (automatic),3,0,10.0,0.0,0,Medium,1
CUST_10501,61.0,Male,72,40.94,2864.42,One year,DSL,Mailed check,3,0,168.8,15.0,0,Low,0
CUST_10502,61.0,Female,8,52.02,402.98,Month-to-month,DSL,Credit card (automatic),0,0,78.2,0.0,0,Medium,0
CUST_10503,22.0,Male,49,84.31,4243.67,Month-to-month,Fiber optic,Bank transfer (automatic),2,2,170.9,0.0,0,Medium,1
CUST_10504,56.0,Female,1,79.29,77.35,Month-to-month,Fiber optic,Electronic check,3,1,167.0,0.0,1,High,1
CUST_10505,21.0,Male,1,51.14,49.56,Month-to-month,DSL,Credit card (automatic),2,1,115.5,5.0,0,Medium,1
CUST_10506,23.0,Female,15,56.91,843.23,Month-to-month,DSL,Mailed check,1,0,185.0,0.0,0,Low,0
CUST_10507,62.0,Male,6,56.07,332.8,One year,DSL,Credit card (automatic),2,1,173.4,0.0,0,Low,0
CUST_10508,49.0,Female,28,91.64,2661.91,One year,Fiber optic,Credit card (automatic),1,0,126.1,0.0,0,Medium,0
CUST_10509,69.0,Female,20,90.04,1822.13,Month-to-month,Fiber optic,Electronic check,3,1,121.0,5.0,0,High,1
CUST_10510,47.0,Female,1,92.1,91.23,Month-to-month,Fiber optic,Bank transfer (automatic),2,1,189.4,0.0,0,High,1
CUST_10511,64.0,Female,4,100.11,401.82,Two year,Fiber optic,Electronic check,1,1,150.4,10.0,1,Medium,1
CUST_10512,52.0,Female,11,27.66,318.07,Month-to-month,No,Electronic check,3,1,187.0,0.0,1,Medium,1
CUST_10513,72.0,Female,4,50.03,192.38,Month-to-month,DSL,Electronic check,5,2,32.5,0.0,0,High,1
CUST_10514,57.0,Male,37,98.19,3526.84,Month-to-month,Fiber optic,Bank transfer (automatic),2,0,144.4,5.0,0,Medium,1
CUST_10515,69.0,Female,12,41.68,523.29,One year,DSL,Electronic check,0,0,69.0,0.0,0,Low,0
CUST_10516,33.0,Male,2,46.9,98.09,Two year,DSL,Electronic check,1,1,138.8,0.0,0,Low,0
CUST_10517,30.0,Male,15,97.74,1418.77,Month-to-month,Fiber optic,Bank transfer (automatic),3,0,172.1,10.0,0,High,1
CUST_10518,67.0,Male,2,19.37,37.37,Two year,No,Electronic check,3,2,218.3,0.0,2,Low,0
CUST_10519,59.0,Male,3,18.79,55.93,Two year,No,Electronic check,2,0,97.8,5.0,0,Low,0
CUST_10520,47.0,Female,6,42.57,243.92,Month-to-month,DSL,Electronic check,2,1,116.3,0.0,0,High,1
CUST_10521,36.0,Female,47,68.27,3258.39,Month-to-month,Fiber optic,Mailed check,1,0,135.7,10.0,0,Low,0
CUST_10522,34.0,Female,62,51.59,3063.44,Month-to-month,DSL,Mailed check,2,0,96.1,20.0,1,Low,0
CUST_10523,73.0,Female,42,54.36,2182.21,Two year,DSL,Electronic check,3,0,184.0,0.0,0,Low,0
CUST_10524,36.0,Male,9,81.28,730.44,Month-to-month,Fiber optic,Credit card (automatic),0,1,136.8,5.0,0,Medium,1
CUST_10525,45.0,Male,7,94.42,691.2,One year,Fiber optic,Bank transfer (automatic),2,0,145.5,0.0,0,Medium,0
CUST_10526,72.0,Male,19,24.28,457.94,Month-to-month,No,Electronic check,2,0,167.9,15.0,1,Low,0
CUST_10527,43.0,Male,30,81.6,2412.87,One year,Fiber optic,Electronic check,0,0,136.8,0.0,3,Medium,0
CUST_10528,54.0,Male,72,51.81,3916.07,Month-to-month,DSL,Mailed check,3,1,103.2,5.0,0,Low,0
CUST_10529,43.0,Male,3,45.85,137.99,One year,DSL,Bank transfer (automatic),3,1,137.2,5.0,1,Medium,0
CUST_10530,70.0,Female,1,70.33,69.45,Two year,Fiber optic,Electronic check,2,2,101.5,0.0,0,High,1
CUST_10531,40.0,Female,28,74.01,2048.63,Two year,Fiber optic,Electronic check,1,2,144.9,0.0,2,Medium,1
CUST_10532,26.0,Female,42,20.5,834.74,Two year,No,Credit card (automatic),2,0,184.9,0.0,0,Low,0
CUST_10533,29.0,Female,44,89.04,3922.55,Month-to-month,Fiber optic,Electronic check,3,0,87.1,10.0,0,High,1
CUST_10534,70.0,Female,27,51.57,1383.88,One year,DSL,Mailed check,2,3,71.0,0.0,2,Medium,0
CUST_10535,18.0,Male,72,47.27,3325.43,Month-to-month,DSL,Credit card (automatic),2,1,142.2,5.0,0,Low,0
CUST_10536,18.0,Female,17,62.4,1024.79,Month-to-month,DSL,Bank transfer (automatic),3,2,105.4,0.0,0,High,1
CUST_10537,64.0,Female,58,22.37,1272.97,Month-to-month,No,Mailed check,2,1,141.4,0.0,0,Low,0
CUST_10538,51.0,Male,72,66.18,4769.1,Month-to-month,DSL,Bank transfer (automatic),1,0,154.4,5.0,0,Low,0
CUST_10539,49.0,Male,45,89.76,3860.8,Month-to-month,Fiber optic,Electronic check,1,1,43.5,15.0,1,Medium,1
CUST_10540,71.0,Female,8,24.56,189.68,Two year,No,Bank transfer (automatic),2,2,171.0,5.0,0,Low,0
CUST_10541,65.0,Male,5,37.84,197.67,Month-to-month,DSL,Mailed check,1,1,87.4,10.0,0,Medium,0
CUST_10542,42.0,Female,19,96.66,1844.41,One year,Fiber optic,Credit card (automatic),0,1,139.0,5.0,0,Low,0
CUST_10543,57.0,Female,14,101.74,1362.18,month-to-month,Fiber optic,Credit card (automatic),3,1,110.3,5.0,0,High,1
CUST_10544,62.0,Male,50,22.3,1136.53,month-to-month,No,Credit card (automatic),1,1,115.2,0.0,1,Low,0
CUST_10545,70.0,Male,2,87.24,166.83,Month-to-month,Fiber optic,Credit card (automatic),4,3,216.2,15.0,0,High,1
CUST_10546,18.0,Male,7,63.45,454.76,Two year,DSL,Mailed check,2,1,154.4,5.0,0,Low,0
CUST_10547,33.0,Male,33,60.36,2041.67,Two year,DSL,Mailed check,3,1,180.7,5.0,0,Low,0
CUST_10548,56.0,Male,2,77.3,156.94,Two year,Fiber optic,Mailed check,1,0,146.8,5.0,1,Low,0
CUST_10549,22.0,Female,9,49.13,452.44,Two year,DSL,Bank transfer (automatic),1,0,167.9,0.0,0,Low,0
CUST_10550,39.0,Male,11,88.3,931.28,Month-to-month,Fiber optic,Credit card (automatic),3,0,158.8,0.0,1,High,1
CUST_10551,46.0,Female,23,95.96,2257.13,Month-to-month,Fiber optic,Electronic check,2,1,151.5,0.0,0,High,1
CUST_10552,72.0,Male,4,56.25,216.83,One year,DSL,Credit card (automatic),1,1,189.8,10.0,0,Low,0
CUST_10553,20.0,Female,47,100.56,4650.47,Month-to-month,Fiber optic,Credit card (automatic),3,1,147.0,0.0,2,High,1
CUST_10554,29.0,Male,14,51.86,758.19,Month-to-month,DSL,Credit card (automatic),0,0,242.8,0.0,1,Low,0
CUST_10555,43.0,Male,59,20.29,1197.45,Month-to-month,No,Credit card (automatic),1,1,183.2,15.0,0,Low,0
CUST_10556,33.0,Female,15,47.17,740.62,One year,DSL,Electronic check,2,0,88.7,5.0,1,Low,0
CUST_10557,68.0,Female,7,73.63,494.22,One year,Fiber optic,Electronic check,2,0,132.1,0.0,1,Medium,1
CUST_10558,54.0,Male,3,100.04,299.45,Month-to-month,Fiber optic,Electronic check,2,0,157.9,10.0,0,High,1
CUST_10559,39.0,Female,1,46.55,44.51,Month-to-month,DSL,Electronic check,1,0,142.0,0.0,0,High,1
CUST_10560,74.0,Male,18,18.0,328.22,One year,No,Bank transfer (automatic),1,1,170.9,5.0,0,Low,0
CUST_10561,46.0,Male,2,25.67,49.18,One year,No,Credit card (automatic),3,2,175.9,5.0,0,Low,0
CUST_10562,31.0,Male,11,26.68,283.95,Month-to-month,No,Credit card (automatic),2,1,78.8,0.0,0,Low,0
CUST_10563,45.0,Male,21,91.1,1866.96,One year,Fiber optic,Bank transfer (automatic),4,0,197.6,0.0,1,Medium,0
CUST_10564,22.0,Female,7,90.07,646.17,Month-to-month,Fiber optic,Electronic check,3,1,117.6,0.0,0,High,1
CUST_10565,64.0,Male,4,47.74,184.54,Month-to-month,DSL,Electronic check,2,0,113.2,0.0,0,High,1
CUST_10566,66.0,Male,35,86.42,3129.55,One year,Fiber optic,Electronic check,1,0,113.0,0.0,0,Low,0
CUST_10567,47.0,Female,70,71.61,4828.18,One year,Fiber optic,Mailed check,3,3,176.4,20.0,1,Low,0
CUST_10568,63.0,Female,2,29.28,55.84,Month-to-month,No,Mailed check,0,0,128.0,0.0,2,Medium,0
CUST_10569,69.0,Male,4,71.28,282.13,One year,Fiber optic,Electronic check,2,0,110.1,15.0,2,High,1
CUST_10570,22.0,Female,72,70.78,5340.49,One year,Fiber optic,Mailed check,0,0,120.9,5.0,0,Low,0
CUST_10571,29.0,Male,1,104.26,100.2,One year,Fiber optic,Electronic check,2,1,59.2,5.0,0,High,1
CUST_10572,33.0,Female,72,18.0,1244.38,One year,No,Bank transfer (automatic),3,0,102.1,0.0,0,Low,0
CUST_10573,43.0,Female,1,60.8,62.33,One year,DSL,Mailed check,2,0,84.2,0.0,0,Medium,0
CUST_10574,43.0,Female,49,61.7,2966.51,Month-to-month,DSL,Mailed check,1,0,127.9,5.0,2,Medium,0
CUST_10575,65.0,Male,8,28.93,236.47,Month-to-month,No,Mailed check,0,2,169.9,15.0,2,Low,0
CUST_10576,38.0,Male,66,91.84,5879.6,Month-to-month,Fiber optic,Credit card (automatic),2,0,164.9,0.0,1,Medium,0
CUST_10577,56.0,Male,9,45.83,410.82,Month-to-month,DSL,Electronic check,0,0,196.6,5.0,0,Medium,1
CUST_10578,53.0,Male,25,96.92,2366.13,One year,Fiber optic,Mailed check,1,2,186.5,0.0,2,Medium,0
CUST_10579,50.0,Male,2,81.96,163.13,Month-to-month,Fiber optic,Bank transfer (automatic),1,0,116.2,0.0,0,High,1
CUST_10580,47.0,Female,6,32.0,197.17,Month-to-month,No,Mailed check,1,0,140.9,5.0,1,Medium,0
CUST_10581,54.0,Male,35,57.7,2072.41,Month-to-month,DSL,Credit card (automatic),1,1,138.5,10.0,0,Low,0
CUST_10582,40.0,Male,18,77.91,1404.59,Month-to-month,Fiber optic,Mailed check,0,2,43.2,0.0,0,High,1
CUST_10583,27.0,Female,63,88.94,5843.25,Month-to-month,Fiber optic,Mailed check,3,1,85.2,0.0,0,Medium,1
CUST_10584,,Male,13,50.66,643.02,One year,DSL,Electronic check,0,0,132.5,0.0,0,Low,0
CUST_10585,22.0,Female,48,90.62,4236.8,Month-to-month,Fiber optic,Bank transfer (automatic),3,3,132.2,20.0,1,Medium,1
CUST_10586,53.0,Male,14,99.59,1410.13,One year,Fiber optic,Electronic check,2,1,163.1,0.0,1,High,1
CUST_10587,51.0,Male,72,76.37,5565.34,Two year,Fiber optic,Electronic check,0,2,160.9,0.0,0,Low,0
CUST_10588,69.0,Male,72,83.43,5734.57,Month-to-month,Fiber optic,Mailed check,1,1,60.3,0.0,0,Low,0
CUST_10589,48.0,Male,9,27.75,252.44,Month-to-month,No,Mailed check,0,1,163.3,0.0,1,Low,0
CUST_10590,27.0,Female,52,79.77,4095.96,Month-to-month,Fiber optic,Electronic check,3,2,148.0,10.0,0,High,1
CUST_10591,36.0,Male,45,90.57,4176.5,One year,Fiber optic,Bank transfer (automatic),2,1,168.1,0.0,0,Low,0
CUST_10592,49.0,Female,5,49.11,253.12,One year,DSL,Bank transfer (automatic),0,0,188.0,10.0,1,Low,0
CUST_10593,18.0,Male,23,18.0,416.16,Month-to-month,No,Electronic check,1,2,133.6,0.0,0,Low,0
CUST_10594,,Male,1,77.73,73.86,Month-to-month,Fiber optic,Mailed check,2,1,196.1,5.0,0,High,1
CUST_10595,22.0,Female,43,73.69,3211.88,Two year,Fiber optic,Bank transfer (automatic),2,4,100.0,0.0,0,Low,0
CUST_10596,62.0,Male,4,81.31,333.33,Month-to-month,Fiber optic,Mailed check,1,0,97.4,15.0,0,Medium,1
CUST_10597,21.0,Female,1,49.38,48.14,Month-to-month,DSL,Mailed check,0,0,159.3,0.0,0,Medium,0
CUST_10598,33.0,Female,12,54.84,655.75,Two year,DSL,Electronic check,1,0,123.4,5.0,0,Low,0
CUST_10599,41.0,Female,20,31.46,658.5,One year,No,Bank transfer (automatic),1,1,151.8,10.0,0,Low,0
CUST_10600,33.0,Female,46,29.76,1341.32,Two year,No,Credit card (automatic),4,0,229.7,5.0,0,Low,0
CUST_10601,72.0,Male,72,51.0,3570.34,One year,DSL,Bank transfer (automatic),1,3,157.7,0.0,1,Low,0
CUST_10602,19.0,Male,13,54.0,681.7,Two year,DSL,Electronic check,1,0,149.5,20.0,0,Low,0
CUST_10603,66.0,Male,1,48.72,49.01,Month-to-month,DSL,Mailed check,1,0,100.9,0.0,0,High,1
CUST_10604,45.0,Female,33,65.36,2253.89,One year,Fiber optic,Credit card (automatic),3,0,63.5,15.0,0,Low,0
CUST_10605,49.0,Female,19,18.86,362.23,Two year,No,Electronic check,2,0,136.7,0.0,0,Low,0
CUST_10606,44.0,Male,14,77.92,1069.42,One year,Fiber optic,Credit card (automatic),3,0,188.0,0.0,0,Low,0
CUST_10607,37.0,Female,8,83.55,677.66,Month-to-month,Fiber optic,Credit card (automatic),1,0,125.5,0.0,2,High,1
CUST_10608,41.0,Male,16,33.39,540.91,Month-to-month,DSL,Electronic check,0,1,158.1,0.0,0,Medium,0
CUST_10609,29.0,Female,9,90.84,825.48,Month-to-month,Fiber optic,Credit card (automatic),2,0,204.2,0.0,0,Medium,1
CUST_10610,67.0,Male,33,65.05,2073.54,Month-to-month,DSL,Mailed check,4,2,203.1,0.0,0,Medium,1
CUST_10611,52.0,Female,18,50.77,926.16,Month-to-month,DSL,Credit card (automatic),2,2,159.3,20.0,1,Medium,1
CUST_10612,50.0,Female,50,78.47,3896.1,One year,Fiber optic,Mailed check,2,1,147.7,10.0,1,Low,0
CUST_10613,50.0,Male,18,22.92,392.7,One year,No,Mailed check,2,0,71.7,0.0,0,Low,0
CUST_10614,68.0,Male,6,75.35,453.9,Month-to-month,Fiber optic,Bank transfer (automatic),2,1,111.6,0.0,0,High,1
CUST_10615,60.0,Male,45,87.71,4140.06,One year,Fiber optic,Bank transfer (automatic),1,5,127.4,5.0,0,Low,0
CUST_10616,54.0,Male,19,66.39,1242.46,Month-to-month,DSL,Electronic check,0,0,101.6,0.0,0,Medium,0
CUST_10617,29.0,Male,5,32.74,171.32,Month-to-month,DSL,Bank transfer (automatic),0,2,151.2,10.0,0,Medium,0
CUST_10618,,Female,23,47.12,1040.0,Month-to-month,DSL,Electronic check,2,1,226.0,5.0,0,Low,0
CUST_10619,18.0,Female,10,116.23,1189.32,Month-to-month,Fiber optic,Mailed check,2,0,208.3,5.0,1,High,1
CUST_10620,50.0,Female,44,52.64,2226.83,Month-to-month,DSL,Mailed check,1,2,151.0,5.0,0,Low,0
CUST_10621,57.0,Male,14,73.99,1012.41,Month-to-month,Fiber optic,Mailed check,0,1,175.1,5.0,0,High,1
CUST_10622,27.0,Female,31,33.65,1050.54,Month-to-month,No,Electronic check,1,2,107.2,0.0,1,Medium,0
CUST_10623,60.0,Female,2,85.38,172.34,Two year,Fiber optic,Electronic check,2,0,205.9,0.0,1,Medium,0
CUST_10624,61.0,Male,12,60.44,745.24,Month-to-month,DSL,Electronic check,3,2,69.7,0.0,1,High,1
CUST_10625,46.0,Female,72,95.84,6980.05,One year,Fiber optic,Electronic check,1,0,181.1,5.0,0,Low,0
CUST_10626,30.0,Female,39,87.61,3448.78,One year,Fiber optic,Mailed check,4,0,162.3,0.0,2,Medium,0
CUST_10627,29.0,Male,4,46.3,192.84,One year,DSL,Credit card (automatic),1,1,106.0,10.0,0,Low,0
CUST_10628,48.0,Male,7,21.91,152.64,Two year,No,Electronic check,3,1,130.6,0.0,0,Low,0
CUST_10629,63.0,Male,9,52.06,455.67,Month-to-month,DSL,Credit card (automatic),0,2,89.0,0.0,0,Medium,1
CUST_10630,19.0,Male,25,31.65,764.49,Month-to-month,No,Bank transfer (automatic),2,2,90.9,0.0,0,Low,0
CUST_10631,68.0,Female,33,48.88,1596.91,Two year,DSL,Bank transfer (automatic),0,0,68.4,5.0,0,Low,0
CUST_10632,67.0,Female,33,76.43,2575.85,Month-to-month,DSL,Bank transfer (automatic),1,1,174.5,10.0,0,Medium,0
CUST_10633,52.0,Female,17,63.1,1023.63,One year,Fiber optic,Credit card (automatic),3,0,194.2,10.0,0,Low,0
CUST_10634,40.0,Male,39,18.0,675.96,One year,No,Electronic check,1,2,42.7,15.0,1,Low,0
CUST_10635,34.0,Male,13,77.48,967.57,One year,Fiber optic,Mailed check,3,0,222.7,20.0,0,Low,0
CUST_10636,43.0,Female,3,32.19,97.39,Two year,No,Bank transfer (automatic),0,3,139.5,10.0,0,Low,0
CUST_10637,25.0,Female,19,25.34,469.08,Two year,No,Bank transfer (automatic),0,1,153.0,0.0,0,Low,0
CUST_10638,46.0,Male,72,26.45,1840.84,One year,No,Credit card (automatic),2,2,73.7,0.0,0,Low,0
CUST_10639,43.0,Female,37,62.24,2324.24,Month-to-month,DSL,Electronic check,2,3,199.4,0.0,0,Medium,1
CUST_10640,27.0,Female,20,68.59,1407.65,Two year,DSL,Bank transfer (automatic),0,1,149.0,20.0,1,Low,0
CUST_10641,43.0,Male,24,44.8,1057.15,Month-to-month,DSL,Mailed check,2,2,191.2,0.0,0,Medium,1
CUST_10642,51.0,Male,64,96.73,6239.13,Month-to-month,Fiber optic,Mailed check,4,1,194.9,0.0,0,Medium,0
CUST_10643,68.0,Female,13,60.64,756.64,Two year,DSL,Mailed check,1,1,200.1,15.0,0,Low,0
CUST_10644,58.0,Male,9,84.41,792.75,Month-to-month,Fiber optic,Bank transfer (automatic),3,0,110.8,0.0,0,High,1
CUST_10645,24.0,Male,72,46.35,3282.77,Month-to-month,DSL,Credit card (automatic),2,1,130.6,5.0,0,Low,0
CUST_10646,21.0,Male,47,82.48,4069.42,Month-to-month,Fiber optic,Mailed check,6,1,112.5,10.0,0,Medium,1
CUST_10647,70.0,Male,9,92.3,870.46,Two year,Fiber optic,Credit card (automatic),1,1,180.3,10.0,1,Medium,0
CUST_10648,67.0,Female,14,89.41,1286.64,Month-to-month,Fiber optic,Mailed check,1,0,155.0,10.0,0,Medium,1
CUST_10649,62.0,Female,12,84.62,966.71,One year,Fiber optic,Electronic check,1,1,188.1,10.0,1,Medium,1
CUST_10650,28.0,Male,3,62.64,188.74,Month-to-month,DSL,Electronic check,1,0,190.1,5.0,0,Medium,0
CUST_10651,46.0,Female,72,49.4,3409.85,One year,Fiber optic,Electronic check,0,0,62.3,0.0,0,Low,0
CUST_10652,73.0,Female,12,41.81,521.54,One year,DSL,Mailed check,4,1,200.8,5.0,0,Low,0
CUST_10653,53.0,Female,49,93.61,4719.74,Month-to-month,Fiber optic,Electronic check,2,0,182.8,10.0,0,Medium,0
CUST_10654,42.0,Male,5,43.71,228.87,Month-to-month,DSL,Bank transfer (automatic),4,1,123.4,0.0,1,High,1
CUST_10655,38.0,Male,19,78.93,1515.92,Month-to-month,DSL,Bank transfer (automatic),4,0,155.7,0.0,1,Medium,1
CUST_10656,74.0,Female,1,62.23,62.37,Two year,DSL,Electronic check,0,0,134.4,0.0,0,Low,0
CUST_10657,53.0,Female,34,56.89,1937.93,One year,DSL,Electronic check,1,0,167.7,5.0,0,Low,0
CUST_10658,27.0,Male,20,102.89,2034.43,Two year,Fiber optic,Electronic check,1,0,123.3,0.0,2,Medium,0
CUST_10659,54.0,Male,23,52.53,1204.41,Month-to-month,DSL,Mailed check,3,0,161.6,10.0,0,Medium,0
CUST_10660,26.0,Male,1,88.2,89.39,One year,Fiber optic,Electronic check,2,0,143.0,0.0,0,Medium,1
CUST_10661,41.0,Female,5,50.09,261.29,One year,DSL,Electronic check,4,0,120.6,0.0,0,Medium,0
CUST_10662,52.0,Female,1,60.77,61.35,One year,DSL,Credit card (automatic),1,0,148.6,0.0,2,Medium,0
CUST_10663,66.0,Male,8,76.72,635.68,Two year,Fiber optic,Credit card (automatic),0,1,261.8,5.0,0,Low,0
CUST_10664,52.0,Male,23,74.4,1773.28,Month-to-month,DSL,Electronic check,3,0,109.2,0.0,1,High,1
CUST_10665,65.0,Female,20,62.42,1250.75,Month-to-month,DSL,Mailed check,6,3,128.8,0.0,1,High,1
CUST_10666,53.0,Female,22,91.27,1977.31,One year,Fiber optic,Mailed check,0,1,109.9,15.0,0,Low,0
CUST_10667,35.0,Male,19,79.62,1533.89,One year,Fiber optic,Credit card (automatic),1,1,114.7,10.0,1,Low,0
CUST_10668,66.0,Female,7,74.42,518.12,One year,Fiber optic,Mailed check,3,0,176.7,15.0,0,Low,0
CUST_10669,56.0,Female,6,23.9,137.4,Month-to-month,No,Electronic check,1,1,172.2,5.0,2,High,1
CUST_10670,49.0,Male,3,56.1,166.24,Month-to-month,DSL,Bank transfer (automatic),2,1,139.7,15.0,0,Medium,1
CUST_10671,41.0,Female,45,77.46,3657.92,Month-to-month,Fiber optic,Mailed check,3,0,186.2,10.0,0,Medium,0
CUST_10672,40.0,Male,23,86.22,1893.53,Month-to-month,Fiber optic,Electronic check,3,3,175.7,20.0,0,High,1
CUST_10673,49.0,Female,4,57.03,232.61,One year,DSL,Mailed check,1,0,132.7,0.0,1,Low,0
CUST_10674,54.0,Female,4,24.86,102.83,One year,No,Mailed check,3,0,71.0,0.0,0,Low,0
CUST_10675,29.0,Female,49,,3905.7,Month-to-month,Fiber optic,Mailed check,1,0,177.3,0.0,1,Low,0
CUST_10676,66.0,Female,32,83.83,2701.27,Month-to-month,Fiber optic,Electronic check,1,1,147.6,15.0,1,High,1
CUST_10677,72.0,Male,25,24.05,613.73,Month-to-month,No,Mailed check,3,1,141.0,5.0,4,Medium,1
CUST_10678,30.0,Female,12,65.64,782.11,Month-to-month,Fiber optic,Electronic check,1,0,119.0,0.0,0,Medium,0
CUST_10679,40.0,Female,7,85.09,571.29,One year,Fiber optic,Bank transfer (automatic),0,0,173.5,5.0,1,Low,0
CUST_10680,42.0,Male,72,26.22,1975.13,Two year,No,Electronic check,1,1,155.7,10.0,0,Low,0
CUST_10681,52.0,Female,38,74.01,2793.34,Month-to-month,DSL,Electronic check,4,1,129.3,15.0,1,High,1
CUST_10682,58.0,Female,8,60.26,490.05,One year,Fiber optic,Bank transfer (automatic),1,0,84.9,10.0,1,Medium,0
CUST_10683,47.0,Male,45,75.4,3403.62,Two year,Fiber optic,Bank transfer (automatic),1,0,188.1,10.0,0,Low,0
CUST_10684,34.0,Female,34,85.2,2767.8,Two year,Fiber optic,Credit card (automatic),3,1,167.2,0.0,0,Low,0
CUST_10685,66.0,Female,8,80.62,674.16,Month-to-month,Fiber optic,Mailed check,2,1,151.5,0.0,0,High,1
CUST_10686,37.0,Male,13,23.47,314.04,Two year,No,Electronic check,5,0,20.4,15.0,0,Low,0
CUST_10687,65.0,Female,4,73.5,283.68,Month-to-month,Fiber optic,Bank transfer (automatic),1,2,138.3,10.0,0,High,1
CUST_10688,42.0,Male,2,56.92,119.32,Month-to-month,DSL,Bank transfer (automatic),3,1,129.1,5.0,0,Medium,0
CUST_10689,39.0,Male,30,24.1,740.13,Month-to-month,No,Electronic check,1,2,112.2,0.0,1,Medium,0
CUST_10690,30.0,Male,7,108.42,756.84,Month-to-month,Fiber optic,Credit card (automatic),2,0,173.9,0.0,0,High,1
CUST_10691,36.0,Female,41,85.94,3562.78,Month-to-month,Fiber optic,Electronic check,1,0,172.2,0.0,2,High,1
CUST_10692,66.0,Female,72,58.11,4019.38,Month-to-month,DSL,Credit card (automatic),4,0,159.7,5.0,4,Medium,0
CUST_10693,53.0,Male,1,19.35,19.47,Month-to-month,No,Credit card (automatic),2,1,186.7,5.0,0,Low,0
CUST_10694,29.0,Male,15,22.41,321.82,Two year,No,Bank transfer (automatic),3,1,94.0,15.0,1,Low,0
CUST_10695,58.0,Female,38,51.4,1961.96,Two year,Fiber optic,Credit card (automatic),3,0,119.6,5.0,0,Low,0
CUST_10696,36.0,Male,37,35.45,1318.56,Month-to-month,DSL,Bank transfer (automatic),0,0,143.4,0.0,0,Low,0
CUST_10697,29.0,Female,34,45.82,1616.21,Two year,DSL,Electronic check,2,2,112.0,0.0,0,Low,0
CUST_10698,26.0,Female,10,22.79,233.03,Two year,No,Mailed check,1,1,172.7,10.0,1,Low,0
CUST_10699,24.0,Male,14,106.15,1448.88,One year,Fiber optic,Electronic check,2,2,116.5,0.0,0,High,1
CUST_10700,45.0,Female,21,51.77,1129.4,Month-to-month,DSL,Mailed check,1,0,198.4,5.0,1,Low,0
CUST_10701,31.0,Male,72,23.44,1700.04,One year,No,Bank transfer (automatic),2,0,98.1,5.0,1,Low,0
CUST_10702,48.0,Female,9,78.96,718.2,Two year,Fiber optic,Mailed check,0,0,235.9,0.0,0,Low,0
CUST_10703,69.0,Female,61,52.75,3111.24,One year,DSL,Electronic check,1,4,231.3,0.0,0,Low,0
CUST_10704,36.0,Female,7,77.44,561.47,Month-to-month,Fiber optic,Bank transfer (automatic),2,0,135.7,0.0,0,High,1
CUST_10705,64.0,Male,72,70.21,5272.98,Month-to-month,Fiber optic,Credit card (automatic),5,1,191.6,0.0,0,Medium,0
CUST_10706,33.0,Female,26,90.15,2408.36,One year,Fiber optic,Electronic check,3,2,122.0,5.0,2,High,1
CUST_10707,70.0,Male,14,29.81,435.73,Month-to-month,No,Mailed check,4,0,185.6,5.0,0,Low,0
CUST_10708,22.0,Male,22,92.24,1989.16,Month-to-month,Fiber optic,Electronic check,1,1,132.1,20.0,0,Medium,1
CUST_10709,52.0,Male,7,56.81,412.03,Month-to-month,DSL,Bank transfer (automatic),4,1,82.2,15.0,0,High,1
CUST_10710,29.0,Female,7,41.72,291.72,Two year,DSL,Electronic check,1,0,10.0,0.0,0,Low,0
CUST_10711,42.0,Female,2,103.6,200.24,month-to-month,Fiber optic,Bank transfer (automatic),2,0,127.9,5.0,1,Medium,0
CUST_10712,69.0,Female,2,68.74,139.8,Month-to-month,DSL,Electronic check,2,1,152.6,5.0,1,High,1
CUST_10713,38.0,Female,10,52.19,531.51,Two year,DSL,Electronic check,0,0,199.9,0.0,1,Low,0
CUST_10714,53.0,Male,34,30.26,1006.92,Month-to-month,No,Credit card (automatic),2,1,141.6,20.0,0,Low,0
CUST_10715,70.0,Female,22,53.73,1126.21,One year,DSL,Electronic check,2,0,185.1,5.0,1,Low,0
CUST_10716,40.0,Male,2,46.68,90.56,One year,DSL,Mailed check,2,0,119.6,15.0,0,Low,0
CUST_10717,33.0,Female,45,83.82,3734.1,Two year,Fiber optic,Electronic check,1,0,124.8,20.0,0,Low,0
CUST_10718,74.0,Female,22,19.64,417.72,Two year,No,Mailed check,4,0,187.4,5.0,0,Low,0
CUST_10719,56.0,Female,72,85.53,5969.74,Month-to-month,Fiber optic,Mailed check,3,1,29.1,0.0,0,Medium,0
CUST_10720,62.0,Female,26,66.63,1713.56,Two year,DSL,Electronic check,2,0,140.6,5.0,0,Low,0
CUST_10721,70.0,Male,4,88.52,370.43,Month-to-month,Fiber optic,Electronic check,3,0,122.0,5.0,0,High,1
CUST_10722,59.0,Male,15,20.6,317.17,One year,No,Mailed check,1,0,201.2,10.0,1,Low,0
CUST_10723,56.0,Female,25,51.07,1253.74,One year,DSL,Bank transfer (automatic),4,1,116.2,0.0,0,Medium,0
CUST_10724,31.0,Male,1,55.34,57.84,One year,DSL,Credit card (automatic),3,1,163.2,0.0,0,Medium,0
CUST_10725,48.0,Male,1,76.18,77.29,Month-to-month,Fiber optic,Mailed check,2,2,181.5,15.0,1,High,1
CUST_10726,22.0,Male,3,74.84,223.52,Two year,Fiber optic,Bank transfer (automatic),3,1,72.8,20.0,0,Low,0
CUST_10727,52.0,Female,6,69.33,414.66,Month-to-month,DSL,Electronic check,0,0,133.7,0.0,0,High,1
CUST_10728,40.0,Male,13,62.99,811.56,Month-to-month,DSL,Electronic check,1,0,120.6,15.0,1,Medium,0
CUST_10729,46.0,Male,16,72.96,1136.19,One year,Fiber optic,Electronic check,1,0,182.6,0.0,0,Low,0
CUST_10730,60.0,Female,3,23.16,68.69,Month-to-month,No,Electronic check,1,0,170.4,10.0,0,Low,0
CUST_10731,28.0,Female,26,30.61,798.08,Two year,No,Electronic check,1,0,129.5,0.0,1,Low,0
CUST_10732,35.0,Male,21,102.21,2152.43,Month-to-month,Fiber optic,Mailed check,2,0,92.9,20.0,1,High,1
CUST_10733,64.0,Male,8,24.99,205.15,Month-to-month,No,Bank transfer (automatic),1,1,186.7,5.0,0,Low,0
CUST_10734,29.0,Male,1,73.04,72.01,Two year,DSL,Credit card (automatic),2,0,137.0,0.0,0,Low,0
CUST_10735,26.0,Male,1,52.66,53.8,Month-to-month,DSL,Electronic check,1,1,67.2,0.0,1,High,1
CUST_10736,27.0,Male,11,79.0,875.79,Month-to-month,Fiber optic,Bank transfer (automatic),1,0,71.0,0.0,0,Medium,0
CUST_10737,61.0,Female,4,61.12,255.77,One year,DSL,Credit card (automatic),0,0,159.7,5.0,1,Low,0
CUST_10738,,Female,11,60.51,657.97,Month-to-month,DSL,Bank transfer (automatic),3,1,82.6,15.0,0,Medium,0
CUST_10739,55.0,Female,23,114.35,2735.57,One year,Fiber optic,Electronic check,4,1,223.7,10.0,0,Medium,0
CUST_10740,24.0,Male,19,42.5,833.39,Month-to-month,DSL,Electronic check,0,0,97.8,10.0,2,Medium,0
CUST_10741,63.0,Female,6,58.06,353.16,Two year,DSL,Electronic check,1,0,140.0,10.0,0,Low,0
CUST_10742,30.0,Male,10,60.51,614.45,Two year,DSL,Electronic check,2,2,147.2,20.0,0,Low,0
CUST_10743,57.0,Female,22,83.63,1763.44,One year,Fiber optic,Bank transfer (automatic),2,0,107.2,10.0,0,Low,0
CUST_10744,59.0,Female,47,23.46,1152.26,Month-to-month,No,Electronic check,1,1,39.2,0.0,0,Low,0
CUST_10745,26.0,Male,33,52.29,1657.74,Two year,DSL,Electronic check,3,1,148.6,10.0,0,Low,0
CUST_10746,67.0,Female,19,70.29,1343.95,One year,Fiber optic,Bank transfer (automatic),2,0,106.1,0.0,1,Low,0
CUST_10747,44.0,Male,10,86.62,851.48,One year,Fiber optic,Credit card (automatic),0,0,145.2,20.0,1,Low,0
CUST_10748,19.0,Female,10,50.35,499.97,Month-to-month,DSL,Mailed check,1,1,134.5,0.0,1,Medium,1
CUST_10749,22.0,Male,50,22.56,1140.43,Two year,No,Bank transfer (automatic),1,1,151.8,0.0,0,Low,0
CUST_10750,46.0,Male,1,83.7,87.12,One year,Fiber optic,Mailed check,1,1,210.3,0.0,0,Medium,0
CUST_10751,54.0,Female,72,53.18,3812.71,Month-to-month,DSL,Electronic check,2,0,115.4,5.0,2,Low,0
CUST_10752,55.0,Male,26,,2603.56,Month-to-month,Fiber optic,Mailed check,0,2,118.9,0.0,0,High,1
CUST_10753,36.0,Female,27,58.4,1591.43,Two year,DSL,Bank transfer (automatic),2,2,65.0,20.0,0,Low,0
CUST_10754,25.0,Male,1,30.95,29.9,Month-to-month,No,Credit card (automatic),1,1,131.2,0.0,0,Low,0
CUST_10755,65.0,Female,22,52.37,1116.42,Two year,DSL,Electronic check,4,1,158.4,0.0,1,Low,0
CUST_10756,62.0,Female,15,88.6,1357.72,One year,Fiber optic,Mailed check,1,1,118.2,0.0,0,Medium,0
CUST_10757,18.0,Female,2,62.93,120.2,One year,DSL,Electronic check,4,0,158.7,0.0,1,Medium,1
CUST_10758,39.0,Male,7,92.76,648.04,Month-to-month,Fiber optic,Mailed check,2,0,132.0,0.0,1,High,1
CUST_10759,69.0,Male,53,102.69,5251.11,Month-to-month,Fiber optic,Electronic check,1,2,81.4,0.0,1,High,1
CUST_10760,34.0,Male,19,44.56,840.99,Two year,DSL,Electronic check,1,0,154.0,0.0,0,Low,0
CUST_10761,24.0,Male,12,63.48,780.8,Month-to-month,DSL,Credit card (automatic),2,1,130.7,0.0,1,Medium,1
CUST_10762,42.0,Female,1,77.81,77.49,One year,Fiber optic,Mailed check,3,0,145.5,0.0,2,Medium,1
CUST_10763,62.0,Female,30,19.94,578.07,Month-to-month,No,Mailed check,1,0,114.5,10.0,0,Low,0
CUST_10764,21.0,Female,29,63.41,1793.27,Month-to-month,DSL,Electronic check,0,1,110.5,0.0,0,Low,0
CUST_10765,53.0,Female,22,105.74,2295.47,Month-to-month,Fiber optic,Electronic check,0,1,147.1,0.0,2,High,1
CUST_10766,23.0,Female,17,65.17,1060.2,Month-to-month,DSL,Mailed check,0,1,129.6,0.0,0,Medium,0
CUST_10767,48.0,Female,13,56.26,737.55,Two year,DSL,Credit card (automatic),2,0,217.6,5.0,1,Low,0
CUST_10768,36.0,Male,21,48.02,1019.26,Month-to-month,DSL,Credit card (automatic),1,0,175.9,0.0,1,Low,0
CUST_10769,61.0,Female,6,54.19,310.9,Month-to-month,DSL,Mailed check,2,1,164.5,5.0,0,Medium,0
CUST_10770,71.0,Female,68,59.59,4012.54,Month-to-month,DSL,Mailed check,2,0,132.0,20.0,0,Low,0
CUST_10771,56.0,Female,21,86.02,1790.88,Month-to-month,Fiber optic,Credit card (automatic),2,2,48.8,0.0,1,High,1
CUST_10772,44.0,Male,8,24.6,193.53,Month-to-month,No,Mailed check,0,0,103.7,0.0,1,Medium,0
CUST_10773,27.0,Male,14,51.2,720.94,Two year,DSL,Mailed check,0,3,110.9,0.0,0,Low,0
CUST_10774,43.0,Male,39,82.75,3177.54,Month-to-month,Fiber optic,Electronic check,2,1,127.6,0.0,0,High,1
CUST_10775,36.0,Female,4,63.6,252.27,Month-to-month,DSL,Bank transfer (automatic),2,0,138.5,0.0,0,High,1
CUST_10776,56.0,Female,8,21.91,180.49,Month-to-month,No,Mailed check,2,1,169.5,0.0,0,Low,0
CUST_10777,20.0,Male,27,29.23,762.54,Two year,No,Credit card (automatic),3,1,152.3,15.0,0,Low,0
CUST_10778,62.0,Female,9,61.9,563.74,Month-to-month,Fiber optic,Credit card (automatic),1,2,192.2,0.0,0,Medium,1
CUST_10779,30.0,Male,37,93.73,3469.95,Month-to-month,Fiber optic,Electronic check,3,0,126.0,0.0,0,High,1
CUST_10780,67.0,Male,3,41.17,121.1,One year,DSL,Bank transfer (automatic),2,1,151.6,10.0,0,Low,0
CUST_10781,45.0,Male,34,90.61,3150.84,One year,Fiber optic,Credit card (automatic),0,1,155.5,0.0,2,Low,0
CUST_10782,37.0,Female,1,31.81,31.97,Month-to-month,No,Mailed check,3,0,151.1,0.0,1,Medium,1
CUST_10783,45.0,Female,1,77.02,76.85,Month-to-month,Fiber optic,Electronic check,1,0,197.7,5.0,1,High,1
CUST_10784,25.0,Male,54,67.83,3724.23,One year,Fiber optic,Electronic check,3,1,176.2,0.0,0,Low,0
CUST_10785,58.0,Female,20,84.16,1734.08,Month-to-month,Fiber optic,Mailed check,0,0,80.6,10.0,1,Medium,1
CUST_10786,56.0,Male,10,80.83,846.51,Two year,Fiber optic,Mailed check,2,1,134.9,0.0,0,Medium,0
CUST_10787,18.0,Female,6,57.75,350.98,One year,DSL,Mailed check,1,1,139.4,5.0,1,Low,0
CUST_10788,20.0,Female,23,39.16,934.41,Month-to-month,DSL,Electronic check,3,1,236.8,10.0,0,Medium,0
CUST_10789,30.0,Female,17,77.66,1254.35,Month-to-month,Fiber optic,Credit card (automatic),2,2,125.2,0.0,0,High,1
CUST_10790,45.0,Male,72,62.97,4547.55,Month-to-month,Fiber optic,Electronic check,3,0,95.8,0.0,0,Medium,0
CUST_10791,74.0,Female,72,51.04,3570.02,One year,DSL,Electronic check,0,0,159.7,0.0,0,Low,0
CUST_10792,66.0,Female,24,71.36,1643.14,Month-to-month,Fiber optic,Mailed check,0,0,162.4,15.0,3,High,1
CUST_10793,42.0,Male,14,34.85,489.46,Month-to-month,DSL,Mailed check,2,0,136.7,10.0,0,Low,0
CUST_10794,73.0,Female,16,60.93,998.94,One year,DSL,Electronic check,0,2,130.1,0.0,0,Medium,0
CUST_10795,50.0,Male,27,57.62,1542.09,Two year,DSL,Electronic check,1,0,182.7,10.0,0,Low,0
CUST_10796,55.0,Female,2,22.97,46.72,Month-to-month,No,Electronic check,1,0,101.6,10.0,0,Low,0
CUST_10797,70.0,Male,9,21.01,188.9,Two year,No,Bank transfer (automatic),1,2,124.7,20.0,0,Low,0
CUST_10798,23.0,Female,1,26.6,26.43,Month-to-month,No,Bank transfer (automatic),2,1,116.5,0.0,0,Medium,0
CUST_10799,61.0,Female,1,103.06,100.9,Month-to-month,Fiber optic,Mailed check,1,0,189.2,15.0,0,High,1
CUST_10800,62.0,Male,5,103.91,513.45,Month-to-month,Fiber optic,Bank transfer (automatic),1,0,152.8,0.0,0,Medium,1
CUST_10801,49.0,Male,15,85.23,1259.25,Month-to-month,Fiber optic,Bank transfer (automatic),2,1,92.1,15.0,0,High,1
CUST_10802,62.0,Male,36,29.57,1080.08,Month-to-month,No,Electronic check,1,0,96.6,0.0,1,Low,0
CUST_10803,64.0,Male,15,25.14,362.62,Month-to-month,No,Credit card (automatic),2,0,224.3,0.0,1,Low,0
CUST_10804,38.0,Male,9,18.0,155.4,Two year,No,Credit card (automatic),1,0,188.7,10.0,1,Low,0
CUST_10805,33.0,Female,2,75.88,154.19,Two year,Fiber optic,Electronic check,1,1,177.9,10.0,0,Low,0
CUST_10806,71.0,Male,19,28.56,545.15,One year,No,Electronic check,3,1,140.6,0.0,0,Low,0
CUST_10807,38.0,Male,7,67.11,466.49,Month-to-month,Fiber optic,Electronic check,1,0,207.9,5.0,2,High,1
CUST_10808,28.0,Female,22,84.99,1804.79,Month-to-month,Fiber optic,Electronic check,3,0,90.3,0.0,0,High,1
CUST_10809,54.0,Male,72,85.41,6094.81,Month-to-month,Fiber optic,Bank transfer (automatic),1,0,173.9,0.0,0,Low,0
CUST_10810,53.0,Female,2,78.84,162.25,One year,Fiber optic,Mailed check,2,0,120.1,0.0,0,Low,0
CUST_10811,52.0,Female,5,40.53,210.55,Two year,DSL,Credit card (automatic),0,0,128.8,0.0,1,Low,0
CUST_10812,36.0,Female,15,85.87,1314.14,Month-to-month,Fiber optic,Bank transfer (automatic),1,3,172.7,5.0,0,High,1
CUST_10813,37.0,Female,72,48.04,3306.66,Month-to-month,DSL,Bank transfer (automatic),2,1,133.5,0.0,0,Low,0
CUST_10814,74.0,Female,35,43.4,1544.89,Month-to-month,DSL,Bank transfer (automatic),1,3,120.4,0.0,0,Medium,0
CUST_10815,35.0,Male,54,31.59,1661.68,Month-to-month,No,Electronic check,0,0,117.7,15.0,0,Low,0
CUST_10816,64.0,Male,9,46.36,409.53,Month-to-month,DSL,Electronic check,2,0,50.6,0.0,0,High,1
CUST_10817,58.0,Male,72,95.43,6662.0,One year,Fiber optic,Bank transfer (automatic),2,0,174.3,5.0,0,Low,0
CUST_10818,66.0,Female,2,26.03,53.5,One year,No,Electronic check,3,0,94.7,15.0,1,Low,0
CUST_10819,31.0,Male,1,31.05,31.51,Month-to-month,No,Electronic check,1,0,223.6,0.0,0,Low,0
CUST_10820,32.0,Female,46,81.59,3795.11,Month-to-month,Fiber optic,Credit card (automatic),1,0,127.1,0.0,1,Low,0
CUST_10821,48.0,Female,62,52.69,3321.65,Two year,DSL,Bank transfer (automatic),2,0,198.9,5.0,0,Low,0
CUST_10822,18.0,Female,2,92.75,180.62,Month-to-month,Fiber optic,Electronic check,2,0,58.6,5.0,0,High,1
CUST_10823,70.0,Female,2,93.45,185.87,Month-to-month,Fiber optic,Bank transfer (automatic),2,1,172.9,5.0,0,High,1
CUST_10824,71.0,Male,1,63.25,64.09,Month-to-month,DSL,Credit card (automatic),2,0,184.5,5.0,0,Medium,1
CUST_10825,71.0,Female,2,32.64,66.17,Month-to-month,No,Electronic check,2,1,198.7,15.0,0,Medium,0
CUST_10826,20.0,Female,5,86.45,444.87,Month-to-month,Fiber optic,Electronic check,2,0,71.2,0.0,0,High,1
CUST_10827,33.0,Male,72,28.28,1992.81,Two year,No,Credit card (automatic),1,1,108.4,10.0,1,Low,0
CUST_10828,40.0,Male,26,18.54,495.07,Month-to-month,No,Mailed check,1,0,165.9,0.0,2,Low,0
CUST_10829,74.0,Female,36,20.19,722.49,Month-to-month,No,Electronic check,0,0,146.7,0.0,1,Low,0
CUST_10830,28.0,Female,35,93.68,3334.6,One year,Fiber optic,Mailed check,3,0,153.2,0.0,0,Low,0
CUST_10831,29.0,Female,18,22.25,398.73,Month-to-month,No,Bank transfer (automatic),3,1,123.8,0.0,1,Low,0
CUST_10832,27.0,Female,38,71.58,2842.06,Two year,Fiber optic,Electronic check,0,0,209.8,10.0,0,Low,0
CUST_10833,49.0,Female,21,52.97,1076.7,Two year,DSL,Electronic check,2,1,257.4,0.0,0,Low,0
CUST_10834,33.0,Female,9,105.17,963.09,Month-to-month,Fiber optic,Electronic check,2,1,144.7,0.0,0,High,1
CUST_10835,25.0,Male,19,84.97,1626.79,One year,Fiber optic,Credit card (automatic),3,0,160.4,0.0,0,Low,0
CUST_10836,55.0,Male,18,68.34,1189.86,Month-to-month,DSL,Electronic check,1,0,142.5,0.0,0,Medium,0
CUST_10837,29.0,Male,41,86.48,3391.8,Two year,Fiber optic,Bank transfer (automatic),3,2,197.8,10.0,1,Low,0
CUST_10838,41.0,Female,72,78.39,5812.92,Month-to-month,Fiber optic,Credit card (automatic),3,0,177.3,10.0,1,Medium,0
CUST_10839,45.0,Female,12,77.6,899.3,Two year,Fiber optic,Electronic check,1,2,92.0,10.0,0,Medium,0
CUST_10840,70.0,Female,34,42.12,1387.19,One year,DSL,Credit card (automatic),3,1,112.4,5.0,0,Low,0
CUST_10841,25.0,Male,2,65.76,137.81,Month-to-month,Fiber optic,Credit card (automatic),0,0,94.6,5.0,2,High,1
CUST_10842,45.0,Female,35,28.14,1006.3,Month-to-month,No,Credit card (automatic),3,1,261.3,0.0,0,Low,0
CUST_10843,53.0,Female,11,85.23,914.14,Two year,Fiber optic,Electronic check,1,1,168.6,5.0,1,Medium,0
CUST_10844,43.0,Female,1,84.73,85.5,Two year,Fiber optic,Bank transfer (automatic),3,1,113.2,0.0,0,Medium,0
CUST_10845,25.0,Female,10,89.12,894.24,Month-to-month,Fiber optic,Bank transfer (automatic),1,3,109.6,20.0,0,High,1
CUST_10846,67.0,Male,22,45.65,1038.9,One year,DSL,Credit card (automatic),1,0,176.2,20.0,1,Low,0
CUST_10847,45.0,Female,3,86.25,264.68,Month-to-month,Fiber optic,Electronic check,3,0,180.7,15.0,0,High,1
CUST_10848,45.0,Male,61,92.18,5809.51,Month-to-month,Fiber optic,Bank transfer (automatic),2,2,175.9,0.0,0,Medium,0
CUST_10849,54.0,Male,1,29.99,29.12,Month-to-month,No,Electronic check,1,1,120.8,0.0,1,High,1
CUST_10850,58.0,Male,63,59.92,3827.89,Month-to-month,DSL,Electronic check,0,0,153.8,15.0,2,Low,0
CUST_10851,53.0,Female,29,78.68,2176.82,Two year,Fiber optic,Mailed check,4,2,145.0,10.0,0,Medium,0
CUST_10852,44.0,Female,9,85.86,739.43,Month-to-month,Fiber optic,Credit card (automatic),0,1,97.9,10.0,1,Medium,0
CUST_10853,71.0,Female,11,26.63,299.18,Two year,No,Mailed check,2,0,98.3,0.0,0,Low,0
CUST_10854,34.0,Female,32,97.4,2968.57,Month-to-month,Fiber optic,Mailed check,0,1,158.5,10.0,2,Medium,1
CUST_10855,26.0,Male,22,69.28,1536.32,Month-to-month,Fiber optic,Credit card (automatic),1,0,148.8,5.0,0,Medium,0
CUST_10856,50.0,Female,26,65.57,1762.85,Month-to-month,DSL,Mailed check,1,3,164.9,0.0,0,Medium,0
CUST_10857,70.0,Male,11,48.04,522.1,Month-to-month,DSL,Bank transfer (automatic),1,0,175.6,15.0,2,Medium,0
CUST_10858,37.0,Male,16,66.96,1022.6,Month-to-month,DSL,Mailed check,3,0,207.5,0.0,1,High,1
CUST_10859,30.0,Male,72,86.83,6385.45,Month-to-month,Fiber optic,Mailed check,3,2,105.1,5.0,0,Low,0
CUST_10860,45.0,Male,5,99.79,520.39,One year,Fiber optic,Bank transfer (automatic),2,1,168.4,0.0,1,High,1
CUST_10861,65.0,Male,12,61.13,749.49,Month-to-month,DSL,Credit card (automatic),1,0,173.7,5.0,1,Medium,0
CUST_10862,46.0,Male,8,78.23,630.75,Month-to-month,Fiber optic,Mailed check,1,1,126.0,0.0,1,High,1
CUST_10863,30.0,Male,34,73.58,2434.18,Month-to-month,DSL,Bank transfer (automatic),1,0,145.5,0.0,0,Low,0
CUST_10864,63.0,Female,34,55.43,1793.29,Two year,DSL,Electronic check,2,1,127.1,5.0,0,Low,0
CUST_10865,52.0,Male,8,97.34,793.88,Two year,Fiber optic,Electronic check,0,0,234.9,0.0,1,Low,0
CUST_10866,23.0,Male,2,23.54,45.81,Month-to-month,No,Mailed check,2,2,144.7,10.0,1,Medium,0
CUST_10867,35.0,Male,1,28.35,29.37,Month-to-month,No,Electronic check,0,0,160.3,0.0,1,Low,0
CUST_10868,68.0,Female,13,59.77,774.4,Month-to-month,DSL,Electronic check,2,0,128.1,15.0,0,High,1
CUST_10869,22.0,Male,12,72.82,876.52,Two year,Fiber optic,Mailed check,1,1,118.4,0.0,0,Low,0
CUST_10870,64.0,Male,72,92.48,6827.65,Month-to-month,Fiber optic,Electronic check,2,1,81.4,5.0,0,Medium,1
CUST_10871,42.0,Female,15,40.62,626.33,Month-to-month,DSL,Electronic check,2,1,189.5,0.0,1,Medium,1
CUST_10872,19.0,Male,7,82.93,588.79,Month-to-month,Fiber optic,Mailed check,0,0,174.6,0.0,0,Medium,1
CUST_10873,27.0,Male,53,27.98,1547.96,Month-to-month,No,Bank transfer (automatic),3,2,126.5,10.0,1,Low,0
CUST_10874,73.0,Male,16,84.2,1412.18,Month-to-month,Fiber optic,Credit card (automatic),1,2,99.5,0.0,0,High,1
CUST_10875,47.0,Male,21,51.61,1132.24,One year,DSL,Bank transfer (automatic),2,0,148.1,20.0,0,Low,0
CUST_10876,67.0,Male,2,89.04,183.85,Month-to-month,Fiber optic,Mailed check,1,0,117.6,0.0,0,High,1
CUST_10877,62.0,Male,11,43.78,491.48,One year,DSL,Credit card (automatic),3,1,130.0,15.0,2,Low,0
CUST_10878,22.0,Female,69,105.11,7371.04,Month-to-month,Fiber optic,Credit card (automatic),2,4,83.1,5.0,0,Medium,1
CUST_10879,72.0,Female,21,82.67,1667.28,Month-to-month,Fiber optic,Electronic check,0,0,149.8,5.0,1,Medium,1
CUST_10880,73.0,Female,10,89.9,878.46,Two year,Fiber optic,Electronic check,1,0,150.7,0.0,0,Medium,0
CUST_10881,50.0,Male,23,31.77,694.59,Month-to-month,No,Bank transfer (automatic),3,1,189.3,0.0,0,Low,0
CUST_10882,71.0,Female,57,80.72,4434.21,Two year,Fiber optic,Mailed check,2,0,133.2,0.0,1,Low,0
CUST_10883,18.0,Male,7,23.68,164.75,Month-to-month,No,Credit card (automatic),5,3,125.0,5.0,1,Medium,1
CUST_10884,35.0,Male,16,19.11,294.95,Month-to-month,No,Bank transfer (automatic),4,1,69.9,5.0,1,Medium,0
CUST_10885,49.0,Female,72,81.34,6091.71,Two year,Fiber optic,Bank transfer (automatic),0,0,189.5,10.0,1,Low,0
CUST_10886,64.0,Male,4,57.68,237.77,Month-to-month,DSL,Credit card (automatic),1,2,180.2,15.0,0,High,1
CUST_10887,66.0,Male,30,77.52,2225.97,Two year,Fiber optic,Mailed check,2,1,141.3,0.0,2,Low,0
CUST_10888,28.0,Male,22,20.17,432.6,Month-to-month,No,Electronic check,0,1,80.2,0.0,0,Low,0
CUST_10889,38.0,Female,27,52.32,1457.71,Two year,DSL,Credit card (automatic),2,0,85.3,0.0,1,Low,0
CUST_10890,43.0,Male,10,81.02,834.75,Month-to-month,Fiber optic,Electronic check,1,0,115.4,10.0,2,High,1
CUST_10891,42.0,Female,9,85.96,808.1,Month-to-month,Fiber optic,Bank transfer (automatic),0,1,183.4,0.0,0,Medium,0
CUST_10892,39.0,Female,27,85.49,2423.08,One year,Fiber optic,Credit card (automatic),2,0,153.1,5.0,1,Low,0
CUST_10893,44.0,Male,5,34.48,180.61,Two year,No,Bank transfer (automatic),2,1,72.8,0.0,0,Low,0
CUST_10894,66.0,Male,13,83.55,1076.39,Two year,Fiber optic,Bank transfer (automatic),4,1,158.2,0.0,0,Low,0
CUST_10895,30.0,Male,5,49.17,239.71,Two year,DSL,Mailed check,1,1,102.2,5.0,0,Low,0
CUST_10896,50.0,Male,1,82.83,84.97,Two year,Fiber optic,Mailed check,2,2,116.5,0.0,0,Medium,0
CUST_10897,51.0,Male,72,29.73,2097.59,Month-to-month,No,Mailed check,0,1,183.7,0.0,0,Low,0
CUST_10898,58.0,Female,13,80.68,1080.98,Month-to-month,Fiber optic,Bank transfer (automatic),1,2,174.4,5.0,0,Medium,1
CUST_10899,52.0,Female,72,67.01,4841.1,Month-to-month,DSL,Bank transfer (automatic),2,1,189.2,0.0,0,Low,0
CUST_10900,18.0,Female,3,49.55,153.02,Month-to-month,DSL,Bank transfer (automatic),1,0,139.0,0.0,0,Low,0
CUST_10901,38.0,Male,21,56.38,1157.44,Month-to-month,DSL,Electronic check,3,0,179.7,5.0,0,Medium,0
CUST_10902,65.0,Female,5,80.35,402.07,Month-to-month,Fiber optic,Mailed check,1,2,113.6,5.0,1,High,1
CUST_10903,72.0,Female,37,82.03,3054.54,Month-to-month,Fiber optic,Credit card (automatic),2,0,128.4,0.0,1,High,1
CUST_10904,23.0,Female,36,81.03,3046.34,One year,Fiber optic,Mailed check,1,0,125.3,5.0,0,Low,0
CUST_10905,45.0,Male,2,43.83,85.61,Month-to-month,DSL,Mailed check,0,0,141.1,5.0,0,Medium,0
CUST_10906,34.0,Female,58,64.48,3903.15,Month-to-month,Fiber optic,Bank transfer (automatic),2,0,82.1,0.0,1,Medium,0
CUST_10907,22.0,Male,5,57.46,296.06,Month-to-month,DSL,Bank transfer (automatic),2,3,129.9,10.0,0,High,1
CUST_10908,48.0,Male,22,92.59,2084.01,One year,Fiber optic,Mailed check,1,2,205.3,5.0,0,Low,0
CUST_10909,22.0,Male,72,23.9,1770.16,One year,No,Credit card (automatic),0,0,90.8,0.0,0,Low,0
CUST_10910,55.0,Female,51,24.97,1286.9,One year,No,Electronic check,2,0,80.2,5.0,0,Low,0
CUST_10911,20.0,Female,72,62.44,4380.63,Month-to-month,DSL,Credit card (automatic),2,2,83.8,5.0,0,Low,0
CUST_10912,70.0,Male,10,82.09,795.41,Month-to-month,Fiber optic,Electronic check,1,1,259.8,15.0,0,High,1
CUST_10913,40.0,Male,2,115.96,240.42,Month-to-month,Fiber optic,Electronic check,1,2,160.9,10.0,2,High,1
CUST_10914,54.0,Male,5,91.52,467.9,Month-to-month,Fiber optic,Credit card (automatic),4,2,127.8,0.0,0,High,1
CUST_10915,70.0,Male,16,63.31,983.91,Month-to-month,Fiber optic,Electronic check,0,0,143.1,0.0,1,High,1
CUST_10916,54.0,Male,37,46.46,1738.8,Month-to-month,DSL,Bank transfer (automatic),1,2,150.2,15.0,0,Low,0
CUST_10917,27.0,Male,3,66.38,198.1,Month-to-month,DSL,Credit card (automatic),0,2,111.2,10.0,2,High,1
CUST_10918,27.0,Female,25,19.34,467.0,Two year,No,Credit card (automatic),2,0,116.7,0.0,0,Low,0
CUST_10919,36.0,Male,9,69.22,624.96,Two year,Fiber optic,Credit card (automatic),3,0,132.9,0.0,0,Low,0
CUST_10920,34.0,Male,10,46.42,454.06,Month-to-month,DSL,Electronic check,3,0,107.4,10.0,0,Medium,1
CUST_10921,38.0,Male,26,49.85,1243.77,Month-to-month,DSL,Bank transfer (automatic),2,0,122.1,10.0,0,Low,0
CUST_10922,31.0,Female,15,50.56,755.89,Month-to-month,DSL,Electronic check,2,0,155.9,0.0,0,Medium,1
CUST_10923,26.0,Female,40,88.12,3556.56,Month-to-month,Fiber optic,Mailed check,1,0,95.1,5.0,0,Medium,0
CUST_10924,63.0,Female,4,37.58,143.51,Two year,DSL,Credit card (automatic),5,1,257.4,0.0,0,Low,0
CUST_10925,18.0,Male,37,66.4,2432.75,Month-to-month,DSL,Mailed check,0,1,173.9,0.0,0,Low,0
CUST_10926,68.0,Female,1,64.71,63.14,One year,DSL,Bank transfer (automatic),2,3,82.8,0.0,3,High,1
CUST_10927,62.0,Male,5,26.55,126.52,Month-to-month,No,Mailed check,2,2,28.5,5.0,0,High,1
CUST_10928,30.0,Female,25,93.57,2251.68,Two year,Fiber optic,Bank transfer (automatic),0,0,109.1,10.0,1,Low,0
CUST_10929,21.0,Female,46,88.71,3933.36,Month-to-month,Fiber optic,Credit card (automatic),1,1,170.8,0.0,0,Low,0
CUST_10930,18.0,Female,6,52.38,304.31,One year,DSL,Electronic check,4,0,162.1,0.0,0,Low,0
CUST_10931,66.0,Female,9,51.55,478.03,Month-to-month,DSL,Bank transfer (automatic),1,1,135.0,15.0,1,Medium,1
CUST_10932,57.0,Female,18,79.04,1414.11,One year,Fiber optic,Credit card (automatic),3,2,112.9,0.0,0,Medium,1
CUST_10933,49.0,Male,5,75.03,361.91,Month-to-month,DSL,Mailed check,1,0,99.3,10.0,0,Medium,0
CUST_10934,51.0,Female,40,21.14,811.8,Month-to-month,No,Electronic check,2,1,121.9,10.0,0,Low,0
CUST_10935,45.0,Male,35,23.04,790.11,Two year,No,Bank transfer (automatic),1,1,94.4,0.0,1,Low,0
CUST_10936,48.0,Female,3,77.67,239.95,Two year,Fiber optic,Electronic check,3,1,122.1,0.0,1,Medium,1
CUST_10937,25.0,Male,14,28.66,395.8,Two year,No,Electronic check,2,2,199.9,15.0,1,Low,0
CUST_10938,56.0,Male,35,38.48,1300.99,One year,DSL,Credit card (automatic),3,1,105.3,5.0,0,Low,0
CUST_10939,43.0,Male,9,47.37,422.24,Two year,DSL,Mailed check,2,1,167.5,0.0,3,Low,0
CUST_10940,51.0,Male,24,69.47,1676.5,Month-to-month,DSL,Credit card (automatic),1,0,174.4,15.0,0,Low,0
CUST_10941,71.0,Male,1,32.16,30.65,Month-to-month,No,Credit card (automatic),4,0,91.4,0.0,0,High,1
CUST_10942,71.0,Female,22,56.92,1268.22,Month-to-month,DSL,Bank transfer (automatic),0,1,102.0,0.0,0,Low,0
CUST_10943,20.0,Male,3,88.13,261.62,One year,Fiber optic,Electronic check,3,0,188.1,5.0,0,Medium,0
CUST_10944,67.0,Male,42,57.46,2295.0,Month-to-month,DSL,Mailed check,2,0,98.3,5.0,0,Low,0
CUST_10945,29.0,Female,10,47.92,487.53,Month-to-month,DSL,Electronic check,2,3,137.4,0.0,1,High,1
CUST_10946,18.0,Male,7,77.31,552.66,One year,Fiber optic,Credit card (automatic),2,1,231.8,0.0,1,Medium,0
CUST_10947,71.0,Female,44,23.37,1041.53,Two year,No,Electronic check,0,1,184.1,5.0,0,Low,0
CUST_10948,61.0,Female,1,67.56,66.49,Month-to-month,DSL,Electronic check,3,3,143.8,5.0,1,High,1
CUST_10949,22.0,Female,12,60.75,731.16,Month-to-month,DSL,Mailed check,2,2,177.8,15.0,4,High,1
CUST_10950,47.0,Female,11,94.45,1027.23,Month-to-month,Fiber optic,Electronic check,1,1,137.5,0.0,0,High,1
CUST_10951,47.0,Male,8,67.13,547.81,Month-to-month,DSL,Electronic check,3,1,185.8,5.0,0,High,1
CUST_10952,74.0,Female,58,109.21,6387.12,Month-to-month,Fiber optic,Bank transfer (automatic),2,0,47.9,0.0,0,Medium,1
CUST_10953,34.0,Male,33,85.53,2704.45,One year,Fiber optic,Electronic check,0,1,133.7,15.0,2,Medium,0
CUST_10954,65.0,Male,1,54.48,55.26,One year,DSL,Electronic check,0,0,46.1,0.0,0,Medium,0
CUST_10955,64.0,Female,30,67.59,2065.67,One year,Fiber optic,Mailed check,4,2,147.3,5.0,0,Medium,0
CUST_10956,40.0,Male,17,56.65,950.6,Month-to-month,DSL,Bank transfer (automatic),4,2,129.4,15.0,0,Medium,1
CUST_10957,32.0,Female,55,70.59,4028.35,Two year,Fiber optic,Mailed check,3,1,201.2,10.0,0,Low,0
CUST_10958,54.0,Female,9,100.29,933.57,Month-to-month,Fiber optic,Mailed check,0,0,172.0,5.0,1,Medium,1
CUST_10959,38.0,Female,20,54.37,1052.08,Month-to-month,Fiber optic,Bank transfer (automatic),3,0,116.3,10.0,0,Medium,0
CUST_10960,31.0,Female,16,24.56,408.85,Two year,No,Mailed check,2,0,121.7,15.0,0,Low,0
CUST_10961,19.0,Male,16,63.03,1002.52,Month-to-month,DSL,Credit card (automatic),1,0,157.1,10.0,1,Medium,0
CUST_10962,28.0,Male,14,48.32,691.62,Month-to-month,DSL,Electronic check,2,0,114.2,5.0,1,High,1
CUST_10963,68.0,Female,5,79.11,407.97,Two year,Fiber optic,Bank transfer (automatic),3,1,138.5,5.0,0,Medium,0
CUST_10964,56.0,Male,33,101.62,3355.17,Month-to-month,Fiber optic,Credit card (automatic),2,1,199.3,0.0,1,Medium,1
CUST_10965,55.0,Female,14,27.45,380.42,One year,No,Credit card (automatic),1,0,102.7,0.0,0,Low,0
CUST_10966,51.0,Female,72,75.0,5624.34,Month-to-month,Fiber optic,Electronic check,2,1,119.9,0.0,1,Medium,0
CUST_10967,55.0,Female,7,97.79,666.11,One year,Fiber optic,Electronic check,3,1,126.2,0.0,0,High,1
CUST_10968,67.0,Male,27,43.65,1149.91,Month-to-month,DSL,Bank transfer (automatic),2,1,282.1,5.0,0,Low,0
CUST_10969,51.0,Male,67,85.45,5645.93,Month-to-month,Fiber optic,Electronic check,1,0,167.4,0.0,0,Low,0
CUST_10970,35.0,Male,26,18.0,484.82,One year,No,Credit card (automatic),2,0,190.9,0.0,1,Low,0
CUST_10971,47.0,Male,49,53.74,2748.8,Month-to-month,DSL,Bank transfer (automatic),3,0,174.6,0.0,1,Medium,0
CUST_10972,32.0,Female,42,75.1,3065.9,Month-to-month,Fiber optic,Bank transfer (automatic),1,0,177.6,0.0,0,Medium,0
CUST_10973,44.0,Male,10,85.56,886.73,Month-to-month,Fiber optic,Electronic check,0,1,161.3,0.0,0,High,1
CUST_10974,68.0,Male,21,85.93,1760.9,Month-to-month,Fiber optic,Bank transfer (automatic),2,1,156.4,15.0,0,High,1
CUST_10975,51.0,Male,4,30.16,126.32,Month-to-month,No,Bank transfer (automatic),4,0,74.7,10.0,0,Medium,0
CUST_10976,69.0,Female,18,36.64,665.94,Month-to-month,DSL,Credit card (automatic),0,0,156.1,0.0,1,Low,0
CUST_10977,74.0,Female,6,52.51,299.53,Two year,Fiber optic,Electronic check,1,0,135.1,0.0,0,Low,0
CUST_10978,55.0,Male,32,88.15,2689.39,Month-to-month,Fiber optic,Electronic check,1,0,164.5,5.0,1,High,1
CUST_10979,50.0,Male,18,51.35,891.72,Month-to-month,DSL,Mailed check,1,0,136.8,5.0,0,Low,0
CUST_10980,41.0,Male,12,40.25,467.91,Month-to-month,DSL,Electronic check,3,0,174.3,0.0,0,Medium,1
CUST_10981,32.0,Male,7,75.25,540.85,Month-to-month,Fiber optic,Mailed check,3,0,182.3,0.0,0,High,1
CUST_10982,47.0,Female,72,77.04,5393.1,Two year,Fiber optic,Credit card (automatic),2,2,10.0,0.0,0,Low,0
CUST_10983,72.0,Female,1,68.5,71.71,Month-to-month,Fiber optic,Mailed check,0,0,120.5,0.0,1,High,1
CUST_10984,59.0,Male,1,62.73,63.58,Two year,DSL,Credit card (automatic),0,3,56.4,0.0,1,Medium,0
CUST_10985,68.0,Male,5,24.6,125.37,Month-to-month,No,Electronic check,1,0,150.8,10.0,1,Medium,0
CUST_10986,34.0,Female,72,89.28,6246.77,One year,Fiber optic,Electronic check,3,2,126.5,15.0,0,Low,0
CUST_10987,22.0,Male,72,62.57,4681.96,Month-to-month,DSL,Electronic check,1,1,201.0,0.0,0,Low,0
CUST_10988,46.0,Female,25,69.05,1755.22,Two year,Fiber optic,Electronic check,2,0,149.3,10.0,0,Low,0
CUST_10989,21.0,Male,50,81.59,4228.16,One year,Fiber optic,Credit card (automatic),0,1,118.2,20.0,2,Low,0
CUST_10990,27.0,Male,5,54.72,286.09,Month-to-month,Fiber optic,Electronic check,1,3,182.2,10.0,1,High,1
CUST_10991,73.0,Male,72,,1361.84,Month-to-month,No,Bank transfer (automatic),2,0,125.7,10.0,0,Low,0
CUST_10992,34.0,Male,3,58.09,167.24,Month-to-month,DSL,Mailed check,1,0,117.6,15.0,0,Low,0
CUST_10993,27.0,Female,2,48.16,99.24,Two year,DSL,Credit card (automatic),2,1,157.7,0.0,0,Low,0
CUST_10994,34.0,Male,2,85.93,178.15,Month-to-month,Fiber optic,Electronic check,2,0,212.6,0.0,1,High,1
CUST_10995,37.0,Male,20,95.67,1929.43,Month-to-month,Fiber optic,Electronic check,2,1,178.4,20.0,1,High,1
CUST_10996,41.0,Male,36,115.55,4104.06,One year,Fiber optic,Electronic check,0,0,165.5,0.0,0,Low,0
CUST_10997,22.0,Male,10,35.48,360.22,Month-to-month,DSL,Mailed check,3,1,263.8,10.0,1,Low,0
CUST_10998,51.0,Male,72,78.73,5558.4,Two year,Fiber optic,Electronic check,1,2,107.0,10.0,0,Low,0
CUST_10999,23.0,Male,13,53.9,682.37,One year,DSL,Credit card (automatic),1,1,106.0,0.0,0,Low,0
CUST_11000,70.0,Female,3,80.13,240.11,One year,Fiber optic,Bank transfer (automatic),3,0,146.6,5.0,0,Medium,1
CUST_11001,19.0,Male,15,73.64,1073.25,Two year,Fiber optic,Bank transfer (automatic),3,1,208.2,5.0,1,Low,0
CUST_11002,30.0,Male,27,63.39,1708.74,Month-to-month,DSL,Mailed check,1,2,97.6,0.0,2,Medium,0
CUST_11003,60.0,Female,42,70.83,3110.69,Month-to-month,Fiber optic,Electronic check,1,0,219.0,0.0,1,Low,0
CUST_11004,60.0,Male,14,84.13,1217.84,Month-to-month,Fiber optic,Mailed check,1,0,75.2,5.0,0,High,1
CUST_11005,65.0,Female,21,95.06,2084.42,Month-to-month,Fiber optic,Credit card (automatic),1,0,134.5,0.0,1,High,1
CUST_11006,28.0,Male,7,60.83,438.85,One year,DSL,Credit card (automatic),2,1,147.8,0.0,0,Low,0
CUST_11007,68.0,Female,24,61.76,1460.71,Two year,DSL,Credit card (automatic),2,0,100.3,0.0,0,Low,0
CUST_11008,64.0,Female,72,99.1,7357.85,Month-to-month,Fiber optic,Credit card (automatic),4,1,112.0,10.0,0,Low,0
CUST_11009,74.0,Female,1,55.17,57.5,Month-to-month,DSL,Electronic check,1,1,175.8,15.0,0,Medium,0
CUST_11010,40.0,Female,52,81.07,4404.09,Two year,Fiber optic,Electronic check,4,1,204.9,5.0,0,Low,0
CUST_11011,72.0,Male,19,84.5,1634.91,Month-to-month,Fiber optic,Electronic check,3,0,44.8,0.0,0,High,1
CUST_11012,33.0,Female,6,85.19,496.39,Month-to-month,Fiber optic,Electronic check,0,1,148.1,20.0,1,High,1
CUST_11013,48.0,Male,72,18.0,1236.35,Month-to-month,No,Electronic check,1,1,134.9,0.0,0,Low,0
CUST_11014,28.0,Male,15,92.33,1336.09,Two year,Fiber optic,Mailed check,2,0,144.8,0.0,0,Low,0
CUST_11015,71.0,Male,9,84.58,796.66,One year,Fiber optic,Bank transfer (automatic),4,1,125.7,0.0,1,High,1
CUST_11016,33.0,Female,4,80.58,321.1,One year,Fiber optic,Credit card (automatic),4,2,81.9,0.0,2,High,1
CUST_11017,25.0,Male,6,80.11,497.72,Two year,Fiber optic,Bank transfer (automatic),0,0,209.4,0.0,0,Low,0
CUST_11018,21.0,Female,42,47.09,1970.87,Month-to-month,DSL,Credit card (automatic),3,1,192.2,0.0,0,Low,0
CUST_11019,57.0,Female,22,94.45,2111.32,Month-to-month,Fiber optic,Electronic check,2,1,135.3,0.0,1,High,1
CUST_11020,21.0,Female,58,77.24,4266.74,Two year,Fiber optic,Electronic check,2,0,118.0,5.0,0,Low,0
CUST_11021,73.0,Female,6,49.95,292.2,Month-to-month,DSL,Bank transfer (automatic),2,0,112.6,0.0,2,High,1
CUST_11022,42.0,Male,3,85.23,254.06,One year,Fiber optic,Electronic check,2,0,23.6,5.0,1,High,1
CUST_11023,20.0,Male,1,59.02,59.79,Two year,DSL,Electronic check,2,0,155.9,5.0,0,Low,0
CUST_11024,49.0,Male,17,64.49,1060.32,One year,DSL,Electronic check,1,1,175.1,0.0,0,Low,0
CUST_11025,20.0,Male,72,76.27,5636.72,One year,Fiber optic,Electronic check,1,1,146.2,10.0,0,Low,0
CUST_11026,44.0,Male,28,68.35,1887.85,Two year,DSL,Mailed check,2,0,136.1,0.0,1,Low,0
CUST_11027,46.0,Male,8,87.55,722.63,Two year,Fiber optic,Mailed check,0,0,146.0,0.0,1,Low,0
CUST_11028,49.0,Male,50,60.04,2881.31,Month-to-month,DSL,Mailed check,2,0,101.6,0.0,1,Low,0
CUST_11029,67.0,Female,36,91.34,3347.35,Month-to-month,Fiber optic,Bank transfer (automatic),4,0,117.5,10.0,0,High,1
CUST_11030,68.0,Female,1,91.56,89.67,Month-to-month,Fiber optic,Mailed check,1,1,132.5,10.0,0,High,1
CUST_11031,36.0,Male,40,66.87,2753.81,One year,DSL,Electronic check,2,1,171.4,5.0,1,Low,0
CUST_11032,38.0,Female,8,22.48,178.08,Month-to-month,No,Electronic check,1,1,202.0,0.0,0,Low,0
CUST_11033,22.0,Male,3,26.5,80.81,One year,No,Mailed check,3,1,129.7,0.0,0,Low,0
CUST_11034,35.0,Male,6,55.41,346.9,Month-to-month,DSL,Bank transfer (automatic),1,0,93.0,5.0,0,Medium,0
CUST_11035,45.0,Female,15,114.38,1633.45,One year,Fiber optic,Bank transfer (automatic),0,1,141.6,15.0,0,Low,0
CUST_11036,59.0,Male,13,68.16,842.76,Month-to-month,Fiber optic,Bank transfer (automatic),1,0,230.5,5.0,3,High,1
CUST_11037,39.0,Male,8,96.39,791.96,One year,Fiber optic,Electronic check,3,0,96.9,0.0,0,High,1
CUST_11038,38.0,Female,4,51.82,210.31,Month-to-month,DSL,Bank transfer (automatic),5,1,179.9,0.0,2,High,1
CUST_11039,23.0,Female,34,70.91,2361.03,Month-to-month,Fiber optic,Bank transfer (automatic),3,1,200.1,0.0,2,High,1
CUST_11040,18.0,Female,72,24.91,1792.52,Month-to-month,No,Mailed check,2,1,123.8,5.0,0,Low,0
CUST_11041,22.0,Female,36,84.05,2887.2,One year,Fiber optic,Mailed check,4,1,108.5,0.0,0,Low,0
CUST_11042,58.0,Female,8,100.67,780.59,Month-to-month,Fiber optic,Mailed check,3,0,165.9,0.0,1,High,1
CUST_11043,29.0,Male,6,76.44,455.18,Month-to-month,Fiber optic,Bank transfer (automatic),3,2,155.9,5.0,1,High,1
CUST_11044,43.0,Male,5,26.21,135.43,Two year,No,Bank transfer (automatic),2,0,171.3,0.0,0,Low,0
CUST_11045,63.0,Male,3,45.82,137.18,One year,DSL,Electronic check,1,1,233.3,5.0,0,Medium,0
CUST_11046,51.0,Male,19,40.1,768.48,Two year,DSL,Bank transfer (automatic),1,3,147.5,5.0,0,Low,0
CUST_11047,66.0,Female,22,72.15,1646.63,Month-to-month,Fiber optic,Electronic check,2,2,86.3,0.0,2,High,1
CUST_11048,31.0,Male,29,23.63,672.17,Month-to-month,No,Electronic check,5,1,143.0,15.0,0,Low,0
CUST_11049,43.0,Female,27,83.78,2307.46,Two year,Fiber optic,Credit card (automatic),1,0,150.9,5.0,0,Low,0
CUST_11050,62.0,Female,8,23.59,195.55,Month-to-month,No,Credit card (automatic),2,2,197.0,0.0,1,Medium,0
CUST_11051,44.0,Female,9,57.11,498.7,One year,DSL,Electronic check,1,1,131.1,10.0,0,Low,0
CUST_11052,26.0,Female,27,105.06,2795.91,Month-to-month,Fiber optic,Mailed check,1,1,121.6,10.0,0,Medium,0
CUST_11053,43.0,Female,10,39.56,414.58,Month-to-month,DSL,Electronic check,3,0,78.3,10.0,0,High,1
CUST_11054,74.0,Male,5,60.2,315.54,Month-to-month,DSL,Mailed check,4,0,164.6,5.0,0,High,1
CUST_11055,64.0,Female,11,88.95,951.37,Month-to-month,Fiber optic,Credit card (automatic),1,1,290.7,0.0,0,Medium,1
CUST_11056,74.0,Male,7,25.82,172.9,Month-to-month,No,Credit card (automatic),0,0,130.0,0.0,1,Low,0
CUST_11057,39.0,Female,2,79.45,155.26,Month-to-month,Fiber optic,Bank transfer (automatic),2,5,160.3,5.0,1,High,1
CUST_11058,64.0,Male,42,97.9,4069.75,Two year,Fiber optic,Mailed check,3,2,115.3,0.0,0,Low,0
CUST_11059,73.0,Female,46,98.33,4496.5,Month-to-month,Fiber optic,Bank transfer (automatic),1,0,82.3,10.0,0,Medium,0
CUST_11060,47.0,Female,5,97.99,495.77,One year,Fiber optic,Electronic check,0,0,159.5,0.0,2,Medium,1
CUST_11061,60.0,Male,1,63.61,66.15,Two year,DSL,Credit card (automatic),2,0,141.3,5.0,0,Low,0
CUST_11062,65.0,Male,32,82.98,2610.31,One year,Fiber optic,Credit card (automatic),2,3,32.7,0.0,0,Medium,0
CUST_11063,34.0,Female,5,41.59,215.23,Month-to-month,DSL,Mailed check,1,0,212.5,5.0,1,Medium,0
CUST_11064,43.0,Male,11,68.55,723.4,One year,Fiber optic,Electronic check,4,1,158.7,10.0,1,High,1
CUST_11065,53.0,Female,1,23.5,22.42,One year,No,Electronic check,1,0,143.3,5.0,0,Low,0
CUST_11066,18.0,Female,6,45.45,272.81,One year,DSL,Electronic check,2,2,121.0,0.0,2,Medium,0
CUST_11067,25.0,Male,37,20.84,737.13,One year,No,Credit card (automatic),0,0,158.2,0.0,0,Low,0
CUST_11068,66.0,Male,39,,3012.38,Two year,Fiber optic,Mailed check,4,1,160.3,10.0,1,Low,0
CUST_11069,52.0,Male,5,69.08,359.1,One year,Fiber optic,Electronic check,3,1,158.1,15.0,0,Medium,0
CUST_11070,69.0,Female,9,77.75,681.66,Month-to-month,Fiber optic,Mailed check,1,1,188.1,0.0,0,Medium,1
CUST_11071,32.0,Male,3,52.46,160.62,One year,DSL,Credit card (automatic),3,0,198.3,0.0,0,Low,0
CUST_11072,64.0,Female,1,18.39,18.03,Month-to-month,No,Electronic check,0,1,230.3,0.0,0,Medium,0
CUST_11073,73.0,Male,72,86.94,5974.81,Two year,Fiber optic,Credit card (automatic),0,1,102.3,15.0,1,Low,0
CUST_11074,39.0,Female,25,89.16,2241.64,Month-to-month,Fiber optic,Credit card (automatic),3,2,114.2,0.0,0,High,1
CUST_11075,31.0,Female,18,26.07,484.97,Month-to-month,No,Credit card (automatic),0,0,156.3,0.0,2,Low,0
CUST_11076,43.0,Female,34,90.95,3064.3,Two year,Fiber optic,Mailed check,1,1,104.9,0.0,4,Medium,1
CUST_11077,45.0,Male,43,35.88,1560.94,One year,DSL,Electronic check,4,0,112.2,10.0,1,Low,0
CUST_11078,40.0,Female,39,52.79,2141.17,Month-to-month,DSL,Mailed check,1,0,161.4,15.0,2,Low,0
CUST_11079,31.0,Female,1,25.21,25.94,Month-to-month,No,Electronic check,1,0,180.5,0.0,0,Low,0
CUST_11080,41.0,Female,4,88.53,343.28,Two year,Fiber optic,Electronic check,0,1,197.4,0.0,1,Medium,0
CUST_11081,19.0,Female,25,66.96,1713.07,Month-to-month,Fiber optic,Bank transfer (automatic),2,0,131.3,5.0,0,Medium,0
CUST_11082,62.0,Male,11,50.12,551.42,Two year,DSL,Mailed check,1,3,160.8,0.0,1,Medium,0
CUST_11083,43.0,Male,72,28.57,2107.64,Month-to-month,No,Credit card (automatic),2,0,150.9,0.0,0,Low,0
CUST_11084,31.0,Female,26,84.87,2205.41,One year,Fiber optic,Electronic check,1,0,140.8,15.0,0,Low,0
CUST_11085,73.0,Male,72,90.28,6258.33,Two year,Fiber optic,Bank transfer (automatic),3,0,103.3,15.0,0,Low,0
CUST_11086,68.0,Female,5,61.8,311.16,Month-to-month,DSL,Bank transfer (automatic),1,0,97.6,20.0,0,Medium,1
CUST_11087,24.0,Female,47,28.07,1318.25,Month-to-month,No,Bank transfer (automatic),2,4,170.0,0.0,0,Low,0
CUST_11088,20.0,Male,9,30.55,275.44,Month-to-month,No,Credit card (automatic),2,2,102.5,0.0,1,Medium,0
CUST_11089,64.0,Female,72,,1829.34,One year,No,Bank transfer (automatic),2,0,60.0,10.0,1,Low,0
CUST_11090,40.0,Male,4,75.31,313.13,Month-to-month,Fiber optic,Credit card (automatic),0,0,138.6,0.0,0,Medium,1
CUST_11091,63.0,Female,17,84.31,1426.61,One year,Fiber optic,Electronic check,2,1,205.5,0.0,1,High,1
CUST_11092,60.0,Female,37,45.17,1663.89,Month-to-month,DSL,Mailed check,2,2,14.2,0.0,1,High,1
CUST_11093,64.0,Female,13,28.15,366.51,Month-to-month,No,Electronic check,3,0,127.0,20.0,1,Low,0
CUST_11094,62.0,Male,15,94.48,1419.98,Month-to-month,Fiber optic,Electronic check,1,1,170.4,10.0,0,High,1
CUST_11095,35.0,Male,72,91.25,6865.9,Month-to-month,Fiber optic,Electronic check,2,1,57.9,0.0,0,Medium,1
CUST_11096,55.0,Female,13,45.55,601.0,One year,DSL,Electronic check,2,2,130.4,0.0,0,Medium,0
CUST_11097,52.0,Female,22,60.76,1306.97,Two year,Fiber optic,Electronic check,3,2,88.7,10.0,0,Low,0
CUST_11098,68.0,Female,1,92.06,92.35,One year,Fiber optic,Electronic check,2,1,94.7,10.0,0,Medium,1
CUST_11099,32.0,Male,44,48.4,2156.69,Month-to-month,DSL,Electronic check,1,1,121.9,5.0,0,Low,0
CUST_11100,42.0,Male,25,67.22,1703.99,Two year,DSL,Credit card (automatic),1,1,89.5,0.0,0,Low,0
CUST_11101,72.0,Male,12,55.62,673.13,One year,DSL,Electronic check,0,1,85.7,0.0,1,Low,0
CUST_11102,54.0,Female,1,92.94,89.94,Two year,Fiber optic,Bank transfer (automatic),1,1,137.3,5.0,1,Medium,1
CUST_11103,45.0,Male,21,37.03,741.36,Month-to-month,DSL,Electronic check,3,2,240.2,15.0,0,Medium,0
CUST_11104,27.0,Male,1,,55.7,Month-to-month,DSL,Credit card (automatic),1,1,174.1,0.0,0,Medium,0
CUST_11105,56.0,Female,1,63.62,63.16,Month-to-month,DSL,Credit card (automatic),2,1,185.5,5.0,1,High,1
CUST_11106,74.0,Male,22,38.82,816.62,One year,DSL,Bank transfer (automatic),0,0,175.9,0.0,0,Low,0
CUST_11107,34.0,Female,5,86.95,448.44,Month-to-month,Fiber optic,Bank transfer (automatic),1,0,108.6,0.0,1,High,1
CUST_11108,56.0,Female,5,65.38,321.8,Month-to-month,Fiber optic,Electronic check,2,1,154.0,0.0,0,High,1
CUST_11109,39.0,Female,25,73.98,1926.0,Month-to-month,Fiber optic,Credit card (automatic),5,1,189.4,10.0,0,High,1
CUST_11110,43.0,Male,1,83.2,80.32,One year,Fiber optic,Credit card (automatic),0,2,177.3,0.0,0,Medium,0
CUST_11111,61.0,Male,9,60.07,516.68,One year,DSL,Credit card (automatic),2,0,148.8,0.0,0,Low,0
CUST_11112,42.0,Female,3,31.0,92.84,Month-to-month,No,Bank transfer (automatic),3,2,163.4,0.0,0,Medium,0
CUST_11113,34.0,Female,20,76.0,1472.75,Month-to-month,DSL,Mailed check,2,2,250.8,15.0,1,Medium,0
CUST_11114,30.0,Female,26,49.25,1336.51,One year,DSL,Credit card (automatic),0,2,177.8,10.0,0,Low,0
CUST_11115,37.0,Male,30,109.21,3115.86,Two year,Fiber optic,Electronic check,2,2,125.8,0.0,0,Low,0
CUST_11116,42.0,Female,7,86.33,599.03,One year,Fiber optic,Bank transfer (automatic),1,0,136.7,0.0,0,Medium,0
CUST_11117,21.0,Female,2,81.07,169.06,Two year,Fiber optic,Electronic check,4,0,92.6,5.0,0,Low,0
CUST_11118,27.0,Female,1,90.9,89.85,One year,Fiber optic,Credit card (automatic),0,0,245.6,0.0,1,Low,0
CUST_11119,20.0,Female,13,94.16,1174.27,One year,Fiber optic,Electronic check,2,2,212.2,0.0,1,Medium,1
CUST_11120,58.0,Female,69,64.98,4395.25,Month-to-month,DSL,Electronic check,4,0,143.7,10.0,1,Low,0
CUST_11121,62.0,Female,5,22.64,,One year,No,Mailed check,4,1,238.1,0.0,2,Low,0
CUST_11122,35.0,Male,7,81.05,549.49,One year,Fiber optic,Bank transfer (automatic),0,1,168.5,20.0,1,Medium,0
CUST_11123,64.0,Male,2,93.63,186.63,One year,Fiber optic,Bank transfer (automatic),2,0,120.6,0.0,0,Medium,0
CUST_11124,53.0,Male,22,48.78,1109.26,Month-to-month,DSL,Electronic check,0,0,180.8,0.0,1,Low,0
CUST_11125,64.0,Male,27,90.78,2542.39,Month-to-month,Fiber optic,Electronic check,1,0,157.9,0.0,0,High,1
CUST_11126,39.0,Male,24,27.27,624.98,Month-to-month,No,Bank transfer (automatic),2,1,177.7,5.0,0,Low,0
CUST_11127,51.0,Male,47,61.14,2776.14,Month-to-month,DSL,Credit card (automatic),2,1,78.4,0.0,0,Low,0
CUST_11128,64.0,Male,15,24.12,353.67,Month-to-month,No,Credit card (automatic),2,5,103.5,10.0,1,High,1
CUST_11129,25.0,Male,3,84.05,254.54,Two year,Fiber optic,Mailed check,2,2,207.0,0.0,0,Low,0
CUST_11130,57.0,Female,8,53.25,420.08,Month-to-month,DSL,Credit card (automatic),1,0,216.2,0.0,0,Low,0
CUST_11131,66.0,Female,26,46.91,1261.62,Month-to-month,DSL,Mailed check,7,1,203.7,15.0,0,Medium,1
CUST_11132,61.0,Male,22,36.36,817.25,Month-to-month,DSL,Mailed check,3,2,239.8,15.0,0,Medium,0
CUST_11133,36.0,Female,18,77.71,1342.89,One year,Fiber optic,Mailed check,4,0,166.0,5.0,0,Medium,0
CUST_11134,59.0,Female,27,83.37,2279.03,Month-to-month,Fiber optic,Mailed check,4,1,162.8,10.0,0,High,1
CUST_11135,58.0,Male,24,66.35,1530.78,Month-to-month,DSL,Bank transfer (automatic),2,0,98.9,0.0,1,Medium,1
CUST_11136,54.0,Male,51,47.59,2367.63,One year,DSL,Mailed check,1,1,113.9,0.0,0,Low,0
CUST_11137,23.0,Male,21,18.0,365.82,Month-to-month,No,Electronic check,1,0,50.5,0.0,2,Medium,0
CUST_11138,69.0,Female,36,48.0,1671.51,Two year,DSL,Electronic check,4,0,125.5,20.0,0,Low,0
CUST_11139,43.0,Female,6,43.08,261.49,Two year,DSL,Electronic check,1,0,47.4,5.0,0,Low,0
CUST_11140,51.0,Male,27,72.48,1969.41,Month-to-month,Fiber optic,Bank transfer (automatic),0,1,188.6,0.0,1,Medium,1
CUST_11141,73.0,Male,55,49.68,2643.88,Month-to-month,DSL,Electronic check,3,1,157.5,0.0,1,Medium,0
CUST_11142,62.0,Male,11,60.96,703.43,One year,DSL,Electronic check,3,1,48.8,0.0,2,High,1
CUST_11143,23.0,Male,36,26.77,956.19,Month-to-month,No,Bank transfer (automatic),1,0,131.5,0.0,0,Low,0
CUST_11144,54.0,Male,30,28.29,814.5,Month-to-month,No,Bank transfer (automatic),0,0,228.5,0.0,0,Low,0
CUST_11145,74.0,Male,1,85.89,82.63,Month-to-month,Fiber optic,Bank transfer (automatic),1,0,134.3,0.0,1,High,1
CUST_11146,50.0,Female,20,27.12,546.95,Two year,No,Mailed check,0,1,95.1,0.0,0,Low,0
CUST_11147,70.0,Female,3,96.88,304.56,Month-to-month,Fiber optic,Credit card (automatic),2,3,59.7,0.0,3,High,1
CUST_11148,39.0,Male,72,71.13,5158.21,One year,Fiber optic,Credit card (automatic),0,1,61.0,5.0,2,Low,0
CUST_11149,38.0,Female,40,57.25,2392.83,One year,DSL,Credit card (automatic),0,1,164.1,5.0,0,Low,0
CUST_11150,23.0,Male,2,89.41,177.82,Month-to-month,Fiber optic,Bank transfer (automatic),3,2,120.5,0.0,2,High,1
CUST_11151,23.0,Male,3,49.8,148.44,Month-to-month,DSL,Electronic check,2,1,124.2,10.0,0,High,1
CUST_11152,72.0,Male,21,80.77,1696.17,Two year,Fiber optic,Credit card (automatic),2,0,120.7,0.0,0,Low,0
CUST_11153,65.0,Female,10,93.41,952.54,Month-to-month,Fiber optic,Electronic check,2,1,133.7,0.0,1,High,1
CUST_11154,21.0,Female,1,65.29,64.43,One year,DSL,Electronic check,3,0,84.8,10.0,1,Medium,1
CUST_11155,47.0,Female,18,45.78,854.03,Month-to-month,DSL,Mailed check,1,1,154.2,0.0,0,Medium,0
CUST_11156,28.0,Male,11,25.44,266.67,Month-to-month,No,Electronic check,1,0,76.0,0.0,0,Low,0
CUST_11157,47.0,Female,2,54.69,108.72,Month-to-month,DSL,Credit card (automatic),1,1,106.0,15.0,0,Medium,0
CUST_11158,48.0,Male,38,67.46,2566.3,Month-to-month,DSL,Bank transfer (automatic),0,1,185.5,0.0,1,Low,0
CUST_11159,41.0,Female,59,81.85,4880.84,Month-to-month,Fiber optic,Mailed check,4,0,156.9,0.0,1,Medium,1
CUST_11160,72.0,Male,33,99.14,3198.36,Two year,Fiber optic,Bank transfer (automatic),0,1,170.9,15.0,0,Low,0
CUST_11161,26.0,Male,41,71.51,2910.65,Month-to-month,Fiber optic,Mailed check,2,1,236.8,0.0,2,Medium,0
CUST_11162,72.0,Female,5,22.5,112.33,Month-to-month,DSL,Electronic check,1,0,137.3,5.0,1,Medium,1
CUST_11163,20.0,Female,7,76.12,542.8,Month-to-month,DSL,Bank transfer (automatic),1,3,141.0,0.0,0,Medium,1
CUST_11164,68.0,Male,5,86.27,443.15,One year,Fiber optic,Bank transfer (automatic),0,1,128.1,0.0,0,Medium,0
CUST_11165,48.0,Female,34,45.75,1592.49,Month-to-month,DSL,Mailed check,1,1,120.0,5.0,0,Medium,0
CUST_11166,57.0,Male,70,59.53,4101.09,One year,DSL,Bank transfer (automatic),2,0,94.5,0.0,0,Low,0
CUST_11167,54.0,Female,30,87.05,2741.93,Month-to-month,Fiber optic,Electronic check,1,1,143.8,10.0,1,High,1
CUST_11168,53.0,Female,51,80.02,4223.31,Month-to-month,Fiber optic,Electronic check,3,2,156.0,15.0,0,Medium,1
CUST_11169,41.0,Female,24,34.84,816.09,Month-to-month,No,Electronic check,0,0,158.5,0.0,0,Low,0
CUST_11170,48.0,Female,11,52.1,555.63,Two year,DSL,Mailed check,2,1,142.9,10.0,0,Low,0
CUST_11171,23.0,Female,13,20.77,264.99,Month-to-month,No,Credit card (automatic),1,0,181.7,0.0,1,Low,0
CUST_11172,19.0,Male,1,103.7,103.21,Month-to-month,Fiber optic,Credit card (automatic),0,1,141.3,0.0,0,High,1
CUST_11173,37.0,Female,1,24.08,24.92,Month-to-month,No,Mailed check,2,0,121.6,20.0,0,Low,0
CUST_11174,45.0,Male,28,76.72,2207.96,Two year,Fiber optic,Bank transfer (automatic),3,0,98.3,0.0,0,Low,0
CUST_11175,28.0,Male,13,83.97,1129.95,Month-to-month,Fiber optic,Bank transfer (automatic),3,2,70.3,0.0,2,High,1
CUST_11176,21.0,Male,19,35.49,658.93,Month-to-month,No,Electronic check,0,0,205.7,5.0,2,Low,0
CUST_11177,32.0,Male,19,85.96,1648.5,Month-to-month,Fiber optic,Electronic check,2,0,108.5,0.0,1,High,1
CUST_11178,23.0,Female,7,59.18,405.28,Month-to-month,DSL,Credit card (automatic),1,0,98.3,0.0,1,High,1
CUST_11179,71.0,Male,15,89.45,1289.29,One year,Fiber optic,Bank transfer (automatic),2,0,121.2,5.0,0,Medium,0
CUST_11180,66.0,Female,15,59.96,915.97,One year,DSL,Credit card (automatic),1,0,127.5,15.0,1,Low,0
CUST_11181,47.0,Male,11,19.52,207.05,Month-to-month,No,Electronic check,0,1,213.7,0.0,1,Low,0
CUST_11182,73.0,Male,41,61.81,2576.71,month-to-month,Fiber optic,Bank transfer (automatic),0,0,125.2,0.0,1,Medium,0
CUST_11183,55.0,Female,14,73.91,1050.05,Month-to-month,DSL,Electronic check,2,2,258.5,0.0,1,High,1
CUST_11184,68.0,Male,22,61.15,1387.04,Month-to-month,Fiber optic,Electronic check,3,0,142.9,0.0,0,High,1
CUST_11185,74.0,Male,54,47.01,2447.04,Month-to-month,DSL,Mailed check,1,2,232.6,15.0,2,Low,0
CUST_11186,19.0,Female,48,66.75,3294.83,One year,Fiber optic,Electronic check,2,1,180.2,15.0,0,Low,0
CUST_11187,32.0,Male,53,89.61,4986.45,Two year,Fiber optic,Electronic check,2,1,156.2,10.0,0,Low,0
CUST_11188,28.0,Female,7,85.01,615.96,Two year,Fiber optic,Electronic check,2,1,211.0,5.0,0,Low,0
CUST_11189,25.0,Male,1,88.64,90.87,Two year,Fiber optic,Electronic check,1,1,190.5,10.0,1,Low,0
CUST_11190,43.0,Male,7,27.61,196.4,One year,No,Bank transfer (automatic),3,0,168.6,0.0,1,Low,0
CUST_11191,68.0,Female,7,68.27,474.15,One year,Fiber optic,Mailed check,0,0,244.3,0.0,0,Low,0
CUST_11192,62.0,Male,57,91.16,5315.89,Month-to-month,Fiber optic,Electronic check,3,0,117.6,0.0,0,Medium,0
CUST_11193,61.0,Male,25,108.07,2762.32,One year,Fiber optic,Electronic check,2,0,95.2,10.0,1,High,1
CUST_11194,22.0,Male,2,89.91,182.18,Month-to-month,Fiber optic,Electronic check,1,1,109.6,0.0,0,High,1
CUST_11195,23.0,Male,3,48.94,151.17,Month-to-month,DSL,Bank transfer (automatic),1,2,218.9,5.0,0,Medium,0
CUST_11196,43.0,Female,4,18.0,71.63,One year,No,Electronic check,2,2,205.3,0.0,1,Low,0
CUST_11197,71.0,Male,23,74.1,1639.75,Month-to-month,Fiber optic,Bank transfer (automatic),1,2,116.4,5.0,1,High,1
CUST_11198,21.0,Female,31,27.32,851.92,Month-to-month,No,Electronic check,2,0,34.0,15.0,0,Low,0
CUST_11199,36.0,Female,47,56.56,2595.86,Two year,DSL,Electronic check,3,1,130.7,0.0,0,Low,0
CUST_11200,37.0,Male,67,88.13,5836.47,Month-to-month,Fiber optic,Credit card (automatic),1,2,94.4,5.0,0,Low,0
CUST_11201,50.0,Female,5,64.66,307.7,Month-to-month,DSL,Bank transfer (automatic),2,0,117.8,0.0,1,High,1
CUST_11202,37.0,Male,8,60.6,479.12,Two year,DSL,Electronic check,3,0,92.6,10.0,0,Low,0
CUST_11203,66.0,Female,6,35.14,217.35,One year,DSL,Credit card (automatic),3,0,67.6,0.0,0,Medium,0
CUST_11204,29.0,Male,10,30.81,309.42,Month-to-month,No,Mailed check,4,1,224.7,0.0,1,Medium,0
CUST_11205,64.0,Female,59,87.09,4886.43,Month-to-month,Fiber optic,Credit card (automatic),1,0,109.2,0.0,1,Medium,0
CUST_11206,18.0,Male,20,28.98,577.85,Month-to-month,No,Bank transfer (automatic),2,0,203.6,0.0,0,Low,0
CUST_11207,43.0,Male,32,40.55,1270.54,Two year,DSL,Bank transfer (automatic),3,1,130.0,15.0,0,Low,0
CUST_11208,31.0,Female,16,51.44,821.19,One year,DSL,Credit card (automatic),1,3,89.1,20.0,3,Low,0
CUST_11209,55.0,Female,1,58.62,58.06,Month-to-month,DSL,Electronic check,0,0,162.9,0.0,0,High,1
CUST_11210,54.0,Male,1,69.28,72.27,Month-to-month,Fiber optic,Bank transfer (automatic),0,0,122.4,0.0,0,Medium,0
CUST_11211,28.0,Male,18,25.12,431.41,Month-to-month,No,Mailed check,0,1,130.7,5.0,0,Low,0
CUST_11212,53.0,Female,30,39.82,1216.53,Two year,DSL,Electronic check,0,0,146.5,0.0,0,Low,0
CUST_11213,30.0,Female,5,94.11,487.07,Month-to-month,Fiber optic,Electronic check,4,0,103.5,0.0,0,High,1
CUST_11214,60.0,Female,30,95.0,2980.88,One year,Fiber optic,Electronic check,1,1,67.0,0.0,0,Medium,0
CUST_11215,20.0,Female,39,68.6,2589.15,Month-to-month,DSL,Bank transfer (automatic),2,1,137.7,15.0,0,Low,0
CUST_11216,50.0,Female,12,100.58,1210.74,One year,Fiber optic,Bank transfer (automatic),0,1,183.4,10.0,0,Low,0
CUST_11217,23.0,Female,32,71.95,2197.32,Two year,Fiber optic,Mailed check,2,1,99.4,10.0,0,Low,0
CUST_11218,67.0,Male,12,42.16,505.88,One year,DSL,Electronic check,1,0,146.9,0.0,1,Low,0
CUST_11219,73.0,Male,27,84.92,2206.96,Month-to-month,Fiber optic,Mailed check,1,2,207.7,10.0,1,Medium,1
CUST_11220,27.0,Female,34,59.07,2076.24,One year,Fiber optic,Credit card (automatic),0,1,136.0,5.0,1,Low,0
CUST_11221,22.0,Female,72,99.77,6906.07,One year,Fiber optic,Mailed check,0,2,143.9,0.0,0,Low,0
CUST_11222,40.0,Male,10,99.65,997.82,Month-to-month,Fiber optic,Bank transfer (automatic),1,1,142.5,10.0,2,High,1
CUST_11223,27.0,Male,12,26.82,322.52,Two year,DSL,Bank transfer (automatic),3,2,109.3,20.0,0,Low,0
CUST_11224,61.0,Female,4,52.87,221.45,One year,DSL,Credit card (automatic),0,0,95.3,15.0,1,Low,0
CUST_11225,19.0,Male,5,84.13,427.17,Two year,Fiber optic,Mailed check,1,1,95.5,10.0,0,Low,0
CUST_11226,30.0,Male,28,85.62,,One year,Fiber optic,Credit card (automatic),1,1,156.6,10.0,2,Low,0
CUST_11227,57.0,Male,59,60.29,3464.91,Month-to-month,DSL,Mailed check,0,1,174.1,5.0,1,Low,0
CUST_11228,19.0,Male,12,91.7,1059.49,Month-to-month,Fiber optic,Credit card (automatic),6,0,176.2,15.0,0,High,1
CUST_11229,37.0,Male,4,82.93,340.23,Month-to-month,Fiber optic,Electronic check,2,2,123.0,0.0,1,High,1
CUST_11230,18.0,Male,8,96.32,785.26,Two year,Fiber optic,Electronic check,2,0,189.2,0.0,0,Low,0
CUST_11231,54.0,Male,14,26.37,373.24,One year,No,Electronic check,2,2,153.8,10.0,1,Low,0
CUST_11232,26.0,Female,8,51.59,393.77,One year,DSL,Credit card (automatic),2,1,143.2,15.0,1,Low,0
CUST_11233,34.0,Male,6,78.04,480.55,Month-to-month,DSL,Mailed check,2,2,10.0,0.0,0,High,1
CUST_11234,26.0,Female,31,58.74,1846.78,Month-to-month,DSL,Electronic check,4,1,103.2,10.0,1,High,1
CUST_11235,28.0,Female,1,58.68,61.4,One year,DSL,Electronic check,2,3,71.6,0.0,2,High,1
CUST_11236,32.0,Male,18,58.59,1063.82,Month-to-month,DSL,Credit card (automatic),1,2,168.2,15.0,0,Low,0
CUST_11237,41.0,Female,37,59.15,2145.64,Month-to-month,DSL,Credit card (automatic),1,0,144.3,5.0,0,Low,0
CUST_11238,55.0,Male,7,88.71,613.61,One year,Fiber optic,Mailed check,3,2,91.8,5.0,0,High,1
CUST_11239,72.0,Female,22,52.6,1119.69,Month-to-month,DSL,Bank transfer (automatic),1,0,153.7,10.0,0,Low,0
CUST_11240,52.0,Male,26,54.62,1451.78,Month-to-month,DSL,Mailed check,3,0,75.9,10.0,0,Medium,0
CUST_11241,47.0,Female,25,67.81,1730.46,Month-to-month,DSL,Mailed check,3,0,93.0,15.0,1,Medium,0
CUST_11242,48.0,Female,14,83.12,1128.85,Month-to-month,Fiber optic,Credit card (automatic),1,0,108.0,15.0,1,High,1
CUST_11243,66.0,Male,10,78.38,757.03,Two year,Fiber optic,Electronic check,0,2,164.3,0.0,0,Medium,0
CUST_11244,22.0,Male,43,59.3,2442.04,Month-to-month,DSL,Mailed check,0,0,203.0,0.0,1,Low,0
CUST_11245,61.0,Female,34,46.96,1662.42,Month-to-month,DSL,Mailed check,3,2,113.6,10.0,0,Medium,0
CUST_11246,67.0,Female,9,22.26,194.99,Month-to-month,No,Mailed check,2,0,199.5,15.0,0,Low,0
CUST_11247,31.0,Male,2,80.29,158.08,One year,Fiber optic,Mailed check,2,2,142.1,0.0,0,Medium,0
CUST_11248,70.0,Female,1,60.43,59.1,Month-to-month,DSL,Mailed check,2,0,150.6,0.0,2,High,1
CUST_11249,73.0,Male,2,67.59,134.01,One year,DSL,Electronic check,4,1,137.1,0.0,0,Medium,1
CUST_11250,28.0,Female,20,23.15,472.91,Month-to-month,No,Mailed check,0,2,131.1,0.0,0,Low,0
CUST_11251,26.0,Male,1,61.32,63.59,Month-to-month,DSL,Electronic check,2,0,159.8,10.0,0,Medium,0
CUST_11252,51.0,Female,9,59.73,520.51,Month-to-month,DSL,Electronic check,2,0,173.3,0.0,0,High,1
CUST_11253,29.0,Male,33,56.01,1882.79,Two year,DSL,Electronic check,1,0,100.2,0.0,0,Low,0
CUST_11254,52.0,Male,8,61.97,488.45,Two year,DSL,Bank transfer (automatic),3,0,131.5,15.0,0,Low,0
CUST_11255,52.0,Male,34,24.63,877.66,Month-to-month,No,Mailed check,1,1,215.1,0.0,0,Low,0
CUST_11256,18.0,Male,32,90.43,2835.57,Month-to-month,Fiber optic,Bank transfer (automatic),0,1,148.0,10.0,0,Low,0
CUST_11257,57.0,Female,6,81.81,466.67,Two year,Fiber optic,Bank transfer (automatic),1,2,152.9,0.0,0,Medium,0
CUST_11258,39.0,Male,31,18.0,558.87,Month-to-month,No,Bank transfer (automatic),2,1,192.5,5.0,2,Low,0
CUST_11259,46.0,Female,33,53.53,1704.79,Two year,DSL,Mailed check,0,0,117.4,0.0,0,Low,0
CUST_11260,25.0,Male,12,55.31,633.49,Month-to-month,DSL,Mailed check,1,1,138.5,0.0,0,Medium,0
CUST_11261,28.0,Male,5,39.95,203.71,Two year,DSL,Mailed check,2,1,176.8,0.0,0,Low,0
CUST_11262,58.0,Male,17,64.79,1127.01,One year,Fiber optic,Bank transfer (automatic),2,0,195.8,15.0,0,Low,0
CUST_11263,54.0,Male,61,61.27,3722.78,Two year,DSL,Mailed check,2,1,33.6,5.0,1,Low,0
CUST_11264,31.0,Male,24,60.57,1479.39,One year,DSL,Credit card (automatic),2,0,106.8,0.0,0,Low,0
CUST_11265,47.0,Male,4,99.12,398.0,Month-to-month,Fiber optic,Credit card (automatic),0,0,95.1,10.0,1,High,1
CUST_11266,52.0,Male,27,69.73,1907.15,Two year,Fiber optic,Electronic check,4,1,134.4,0.0,0,Low,0
CUST_11267,38.0,Male,13,27.31,358.46,Month-to-month,No,Electronic check,2,1,98.5,15.0,1,Medium,0
CUST_11268,54.0,Female,21,61.63,1315.69,Month-to-month,Fiber optic,Bank transfer (automatic),1,2,169.9,0.0,2,High,1
CUST_11269,22.0,Female,31,30.99,931.83,One year,No,Electronic check,1,2,147.8,0.0,0,Low,0
CUST_11270,36.0,Male,17,98.34,1633.11,One year,Fiber optic,Electronic check,1,0,180.0,0.0,0,Low,0
CUST_11271,31.0,Male,40,50.12,1992.76,Two year,DSL,Credit card (automatic),1,2,182.9,5.0,0,Low,0
CUST_11272,43.0,Female,30,32.65,974.22,Month-to-month,No,Electronic check,3,1,170.6,0.0,2,Medium,0
CUST_11273,21.0,Female,22,59.39,,One year,DSL,Credit card (automatic),5,0,124.9,0.0,1,Low,0
CUST_11274,42.0,Female,3,77.74,230.13,One year,Fiber optic,Bank transfer (automatic),5,0,144.7,0.0,0,High,1
CUST_11275,62.0,Male,43,74.85,3109.93,Month-to-month,DSL,Bank transfer (automatic),5,1,119.3,15.0,0,Medium,0
CUST_11276,59.0,Female,65,74.38,4714.54,Month-to-month,Fiber optic,Electronic check,1,0,78.6,10.0,0,Low,0
CUST_11277,42.0,Female,3,75.73,220.71,Month-to-month,Fiber optic,Electronic check,5,1,182.9,5.0,1,High,1
CUST_11278,35.0,Female,16,18.95,310.22,month-to-month,No,Mailed check,2,0,136.2,5.0,3,Low,0
CUST_11279,57.0,Female,7,63.58,443.74,Two year,DSL,Electronic check,3,2,72.4,5.0,1,Medium,1
CUST_11280,25.0,Male,33,63.76,2147.98,One year,DSL,Electronic check,1,2,164.2,0.0,1,Low,0
CUST_11281,56.0,Male,30,70.74,2104.42,One year,Fiber optic,Electronic check,2,0,129.9,15.0,1,Low,0
CUST_11282,57.0,Female,3,87.33,272.2,Two year,Fiber optic,Electronic check,1,0,47.3,0.0,2,Medium,1
CUST_11283,31.0,Female,50,97.32,5101.28,Month-to-month,Fiber optic,Electronic check,1,1,78.2,5.0,0,Medium,0
CUST_11284,49.0,Male,4,67.12,273.04,Two year,DSL,Credit card (automatic),0,2,108.5,5.0,0,Low,0
CUST_11285,68.0,Male,38,44.67,1759.22,Month-to-month,DSL,Electronic check,2,0,149.5,5.0,0,Low,0
CUST_11286,55.0,Male,14,53.77,753.38,Two year,DSL,Electronic check,0,0,175.5,15.0,0,Low,0
CUST_11287,50.0,Male,9,23.84,223.89,Month-to-month,No,Bank transfer (automatic),6,0,173.9,0.0,0,High,1
CUST_11288,40.0,Female,4,109.68,453.27,Two year,Fiber optic,Credit card (automatic),2,1,167.1,10.0,2,Medium,1
CUST_11289,32.0,Female,4,79.35,333.01,Month-to-month,Fiber optic,Electronic check,2,0,138.5,5.0,0,High,1
CUST_11290,50.0,Male,26,92.87,2444.34,Month-to-month,Fiber optic,Electronic check,1,0,217.5,0.0,0,High,1
CUST_11291,42.0,Male,19,94.23,1840.36,One year,Fiber optic,Bank transfer (automatic),0,0,171.5,0.0,0,Low,0
CUST_11292,34.0,Male,3,83.32,251.03,Month-to-month,Fiber optic,Credit card (automatic),0,2,150.0,10.0,1,High,1
CUST_11293,50.0,Male,2,26.52,51.76,One year,No,Credit card (automatic),3,0,165.5,0.0,1,Low,0
CUST_11294,64.0,Female,1,87.95,86.67,Month-to-month,Fiber optic,Bank transfer (automatic),4,0,122.0,0.0,3,High,1
CUST_11295,72.0,Female,32,21.25,706.79,One year,No,Electronic check,3,0,137.4,0.0,0,Low,0
CUST_11296,19.0,Female,29,81.01,2244.97,Month-to-month,Fiber optic,Mailed check,0,3,46.3,5.0,0,Medium,1
CUST_11297,31.0,Male,1,18.51,18.68,Month-to-month,No,Electronic check,0,1,122.6,15.0,0,Low,0
CUST_11298,70.0,Female,19,57.5,1078.57,Month-to-month,DSL,Bank transfer (automatic),2,0,219.2,0.0,0,Medium,0
CUST_11299,57.0,Female,2,32.43,64.13,Month-to-month,No,Bank transfer (automatic),2,1,146.7,5.0,1,Medium,0
CUST_11300,57.0,Female,56,98.52,5729.29,Month-to-month,Fiber optic,Credit card (automatic),4,0,144.8,0.0,0,Medium,1
CUST_11301,,Male,57,39.83,2350.64,Month-to-month,DSL,Electronic check,0,3,184.9,0.0,1,Low,0
CUST_11302,56.0,Male,28,24.01,678.92,Month-to-month,No,Electronic check,0,0,156.1,15.0,0,Low,0
CUST_11303,68.0,Male,62,100.25,6074.36,Month-to-month,Fiber optic,Mailed check,1,3,104.6,0.0,1,Medium,1
CUST_11304,23.0,Male,40,80.86,3226.46,One year,Fiber optic,Bank transfer (automatic),1,1,141.1,0.0,0,Low,0
CUST_11305,23.0,Male,42,77.36,3219.32,Two year,Fiber optic,Credit card (automatic),1,0,88.9,10.0,1,Low,0
CUST_11306,20.0,Male,20,19.41,382.52,Month-to-month,No,Electronic check,4,0,148.3,0.0,0,Medium,0
CUST_11307,24.0,Male,8,51.42,395.02,One year,DSL,Electronic check,3,1,102.3,10.0,1,Low,0
CUST_11308,68.0,Female,5,53.0,266.14,One year,DSL,Mailed check,2,2,181.8,10.0,0,Low,0
CUST_11309,25.0,Male,9,84.07,741.64,Month-to-month,Fiber optic,Electronic check,1,2,117.0,0.0,0,High,1
CUST_11310,59.0,Male,23,100.54,2349.61,One year,Fiber optic,Credit card (automatic),2,1,102.9,0.0,0,Medium,0
CUST_11311,69.0,Female,4,18.0,70.7,Month-to-month,No,Mailed check,1,0,134.9,0.0,0,Low,0
CUST_11312,32.0,Female,7,74.94,520.97,month-to-month,Fiber optic,Credit card (automatic),2,0,156.4,0.0,0,Medium,0
CUST_11313,64.0,Female,15,48.39,693.36,Month-to-month,DSL,Bank transfer (automatic),2,1,85.7,0.0,0,Medium,0
CUST_11314,46.0,Female,6,22.13,139.32,One year,No,Bank transfer (automatic),5,1,116.5,15.0,0,Low,0
CUST_11315,50.0,Female,21,97.5,2049.06,One year,Fiber optic,Electronic check,2,3,144.7,10.0,0,Medium,0
CUST_11316,69.0,Female,61,,2771.27,Month-to-month,DSL,Credit card (automatic),2,1,200.2,0.0,1,Low,0
CUST_11317,47.0,Male,33,107.76,,Month-to-month,Fiber optic,Electronic check,3,0,26.2,15.0,0,High,1
CUST_11318,56.0,Male,26,47.89,1291.25,Two year,DSL,Mailed check,1,0,167.7,0.0,0,Low,0
CUST_11319,44.0,Male,20,90.29,1855.02,Month-to-month,Fiber optic,Electronic check,1,0,122.7,5.0,0,High,1
CUST_11320,53.0,Male,16,47.65,777.72,Month-to-month,DSL,Mailed check,3,1,117.7,0.0,3,High,1
CUST_11321,46.0,Male,4,69.28,267.13,Two year,Fiber optic,Electronic check,0,1,109.3,0.0,0,Low,0
CUST_11322,55.0,Female,54,72.68,3986.63,One year,DSL,Electronic check,1,0,123.6,10.0,0,Low,0
CUST_11323,74.0,Female,6,64.61,397.98,One year,DSL,Credit card (automatic),3,0,167.9,0.0,0,Medium,0
CUST_11324,50.0,Female,2,106.92,215.39,One year,Fiber optic,Electronic check,0,0,115.8,5.0,2,High,1
CUST_11325,54.0,Male,33,47.35,1623.92,Two year,DSL,Credit card (automatic),3,0,214.6,0.0,0,Low,0
CUST_11326,44.0,Female,4,99.02,387.25,Month-to-month,Fiber optic,Credit card (automatic),1,2,168.1,0.0,0,High,1
CUST_11327,72.0,Female,11,58.24,624.12,Month-to-month,DSL,Electronic check,5,0,148.9,10.0,1,High,1
CUST_11328,50.0,Male,1,92.47,95.89,Month-to-month,Fiber optic,Bank transfer (automatic),2,0,132.5,10.0,0,High,1
CUST_11329,21.0,Female,3,66.59,202.28,Two year,DSL,Electronic check,1,3,193.5,0.0,2,Medium,0
CUST_11330,39.0,Male,4,61.24,232.75,One year,Fiber optic,Electronic check,2,0,200.1,0.0,0,Medium,1
CUST_11331,19.0,Male,1,80.04,78.86,Month-to-month,Fiber optic,Mailed check,1,0,87.7,5.0,1,High,1
CUST_11332,27.0,Female,25,96.4,2496.24,Two year,Fiber optic,Credit card (automatic),2,1,108.4,5.0,1,Low,0
CUST_11333,22.0,Male,43,59.52,2438.38,Month-to-month,DSL,Electronic check,5,1,168.6,5.0,2,High,1
CUST_11334,27.0,Male,11,70.64,738.44,Month-to-month,Fiber optic,Bank transfer (automatic),2,1,182.2,5.0,0,High,1
CUST_11335,50.0,Female,49,23.56,1129.19,Month-to-month,No,Mailed check,2,1,126.5,20.0,0,Low,0
CUST_11336,71.0,Female,5,38.32,199.53,Month-to-month,No,Credit card (automatic),3,1,106.6,0.0,0,Medium,0
CUST_11337,55.0,Male,9,84.14,787.66,Two year,Fiber optic,Electronic check,2,0,143.5,5.0,1,Medium,0
CUST_11338,30.0,Male,3,61.33,184.34,Month-to-month,DSL,Bank transfer (automatic),4,0,206.5,5.0,0,Medium,1
CUST_11339,48.0,Male,23,86.72,2005.18,Two year,Fiber optic,Bank transfer (automatic),1,1,141.8,5.0,0,Low,0
CUST_11340,64.0,Female,13,91.08,1164.15,One year,Fiber optic,Bank transfer (automatic),4,1,83.1,0.0,2,High,1
CUST_11341,53.0,Male,22,59.77,1281.24,Month-to-month,DSL,Credit card (automatic),0,0,144.9,5.0,0,Low,0
CUST_11342,62.0,Male,34,41.17,1443.9,Two year,DSL,Credit card (automatic),2,1,175.2,5.0,1,Low,0
CUST_11343,41.0,Female,18,53.78,929.93,Month-to-month,DSL,Electronic check,0,3,135.4,5.0,1,High,1
CUST_11344,69.0,Female,23,81.34,1868.45,Month-to-month,Fiber optic,Mailed check,1,1,196.6,0.0,0,Medium,1
CUST_11345,73.0,Male,65,91.87,6051.81,Month-to-month,Fiber optic,Mailed check,3,1,179.0,5.0,0,Medium,1
CUST_11346,32.0,Male,8,90.87,698.15,Two year,Fiber optic,Electronic check,0,2,137.2,15.0,0,Low,0
CUST_11347,46.0,Female,10,63.06,631.84,Month-to-month,DSL,Mailed check,3,1,141.9,15.0,0,Medium,1
CUST_11348,25.0,Male,30,54.69,1653.42,Month-to-month,DSL,Mailed check,0,0,57.1,10.0,0,Low,0
CUST_11349,22.0,Male,22,57.25,1290.04,Month-to-month,DSL,Mailed check,2,0,194.5,5.0,0,Low,0
CUST_11350,46.0,Female,4,76.26,296.95,Month-to-month,Fiber optic,Credit card (automatic),2,0,125.2,0.0,0,High,1
CUST_11351,64.0,Male,11,94.22,1015.0,One year,Fiber optic,Electronic check,6,0,122.0,0.0,0,High,1
CUST_11352,21.0,Female,15,73.95,1116.96,Month-to-month,Fiber optic,Credit card (automatic),1,2,115.3,0.0,3,High,1
CUST_11353,29.0,Male,13,95.2,1297.39,Month-to-month,Fiber optic,Mailed check,2,1,160.6,10.0,2,High,1
CUST_11354,62.0,Male,4,87.49,340.07,Month-to-month,Fiber optic,Bank transfer (automatic),5,0,89.2,0.0,0,High,1
CUST_11355,19.0,Male,61,28.49,1822.33,Month-to-month,No,Credit card (automatic),1,2,95.7,10.0,0,Low,0
CUST_11356,44.0,Male,34,29.24,1015.47,Two year,No,Mailed check,5,1,137.6,10.0,0,Low,0
CUST_11357,48.0,Male,15,55.47,859.18,Month-to-month,DSL,Mailed check,3,2,111.8,15.0,1,High,1
CUST_11358,68.0,Male,27,36.84,953.86,Two year,DSL,Mailed check,0,0,155.1,10.0,0,Low,0
CUST_11359,68.0,Female,54,81.04,4288.82,Month-to-month,Fiber optic,Mailed check,0,1,113.5,5.0,0,Low,0
CUST_11360,53.0,Female,3,27.11,77.73,Month-to-month,No,Credit card (automatic),2,0,211.8,5.0,0,Medium,0
CUST_11361,53.0,Female,6,82.63,489.41,Two year,Fiber optic,Credit card (automatic),3,1,171.2,0.0,1,Medium,1
CUST_11362,43.0,Female,18,34.34,647.87,Month-to-month,No,Electronic check,1,4,170.6,0.0,0,Medium,1
CUST_11363,60.0,Male,38,56.14,2049.11,One year,DSL,Electronic check,1,1,112.8,0.0,0,Low,0
CUST_11364,44.0,Female,1,79.05,79.54,Two year,Fiber optic,Mailed check,1,0,248.3,0.0,1,Low,0
CUST_11365,22.0,Male,72,21.35,1461.27,Month-to-month,No,Electronic check,3,1,120.2,15.0,1,Low,0
CUST_11366,37.0,Female,14,,1119.94,Month-to-month,Fiber optic,Bank transfer (automatic),2,1,107.9,0.0,0,High,1
CUST_11367,28.0,Female,10,54.84,531.79,One year,DSL,Electronic check,5,1,171.8,10.0,0,Medium,0
CUST_11368,27.0,Female,8,49.16,378.71,Month-to-month,DSL,Mailed check,4,0,148.8,0.0,0,Medium,1
CUST_11369,57.0,Female,4,96.62,380.18,Month-to-month,Fiber optic,Electronic check,1,1,103.2,20.0,0,High,1
CUST_11370,55.0,Female,37,91.25,3467.76,Month-to-month,Fiber optic,Electronic check,2,2,238.8,0.0,0,High,1
CUST_11371,23.0,Male,72,52.73,3647.21,Month-to-month,DSL,Bank transfer (automatic),2,0,183.9,0.0,1,Low,0
CUST_11372,25.0,Male,12,64.22,749.82,One year,DSL,Mailed check,2,0,140.2,0.0,1,Low,0
CUST_11373,40.0,Female,72,64.76,4433.53,Month-to-month,Fiber optic,Credit card (automatic),2,0,248.0,10.0,0,Low,0
CUST_11374,64.0,Male,41,23.11,991.89,Month-to-month,No,Credit card (automatic),1,1,176.5,0.0,1,Low,0
CUST_11375,43.0,Female,15,92.0,1392.72,One year,Fiber optic,Mailed check,2,0,139.5,10.0,0,Low,0
CUST_11376,63.0,Female,26,93.89,2494.82,Month-to-month,Fiber optic,Electronic check,1,1,242.7,5.0,1,High,1
CUST_11377,60.0,Male,13,93.04,1227.83,Month-to-month,Fiber optic,Credit card (automatic),0,1,169.7,0.0,0,High,1
CUST_11378,29.0,Female,19,88.54,1622.43,One year,Fiber optic,Credit card (automatic),2,0,167.7,0.0,1,Low,0
CUST_11379,43.0,Female,1,82.65,83.43,Month-to-month,Fiber optic,Credit card (automatic),2,2,122.6,10.0,0,High,1
CUST_11380,30.0,Female,28,26.28,708.72,One year,No,Electronic check,2,2,142.2,0.0,1,Low,0
CUST_11381,57.0,Female,1,73.57,72.84,Two year,Fiber optic,Credit card (automatic),1,0,121.5,15.0,0,Low,0
CUST_11382,35.0,Female,40,74.86,3015.05,Month-to-month,Fiber optic,Electronic check,1,0,204.8,0.0,0,Medium,0
CUST_11383,42.0,Female,41,85.74,3536.04,Month-to-month,Fiber optic,Bank transfer (automatic),4,0,67.6,5.0,0,High,1
CUST_11384,50.0,Female,6,63.96,369.14,Month-to-month,DSL,Credit card (automatic),1,0,201.5,5.0,0,Medium,0
CUST_11385,64.0,Male,9,18.25,156.6,Month-to-month,No,Electronic check,1,1,100.5,5.0,1,Medium,1
CUST_11386,,Male,15,90.46,1397.37,Two year,Fiber optic,Credit card (automatic),0,1,137.4,0.0,0,Low,0
CUST_11387,60.0,Female,21,94.27,2024.4,Two year,Fiber optic,Electronic check,0,0,126.7,15.0,1,Low,0
CUST_11388,29.0,Male,8,84.07,644.43,Month-to-month,Fiber optic,Credit card (automatic),1,1,116.6,10.0,1,High,1
CUST_11389,61.0,Female,21,113.49,2294.49,One year,Fiber optic,Electronic check,1,3,171.0,5.0,1,High,1
CUST_11390,53.0,Female,8,76.8,638.52,Two year,Fiber optic,Credit card (automatic),1,2,139.8,5.0,0,Low,0
CUST_11391,65.0,Male,1,80.67,82.84,Two year,Fiber optic,Electronic check,0,2,110.0,5.0,1,Medium,1
CUST_11392,21.0,Female,1,80.26,84.24,Month-to-month,Fiber optic,Bank transfer (automatic),1,0,146.9,15.0,1,High,1
CUST_11393,22.0,Female,2,67.72,132.11,Month-to-month,DSL,Mailed check,2,1,108.7,15.0,1,High,1
CUST_11394,73.0,Male,37,81.06,2995.56,Month-to-month,Fiber optic,Mailed check,0,0,115.8,0.0,2,Medium,1
CUST_11395,54.0,Male,72,30.19,2116.39,Two year,No,Electronic check,1,1,72.6,0.0,0,Low,0
CUST_11396,25.0,Male,13,33.61,442.3,Month-to-month,No,Bank transfer (automatic),2,1,119.7,20.0,1,Low,0
CUST_11397,59.0,Male,17,49.7,812.41,One year,DSL,Electronic check,1,0,162.2,0.0,0,Low,0
CUST_11398,66.0,Female,3,99.74,288.07,Month-to-month,Fiber optic,Mailed check,0,1,141.7,20.0,1,High,1
CUST_11399,45.0,Male,19,111.43,2026.53,Month-to-month,Fiber optic,Electronic check,1,0,221.7,5.0,0,High,1
CUST_11400,48.0,Female,3,101.03,308.96,Month-to-month,Fiber optic,Credit card (automatic),2,0,257.6,0.0,1,High,1
CUST_11401,26.0,Male,22,38.79,852.87,Two year,DSL,Electronic check,4,0,119.1,0.0,1,Low,0
CUST_11402,71.0,Male,64,47.5,3075.79,Month-to-month,DSL,Electronic check,4,2,102.5,0.0,0,Medium,1
CUST_11403,68.0,Female,5,21.45,111.32,One year,No,Electronic check,1,1,190.8,10.0,0,Low,0
CUST_11404,46.0,Female,34,25.19,877.04,Month-to-month,No,Mailed check,2,1,155.1,0.0,2,Low,0
CUST_11405,31.0,Male,1,83.01,82.69,Month-to-month,Fiber optic,Electronic check,4,1,191.1,0.0,0,High,1
CUST_11406,57.0,Male,11,53.66,618.85,Month-to-month,DSL,Mailed check,2,1,157.9,15.0,0,Medium,0
CUST_11407,58.0,Male,2,78.99,157.29,Month-to-month,Fiber optic,Credit card (automatic),4,0,131.3,0.0,1,High,1
CUST_11408,39.0,Male,10,94.08,904.34,Month-to-month,Fiber optic,Bank transfer (automatic),2,0,131.5,5.0,0,High,1
CUST_11409,28.0,Female,4,93.28,391.5,Month-to-month,Fiber optic,Bank transfer (automatic),1,1,159.5,5.0,2,High,1
CUST_11410,40.0,Male,11,82.6,865.24,Month-to-month,Fiber optic,Electronic check,1,0,130.5,0.0,3,High,1
CUST_11411,18.0,Male,12,23.7,285.82,Month-to-month,No,Bank transfer (automatic),1,2,194.9,0.0,0,Low,0
CUST_11412,63.0,Male,8,57.72,452.94,Two year,Fiber optic,Electronic check,3,0,81.4,0.0,1,Medium,1
CUST_11413,54.0,Female,25,66.33,1658.84,Two year,DSL,Credit card (automatic),1,0,194.6,0.0,0,Low,0
CUST_11414,38.0,Female,60,60.1,3627.17,Month-to-month,DSL,Electronic check,1,1,55.7,0.0,0,Low,0
CUST_11415,43.0,Male,12,62.93,735.53,One year,DSL,Mailed check,2,0,146.5,5.0,1,Low,0
CUST_11416,63.0,Female,5,74.96,376.93,Two year,Fiber optic,Mailed check,2,1,125.1,5.0,1,Low,0
CUST_11417,53.0,Male,7,25.08,180.06,Month-to-month,No,Credit card (automatic),2,0,71.8,5.0,1,Medium,0
CUST_11418,71.0,Male,46,51.42,2310.09,Two year,DSL,Electronic check,5,1,47.3,0.0,0,Low,0
CUST_11419,40.0,Female,20,76.36,1509.4,Two year,Fiber optic,Bank transfer (automatic),3,2,90.6,0.0,0,Low,0
CUST_11420,74.0,Female,14,87.89,1201.94,Month-to-month,Fiber optic,Electronic check,3,1,142.1,0.0,1,High,1
CUST_11421,18.0,Female,3,53.5,165.64,Month-to-month,DSL,Bank transfer (automatic),2,1,112.9,0.0,0,Medium,1
CUST_11422,71.0,Female,14,22.26,318.65,Two year,No,Credit card (automatic),0,0,93.2,15.0,1,Low,0
CUST_11423,72.0,Male,7,42.62,309.41,Month-to-month,DSL,Mailed check,0,0,200.9,0.0,1,Medium,0
CUST_11424,68.0,Female,68,28.32,1862.22,Month-to-month,No,Mailed check,2,1,84.6,0.0,1,Low,0
CUST_11425,57.0,Male,51,73.58,3592.56,Month-to-month,DSL,Credit card (automatic),1,0,170.6,10.0,1,Low,0
CUST_11426,32.0,Female,2,100.41,193.18,Month-to-month,Fiber optic,Mailed check,3,1,100.0,10.0,0,High,1
CUST_11427,38.0,Male,17,82.96,1362.51,One year,Fiber optic,Mailed check,2,0,89.5,20.0,0,Low,0
CUST_11428,64.0,Female,6,73.54,442.7,One year,Fiber optic,Bank transfer (automatic),0,2,112.8,0.0,0,Medium,0
CUST_11429,26.0,Male,12,32.73,411.26,Two year,DSL,Bank transfer (automatic),0,0,167.9,0.0,1,Low,0
CUST_11430,70.0,Male,50,54.62,2692.01,Month-to-month,DSL,Electronic check,0,0,78.3,0.0,0,Medium,0
CUST_11431,26.0,Female,17,95.37,1695.63,Month-to-month,Fiber optic,Credit card (automatic),2,0,152.9,0.0,0,Medium,1
CUST_11432,27.0,Male,9,54.64,469.05,Month-to-month,DSL,Mailed check,2,1,96.8,5.0,1,Medium,1
CUST_11433,69.0,Male,5,77.71,405.14,Month-to-month,Fiber optic,Electronic check,1,1,104.9,15.0,0,High,1
CUST_11434,74.0,Male,38,76.41,2811.0,Month-to-month,Fiber optic,Credit card (automatic),3,1,158.0,5.0,2,High,1
CUST_11435,70.0,Male,23,86.02,2060.07,Two year,Fiber optic,Mailed check,1,1,237.8,0.0,0,Low,0
CUST_11436,43.0,Male,15,82.13,1177.28,Two year,Fiber optic,Electronic check,2,1,99.0,0.0,0,Medium,0
CUST_11437,58.0,Male,5,81.72,,Month-to-month,Fiber optic,Bank transfer (automatic),1,0,172.4,15.0,0,Medium,0
CUST_11438,52.0,Female,9,101.19,883.46,One year,Fiber optic,Credit card (automatic),2,1,125.9,0.0,0,Medium,1
CUST_11439,69.0,Male,72,103.46,7302.16,Month-to-month,Fiber optic,Credit card (automatic),2,1,118.6,15.0,0,Medium,0
CUST_11440,42.0,Female,17,65.68,1115.55,Month-to-month,Fiber optic,Credit card (automatic),1,1,188.2,10.0,2,High,1
CUST_11441,43.0,Female,12,74.42,882.39,One year,DSL,Credit card (automatic),2,0,102.0,20.0,0,Low,0
CUST_11442,28.0,Male,17,75.68,1308.11,Month-to-month,Fiber optic,Electronic check,0,0,88.1,15.0,1,Medium,0
CUST_11443,55.0,Female,36,23.65,891.83,Two year,No,Mailed check,3,1,160.7,0.0,0,Low,0
CUST_11444,19.0,Female,9,88.71,806.89,One year,Fiber optic,Credit card (automatic),1,1,211.8,10.0,0,Low,0
CUST_11445,24.0,Female,4,82.45,337.1,Month-to-month,Fiber optic,Mailed check,3,0,173.7,0.0,0,High,1
CUST_11446,35.0,Male,21,87.77,1767.23,One year,Fiber optic,Bank transfer (automatic),3,0,76.7,0.0,0,Medium,0
CUST_11447,44.0,Male,26,93.08,2451.01,Month-to-month,Fiber optic,Bank transfer (automatic),2,1,112.3,0.0,0,High,1
CUST_11448,51.0,Female,29,25.62,739.55,Month-to-month,No,Mailed check,5,0,184.1,0.0,0,Low,0
CUST_11449,44.0,Female,51,77.24,4091.21,Month-to-month,Fiber optic,Credit card (automatic),0,0,211.1,0.0,0,Low,0
CUST_11450,34.0,Female,11,24.46,266.05,month-to-month,No,Mailed check,3,0,150.3,0.0,0,Low,0
CUST_11451,60.0,Male,1,18.0,18.32,One year,No,Mailed check,3,0,113.9,5.0,5,High,1
CUST_11452,61.0,Female,72,54.59,3823.63,Month-to-month,DSL,Credit card (automatic),2,0,214.1,20.0,2,Low,0
CUST_11453,68.0,Male,13,72.15,915.38,One year,DSL,Mailed check,1,1,136.6,5.0,0,Low,0
CUST_11454,71.0,Male,23,55.82,1267.96,One year,DSL,Electronic check,0,0,112.7,0.0,2,Medium,0
CUST_11455,41.0,Male,26,70.68,1801.67,Month-to-month,Fiber optic,Mailed check,5,1,105.1,0.0,0,High,1
CUST_11456,42.0,Female,18,62.54,1098.01,Two year,DSL,Credit card (automatic),0,1,86.2,0.0,0,Low,0
CUST_11457,24.0,Male,5,83.68,399.56,Month-to-month,Fiber optic,Bank transfer (automatic),0,0,267.5,5.0,1,Medium,1
CUST_11458,69.0,Male,33,82.65,2819.3,Month-to-month,Fiber optic,Credit card (automatic),1,0,203.9,10.0,0,Medium,0
CUST_11459,23.0,Female,39,54.96,2050.05,Month-to-month,DSL,Bank transfer (automatic),2,1,110.5,0.0,0,Low,0
CUST_11460,70.0,Male,19,62.0,1223.63,Month-to-month,DSL,Electronic check,1,0,217.9,5.0,2,High,1
CUST_11461,41.0,Male,16,20.93,322.34,Month-to-month,No,Credit card (automatic),3,1,164.0,10.0,1,Low,0
CUST_11462,50.0,Male,2,79.91,152.87,One year,Fiber optic,Credit card (automatic),3,0,161.3,0.0,0,Medium,0
CUST_11463,66.0,Female,2,29.51,59.39,Month-to-month,No,Electronic check,2,2,107.7,0.0,2,High,1
CUST_11464,46.0,Male,9,95.5,859.71,Month-to-month,Fiber optic,Electronic check,3,0,116.9,10.0,0,High,1
CUST_11465,60.0,Male,8,81.3,649.83,Two year,Fiber optic,Credit card (automatic),1,2,138.1,5.0,0,Low,0
CUST_11466,39.0,Female,72,63.48,4604.61,One year,Fiber optic,Credit card (automatic),1,1,51.6,0.0,2,Low,0
CUST_11467,43.0,Female,36,84.42,2974.4,Two year,Fiber optic,Credit card (automatic),0,3,118.1,0.0,0,Low,0
CUST_11468,45.0,Male,25,66.56,1691.11,Month-to-month,Fiber optic,Credit card (automatic),3,0,140.2,5.0,0,Medium,1
CUST_11469,67.0,Female,17,53.73,913.63,One year,DSL,Mailed check,0,0,198.9,0.0,1,Low,0
CUST_11470,38.0,Female,4,21.2,83.4,Two year,No,Bank transfer (automatic),2,1,112.3,10.0,0,Low,0
CUST_11471,66.0,Female,72,83.06,6175.58,One year,Fiber optic,Mailed check,2,1,176.5,0.0,1,Low,0
CUST_11472,24.0,Male,11,55.99,629.92,One year,DSL,Electronic check,1,0,47.3,0.0,0,Low,0
CUST_11473,34.0,Female,2,19.1,37.79,Month-to-month,No,Bank transfer (automatic),4,1,192.5,0.0,0,Medium,0
CUST_11474,37.0,Female,16,55.18,913.57,Month-to-month,DSL,Mailed check,0,1,99.5,15.0,1,Low,0
CUST_11475,58.0,Male,49,81.98,4185.84,Month-to-month,DSL,Bank transfer (automatic),3,0,145.9,10.0,0,Low,0
CUST_11476,66.0,Male,52,103.31,5391.93,Month-to-month,Fiber optic,Mailed check,2,3,158.3,15.0,0,Medium,1
CUST_11477,37.0,Male,1,29.35,28.51,Two year,No,Mailed check,4,1,149.5,0.0,0,Low,0
CUST_11478,71.0,Male,52,59.38,3216.15,Month-to-month,DSL,Electronic check,3,0,135.2,10.0,0,Medium,0
CUST_11479,39.0,Female,7,72.44,491.33,Two year,Fiber optic,Electronic check,0,0,84.1,15.0,0,Low,0
CUST_11480,45.0,Male,1,88.81,84.8,Two year,Fiber optic,Electronic check,0,0,100.0,0.0,0,Medium,0
CUST_11481,57.0,Male,45,21.29,941.52,Month-to-month,No,Electronic check,2,0,184.8,20.0,3,Low,0
CUST_11482,66.0,Female,47,89.21,4288.03,Month-to-month,Fiber optic,Credit card (automatic),2,0,113.1,15.0,2,High,1
CUST_11483,24.0,Male,21,37.94,830.46,Two year,No,Electronic check,0,0,135.4,20.0,0,Low,0
CUST_11484,18.0,Female,20,82.35,1669.61,Two year,Fiber optic,Electronic check,1,1,72.9,15.0,0,Low,0
CUST_11485,49.0,Male,40,58.65,2452.0,Month-to-month,DSL,Bank transfer (automatic),0,1,178.6,10.0,0,Low,0
CUST_11486,30.0,Male,37,91.41,3244.3,Month-to-month,Fiber optic,Bank transfer (automatic),1,1,80.6,15.0,1,Medium,0
CUST_11487,47.0,Male,52,60.36,3000.85,Month-to-month,DSL,Electronic check,1,2,181.2,0.0,0,Low,0
CUST_11488,40.0,Male,19,29.25,561.54,One year,No,Credit card (automatic),0,0,92.2,10.0,1,Low,0
CUST_11489,68.0,Male,72,83.39,6283.94,Month-to-month,Fiber optic,Credit card (automatic),1,0,185.7,0.0,1,Low,0
CUST_11490,73.0,Female,72,40.68,2929.76,One year,DSL,Electronic check,2,0,140.5,10.0,1,Low,0
CUST_11491,36.0,Female,2,97.68,186.6,Month-to-month,Fiber optic,Electronic check,4,0,114.9,10.0,1,High,1
CUST_11492,49.0,Male,45,72.25,3160.61,Month-to-month,Fiber optic,Credit card (automatic),1,1,212.0,10.0,1,Medium,1
CUST_11493,47.0,Female,16,83.37,1299.88,Month-to-month,Fiber optic,Credit card (automatic),0,0,136.9,10.0,0,Medium,0
CUST_11494,46.0,Female,11,66.43,718.88,Month-to-month,DSL,Bank transfer (automatic),3,0,123.7,0.0,0,Medium,1
CUST_11495,66.0,Female,22,101.24,2125.63,Month-to-month,Fiber optic,Electronic check,6,0,180.9,5.0,1,High,1
CUST_11496,62.0,Male,1,84.87,88.31,Month-to-month,Fiber optic,Mailed check,2,0,73.4,0.0,0,High,1
CUST_11497,46.0,Male,16,96.23,1542.08,Month-to-month,Fiber optic,Mailed check,1,2,26.3,0.0,0,High,1
CUST_11498,47.0,Male,49,68.51,3414.37,Month-to-month,DSL,Electronic check,1,0,192.1,5.0,0,Low,0
CUST_11499,33.0,Female,5,64.13,306.77,Month-to-month,DSL,Mailed check,1,1,102.4,5.0,0,Medium,1
CUST_11500,57.0,Female,13,71.93,893.4,Two year,Fiber optic,Bank transfer (automatic),1,2,178.9,0.0,0,Low,0
CUST_11501,36.0,Male,67,67.79,4581.2,Month-to-month,Fiber optic,Electronic check,3,0,142.1,0.0,1,Low,0
CUST_11502,35.0,Male,13,22.28,300.86,Month-to-month,No,Credit card (automatic),1,0,87.6,0.0,0,Low,0
CUST_11503,18.0,Female,10,78.49,787.14,One year,Fiber optic,Credit card (automatic),0,1,167.3,10.0,1,Low,0
CUST_11504,31.0,Female,13,22.1,298.15,Two year,No,Electronic check,2,0,121.5,5.0,0,Low,0
CUST_11505,68.0,Female,17,29.11,510.26,Month-to-month,No,Credit card (automatic),5,2,91.5,0.0,0,Medium,0
CUST_11506,64.0,Female,23,46.16,1016.65,One year,DSL,Electronic check,3,0,92.7,10.0,2,Medium,0
CUST_11507,67.0,Male,38,71.11,2621.64,month-to-month,Fiber optic,Credit card (automatic),1,1,62.0,0.0,0,Low,0
CUST_11508,19.0,Female,14,31.2,443.69,One year,No,Electronic check,1,0,158.1,5.0,0,Low,0
CUST_11509,71.0,Female,40,54.67,2174.44,Month-to-month,DSL,Electronic check,2,1,97.9,0.0,0,High,1
CUST_11510,45.0,Male,18,55.64,980.56,One year,DSL,Bank transfer (automatic),1,0,138.4,20.0,0,Low,0
CUST_11511,66.0,Female,9,73.25,653.89,Month-to-month,Fiber optic,Mailed check,0,0,131.8,0.0,1,High,1
CUST_11512,67.0,Female,25,83.34,2072.08,One year,Fiber optic,Credit card (automatic),2,1,97.6,10.0,1,Low,0
CUST_11513,47.0,Male,30,99.04,3093.18,One year,Fiber optic,Mailed check,3,2,71.5,5.0,1,High,1
CUST_11514,55.0,Female,19,67.37,1229.27,Month-to-month,DSL,Electronic check,1,1,254.0,0.0,1,High,1
CUST_11515,68.0,Female,1,50.37,49.26,Two year,DSL,Mailed check,5,0,137.8,0.0,1,Low,0
CUST_11516,21.0,Female,4,66.69,267.76,Month-to-month,Fiber optic,Mailed check,5,1,222.1,0.0,0,High,1
CUST_11517,18.0,Male,8,50.15,409.16,Two year,DSL,Mailed check,0,0,192.4,10.0,1,Low,0
CUST_11518,25.0,Male,7,75.64,536.4,Month-to-month,Fiber optic,Bank transfer (automatic),2,0,125.5,0.0,0,High,1
CUST_11519,46.0,Female,26,70.55,1915.31,Month-to-month,DSL,Bank transfer (automatic),2,1,148.1,10.0,0,Medium,0
CUST_11520,72.0,Male,1,30.43,31.33,Month-to-month,No,Credit card (automatic),2,1,146.8,5.0,0,Medium,0
CUST_11521,56.0,Female,33,95.06,3154.88,Two year,Fiber optic,Credit card (automatic),0,1,223.0,0.0,1,Low,0
CUST_11522,20.0,Female,7,83.11,565.17,Month-to-month,Fiber optic,Electronic check,0,1,177.3,0.0,1,High,1
CUST_11523,49.0,Male,8,84.29,671.01,Month-to-month,Fiber optic,Bank transfer (automatic),0,0,103.7,15.0,0,Medium,0
CUST_11524,27.0,Female,18,48.12,882.91,Month-to-month,DSL,Mailed check,1,1,155.8,0.0,1,Medium,0
CUST_11525,27.0,Male,5,53.01,274.01,One year,DSL,Bank transfer (automatic),3,0,176.2,0.0,0,Low,0
CUST_11526,36.0,Male,51,28.19,1503.79,Month-to-month,No,Mailed check,1,1,87.1,5.0,0,Low,0
CUST_11527,63.0,Female,2,83.94,169.65,Month-to-month,Fiber optic,Credit card (automatic),3,1,162.2,0.0,0,High,1
CUST_11528,51.0,Female,14,25.6,359.36,Month-to-month,No,Bank transfer (automatic),3,0,200.5,0.0,1,Low,0
CUST_11529,50.0,Female,45,78.7,3370.69,Month-to-month,Fiber optic,Credit card (automatic),1,2,101.4,0.0,0,Medium,1
CUST_11530,40.0,Female,22,68.11,1434.3,Month-to-month,DSL,Credit card (automatic),2,1,107.6,20.0,0,Medium,0
CUST_11531,72.0,Male,8,78.37,605.4,Month-to-month,Fiber optic,Credit card (automatic),0,1,192.2,0.0,1,High,1
CUST_11532,45.0,Female,13,18.0,223.58,One year,No,Credit card (automatic),7,0,124.1,20.0,1,Low,0
CUST_11533,49.0,Female,29,42.52,1220.86,Month-to-month,DSL,Mailed check,0,0,95.8,0.0,0,Low,0
CUST_11534,67.0,Female,72,55.94,3961.98,Month-to-month,DSL,Electronic check,2,0,179.7,0.0,0,Low,0
CUST_11535,24.0,Female,53,30.01,1612.38,Month-to-month,No,Mailed check,4,0,166.0,15.0,1,Low,0
CUST_11536,46.0,Male,10,94.02,943.55,Two year,Fiber optic,Electronic check,3,0,144.2,0.0,1,Medium,0
CUST_11537,25.0,Female,72,85.25,6196.91,Two year,Fiber optic,Mailed check,2,1,190.6,0.0,0,Low,0
CUST_11538,18.0,Male,1,27.77,27.69,Two year,No,Mailed check,1,0,193.8,0.0,1,Low,0
CUST_11539,74.0,Male,1,78.31,76.57,Month-to-month,Fiber optic,Mailed check,1,2,136.3,20.0,0,High,1
CUST_11540,72.0,Male,41,88.24,3781.66,Month-to-month,Fiber optic,Credit card (automatic),2,1,228.8,0.0,0,Low,0
CUST_11541,20.0,Female,5,72.44,347.22,Month-to-month,DSL,Credit card (automatic),1,1,211.3,10.0,1,High,1
CUST_11542,41.0,Female,1,45.04,47.02,Month-to-month,DSL,Electronic check,3,0,50.7,5.0,0,High,1
CUST_11543,40.0,Female,6,66.6,392.06,Month-to-month,Fiber optic,Mailed check,2,0,93.6,0.0,0,High,1
CUST_11544,25.0,Female,13,93.44,1216.26,One year,Fiber optic,Mailed check,0,1,38.5,0.0,0,Medium,0
CUST_11545,71.0,Female,31,88.89,2647.8,Two year,Fiber optic,Mailed check,2,0,125.4,15.0,1,Low,0
CUST_11546,74.0,Female,23,71.56,1575.26,Two year,Fiber optic,Credit card (automatic),2,0,85.5,10.0,3,Medium,0
CUST_11547,64.0,Male,6,23.03,137.21,Month-to-month,No,Mailed check,3,2,103.4,5.0,0,Low,0
CUST_11548,54.0,Male,16,29.48,483.08,One year,No,Bank transfer (automatic),1,1,189.1,0.0,0,Low,0
CUST_11549,20.0,Male,62,41.87,2536.07,Month-to-month,DSL,Credit card (automatic),5,0,61.0,0.0,0,Low,0
CUST_11550,68.0,Female,40,81.12,3265.03,Month-to-month,Fiber optic,Credit card (automatic),2,1,145.8,5.0,0,High,1
CUST_11551,50.0,Female,9,24.58,216.32,One year,No,Electronic check,1,0,145.6,5.0,0,Low,0
CUST_11552,45.0,Male,72,56.94,4054.01,Month-to-month,DSL,Bank transfer (automatic),2,0,136.3,10.0,1,Low,0
CUST_11553,64.0,Male,29,75.9,2290.56,Month-to-month,Fiber optic,Mailed check,2,0,145.9,0.0,0,Medium,0
CUST_11554,25.0,Female,1,25.22,26.12,Month-to-month,No,Electronic check,2,0,39.5,20.0,1,Low,0
CUST_11555,51.0,Male,1,57.02,57.11,One year,DSL,Electronic check,1,1,103.6,0.0,0,Medium,0
CUST_11556,52.0,Female,4,65.4,254.75,One year,DSL,Mailed check,1,0,209.4,0.0,0,Low,0
CUST_11557,49.0,Female,31,58.94,1771.08,Month-to-month,DSL,Mailed check,1,0,86.1,15.0,0,Low,0
CUST_11558,41.0,Male,4,91.1,380.95,Two year,Fiber optic,Electronic check,4,2,215.0,5.0,0,High,1
CUST_11559,31.0,Male,17,65.91,1087.16,Month-to-month,Fiber optic,Bank transfer (automatic),2,0,76.7,0.0,0,High,1
CUST_11560,49.0,Female,2,45.4,93.6,Month-to-month,DSL,Bank transfer (automatic),1,1,71.3,10.0,0,Medium,1
CUST_11561,73.0,Female,60,92.27,5463.66,One year,Fiber optic,Electronic check,1,2,97.2,0.0,0,Low,0
CUST_11562,63.0,Female,10,79.78,836.55,One year,Fiber optic,Electronic check,1,1,190.8,0.0,0,Medium,1
CUST_11563,60.0,Female,57,42.63,2397.87,Two year,DSL,Credit card (automatic),2,0,115.4,5.0,1,Low,0
CUST_11564,33.0,Male,69,50.8,3453.15,Month-to-month,DSL,Electronic check,0,0,155.5,0.0,0,Low,0
CUST_11565,21.0,Male,1,34.25,34.72,One year,DSL,Credit card (automatic),3,1,143.3,0.0,1,Low,0
CUST_11566,69.0,Female,14,74.12,1085.57,One year,DSL,Bank transfer (automatic),4,0,137.5,0.0,0,Medium,0
CUST_11567,54.0,Female,1,19.2,20.11,Two year,No,Electronic check,2,0,197.3,0.0,2,Low,0
CUST_11568,71.0,Male,57,70.86,4122.71,Month-to-month,DSL,Electronic check,1,1,174.7,0.0,1,Medium,0
CUST_11569,38.0,Female,17,82.2,1432.98,One year,Fiber optic,Electronic check,5,0,88.6,15.0,1,High,1
CUST_11570,31.0,Female,1,79.99,80.5,One year,Fiber optic,Electronic check,0,1,127.6,5.0,0,Medium,0
CUST_11571,48.0,Male,2,84.0,172.3,Month-to-month,Fiber optic,Electronic check,2,1,218.5,0.0,1,High,1
CUST_11572,72.0,Male,11,71.77,817.87,Month-to-month,Fiber optic,Bank transfer (automatic),1,1,154.4,5.0,0,High,1
CUST_11573,65.0,Female,67,79.78,5337.83,Month-to-month,Fiber optic,Electronic check,0,0,72.1,10.0,1,Low,0
CUST_11574,35.0,Male,28,91.4,2589.88,One year,Fiber optic,Mailed check,1,2,75.3,5.0,1,Low,0
CUST_11575,24.0,Male,48,62.75,3023.24,Two year,DSL,Bank transfer (automatic),1,2,180.1,0.0,1,Low,0
CUST_11576,27.0,Male,10,18.09,182.03,One year,No,Electronic check,5,1,171.6,0.0,0,Low,0
CUST_11577,24.0,Female,1,79.33,82.42,One year,Fiber optic,Electronic check,2,1,98.5,15.0,0,High,1
CUST_11578,50.0,Female,72,39.06,2771.71,Month-to-month,DSL,Electronic check,2,0,173.6,0.0,1,Low,0
CUST_11579,40.0,Female,1,60.23,58.47,Month-to-month,DSL,Electronic check,0,1,212.0,0.0,0,High,1
CUST_11580,38.0,Male,70,88.83,6190.91,Month-to-month,Fiber optic,Bank transfer (automatic),0,2,205.6,5.0,0,Low,0
CUST_11581,36.0,Female,11,19.44,207.6,Month-to-month,No,Electronic check,3,1,212.2,0.0,0,Medium,0
CUST_11582,65.0,Female,1,58.05,58.04,Month-to-month,DSL,Credit card (automatic),2,1,165.0,20.0,0,Medium,0
CUST_11583,36.0,Female,28,71.65,2087.15,Month-to-month,Fiber optic,Mailed check,5,0,132.0,15.0,1,High,1
CUST_11584,53.0,Female,72,38.03,2770.32,Month-to-month,DSL,Mailed check,6,0,121.9,5.0,0,Low,0
CUST_11585,46.0,Male,72,84.41,6293.54,Month-to-month,Fiber optic,Mailed check,0,0,139.2,10.0,1,Low,0
CUST_11586,35.0,Female,4,37.04,143.21,Month-to-month,DSL,Bank transfer (automatic),0,0,100.6,0.0,2,Medium,0
CUST_11587,19.0,Male,4,71.3,296.63,Month-to-month,Fiber optic,Electronic check,1,1,123.8,10.0,1,High,1
CUST_11588,18.0,Female,20,32.01,646.72,Month-to-month,No,Electronic check,1,2,197.4,5.0,1,Low,0
CUST_11589,64.0,Male,24,80.3,1836.96,Two year,Fiber optic,Mailed check,2,0,67.6,0.0,0,Low,0
CUST_11590,22.0,Male,32,55.36,1795.1,Two year,DSL,Electronic check,1,3,70.7,15.0,2,Low,0
CUST_11591,37.0,Male,4,104.35,436.24,One year,Fiber optic,Mailed check,1,0,177.4,15.0,0,Low,0
CUST_11592,28.0,Female,72,30.85,2127.72,Month-to-month,DSL,Bank transfer (automatic),0,1,124.2,20.0,0,Low,0
CUST_11593,59.0,Male,24,55.15,1334.51,One year,DSL,Mailed check,5,1,53.3,10.0,1,Medium,0
CUST_11594,19.0,Female,45,32.7,1532.64,month-to-month,DSL,Bank transfer (automatic),0,1,137.2,0.0,1,Low,0
CUST_11595,20.0,Male,18,62.32,1066.76,One year,DSL,Mailed check,5,1,130.8,0.0,0,Medium,0
CUST_11596,40.0,Male,12,49.45,601.17,Month-to-month,DSL,Bank transfer (automatic),0,1,120.6,0.0,1,Low,0
CUST_11597,72.0,Female,72,30.04,2157.45,One year,No,Bank transfer (automatic),0,0,170.9,0.0,1,Low,0
CUST_11598,29.0,Male,20,46.86,922.86,Two year,DSL,Mailed check,1,0,80.0,0.0,4,Low,0
CUST_11599,37.0,Male,48,24.84,1207.53,One year,No,Bank transfer (automatic),0,2,140.6,5.0,0,Low,0
CUST_11600,22.0,Female,72,26.45,1819.22,One year,No,Credit card (automatic),3,0,130.5,5.0,0,Low,0
CUST_11601,54.0,Male,27,120.0,3321.99,Month-to-month,Fiber optic,Mailed check,0,1,141.7,0.0,2,High,1
CUST_11602,55.0,Male,19,102.61,1852.98,Month-to-month,Fiber optic,Mailed check,2,0,62.1,5.0,1,High,1
CUST_11603,47.0,Male,1,75.44,73.98,Month-to-month,Fiber optic,Bank transfer (automatic),0,1,116.5,0.0,0,High,1
CUST_11604,26.0,Female,1,21.97,21.98,One year,No,Bank transfer (automatic),1,3,140.9,5.0,0,Low,0
CUST_11605,51.0,Female,5,94.04,464.42,Month-to-month,Fiber optic,Electronic check,3,0,164.4,20.0,1,High,1
CUST_11606,70.0,Female,4,61.84,242.6,Month-to-month,DSL,Credit card (automatic),3,1,223.1,5.0,0,Medium,1
CUST_11607,61.0,Female,7,28.75,207.91,Month-to-month,No,Electronic check,2,0,176.3,0.0,1,Medium,0
CUST_11608,52.0,Male,8,100.03,835.04,Month-to-month,Fiber optic,Bank transfer (automatic),3,2,160.8,0.0,0,High,1
CUST_11609,69.0,Male,10,40.8,423.25,Month-to-month,DSL,Bank transfer (automatic),1,0,197.2,10.0,1,Medium,1
CUST_11610,39.0,Female,13,80.6,1050.15,One year,Fiber optic,Credit card (automatic),0,1,126.3,5.0,0,Low,0
CUST_11611,61.0,Male,2,80.84,167.89,One year,Fiber optic,Electronic check,3,1,209.9,20.0,1,High,1
CUST_11612,41.0,Male,1,61.01,63.58,Month-to-month,DSL,Bank transfer (automatic),0,0,190.4,0.0,0,Medium,0
CUST_11613,34.0,Male,26,89.38,2302.79,Month-to-month,Fiber optic,Mailed check,3,2,119.9,0.0,0,High,1
CUST_11614,27.0,Male,18,88.5,1558.5,Month-to-month,Fiber optic,Electronic check,1,1,226.6,0.0,1,High,1
CUST_11615,47.0,Female,14,26.21,352.2,Two year,No,Electronic check,4,1,160.1,10.0,0,Low,0
CUST_11616,73.0,Male,24,60.39,1446.33,Month-to-month,Fiber optic,Bank transfer (automatic),2,1,238.7,5.0,0,Medium,1
CUST_11617,63.0,Female,42,26.12,1146.0,Month-to-month,No,Mailed check,4,0,153.6,0.0,0,Low,0
CUST_11618,40.0,Male,13,19.79,258.84,Month-to-month,No,Electronic check,1,0,114.7,0.0,0,Low,0
CUST_11619,49.0,Female,24,105.03,2562.96,One year,Fiber optic,Bank transfer (automatic),0,1,105.5,5.0,0,Medium,0
CUST_11620,34.0,Male,72,66.66,4613.72,Two year,Fiber optic,Bank transfer (automatic),0,1,124.0,20.0,0,Low,0
CUST_11621,67.0,Male,43,49.6,2056.77,Two year,DSL,Bank transfer (automatic),3,0,114.3,0.0,0,Low,0
CUST_11622,-5.0,Female,13,45.67,591.6,One year,DSL,Credit card (automatic),2,0,197.2,0.0,0,Low,0
CUST_11623,34.0,Female,24,90.87,2279.3,Month-to-month,Fiber optic,Mailed check,1,0,138.7,0.0,0,Medium,0
CUST_11624,31.0,Male,4,51.49,203.09,Month-to-month,DSL,Credit card (automatic),2,1,67.4,0.0,0,Medium,0
CUST_11625,26.0,Male,19,91.73,1808.66,Month-to-month,Fiber optic,Credit card (automatic),2,1,149.6,5.0,1,High,1
CUST_11626,57.0,Male,72,28.1,1946.38,Month-to-month,No,Electronic check,0,1,145.6,0.0,1,Low,0
CUST_11627,19.0,Male,17,87.91,1511.96,Month-to-month,Fiber optic,Electronic check,2,1,118.9,5.0,0,High,1
CUST_11628,62.0,Male,63,79.2,5039.8,Month-to-month,Fiber optic,Mailed check,1,1,152.0,15.0,0,Low,0
CUST_11629,42.0,Male,12,84.66,1052.48,Month-to-month,Fiber optic,Mailed check,1,0,138.0,0.0,1,High,1
CUST_11630,56.0,Male,72,32.74,2240.2,Two year,No,Bank transfer (automatic),2,0,168.5,10.0,0,Low,0
CUST_11631,26.0,Male,20,61.3,1187.99,One year,DSL,Bank transfer (automatic),1,1,165.9,15.0,1,Low,0
CUST_11632,71.0,Female,1,18.0,17.5,Two year,No,Bank transfer (automatic),0,1,156.4,0.0,1,Low,0
CUST_11633,39.0,Female,21,90.15,1978.34,One year,Fiber optic,Mailed check,0,2,81.6,0.0,0,Low,0
CUST_11634,60.0,Female,7,83.54,564.53,Month-to-month,Fiber optic,Electronic check,3,0,235.4,10.0,0,High,1
CUST_11635,63.0,Male,1,80.97,77.22,One year,Fiber optic,Credit card (automatic),1,0,70.0,10.0,0,Medium,1
CUST_11636,21.0,Male,41,52.41,2156.22,Month-to-month,DSL,Electronic check,2,6,134.2,0.0,1,High,1
CUST_11637,43.0,Female,7,39.38,276.45,One year,DSL,Credit card (automatic),2,2,90.8,0.0,0,Low,0
CUST_11638,46.0,Male,38,50.32,1977.95,Month-to-month,DSL,Electronic check,2,0,157.8,5.0,0,Medium,0
CUST_11639,62.0,Male,8,83.77,700.24,Two year,Fiber optic,Credit card (automatic),1,0,146.2,0.0,0,Low,0
CUST_11640,51.0,Female,5,28.64,143.75,Month-to-month,No,Electronic check,1,2,132.4,10.0,0,Medium,0
CUST_11641,40.0,Female,72,73.42,5513.55,Month-to-month,Fiber optic,Electronic check,4,1,208.3,5.0,0,Low,0
CUST_11642,54.0,Female,10,23.98,245.2,Two year,No,Electronic check,1,3,189.9,15.0,0,Low,0
CUST_11643,28.0,Male,22,101.64,2183.43,month-to-month,Fiber optic,Bank transfer (automatic),1,1,125.3,5.0,3,High,1
CUST_11644,23.0,Male,22,49.63,1138.64,One year,DSL,Credit card (automatic),5,0,176.2,5.0,0,Low,0
CUST_11645,35.0,Female,19,95.25,1840.05,One year,Fiber optic,Mailed check,3,1,210.4,5.0,0,Low,0
CUST_11646,38.0,Male,59,91.56,5355.63,Two year,Fiber optic,Credit card (automatic),2,3,189.6,0.0,0,Low,0
CUST_11647,59.0,Female,26,67.96,1798.81,Two year,DSL,Bank transfer (automatic),2,0,133.9,10.0,0,Low,0
CUST_11648,53.0,Female,12,67.6,803.19,Two year,Fiber optic,Bank transfer (automatic),2,1,68.4,5.0,0,Medium,0
CUST_11649,58.0,Female,47,82.59,3731.97,Month-to-month,Fiber optic,Credit card (automatic),5,2,154.6,10.0,0,High,1
CUST_11650,55.0,Male,4,37.77,154.39,Two year,DSL,Electronic check,2,1,170.1,10.0,0,Low,0
CUST_11651,51.0,Male,18,58.11,1079.88,One year,DSL,Mailed check,0,0,105.4,5.0,0,Low,0
CUST_11652,34.0,Female,72,26.1,1922.2,One year,No,Credit card (automatic),6,1,141.0,0.0,0,Low,0
CUST_11653,54.0,Female,23,104.35,2335.04,Month-to-month,Fiber optic,Credit card (automatic),4,1,136.3,15.0,1,High,1
CUST_11654,42.0,Female,40,42.32,1770.1,One year,DSL,Credit card (automatic),0,1,202.4,0.0,3,Low,0
CUST_11655,55.0,Male,25,56.61,1348.06,Two year,DSL,Credit card (automatic),1,0,223.4,20.0,0,Low,0
CUST_11656,29.0,Male,43,63.46,2683.12,Two year,Fiber optic,Electronic check,4,1,192.9,0.0,1,Low,0
CUST_11657,40.0,Female,69,50.91,3428.52,Month-to-month,DSL,Credit card (automatic),1,1,136.1,0.0,0,Low,0
CUST_11658,70.0,Female,7,101.31,677.12,Month-to-month,Fiber optic,Mailed check,3,0,191.6,15.0,0,High,1
CUST_11659,59.0,Female,4,68.61,271.85,Month-to-month,Fiber optic,Credit card (automatic),0,1,169.2,10.0,0,High,1
CUST_11660,39.0,Male,15,103.11,1565.69,Two year,Fiber optic,Mailed check,3,1,136.6,10.0,0,Low,0
CUST_11661,38.0,Female,29,89.59,2697.5,One year,Fiber optic,Mailed check,0,0,234.2,0.0,1,Low,0
CUST_11662,44.0,Female,6,44.05,277.24,Month-to-month,DSL,Mailed check,2,3,106.8,15.0,0,Medium,1
CUST_11663,74.0,Female,1,55.22,56.92,Month-to-month,DSL,Electronic check,4,0,167.2,5.0,1,High,1
CUST_11664,48.0,Male,10,26.42,263.37,Month-to-month,No,Electronic check,0,2,177.8,0.0,3,Medium,1
CUST_11665,23.0,Male,72,63.93,4705.93,Month-to-month,DSL,Credit card (automatic),1,0,127.1,15.0,1,Low,0
CUST_11666,44.0,Female,28,90.68,2626.29,Two year,Fiber optic,Credit card (automatic),0,0,165.2,5.0,0,Low,0
CUST_11667,57.0,Male,12,29.77,356.0,One year,No,Electronic check,2,0,182.5,0.0,0,Low,0
CUST_11668,51.0,Male,5,23.12,118.9,Month-to-month,No,Bank transfer (automatic),2,1,151.0,5.0,0,Low,0
CUST_11669,29.0,Female,10,84.34,841.94,Month-to-month,Fiber optic,Bank transfer (automatic),4,0,161.3,5.0,1,High,1
CUST_11670,62.0,Male,4,18.65,73.75,Month-to-month,DSL,Mailed check,4,0,144.7,15.0,0,Medium,1
CUST_11671,74.0,Female,2,27.84,55.83,Two year,No,Electronic check,0,0,175.9,0.0,1,Low,0
CUST_11672,70.0,Male,56,60.51,3448.15,Month-to-month,DSL,Credit card (automatic),2,0,129.7,10.0,1,Low,0
CUST_11673,24.0,Female,72,33.05,2433.59,Month-to-month,No,Bank transfer (automatic),3,2,126.0,10.0,0,Low,0
CUST_11674,27.0,Female,4,86.64,341.6,Month-to-month,Fiber optic,Mailed check,1,2,140.9,0.0,0,High,1
CUST_11675,62.0,Male,1,81.11,81.69,One year,Fiber optic,Bank transfer (automatic),0,0,193.3,0.0,0,Medium,0
CUST_11676,34.0,Male,9,91.03,852.85,One year,Fiber optic,Electronic check,0,0,61.4,5.0,0,Medium,0
CUST_11677,43.0,Male,14,36.08,529.18,One year,DSL,Mailed check,0,1,99.1,10.0,1,Low,0
CUST_11678,38.0,Male,5,19.03,92.55,Month-to-month,No,Electronic check,2,0,242.4,5.0,0,Low,0
CUST_11679,45.0,Female,8,29.98,232.47,Month-to-month,No,Electronic check,1,2,152.4,10.0,1,Medium,0
CUST_11680,63.0,Female,5,81.27,413.53,Month-to-month,Fiber optic,Bank transfer (automatic),1,1,121.7,5.0,2,High,1
CUST_11681,19.0,Male,35,82.93,2877.79,One year,Fiber optic,Credit card (automatic),1,1,175.8,5.0,1,Low,0
CUST_11682,71.0,Male,29,33.44,923.62,Month-to-month,No,Mailed check,1,1,104.7,0.0,0,Low,0
CUST_11683,60.0,Male,24,61.32,1449.14,One year,DSL,Electronic check,4,1,45.4,0.0,0,Medium,1
CUST_11684,18.0,Female,11,92.77,1051.77,Two year,Fiber optic,Bank transfer (automatic),1,1,156.0,10.0,0,Low,0
CUST_11685,68.0,Male,57,60.07,3525.83,Two year,DSL,Credit card (automatic),1,0,107.1,10.0,0,Low,0
CUST_11686,70.0,Female,72,50.99,3669.33,Month-to-month,DSL,Bank transfer (automatic),1,0,144.6,5.0,0,Low,0
CUST_11687,53.0,Female,4,68.0,271.25,Month-to-month,DSL,Credit card (automatic),1,0,154.8,5.0,0,Medium,1
CUST_11688,68.0,Female,6,51.01,308.49,Month-to-month,DSL,Mailed check,3,4,146.4,5.0,2,High,1
CUST_11689,43.0,Male,17,86.87,1435.35,One year,Fiber optic,Bank transfer (automatic),2,0,63.1,0.0,0,Medium,0
CUST_11690,46.0,Female,2,,63.24,Two year,No,Electronic check,2,2,141.2,5.0,1,Low,0
CUST_11691,38.0,Male,13,45.33,560.48,Month-to-month,DSL,Mailed check,3,0,160.0,0.0,0,Medium,0
CUST_11692,28.0,Male,20,74.28,1481.97,Month-to-month,Fiber optic,Mailed check,2,0,77.0,5.0,0,Medium,1
CUST_11693,57.0,Female,17,104.04,1739.68,Two year,Fiber optic,Mailed check,0,0,71.6,5.0,0,Low,0
CUST_11694,28.0,Female,9,66.97,613.27,Two year,DSL,Credit card (automatic),2,0,91.9,10.0,0,Low,0
CUST_11695,53.0,Male,18,83.32,1520.51,Month-to-month,Fiber optic,Credit card (automatic),2,1,173.6,0.0,1,High,1
CUST_11696,66.0,Male,72,99.07,7048.04,One year,Fiber optic,Electronic check,4,4,50.1,0.0,0,High,1
CUST_11697,56.0,Male,5,54.97,261.31,Month-to-month,DSL,Electronic check,2,1,177.3,0.0,0,High,1
CUST_11698,57.0,Male,25,80.14,1953.87,Month-to-month,Fiber optic,Mailed check,2,1,157.6,10.0,1,High,1
CUST_11699,52.0,Male,1,33.19,33.63,Two year,DSL,Electronic check,1,0,128.4,0.0,0,Low,0
CUST_11700,71.0,Male,1,80.76,77.31,Two year,Fiber optic,Bank transfer (automatic),1,0,73.4,0.0,1,Medium,0
CUST_11701,51.0,Male,19,62.95,1149.12,One year,DSL,Credit card (automatic),2,0,104.2,20.0,0,Low,0
CUST_11702,72.0,Female,2,76.8,155.86,Month-to-month,Fiber optic,Credit card (automatic),3,2,175.2,0.0,0,High,1
CUST_11703,64.0,Female,1,98.3,100.81,Two year,Fiber optic,Bank transfer (automatic),1,1,196.6,0.0,1,Medium,0
CUST_11704,41.0,Female,4,102.08,401.03,Month-to-month,Fiber optic,Credit card (automatic),2,0,93.6,5.0,0,High,1
CUST_11705,,Male,19,24.46,464.26,Month-to-month,No,Mailed check,1,1,191.4,10.0,0,Low,0
CUST_11706,39.0,Female,29,21.68,656.74,Month-to-month,No,Electronic check,0,2,170.9,5.0,0,Low,0
CUST_11707,22.0,Female,5,78.71,411.08,Month-to-month,Fiber optic,Mailed check,1,0,139.7,5.0,0,Medium,1
CUST_11708,73.0,Female,26,64.6,1647.27,One year,DSL,Mailed check,0,3,106.8,0.0,1,Low,0
CUST_11709,50.0,Female,4,62.58,258.08,One year,DSL,Bank transfer (automatic),4,0,113.8,0.0,1,High,1
CUST_11710,53.0,Female,22,31.34,695.96,Month-to-month,No,Electronic check,1,0,222.0,0.0,2,Low,0
CUST_11711,64.0,Female,12,75.77,952.47,Month-to-month,Fiber optic,Mailed check,1,0,148.0,0.0,1,High,1
CUST_11712,37.0,Male,25,58.76,1465.71,Month-to-month,DSL,Mailed check,2,1,199.8,5.0,0,Medium,0
CUST_11713,36.0,Female,72,96.27,7121.85,Month-to-month,Fiber optic,Credit card (automatic),2,3,150.9,0.0,0,Medium,1
CUST_11714,52.0,Female,66,77.54,5254.86,One year,Fiber optic,Mailed check,0,0,119.6,5.0,0,Low,0
CUST_11715,69.0,Female,1,18.86,18.86,Two year,No,Bank transfer (automatic),1,1,166.3,5.0,1,Low,0
CUST_11716,60.0,Female,51,82.01,4306.16,Month-to-month,DSL,Bank transfer (automatic),0,2,237.1,0.0,0,Low,0
CUST_11717,34.0,Male,1,94.4,92.14,Month-to-month,Fiber optic,Electronic check,1,0,111.0,0.0,0,High,1
CUST_11718,62.0,Male,72,81.8,5667.12,One year,Fiber optic,Bank transfer (automatic),5,1,181.1,0.0,2,Medium,1
CUST_11719,60.0,Female,7,50.29,349.4,Two year,DSL,Credit card (automatic),0,0,148.6,0.0,1,Low,0
CUST_11720,51.0,Female,11,62.91,722.71,Month-to-month,DSL,Mailed check,1,2,74.8,10.0,0,Medium,1
CUST_11721,26.0,Female,2,95.41,190.83,Month-to-month,Fiber optic,Credit card (automatic),1,3,73.8,10.0,0,High,1
CUST_11722,43.0,Male,2,23.37,47.37,One year,No,Electronic check,3,0,119.7,10.0,0,Low,0
CUST_11723,19.0,Male,31,86.1,2702.24,Month-to-month,Fiber optic,Electronic check,1,0,155.6,5.0,0,Medium,1
CUST_11724,70.0,Female,69,83.64,5559.11,Month-to-month,Fiber optic,Credit card (automatic),1,0,179.5,0.0,1,Medium,0
CUST_11725,26.0,Female,22,24.27,528.08,One year,No,Credit card (automatic),1,0,69.3,10.0,0,Low,0
CUST_11726,26.0,Female,30,108.26,3315.01,One year,Fiber optic,Credit card (automatic),2,1,169.4,5.0,1,Low,0
CUST_11727,57.0,Male,34,73.7,2624.07,One year,Fiber optic,Bank transfer (automatic),3,2,134.7,0.0,0,Low,0
CUST_11728,34.0,Female,7,56.79,384.33,One year,DSL,Credit card (automatic),1,2,140.1,15.0,0,Low,0
CUST_11729,18.0,Male,1,33.04,32.74,One year,No,Credit card (automatic),0,0,166.5,0.0,0,Low,0
CUST_11730,42.0,Female,1,73.46,70.49,Month-to-month,Fiber optic,Credit card (automatic),1,1,218.6,5.0,1,High,1
CUST_11731,60.0,Male,10,18.0,175.36,Month-to-month,No,Bank transfer (automatic),2,1,153.7,5.0,2,Medium,1
CUST_11732,57.0,Male,6,58.08,344.19,Month-to-month,DSL,Mailed check,1,0,78.9,10.0,0,Medium,0
CUST_11733,59.0,Female,1,96.94,97.33,Month-to-month,Fiber optic,Credit card (automatic),2,0,131.6,15.0,1,High,1
CUST_11734,42.0,Female,4,60.43,235.21,One year,DSL,Mailed check,2,2,178.3,15.0,0,Low,0
CUST_11735,56.0,Male,3,81.33,237.34,Two year,Fiber optic,Mailed check,4,0,179.8,5.0,1,Medium,1
CUST_11736,52.0,Female,59,85.6,5190.72,Two year,Fiber optic,Mailed check,1,0,170.0,5.0,1,Low,0
CUST_11737,20.0,Male,3,54.25,170.28,One year,DSL,Bank transfer (automatic),3,0,117.0,0.0,0,Medium,0
CUST_11738,67.0,Male,18,18.0,318.29,Month-to-month,No,Mailed check,4,1,78.4,0.0,1,Medium,1
CUST_11739,54.0,Male,21,91.85,1965.11,Month-to-month,Fiber optic,Electronic check,2,0,166.5,15.0,0,Medium,1
CUST_11740,61.0,Male,18,67.51,1185.78,Two year,Fiber optic,Credit card (automatic),3,1,85.4,0.0,1,Low,0
CUST_11741,61.0,Male,2,50.96,106.28,One year,DSL,Mailed check,1,2,171.2,0.0,0,Low,0
CUST_11742,68.0,Male,9,80.15,733.82,One year,Fiber optic,Bank transfer (automatic),1,0,171.2,0.0,0,Medium,0
CUST_11743,47.0,Male,1,82.78,85.29,One year,Fiber optic,Electronic check,2,1,119.0,0.0,0,Medium,1
CUST_11744,55.0,Female,12,75.76,868.15,One year,Fiber optic,Electronic check,5,1,134.9,0.0,1,High,1
CUST_11745,51.0,Male,5,56.61,285.84,Two year,DSL,Electronic check,0,2,148.9,0.0,1,Medium,0
CUST_11746,29.0,Female,19,112.29,2139.4,Month-to-month,Fiber optic,Bank transfer (automatic),4,2,112.3,0.0,1,High,1
CUST_11747,36.0,Male,28,96.28,2640.04,One year,Fiber optic,Electronic check,2,2,77.8,0.0,1,Medium,1
CUST_11748,54.0,Female,18,35.11,616.97,Two year,No,Credit card (automatic),1,0,138.2,0.0,0,Low,0
CUST_11749,61.0,Male,13,27.63,362.06,Month-to-month,No,Electronic check,2,1,142.9,15.0,0,Low,0
CUST_11750,66.0,Male,11,60.92,683.96,One year,DSL,Electronic check,0,1,201.2,5.0,0,Low,0
CUST_11751,34.0,Male,44,81.63,3424.05,Month-to-month,Fiber optic,Electronic check,1,1,104.8,5.0,3,High,1
CUST_11752,27.0,Male,5,60.36,303.83,Two year,DSL,Electronic check,1,0,188.1,5.0,0,Low,0
CUST_11753,74.0,Male,31,84.82,2542.77,Month-to-month,Fiber optic,Bank transfer (automatic),1,0,88.4,0.0,0,High,1
CUST_11754,72.0,Female,34,108.67,3561.9,One year,Fiber optic,Credit card (automatic),3,0,79.5,10.0,1,Medium,0
CUST_11755,66.0,Female,13,41.75,549.43,Month-to-month,DSL,Bank transfer (automatic),2,0,126.5,15.0,0,Medium,1
CUST_11756,64.0,Female,8,86.75,680.87,One year,Fiber optic,Electronic check,1,1,97.7,0.0,0,High,1
CUST_11757,29.0,Female,15,79.86,1190.82,Month-to-month,Fiber optic,Electronic check,0,2,78.9,0.0,0,High,1
CUST_11758,33.0,Male,2,67.8,133.7,Month-to-month,Fiber optic,Mailed check,0,0,227.5,5.0,0,Medium,1
CUST_11759,41.0,Male,1,111.3,112.95,Month-to-month,Fiber optic,Credit card (automatic),1,0,119.7,0.0,1,High,1
CUST_11760,36.0,Male,2,70.82,141.22,Two year,Fiber optic,Electronic check,1,1,244.0,15.0,0,Low,0
CUST_11761,25.0,Male,4,28.54,119.45,Month-to-month,No,Bank transfer (automatic),0,0,95.2,5.0,0,Low,0
CUST_11762,48.0,Female,16,64.11,1010.62,Month-to-month,Fiber optic,Mailed check,2,0,63.1,0.0,1,High,1
CUST_11763,38.0,Female,45,80.21,3696.18,One year,Fiber optic,Electronic check,2,3,198.1,0.0,0,Medium,0
CUST_11764,34.0,Male,6,90.06,527.25,Month-to-month,Fiber optic,Mailed check,1,0,107.3,5.0,1,High,1
CUST_11765,40.0,Male,65,24.99,1625.77,Two year,No,Electronic check,5,0,146.2,0.0,0,Low,0
CUST_11766,54.0,Female,72,43.53,3150.64,Month-to-month,DSL,Credit card (automatic),0,1,79.0,15.0,0,Low,0
CUST_11767,71.0,Female,72,81.77,5786.83,One year,Fiber optic,Electronic check,4,1,138.3,0.0,0,Low,0
CUST_11768,33.0,Male,43,22.13,948.9,Month-to-month,No,Bank transfer (automatic),3,1,78.3,20.0,0,Low,0
CUST_11769,23.0,Female,10,101.34,991.03,Month-to-month,Fiber optic,Electronic check,3,2,136.7,0.0,1,High,1
CUST_11770,25.0,Female,1,77.96,74.11,One year,Fiber optic,Credit card (automatic),0,1,118.7,10.0,2,Low,0
CUST_11771,42.0,Male,20,85.92,1669.54,One year,Fiber optic,Electronic check,3,1,150.4,0.0,0,Medium,1
CUST_11772,35.0,Male,19,87.2,1689.95,One year,Fiber optic,Credit card (automatic),3,0,168.2,0.0,1,Medium,0
CUST_11773,42.0,Male,45,92.43,4272.05,Month-to-month,Fiber optic,Credit card (automatic),1,1,150.8,5.0,1,Medium,1
CUST_11774,29.0,Female,72,59.15,4165.19,Month-to-month,DSL,Credit card (automatic),1,2,160.3,0.0,0,Low,0
CUST_11775,32.0,Female,17,87.28,1470.12,Month-to-month,Fiber optic,Mailed check,4,0,135.1,0.0,0,High,1
CUST_11776,43.0,Male,10,64.99,619.83,Two year,DSL,Bank transfer (automatic),2,2,120.4,0.0,0,Low,0
CUST_11777,58.0,Male,4,86.38,336.43,Month-to-month,Fiber optic,Mailed check,5,0,161.2,0.0,0,High,1
CUST_11778,62.0,Female,1,100.58,,Month-to-month,Fiber optic,Electronic check,5,1,135.0,5.0,0,High,1
CUST_11779,43.0,Male,17,92.75,1593.46,Month-to-month,Fiber optic,Mailed check,2,0,136.7,10.0,1,High,1
CUST_11780,64.0,Male,19,18.0,331.94,One year,No,Electronic check,1,2,157.9,0.0,1,Low,0
CUST_11781,49.0,Female,41,93.68,3747.72,Month-to-month,Fiber optic,Credit card (automatic),0,1,93.5,0.0,2,High,1
CUST_11782,27.0,Female,16,59.09,975.39,Two year,DSL,Electronic check,2,0,204.3,0.0,0,Low,0
CUST_11783,33.0,Female,59,88.83,5088.5,Month-to-month,Fiber optic,Bank transfer (automatic),2,1,128.8,15.0,0,Low,0
CUST_11784,24.0,Female,23,71.98,1628.08,Two year,Fiber optic,Bank transfer (automatic),3,2,145.6,15.0,0,Low,0
CUST_11785,34.0,Female,44,100.23,4482.6,Month-to-month,Fiber optic,Mailed check,0,1,138.0,5.0,0,Low,0
CUST_11786,40.0,Male,3,51.6,155.75,One year,Fiber optic,Bank transfer (automatic),1,2,169.4,15.0,1,Medium,0
CUST_11787,43.0,Female,46,83.95,3846.59,Two year,Fiber optic,Electronic check,2,0,155.3,10.0,1,Low,0
CUST_11788,38.0,Male,26,98.69,2668.51,Month-to-month,Fiber optic,Mailed check,1,0,137.8,0.0,0,Medium,0
CUST_11789,39.0,Female,4,45.41,176.55,Two year,DSL,Electronic check,1,0,205.2,0.0,0,Low,0
CUST_11790,24.0,Male,5,89.8,459.84,Month-to-month,Fiber optic,Credit card (automatic),5,1,10.0,0.0,0,High,1
CUST_11791,31.0,Female,62,62.16,3722.53,Two year,DSL,Bank transfer (automatic),0,0,195.9,0.0,0,Low,0
CUST_11792,32.0,Male,1,80.57,81.5,One year,Fiber optic,Credit card (automatic),0,0,181.4,5.0,2,Medium,1
CUST_11793,70.0,Male,14,40.34,585.69,Month-to-month,DSL,Electronic check,2,1,57.4,5.0,0,High,1
CUST_11794,24.0,Male,9,55.0,492.92,Month-to-month,DSL,Electronic check,0,0,181.8,5.0,0,Medium,0
CUST_11795,26.0,Male,26,60.59,1610.67,Month-to-month,Fiber optic,Electronic check,1,1,187.6,0.0,0,High,1
CUST_11796,68.0,Female,43,73.28,3252.0,Month-to-month,Fiber optic,Electronic check,1,1,165.3,10.0,0,Medium,1
CUST_11797,65.0,Female,10,60.63,584.23,Month-to-month,DSL,Electronic check,0,0,69.8,0.0,1,High,1
CUST_11798,25.0,Female,13,22.06,292.68,Month-to-month,No,Bank transfer (automatic),3,1,170.7,0.0,0,Low,0
CUST_11799,67.0,Male,72,105.98,7950.92,Month-to-month,Fiber optic,Electronic check,2,1,185.3,20.0,0,Medium,0
CUST_11800,40.0,Male,36,105.19,3815.76,One year,Fiber optic,Mailed check,2,1,114.3,0.0,1,Low,0
CUST_11801,46.0,Male,54,23.23,1215.05,Month-to-month,No,Credit card (automatic),1,0,159.9,0.0,0,Low,0
CUST_11802,35.0,Male,13,115.04,1439.73,Month-to-month,Fiber optic,Bank transfer (automatic),1,4,124.1,5.0,0,High,1
CUST_11803,48.0,Female,6,56.02,328.04,One year,DSL,Mailed check,2,2,179.8,15.0,0,Low,0
CUST_11804,47.0,Male,12,73.45,846.45,Month-to-month,Fiber optic,Mailed check,7,1,125.9,0.0,0,High,1
CUST_11805,69.0,Male,30,77.4,2325.11,Month-to-month,Fiber optic,Mailed check,2,0,113.9,10.0,1,High,1
CUST_11806,56.0,Male,2,32.01,61.27,Month-to-month,DSL,Electronic check,3,0,138.2,15.0,1,High,1
CUST_11807,52.0,Male,7,56.7,385.92,Two year,DSL,Bank transfer (automatic),1,2,79.6,0.0,1,Low,0
CUST_11808,35.0,Female,1,104.14,103.51,Two year,Fiber optic,Mailed check,1,1,133.8,0.0,2,Medium,1
CUST_11809,59.0,Female,13,65.88,854.21,Month-to-month,DSL,Credit card (automatic),1,2,156.3,5.0,1,High,1
CUST_11810,56.0,Male,42,60.22,2545.78,One year,DSL,Bank transfer (automatic),0,1,179.1,0.0,0,Low,0
CUST_11811,34.0,Male,1,52.21,53.28,Month-to-month,DSL,Bank transfer (automatic),1,1,151.2,0.0,0,Medium,1
CUST_11812,31.0,Male,26,73.48,1823.98,One year,Fiber optic,Mailed check,1,3,75.5,15.0,1,Low,0
CUST_11813,48.0,Male,64,45.22,2772.71,One year,DSL,Electronic check,1,2,200.9,5.0,1,Low,0
CUST_11814,41.0,Male,6,55.72,319.64,One year,DSL,Bank transfer (automatic),1,0,204.6,0.0,0,Low,0
CUST_11815,52.0,Female,28,62.95,1749.05,Month-to-month,DSL,Mailed check,4,1,145.1,0.0,0,Medium,1
CUST_11816,61.0,Female,72,24.06,1652.95,Month-to-month,DSL,Electronic check,0,1,106.2,5.0,1,Low,0
CUST_11817,62.0,Female,72,87.67,6467.57,Month-to-month,Fiber optic,Electronic check,5,0,116.1,0.0,0,High,1
CUST_11818,51.0,Male,6,54.77,319.52,Two year,DSL,Electronic check,2,1,130.8,5.0,3,Medium,1
CUST_11819,20.0,Male,2,53.04,110.74,One year,DSL,Bank transfer (automatic),2,0,152.5,10.0,3,Medium,0
CUST_11820,54.0,Female,3,87.05,260.79,Two year,Fiber optic,Electronic check,2,0,126.3,0.0,1,Medium,0
CUST_11821,60.0,Female,29,93.72,2703.29,Two year,Fiber optic,Mailed check,2,1,101.4,20.0,0,Low,0
CUST_11822,57.0,Female,31,91.65,2920.86,Month-to-month,Fiber optic,Mailed check,1,1,186.0,15.0,1,Medium,0
CUST_11823,43.0,Male,26,35.84,951.7,One year,DSL,Bank transfer (automatic),0,1,151.6,0.0,0,Low,0
CUST_11824,72.0,Male,9,86.16,783.76,One year,Fiber optic,Credit card (automatic),2,0,92.6,0.0,1,High,1
CUST_11825,40.0,Male,4,52.54,219.31,Two year,DSL,Credit card (automatic),2,1,153.1,0.0,0,Low,0
CUST_11826,61.0,Female,20,27.51,545.92,Two year,No,Mailed check,0,0,147.3,0.0,0,Low,0
CUST_11827,56.0,Female,15,54.48,842.41,One year,DSL,Electronic check,3,0,107.7,0.0,0,Medium,0
CUST_11828,32.0,Female,31,23.66,724.67,Month-to-month,No,Mailed check,3,0,193.8,0.0,2,Low,0
CUST_11829,73.0,Male,13,18.0,241.92,One year,No,Bank transfer (automatic),3,1,146.1,0.0,1,Low,0
CUST_11830,66.0,Female,9,87.32,766.98,Month-to-month,Fiber optic,Mailed check,3,2,130.3,0.0,0,High,1
CUST_11831,21.0,Male,8,59.54,466.28,One year,DSL,Bank transfer (automatic),1,1,136.2,0.0,1,Low,0
CUST_11832,46.0,Male,5,78.45,399.23,Two year,Fiber optic,Electronic check,2,3,160.0,0.0,0,High,1
CUST_11833,39.0,Male,7,28.44,193.36,Month-to-month,No,Bank transfer (automatic),5,1,136.8,0.0,2,Medium,1
CUST_11834,42.0,Female,2,86.96,169.21,One year,Fiber optic,Electronic check,0,2,136.4,0.0,0,Medium,0
CUST_11835,30.0,Male,10,28.65,280.92,Month-to-month,No,Bank transfer (automatic),1,0,188.0,15.0,0,Low,0
CUST_11836,35.0,Male,1,55.4,56.39,Month-to-month,DSL,Electronic check,3,2,76.2,0.0,0,High,1
CUST_11837,50.0,Female,4,62.83,261.11,Month-to-month,DSL,Bank transfer (automatic),1,0,83.7,15.0,2,High,1
CUST_11838,,Male,32,96.27,3134.42,One year,Fiber optic,Electronic check,2,1,175.0,0.0,1,Medium,0
CUST_11839,62.0,Male,9,76.95,715.25,Two year,Fiber optic,Mailed check,1,0,248.7,5.0,0,Low,0
CUST_11840,59.0,Male,26,70.16,1832.11,Two year,DSL,Bank transfer (automatic),3,0,179.4,0.0,1,Low,0
CUST_11841,61.0,Male,30,101.47,2912.88,Month-to-month,Fiber optic,Electronic check,2,1,223.9,10.0,1,High,1
CUST_11842,19.0,Female,20,26.84,515.35,Two year,No,Credit card (automatic),5,0,120.5,0.0,0,Low,0
CUST_11843,72.0,Male,72,72.05,5215.82,One year,Fiber optic,Bank transfer (automatic),2,2,111.3,20.0,0,Low,0
CUST_11844,52.0,Male,1,39.6,38.92,Month-to-month,DSL,Bank transfer (automatic),2,2,160.5,0.0,1,High,1
CUST_11845,59.0,Female,32,77.81,2420.34,Month-to-month,Fiber optic,Mailed check,3,0,182.9,0.0,0,High,1
CUST_11846,51.0,Female,72,51.39,3687.59,Month-to-month,DSL,Mailed check,4,0,81.0,0.0,1,Low,0
CUST_11847,47.0,Female,47,52.8,2522.92,Two year,DSL,Bank transfer (automatic),3,0,130.4,10.0,0,Low,0
CUST_11848,72.0,Male,4,74.88,296.08,One year,Fiber optic,Mailed check,2,2,138.8,20.0,1,High,1
CUST_11849,30.0,Male,9,70.99,658.24,One year,Fiber optic,Bank transfer (automatic),3,3,109.5,0.0,0,Medium,1
CUST_11850,30.0,Female,4,88.38,361.95,Month-to-month,Fiber optic,Mailed check,3,1,114.7,10.0,0,High,1
CUST_11851,35.0,Female,22,70.11,1578.65,One year,DSL,Electronic check,1,1,177.9,10.0,0,Low,0
CUST_11852,49.0,Female,29,50.44,1533.73,Month-to-month,DSL,Electronic check,2,1,161.1,5.0,0,Medium,1
CUST_11853,49.0,Female,9,62.37,549.84,Month-to-month,DSL,Electronic check,1,2,175.9,5.0,1,High,1
CUST_11854,52.0,Female,18,52.58,960.14,One year,DSL,Electronic check,3,0,155.2,0.0,0,Low,0
CUST_11855,56.0,Male,28,70.96,2057.51,Month-to-month,Fiber optic,Bank transfer (automatic),1,1,100.7,0.0,0,High,1
CUST_11856,63.0,Male,13,66.12,866.4,Two year,Fiber optic,Credit card (automatic),1,1,159.0,10.0,0,Low,0
CUST_11857,69.0,Female,46,71.56,3387.06,Month-to-month,Fiber optic,Electronic check,1,1,97.2,0.0,0,High,1
CUST_11858,46.0,Male,35,99.27,3444.73,One year,Fiber optic,Credit card (automatic),0,2,126.0,15.0,0,Low,0
CUST_11859,66.0,Male,1,20.75,20.94,Month-to-month,No,Mailed check,0,0,93.4,10.0,0,Low,0
CUST_11860,46.0,Female,23,23.89,525.06,One year,No,Credit card (automatic),2,0,112.5,15.0,0,Low,0
CUST_11861,70.0,Female,6,79.47,499.98,Month-to-month,Fiber optic,Bank transfer (automatic),2,0,144.1,0.0,0,High,1
CUST_11862,61.0,Male,19,62.2,1217.26,Month-to-month,DSL,Bank transfer (automatic),2,1,119.4,0.0,0,Medium,1
CUST_11863,74.0,Male,72,33.99,2537.54,Two year,No,Electronic check,2,0,100.3,0.0,1,Low,0
CUST_11864,33.0,Male,50,93.62,4771.95,Month-to-month,Fiber optic,Electronic check,3,0,191.2,20.0,0,Medium,0
CUST_11865,73.0,Female,12,87.68,1019.13,Two year,Fiber optic,Electronic check,0,0,134.6,0.0,0,Medium,0
CUST_11866,61.0,Female,8,85.13,649.1,Two year,Fiber optic,Bank transfer (automatic),1,1,116.2,0.0,0,Low,0
CUST_11867,64.0,Male,6,45.66,283.95,Month-to-month,DSL,Mailed check,3,1,91.3,0.0,0,High,1
CUST_11868,74.0,Male,18,21.71,386.73,Month-to-month,No,Credit card (automatic),1,0,55.8,0.0,0,Low,0
CUST_11869,27.0,Female,2,55.69,108.75,One year,DSL,Electronic check,2,1,130.0,0.0,1,Medium,0
CUST_11870,47.0,Male,19,91.4,1747.31,Two year,Fiber optic,Credit card (automatic),3,1,78.0,0.0,0,Low,0
CUST_11871,,Female,1,67.55,67.02,Two year,Fiber optic,Electronic check,1,0,172.0,0.0,0,Low,0
CUST_11872,56.0,Female,9,40.53,370.3,Month-to-month,DSL,Electronic check,6,2,141.3,20.0,0,High,1
CUST_11873,37.0,Male,5,24.43,121.95,One year,No,Mailed check,2,1,210.1,5.0,1,Low,0
CUST_11874,22.0,Female,72,73.13,5369.21,Month-to-month,DSL,Mailed check,4,0,150.0,10.0,0,Low,0
CUST_11875,18.0,Male,31,45.6,1463.56,Two year,DSL,Mailed check,1,0,107.3,0.0,0,Low,0
CUST_11876,47.0,Male,10,90.93,881.62,Two year,Fiber optic,Bank transfer (automatic),2,1,55.4,10.0,1,Medium,0
CUST_11877,66.0,Female,2,26.03,51.17,Month-to-month,No,Electronic check,1,2,176.3,15.0,0,Medium,1
CUST_11878,20.0,Male,17,41.52,701.38,Month-to-month,DSL,Mailed check,0,0,81.5,20.0,1,Low,0
CUST_11879,62.0,Female,5,86.37,451.8,Month-to-month,Fiber optic,Credit card (automatic),1,0,121.6,0.0,0,High,1
CUST_11880,31.0,Female,18,56.71,1007.03,Month-to-month,DSL,Electronic check,1,0,215.3,15.0,1,Medium,0
CUST_11881,73.0,Male,43,85.87,3648.51,Two year,Fiber optic,Credit card (automatic),1,0,167.5,0.0,1,Low,0
CUST_11882,47.0,Male,22,69.72,1557.38,Month-to-month,Fiber optic,Credit card (automatic),2,2,157.5,0.0,2,High,1
CUST_11883,67.0,Male,24,69.19,1647.14,Month-to-month,Fiber optic,Electronic check,1,1,182.5,0.0,0,Medium,1
CUST_11884,21.0,Male,18,58.43,1099.2,month-to-month,Fiber optic,Electronic check,1,0,180.8,5.0,1,Medium,1
CUST_11885,35.0,Male,62,94.81,6110.1,Two year,Fiber optic,Mailed check,4,0,211.1,5.0,0,Low,0
CUST_11886,54.0,Male,64,94.93,6083.67,One year,Fiber optic,Bank transfer (automatic),2,0,112.9,0.0,0,Low,0
CUST_11887,42.0,Male,17,43.71,753.83,Month-to-month,DSL,Bank transfer (automatic),1,0,123.0,10.0,0,Low,0
CUST_11888,65.0,Female,8,58.13,444.49,Month-to-month,DSL,Bank transfer (automatic),0,1,98.5,0.0,1,High,1
CUST_11889,18.0,Female,14,59.4,847.88,Two year,Fiber optic,Bank transfer (automatic),2,1,138.5,0.0,0,Low,0
CUST_11890,70.0,Female,4,72.68,296.74,Two year,Fiber optic,Electronic check,0,2,134.0,0.0,1,High,1
CUST_11891,63.0,Male,24,43.79,1036.16,Month-to-month,DSL,Credit card (automatic),2,0,61.0,5.0,1,Low,0
CUST_11892,32.0,Male,16,86.63,1347.23,Month-to-month,Fiber optic,Bank transfer (automatic),1,3,110.6,0.0,0,High,1
CUST_11893,26.0,Female,2,82.33,171.49,Month-to-month,Fiber optic,Bank transfer (automatic),0,0,204.8,0.0,0,Medium,1
CUST_11894,32.0,Male,5,25.28,125.47,Month-to-month,No,Credit card (automatic),0,0,151.0,20.0,0,Low,0
CUST_11895,66.0,Male,15,62.95,958.76,One year,DSL,Bank transfer (automatic),1,1,172.2,15.0,0,Low,0
CUST_11896,74.0,Female,52,18.0,892.32,Two year,No,Electronic check,2,0,134.6,0.0,1,Low,0
CUST_11897,41.0,Female,20,62.81,1245.41,Month-to-month,DSL,Mailed check,0,1,55.1,5.0,0,Medium,1
CUST_11898,21.0,Female,27,96.78,2695.96,Two year,Fiber optic,Mailed check,1,0,134.2,0.0,1,Low,0
CUST_11899,29.0,Male,9,61.45,546.83,Month-to-month,DSL,Electronic check,1,1,186.9,5.0,0,High,1
CUST_11900,54.0,Female,20,69.03,1394.84,One year,Fiber optic,Credit card (automatic),0,0,86.6,0.0,0,Low,0
CUST_11901,54.0,Female,14,75.75,1029.73,One year,Fiber optic,Electronic check,4,0,173.6,0.0,0,Medium,1
CUST_11902,60.0,Female,25,80.82,2003.63,Month-to-month,Fiber optic,Bank transfer (automatic),2,1,63.4,0.0,2,High,1
CUST_11903,23.0,Female,1,24.86,25.92,Month-to-month,No,Mailed check,0,0,140.9,0.0,0,Low,0
CUST_11904,56.0,Female,16,84.49,1360.82,One year,Fiber optic,Electronic check,2,1,164.5,0.0,0,Medium,1
CUST_11905,73.0,Female,8,29.97,249.4,Month-to-month,No,Credit card (automatic),3,0,126.0,15.0,2,Medium,1
CUST_11906,63.0,Male,9,21.51,201.37,Month-to-month,No,Credit card (automatic),5,1,251.3,20.0,1,Medium,0
CUST_11907,41.0,Female,72,47.84,3597.47,Month-to-month,DSL,Mailed check,3,0,117.8,15.0,0,Low,0
CUST_11908,28.0,Female,4,56.27,233.98,Two year,DSL,Electronic check,2,2,114.0,20.0,0,Low,0
CUST_11909,30.0,Female,8,62.53,475.39,Month-to-month,DSL,Electronic check,4,1,149.2,0.0,1,High,1
CUST_11910,51.0,Male,17,19.84,351.92,Two year,No,Mailed check,0,1,106.0,10.0,1,Low,0
CUST_11911,42.0,Male,47,91.11,4126.92,Month-to-month,Fiber optic,Electronic check,0,0,75.1,0.0,1,Medium,1
CUST_11912,24.0,Female,12,58.09,665.01,One year,DSL,Mailed check,0,1,90.6,15.0,0,Low,0
CUST_11913,69.0,Female,32,59.66,1824.24,One year,DSL,Credit card (automatic),1,1,174.1,10.0,0,Low,0
CUST_11914,21.0,Female,46,27.46,1244.08,Two year,No,Bank transfer (automatic),0,0,126.3,0.0,1,Low,0
CUST_11915,25.0,Female,8,55.19,446.85,Month-to-month,DSL,Credit card (automatic),3,1,216.6,0.0,0,Medium,0
CUST_11916,37.0,Female,11,53.52,582.97,One year,DSL,Bank transfer (automatic),1,1,120.1,0.0,0,Low,0
CUST_11917,46.0,Female,10,65.18,620.88,One year,DSL,Mailed check,2,0,172.0,0.0,1,Low,0
CUST_11918,71.0,Female,42,18.0,754.22,Month-to-month,No,Credit card (automatic),3,0,163.0,20.0,2,Low,0
CUST_11919,70.0,Female,1,62.67,62.31,Month-to-month,DSL,Mailed check,4,0,119.5,15.0,1,High,1
CUST_11920,68.0,Female,8,105.9,868.96,Month-to-month,Fiber optic,Credit card (automatic),0,4,100.5,0.0,0,High,1
CUST_11921,62.0,Male,27,56.96,1504.03,Month-to-month,DSL,Electronic check,0,0,62.1,0.0,0,Medium,1
CUST_11922,63.0,Male,20,21.65,420.77,month-to-month,No,Electronic check,0,0,164.9,0.0,0,Low,0
CUST_11923,27.0,Female,13,67.17,851.9,Month-to-month,DSL,Credit card (automatic),1,1,193.9,20.0,2,Medium,0
CUST_11924,60.0,Male,18,34.9,615.87,Month-to-month,No,Bank transfer (automatic),3,0,68.5,15.0,0,Low,0
CUST_11925,,Male,5,81.88,413.46,One year,Fiber optic,Credit card (automatic),1,1,123.3,5.0,0,Medium,0
CUST_11926,74.0,Male,13,51.85,672.13,Month-to-month,DSL,Credit card (automatic),3,0,110.0,5.0,1,High,1
CUST_11927,43.0,Male,16,51.46,809.93,Month-to-month,DSL,Electronic check,2,0,164.8,10.0,1,Medium,0
CUST_11928,58.0,Male,55,18.0,977.56,Month-to-month,No,Mailed check,2,1,125.2,0.0,0,Low,0
CUST_11929,66.0,Male,7,89.86,620.9,Two year,Fiber optic,Mailed check,1,1,199.5,15.0,0,Low,0
CUST_11930,20.0,Female,48,29.9,1503.0,Two year,No,Bank transfer (automatic),0,1,122.7,5.0,0,Low,0
CUST_11931,73.0,Male,24,46.82,1093.68,Two year,DSL,Credit card (automatic),1,2,84.4,0.0,1,Low,0
CUST_11932,23.0,Male,1,90.34,93.21,Month-to-month,Fiber optic,Electronic check,1,1,118.9,0.0,2,High,1
CUST_11933,22.0,Male,30,84.54,2589.01,One year,Fiber optic,Mailed check,1,0,123.9,5.0,2,Low,0
CUST_11934,22.0,Female,1,101.16,96.16,Month-to-month,Fiber optic,Bank transfer (automatic),6,1,163.7,0.0,0,High,1
CUST_11935,71.0,Male,72,54.84,4143.21,Month-to-month,DSL,Electronic check,1,1,123.2,5.0,1,Low,0
CUST_11936,64.0,Female,49,67.26,3380.26,Month-to-month,Fiber optic,Credit card (automatic),2,0,159.8,15.0,1,Medium,1
CUST_11937,40.0,Female,8,58.24,474.42,One year,Fiber optic,Bank transfer (automatic),1,0,104.4,10.0,1,Low,0
CUST_11938,66.0,Female,7,19.23,133.34,Month-to-month,No,Credit card (automatic),4,0,126.7,5.0,0,Low,0
CUST_11939,26.0,Male,11,77.5,857.21,Month-to-month,Fiber optic,Electronic check,0,1,104.7,5.0,1,High,1
CUST_11940,52.0,Female,10,96.32,939.44,Month-to-month,Fiber optic,Electronic check,1,0,101.9,0.0,0,High,1
CUST_11941,37.0,Male,11,56.13,588.75,Month-to-month,DSL,Mailed check,1,2,197.4,0.0,0,Medium,1
CUST_11942,66.0,Female,9,43.04,400.38,One year,DSL,Electronic check,0,0,107.8,0.0,0,Low,0
CUST_11943,59.0,Female,23,48.37,1156.62,Month-to-month,DSL,Credit card (automatic),0,0,124.4,15.0,0,Low,0
CUST_11944,52.0,Male,4,96.58,373.28,One year,Fiber optic,Electronic check,2,0,187.0,15.0,0,Medium,0
CUST_11945,67.0,Male,44,73.15,3310.99,Month-to-month,DSL,Bank transfer (automatic),1,0,173.8,0.0,0,Low,0
CUST_11946,35.0,Male,40,56.01,2294.43,Two year,DSL,Mailed check,3,0,213.9,10.0,0,Low,0
CUST_11947,34.0,Female,15,100.87,1464.39,One year,Fiber optic,Mailed check,4,0,161.7,10.0,1,Medium,0
CUST_11948,41.0,Male,45,86.12,3845.11,Month-to-month,Fiber optic,Electronic check,2,1,113.0,20.0,0,Medium,1
CUST_11949,20.0,Female,6,89.7,534.04,Month-to-month,Fiber optic,Bank transfer (automatic),4,0,232.6,0.0,2,High,1
CUST_11950,49.0,Male,1,74.62,76.56,One year,Fiber optic,Bank transfer (automatic),0,2,166.2,10.0,0,Medium,0
CUST_11951,52.0,Female,23,59.37,1411.62,Two year,DSL,Electronic check,2,0,133.0,5.0,1,Low,0
CUST_11952,55.0,Female,14,48.57,652.43,Month-to-month,DSL,Credit card (automatic),0,1,142.6,0.0,1,Medium,1
CUST_11953,30.0,Female,20,94.99,1911.76,Month-to-month,Fiber optic,Electronic check,4,2,148.1,0.0,2,High,1
CUST_11954,73.0,Female,55,94.85,5353.3,Two year,Fiber optic,Mailed check,2,3,129.3,0.0,0,Low,0
CUST_11955,64.0,Male,72,73.31,5429.38,One year,Fiber optic,Mailed check,2,2,78.1,0.0,0,Low,0
CUST_11956,42.0,Male,24,64.36,1490.27,Month-to-month,DSL,Electronic check,3,1,213.2,0.0,0,Medium,0
CUST_11957,26.0,Female,34,87.78,2992.13,Month-to-month,Fiber optic,Credit card (automatic),1,0,139.0,10.0,0,Medium,0
CUST_11958,21.0,Male,2,73.38,152.01,Month-to-month,DSL,Mailed check,0,0,148.3,10.0,0,Low,0
CUST_11959,31.0,Male,4,66.67,261.84,One year,Fiber optic,Electronic check,0,0,233.5,20.0,0,Low,0
CUST_11960,54.0,Male,31,52.51,1615.62,Month-to-month,DSL,Mailed check,3,0,109.3,0.0,1,Medium,1
CUST_11961,51.0,Male,13,27.57,369.32,Two year,No,Bank transfer (automatic),2,0,169.5,15.0,1,Low,0
CUST_11962,28.0,Male,14,97.3,1306.26,Month-to-month,Fiber optic,Mailed check,2,0,104.3,5.0,4,High,1
CUST_11963,58.0,Female,8,71.38,591.57,Month-to-month,DSL,Bank transfer (automatic),1,2,154.4,0.0,0,High,1
CUST_11964,73.0,Male,22,31.98,690.27,One year,No,Electronic check,0,1,149.1,5.0,0,Low,0
CUST_11965,20.0,Female,4,94.47,359.04,Two year,Fiber optic,Electronic check,1,1,175.6,10.0,0,Medium,0
CUST_11966,45.0,Male,23,47.84,1071.07,Two year,DSL,Credit card (automatic),0,1,194.4,0.0,0,Low,0
CUST_11967,46.0,Female,4,69.74,267.51,Month-to-month,Fiber optic,Electronic check,1,2,113.9,10.0,1,High,1
CUST_11968,26.0,Male,1,39.52,37.91,One year,DSL,Credit card (automatic),1,0,203.8,10.0,0,Low,0
CUST_11969,20.0,Female,9,97.54,894.79,One year,Fiber optic,Electronic check,3,1,206.9,20.0,0,Medium,0
CUST_11970,42.0,Female,6,18.91,110.21,Month-to-month,No,Credit card (automatic),0,1,128.8,15.0,1,Low,0
CUST_11971,51.0,Male,52,60.85,3301.76,Month-to-month,DSL,Mailed check,3,0,139.7,5.0,1,Low,0
CUST_11972,29.0,Female,1,56.38,56.47,Month-to-month,DSL,Bank transfer (automatic),0,0,117.8,10.0,1,Medium,0
CUST_11973,59.0,Female,4,70.33,280.2,Month-to-month,DSL,Electronic check,3,0,126.3,15.0,0,High,1
CUST_11974,26.0,Female,19,63.72,1202.72,Two year,DSL,Electronic check,1,0,85.8,20.0,1,Low,0
CUST_11975,32.0,Female,15,,1143.0,Month-to-month,Fiber optic,Electronic check,2,0,175.0,10.0,0,Medium,1
CUST_11976,57.0,Male,1,18.98,18.89,Two year,No,Electronic check,0,0,47.7,10.0,0,Low,0
CUST_11977,42.0,Female,1,19.69,18.96,Month-to-month,No,Electronic check,2,0,108.6,0.0,2,Medium,1
CUST_11978,22.0,Male,72,60.51,4522.35,One year,DSL,Mailed check,5,2,137.9,10.0,0,Low,0
CUST_11979,28.0,Male,25,20.17,500.64,Month-to-month,No,Bank transfer (automatic),4,0,198.5,0.0,0,Low,0
CUST_11980,51.0,Female,10,65.83,630.26,Month-to-month,DSL,Credit card (automatic),2,2,115.5,5.0,0,Medium,1
CUST_11981,41.0,Male,15,68.23,1026.46,Month-to-month,DSL,Bank transfer (automatic),5,1,159.3,0.0,0,High,1
CUST_11982,32.0,Female,7,46.21,328.24,Month-to-month,DSL,Bank transfer (automatic),1,2,136.4,0.0,0,High,1
CUST_11983,55.0,Female,10,94.49,923.69,One year,Fiber optic,Mailed check,1,1,182.5,0.0,1,High,1
CUST_11984,25.0,Female,25,94.43,2431.65,Month-to-month,Fiber optic,Mailed check,2,1,156.9,15.0,0,High,1
CUST_11985,22.0,Female,51,71.21,3693.37,One year,Fiber optic,Mailed check,2,1,177.4,10.0,0,Low,0
CUST_11986,65.0,Male,4,71.09,288.64,Month-to-month,DSL,Credit card (automatic),0,2,115.2,5.0,0,High,1
CUST_11987,43.0,Male,44,,3250.3,Month-to-month,Fiber optic,Electronic check,2,0,94.4,5.0,1,Medium,1
CUST_11988,35.0,Male,3,69.62,218.51,Month-to-month,Fiber optic,Electronic check,1,0,156.5,20.0,0,Medium,1
CUST_11989,23.0,Male,5,31.46,153.75,Two year,No,Bank transfer (automatic),2,2,118.1,0.0,0,Low,0
CUST_11990,54.0,Male,1,74.15,74.73,One year,Fiber optic,Electronic check,0,1,141.4,5.0,0,Medium,1
CUST_11991,65.0,Male,3,50.15,147.58,Month-to-month,DSL,Credit card (automatic),3,0,154.3,5.0,0,Medium,1
CUST_11992,30.0,Female,59,94.77,5728.31,Month-to-month,Fiber optic,Credit card (automatic),3,0,195.9,15.0,1,Low,0
CUST_11993,45.0,Female,14,62.17,831.02,Month-to-month,Fiber optic,Electronic check,2,3,175.4,0.0,0,High,1
CUST_11994,22.0,Male,1,39.55,37.75,Two year,DSL,Electronic check,0,1,109.4,20.0,1,Low,0
CUST_11995,30.0,Female,72,83.74,6216.71,One year,DSL,Mailed check,1,0,88.5,0.0,0,Low,0
CUST_11996,34.0,Male,50,57.66,2864.05,Month-to-month,DSL,Bank transfer (automatic),3,0,216.8,0.0,2,Low,0
CUST_11997,67.0,Male,33,90.46,2937.77,One year,Fiber optic,Electronic check,1,0,68.8,0.0,1,Medium,0
CUST_11998,57.0,Female,65,44.02,2892.07,Month-to-month,DSL,Bank transfer (automatic),4,1,119.6,0.0,0,Low,0
CUST_11999,62.0,Female,5,77.92,397.47,Two year,Fiber optic,Bank transfer (automatic),0,1,169.0,5.0,0,Low,0
CUST_12000,49.0,Female,43,100.6,4196.55,Month-to-month,Fiber optic,Electronic check,2,0,213.7,5.0,1,Medium,1
CUST_12001,46.0,Male,28,57.34,1555.02,One year,Fiber optic,Electronic check,2,0,131.5,0.0,0,Low,0
CUST_12002,68.0,Female,48,99.84,5011.88,Month-to-month,Fiber optic,Bank transfer (automatic),2,0,141.2,5.0,0,High,1
CUST_12003,20.0,Female,38,78.47,3008.6,One year,Fiber optic,Electronic check,2,1,100.6,10.0,0,Low,0
CUST_12004,73.0,Female,10,84.06,831.36,One year,Fiber optic,Credit card (automatic),3,1,145.7,10.0,0,Medium,1
CUST_12005,57.0,Female,35,28.93,1043.07,One year,No,Mailed check,3,0,88.2,10.0,1,Low,0
CUST_12006,51.0,Female,7,103.51,726.39,One year,Fiber optic,Bank transfer (automatic),1,0,106.2,20.0,0,Medium,0
CUST_12007,57.0,Female,9,70.23,615.74,Two year,Fiber optic,Credit card (automatic),0,1,174.4,5.0,0,Low,0
CUST_12008,44.0,Female,2,85.14,165.29,Month-to-month,Fiber optic,Credit card (automatic),2,1,120.5,0.0,2,High,1
CUST_12009,30.0,Female,65,65.91,4239.96,Month-to-month,DSL,Mailed check,1,0,181.3,0.0,0,Low,0
CUST_12010,62.0,Female,8,65.67,544.27,Month-to-month,Fiber optic,Electronic check,1,1,133.1,0.0,0,High,1
CUST_12011,50.0,Male,17,22.05,358.41,Two year,No,Bank transfer (automatic),1,0,78.4,5.0,1,Low,0
CUST_12012,23.0,Female,11,28.75,307.35,Month-to-month,No,Mailed check,0,1,192.6,15.0,0,Low,0
CUST_12013,41.0,Male,72,74.36,5564.41,One year,Fiber optic,Electronic check,2,1,80.8,10.0,0,Low,0
CUST_12014,36.0,Male,9,57.78,500.35,One year,DSL,Credit card (automatic),1,0,112.9,0.0,0,Low,0
CUST_12015,33.0,Female,36,80.8,2946.51,Month-to-month,Fiber optic,Electronic check,3,0,131.0,5.0,0,Medium,1
CUST_12016,57.0,Female,46,,2630.89,Month-to-month,DSL,Electronic check,1,1,185.3,5.0,0,Low,0
CUST_12017,45.0,Female,13,80.89,1062.7,Month-to-month,Fiber optic,Electronic check,4,1,116.3,20.0,0,High,1
CUST_12018,50.0,Male,11,97.94,1064.75,Month-to-month,Fiber optic,Bank transfer (automatic),3,0,98.3,0.0,0,High,1
CUST_12019,65.0,Female,33,73.03,2313.99,Month-to-month,Fiber optic,Bank transfer (automatic),2,0,147.3,0.0,0,Medium,0
CUST_12020,58.0,Male,58,51.71,3023.92,Month-to-month,DSL,Electronic check,6,0,130.4,20.0,0,High,1
CUST_12021,30.0,Female,33,108.12,3633.27,Two year,Fiber optic,Electronic check,3,2,119.0,20.0,1,Medium,0
CUST_12022,60.0,Female,6,77.1,470.94,Two year,Fiber optic,Electronic check,1,0,149.7,0.0,0,Medium,0
CUST_12023,62.0,Female,52,73.84,3892.3,Month-to-month,DSL,Bank transfer (automatic),2,2,85.8,0.0,2,Medium,1
CUST_12024,,Female,11,50.23,552.54,Month-to-month,DSL,Electronic check,4,0,62.5,5.0,0,High,1
CUST_12025,70.0,Female,20,18.0,360.7,Month-to-month,No,Credit card (automatic),1,1,236.2,15.0,1,Low,0
CUST_12026,59.0,Female,42,80.9,3443.89,One year,Fiber optic,Electronic check,2,0,144.7,0.0,2,High,1
CUST_12027,53.0,Male,5,56.91,289.96,Two year,DSL,Credit card (automatic),0,1,147.8,15.0,0,Low,0
CUST_12028,44.0,Male,36,55.07,2013.22,Month-to-month,DSL,Electronic check,1,0,104.8,0.0,0,Low,0
CUST_12029,55.0,Female,21,97.16,2058.1,Month-to-month,Fiber optic,Bank transfer (automatic),0,2,180.4,5.0,2,High,1
CUST_12030,24.0,Female,53,32.18,1646.84,One year,DSL,Electronic check,1,0,116.0,10.0,0,Low,0
CUST_12031,22.0,Male,4,113.13,439.42,One year,Fiber optic,Electronic check,1,1,14.6,0.0,2,High,1
CUST_12032,60.0,Female,13,29.53,374.69,Month-to-month,No,Credit card (automatic),5,0,114.5,0.0,0,Medium,1
CUST_12033,62.0,Male,42,97.74,4277.35,One year,Fiber optic,Credit card (automatic),1,0,127.3,0.0,0,Low,0
CUST_12034,74.0,Male,1,53.97,55.37,Month-to-month,DSL,Mailed check,2,1,132.3,10.0,0,Medium,1
CUST_12035,68.0,Female,2,84.56,170.01,Month-to-month,Fiber optic,Bank transfer (automatic),1,1,131.0,0.0,1,High,1
CUST_12036,48.0,Female,72,23.84,1673.92,One year,No,Mailed check,4,3,111.0,5.0,1,Low,0
CUST_12037,40.0,Female,7,88.98,598.62,Two year,Fiber optic,Credit card (automatic),1,0,106.6,5.0,0,Low,0
CUST_12038,59.0,Male,72,29.23,2188.48,Month-to-month,No,Electronic check,2,2,126.6,5.0,1,Low,0
CUST_12039,27.0,Male,4,18.0,74.83,Two year,No,Mailed check,1,1,66.0,15.0,0,Low,0
CUST_12040,49.0,Female,10,87.0,836.13,Month-to-month,Fiber optic,Mailed check,1,0,51.9,5.0,0,High,1
CUST_12041,60.0,Female,33,18.0,611.65,One year,No,Mailed check,4,0,144.4,5.0,1,Low,0
CUST_12042,70.0,Male,25,29.81,741.27,Month-to-month,No,Credit card (automatic),3,1,145.2,5.0,1,Medium,0
CUST_12043,47.0,Female,20,95.25,1871.47,Two year,Fiber optic,Electronic check,0,2,179.6,10.0,0,Low,0
CUST_12044,56.0,Male,18,107.35,1978.5,Two year,Fiber optic,Electronic check,0,1,128.5,0.0,2,Medium,1
CUST_12045,48.0,Female,44,39.62,1763.21,Month-to-month,DSL,Bank transfer (automatic),0,1,86.3,15.0,1,Low,0
CUST_12046,35.0,Female,6,93.42,576.22,Two year,Fiber optic,Bank transfer (automatic),1,1,52.7,0.0,0,Low,0
CUST_12047,53.0,Male,14,101.06,1354.61,Two year,Fiber optic,Electronic check,1,0,99.9,5.0,1,Medium,0
CUST_12048,19.0,Male,4,74.24,291.57,One year,Fiber optic,Mailed check,3,0,159.0,5.0,1,Low,0
CUST_12049,31.0,Female,21,79.17,,Month-to-month,Fiber optic,Credit card (automatic),3,0,204.9,0.0,0,High,1
CUST_12050,30.0,Female,6,105.85,624.29,Two year,Fiber optic,Electronic check,2,0,142.4,0.0,0,Medium,1
CUST_12051,46.0,Female,9,73.3,659.86,Two year,Fiber optic,Bank transfer (automatic),4,1,85.4,0.0,0,Medium,0
CUST_12052,29.0,Female,15,23.88,350.43,Month-to-month,No,Bank transfer (automatic),1,1,100.4,0.0,0,Low,0
CUST_12053,56.0,Female,1,51.45,51.16,Two year,DSL,Mailed check,2,1,101.8,15.0,0,Low,0
CUST_12054,19.0,Female,2,99.36,196.09,Month-to-month,Fiber optic,Credit card (automatic),0,1,121.7,15.0,0,Medium,0
CUST_12055,49.0,Female,27,54.91,1517.45,Month-to-month,DSL,Bank transfer (automatic),1,0,190.4,0.0,1,Medium,0
CUST_12056,30.0,Male,13,46.16,606.29,Month-to-month,DSL,Mailed check,1,0,194.0,0.0,1,Medium,0
CUST_12057,63.0,Male,48,23.15,1128.27,One year,No,Bank transfer (automatic),2,2,132.2,15.0,0,Low,0
CUST_12058,44.0,Male,28,88.38,2403.02,One year,Fiber optic,Bank transfer (automatic),2,0,148.2,0.0,0,Low,0
CUST_12059,66.0,Female,1,103.96,102.15,Month-to-month,Fiber optic,Bank transfer (automatic),1,2,104.1,20.0,0,High,1
CUST_12060,58.0,Male,23,31.8,696.38,Two year,No,Credit card (automatic),1,0,63.1,0.0,2,Low,0
CUST_12061,34.0,Female,2,27.12,52.12,Month-to-month,No,Mailed check,1,1,220.5,10.0,0,Low,0
CUST_12062,57.0,Female,36,64.19,2256.55,Month-to-month,DSL,Electronic check,0,1,35.5,0.0,0,Medium,0
CUST_12063,48.0,Female,72,44.41,3058.58,Month-to-month,DSL,Electronic check,1,3,57.4,0.0,2,Medium,0
CUST_12064,51.0,Male,18,80.52,1464.24,One year,Fiber optic,Electronic check,2,0,220.8,0.0,0,Low,0
CUST_12065,41.0,Male,27,66.56,1886.64,Two year,DSL,Electronic check,2,2,140.7,5.0,0,Low,0
CUST_12066,62.0,Male,6,83.16,479.04,One year,Fiber optic,Credit card (automatic),2,1,89.3,0.0,3,High,1
CUST_12067,52.0,Male,13,90.01,1207.72,Two year,Fiber optic,Bank transfer (automatic),2,0,170.7,5.0,1,Low,0
CUST_12068,65.0,Male,46,25.7,1137.14,Month-to-month,No,Bank transfer (automatic),1,0,174.8,0.0,1,Low,0
CUST_12069,23.0,Female,4,111.05,451.75,Month-to-month,Fiber optic,Bank transfer (automatic),0,2,80.0,0.0,1,High,1
CUST_12070,36.0,Female,7,54.93,390.01,Month-to-month,DSL,Credit card (automatic),0,2,116.0,5.0,0,Medium,0
CUST_12071,47.0,Female,14,29.23,425.7,Month-to-month,No,Mailed check,2,1,179.4,0.0,2,Medium,0
CUST_12072,24.0,Female,29,85.79,2391.86,Month-to-month,Fiber optic,Credit card (automatic),3,1,103.2,0.0,1,High,1
CUST_12073,27.0,Male,11,28.92,312.25,One year,No,Mailed check,2,4,152.7,0.0,0,Low,0
CUST_12074,58.0,Female,63,28.96,1749.82,Month-to-month,No,Credit card (automatic),2,0,204.1,5.0,0,Low,0
CUST_12075,49.0,Female,2,69.65,138.01,One year,DSL,Bank transfer (automatic),5,0,32.3,20.0,2,Medium,1
CUST_12076,51.0,Male,11,73.09,837.08,Month-to-month,Fiber optic,Electronic check,2,0,124.6,10.0,0,High,1
CUST_12077,45.0,Female,29,78.41,2337.91,Month-to-month,Fiber optic,Bank transfer (automatic),2,0,151.8,0.0,2,High,1
CUST_12078,32.0,Male,6,88.38,542.1,One year,Fiber optic,Mailed check,2,0,59.4,0.0,0,Medium,0
CUST_12079,47.0,Female,25,90.48,2269.47,Month-to-month,Fiber optic,Electronic check,3,1,116.2,0.0,1,High,1
CUST_12080,54.0,Female,4,93.38,387.84,Two year,Fiber optic,Bank transfer (automatic),2,1,187.0,0.0,0,Low,0
CUST_12081,46.0,Male,1,20.98,20.87,One year,No,Electronic check,1,2,108.3,0.0,0,Low,0
CUST_12082,39.0,Female,3,85.08,246.3,Month-to-month,Fiber optic,Electronic check,1,1,73.2,0.0,0,High,1
CUST_12083,21.0,Female,63,60.74,3955.8,Two year,DSL,Credit card (automatic),5,1,190.9,0.0,0,Low,0
CUST_12084,37.0,Female,19,89.81,1668.79,Month-to-month,Fiber optic,Bank transfer (automatic),0,0,160.0,0.0,0,Medium,0
CUST_12085,49.0,Male,38,57.71,2095.09,Month-to-month,DSL,Credit card (automatic),1,0,136.9,0.0,0,Low,0
CUST_12086,53.0,Female,9,18.26,158.19,One year,No,Bank transfer (automatic),3,2,135.6,0.0,1,Low,0
CUST_12087,67.0,Male,21,91.42,1940.76,Month-to-month,Fiber optic,Mailed check,1,0,186.3,0.0,0,Medium,1
CUST_12088,21.0,Male,16,97.35,1574.28,Two year,Fiber optic,Mailed check,2,0,153.3,5.0,0,Low,0
CUST_12089,44.0,Male,69,57.74,3888.52,Two year,DSL,Bank transfer (automatic),1,0,169.1,0.0,0,Low,0
CUST_12090,34.0,Female,33,56.11,1893.7,Two year,DSL,Credit card (automatic),2,2,108.8,0.0,0,Low,0
CUST_12091,29.0,Female,31,40.22,1280.94,Month-to-month,DSL,Electronic check,1,0,53.7,0.0,1,Medium,1
CUST_12092,39.0,Female,1,-25.0,87.01,Month-to-month,Fiber optic,Credit card (automatic),3,1,168.0,0.0,0,High,1
CUST_12093,34.0,Female,19,79.94,1531.76,One year,Fiber optic,Credit card (automatic),1,2,189.5,10.0,1,Medium,0
CUST_12094,27.0,Male,15,28.38,437.6,Month-to-month,No,Bank transfer (automatic),2,0,129.9,0.0,0,Low,0
CUST_12095,71.0,Male,63,24.45,1579.34,Month-to-month,No,Credit card (automatic),1,1,179.9,5.0,3,Low,0
CUST_12096,18.0,Male,7,44.08,301.09,Month-to-month,DSL,Mailed check,3,1,124.9,5.0,2,High,1
CUST_12097,39.0,Male,7,26.26,180.33,Month-to-month,No,Credit card (automatic),3,0,135.9,5.0,1,Medium,1
CUST_12098,43.0,Male,12,46.56,557.52,Month-to-month,DSL,Bank transfer (automatic),2,1,218.9,15.0,0,Medium,0
CUST_12099,73.0,Male,6,86.84,495.98,Two year,Fiber optic,Electronic check,2,0,126.9,15.0,0,Medium,0
CUST_12100,35.0,Male,3,90.42,265.76,Two year,Fiber optic,Credit card (automatic),2,0,124.2,0.0,0,Medium,0
CUST_12101,67.0,Male,46,71.36,3273.99,Month-to-month,Fiber optic,Mailed check,0,1,55.9,0.0,0,Medium,0
CUST_12102,31.0,Male,19,56.8,1036.9,Month-to-month,DSL,Mailed check,1,0,171.1,5.0,0,Medium,0
CUST_12103,64.0,Male,47,92.65,4191.81,Month-to-month,Fiber optic,Bank transfer (automatic),1,1,108.1,20.0,0,Medium,0
CUST_12104,46.0,Female,42,103.7,4339.39,Two year,Fiber optic,Electronic check,2,0,146.6,10.0,0,Low,0
CUST_12105,29.0,Female,7,30.87,221.08,Month-to-month,DSL,Mailed check,2,2,125.8,0.0,0,Medium,0
CUST_12106,53.0,Female,19,65.56,1287.21,One year,DSL,Credit card (automatic),4,0,119.9,0.0,1,Medium,0
CUST_12107,52.0,Male,2,39.9,80.17,Month-to-month,DSL,Electronic check,2,0,134.7,10.0,1,Medium,1
CUST_12108,69.0,Male,59,20.47,1204.68,One year,No,Electronic check,2,1,138.2,0.0,1,Low,0
CUST_12109,29.0,Female,12,67.54,,Month-to-month,Fiber optic,Electronic check,4,0,192.9,5.0,1,High,1
CUST_12110,24.0,Male,12,76.43,889.0,One year,DSL,Mailed check,1,0,208.4,5.0,0,Low,0
CUST_12111,46.0,Male,8,69.4,535.58,Month-to-month,DSL,Bank transfer (automatic),2,0,169.3,0.0,0,Medium,1
CUST_12112,28.0,Male,14,47.58,685.56,One year,DSL,Credit card (automatic),1,1,197.2,15.0,0,Low,0
CUST_12113,50.0,Male,6,59.46,355.51,Month-to-month,Fiber optic,Credit card (automatic),2,1,178.4,15.0,0,Medium,1
CUST_12114,23.0,Male,11,62.78,710.63,One year,Fiber optic,Bank transfer (automatic),3,1,162.3,0.0,1,Low,0
CUST_12115,,Male,38,20.55,796.84,Two year,No,Electronic check,2,0,205.5,5.0,0,Low,0
CUST_12116,32.0,Female,43,55.29,2304.69,Month-to-month,DSL,Credit card (automatic),2,0,81.1,5.0,1,Medium,0
CUST_12117,49.0,Male,8,19.56,156.64,Two year,No,Bank transfer (automatic),2,2,109.2,0.0,0,Low,0
CUST_12118,68.0,Male,15,47.82,713.28,One year,DSL,Bank transfer (automatic),1,0,103.1,0.0,0,Low,0
CUST_12119,28.0,Female,49,54.96,2672.54,Month-to-month,DSL,Bank transfer (automatic),1,0,126.4,0.0,0,Low,0
CUST_12120,40.0,Male,1,26.8,26.91,Month-to-month,No,Credit card (automatic),2,1,170.9,15.0,1,Low,0
CUST_12121,43.0,Male,52,59.28,3231.16,Month-to-month,DSL,Bank transfer (automatic),4,2,89.8,0.0,0,Medium,1
CUST_12122,51.0,Female,5,117.16,604.13,One year,Fiber optic,Mailed check,0,1,162.6,0.0,2,High,1
CUST_12123,63.0,Male,27,61.48,1726.97,One year,DSL,Bank transfer (automatic),2,1,113.6,0.0,1,Low,0
CUST_12124,51.0,Male,20,18.0,343.07,Month-to-month,No,Electronic check,1,0,124.4,0.0,0,Low,0
CUST_12125,46.0,Male,19,84.26,1543.36,Month-to-month,Fiber optic,Mailed check,0,0,149.0,0.0,1,Medium,0
CUST_12126,21.0,Male,47,65.15,2934.9,Two year,Fiber optic,Mailed check,1,0,215.7,0.0,1,Low,0
CUST_12127,34.0,Female,2,90.79,177.28,Two year,Fiber optic,Electronic check,3,2,107.9,5.0,1,High,1
CUST_12128,52.0,Female,10,28.45,282.85,Month-to-month,No,Electronic check,1,1,136.4,5.0,2,Medium,1
CUST_12129,30.0,Male,18,72.38,1321.35,Two year,Fiber optic,Electronic check,1,1,91.5,5.0,0,Low,0
CUST_12130,58.0,Female,40,53.88,2155.38,Month-to-month,DSL,Bank transfer (automatic),4,1,107.5,5.0,1,Medium,0
CUST_12131,56.0,Male,5,84.7,440.57,Month-to-month,Fiber optic,Credit card (automatic),1,0,91.1,0.0,0,High,1
CUST_12132,32.0,Male,38,89.2,,Two year,Fiber optic,Credit card (automatic),2,0,151.0,5.0,0,Low,0
CUST_12133,72.0,Female,12,79.63,923.41,Month-to-month,DSL,Mailed check,1,2,159.1,0.0,0,High,1
CUST_12134,46.0,Male,5,97.64,505.43,Month-to-month,Fiber optic,Bank transfer (automatic),2,1,170.9,0.0,0,High,1
CUST_12135,46.0,Male,34,60.87,2065.8,Month-to-month,DSL,Credit card (automatic),3,0,106.1,0.0,0,Medium,0
CUST_12136,28.0,Male,2,35.7,71.07,Two year,DSL,Electronic check,3,1,162.9,0.0,0,Low,0
CUST_12137,69.0,Male,17,29.37,513.52,Two year,No,Bank transfer (automatic),1,0,145.1,0.0,0,Low,0
CUST_12138,49.0,Male,1,84.72,81.27,Month-to-month,Fiber optic,Bank transfer (automatic),0,3,137.4,0.0,0,High,1
CUST_12139,19.0,Female,10,23.55,244.51,Month-to-month,No,Electronic check,1,0,84.1,5.0,0,Low,0
CUST_12140,64.0,Male,22,29.9,669.04,Month-to-month,DSL,Credit card (automatic),1,0,146.9,5.0,2,Low,0
CUST_12141,31.0,Male,19,30.39,599.08,One year,No,Credit card (automatic),1,1,148.3,0.0,0,Low,0
CUST_12142,37.0,Male,12,55.17,694.78,Month-to-month,DSL,Electronic check,1,0,144.6,20.0,0,Medium,0
CUST_12143,39.0,Female,13,62.24,810.58,One year,DSL,Electronic check,4,0,158.0,5.0,0,Low,0
CUST_12144,28.0,Female,6,21.46,123.52,Month-to-month,No,Electronic check,0,1,171.3,15.0,1,Low,0
CUST_12145,44.0,Female,14,25.37,343.34,Month-to-month,No,Electronic check,1,0,90.6,5.0,0,Low,0
CUST_12146,20.0,Female,72,92.32,6529.8,Month-to-month,Fiber optic,Mailed check,5,0,130.2,0.0,0,Low,0
CUST_12147,34.0,Female,45,83.27,3598.6,Month-to-month,Fiber optic,Mailed check,3,0,163.2,20.0,0,Low,0
CUST_12148,61.0,Male,3,85.4,264.28,Two year,Fiber optic,Electronic check,2,0,127.9,15.0,0,Low,0
CUST_12149,73.0,Female,1,98.07,96.08,Month-to-month,Fiber optic,Credit card (automatic),2,0,183.2,0.0,2,High,1
CUST_12150,45.0,Female,65,83.63,5694.64,Month-to-month,Fiber optic,Mailed check,2,1,144.1,0.0,0,Medium,0
CUST_12151,46.0,Female,17,85.18,1477.4,Month-to-month,Fiber optic,Electronic check,2,0,52.0,0.0,0,High,1
CUST_12152,38.0,Female,18,37.95,660.79,Month-to-month,No,Electronic check,3,0,177.8,10.0,1,Medium,0
CUST_12153,64.0,Male,36,90.17,3238.34,Month-to-month,Fiber optic,Mailed check,0,1,134.7,0.0,1,High,1
CUST_12154,33.0,Male,9,45.98,412.45,Month-to-month,DSL,Mailed check,5,2,60.4,5.0,0,High,1
CUST_12155,54.0,Male,15,95.81,1436.07,Month-to-month,Fiber optic,Electronic check,5,0,128.6,5.0,0,High,1
CUST_12156,37.0,Female,72,78.05,5639.66,One year,Fiber optic,Electronic check,0,2,82.9,0.0,0,Low,0
CUST_12157,23.0,Male,26,79.51,1970.34,Month-to-month,Fiber optic,Credit card (automatic),2,1,173.9,10.0,1,Low,0
CUST_12158,36.0,Male,4,94.51,385.08,Month-to-month,Fiber optic,Credit card (automatic),1,1,138.4,10.0,1,High,1
CUST_12159,74.0,Female,3,56.88,170.42,Two year,DSL,Electronic check,3,1,98.4,0.0,0,Medium,0
CUST_12160,22.0,Male,5,20.92,107.64,Month-to-month,No,Mailed check,6,0,176.5,0.0,0,Medium,1
CUST_12161,20.0,Female,34,100.68,3531.07,Month-to-month,Fiber optic,Bank transfer (automatic),2,0,160.6,10.0,0,Low,0
CUST_12162,18.0,Male,8,53.9,419.58,Month-to-month,DSL,Bank transfer (automatic),2,0,129.4,5.0,1,High,1
CUST_12163,55.0,Male,1,55.49,52.98,Month-to-month,DSL,Mailed check,3,0,83.9,5.0,0,High,1
CUST_12164,32.0,Male,69,25.25,1777.66,One year,No,Credit card (automatic),1,2,102.1,0.0,0,Low,0
CUST_12165,51.0,Female,4,49.16,206.03,Month-to-month,DSL,Bank transfer (automatic),0,0,101.4,0.0,0,Medium,0
CUST_12166,52.0,Male,1,55.5,55.2,One year,DSL,Mailed check,2,0,173.6,20.0,2,Low,0
CUST_12167,66.0,Male,6,47.64,278.97,Month-to-month,DSL,Bank transfer (automatic),2,0,64.4,5.0,2,High,1
CUST_12168,42.0,Female,6,33.73,195.43,Month-to-month,No,Credit card (automatic),2,0,137.9,0.0,0,Low,0
CUST_12169,41.0,Male,13,80.6,1025.53,One year,Fiber optic,Credit card (automatic),1,2,128.7,10.0,0,Low,0
CUST_12170,29.0,Female,60,87.22,5143.15,Month-to-month,Fiber optic,Electronic check,2,1,186.6,5.0,0,Low,0
CUST_12171,35.0,Female,50,18.0,893.15,One year,No,Electronic check,3,0,150.5,0.0,0,Low,0
CUST_12172,32.0,Male,14,62.46,888.03,Month-to-month,DSL,Mailed check,0,0,164.1,15.0,0,Low,0
CUST_12173,61.0,Female,12,64.01,750.7,One year,DSL,Electronic check,1,1,116.4,0.0,0,Low,0
CUST_12174,33.0,Male,19,61.94,1124.02,Month-to-month,DSL,Bank transfer (automatic),1,0,84.6,5.0,1,Low,0
CUST_12175,44.0,Female,6,64.51,382.16,Two year,Fiber optic,Credit card (automatic),1,1,125.4,0.0,2,Medium,0
CUST_12176,25.0,Male,1,66.94,69.32,Month-to-month,DSL,Bank transfer (automatic),3,0,175.0,0.0,0,Medium,0
CUST_12177,63.0,Female,67,70.27,4707.31,Two year,DSL,Credit card (automatic),4,2,174.9,10.0,0,Low,0
CUST_12178,42.0,Male,4,73.38,307.16,Month-to-month,Fiber optic,Electronic check,2,1,120.6,5.0,0,High,1
CUST_12179,34.0,Female,5,57.37,286.95,One year,DSL,Credit card (automatic),0,2,101.3,10.0,2,Medium,0
CUST_12180,46.0,Male,15,20.7,303.54,Month-to-month,No,Bank transfer (automatic),0,0,92.4,0.0,0,Low,0
CUST_12181,70.0,Male,16,91.11,1413.05,Two year,Fiber optic,Mailed check,4,0,133.9,15.0,1,Medium,1
CUST_12182,25.0,Male,1,47.61,48.54,Month-to-month,DSL,Bank transfer (automatic),5,0,146.1,0.0,1,High,1
CUST_12183,32.0,Male,3,98.55,296.73,Month-to-month,Fiber optic,Electronic check,2,0,206.3,5.0,0,High,1
CUST_12184,44.0,Female,11,51.45,571.84,Month-to-month,DSL,Credit card (automatic),1,1,145.5,15.0,1,Medium,1
CUST_12185,63.0,Male,27,108.87,3014.48,Month-to-month,Fiber optic,Mailed check,2,0,167.6,0.0,1,High,1
CUST_12186,67.0,Female,6,47.67,292.48,Month-to-month,DSL,Electronic check,1,2,104.9,0.0,1,High,1
CUST_12187,69.0,Female,13,31.77,394.15,Two year,No,Bank transfer (automatic),1,2,141.9,20.0,0,Low,0
CUST_12188,24.0,Female,19,87.94,1721.42,Two year,Fiber optic,Bank transfer (automatic),0,0,146.3,20.0,0,Low,0
CUST_12189,20.0,Male,52,31.25,1630.31,Month-to-month,No,Electronic check,2,2,133.7,10.0,1,Low,0
CUST_12190,46.0,Male,9,22.49,200.22,Two year,No,Electronic check,2,0,139.0,0.0,0,Low,0
CUST_12191,61.0,Female,3,86.94,261.8,Month-to-month,Fiber optic,Mailed check,1,4,145.7,5.0,1,High,1
CUST_12192,70.0,Male,16,79.81,1291.32,Month-to-month,Fiber optic,Bank transfer (automatic),2,3,161.6,0.0,2,High,1
CUST_12193,41.0,Male,32,21.89,675.93,One year,No,Credit card (automatic),2,1,192.6,0.0,1,Low,0
CUST_12194,20.0,Female,2,29.11,57.74,One year,No,Credit card (automatic),4,0,38.1,0.0,1,Low,0
CUST_12195,37.0,Female,13,99.15,1267.76,Two year,Fiber optic,Mailed check,1,1,190.1,0.0,0,Low,0
CUST_12196,63.0,Female,1,95.28,93.85,Month-to-month,Fiber optic,Bank transfer (automatic),3,0,63.0,0.0,2,High,1
CUST_12197,32.0,Male,1,84.83,81.36,One year,Fiber optic,Mailed check,5,4,153.9,0.0,0,High,1
CUST_12198,42.0,Female,15,23.62,342.25,Month-to-month,No,Bank transfer (automatic),1,0,246.0,5.0,0,Low,0
CUST_12199,47.0,Male,8,75.78,585.74,Month-to-month,Fiber optic,Electronic check,1,0,138.1,5.0,1,High,1
CUST_12200,31.0,Male,44,52.56,2283.32,Month-to-month,DSL,Mailed check,3,1,148.1,15.0,0,Low,0
CUST_12201,24.0,Female,22,27.32,624.75,Two year,No,Bank transfer (automatic),0,1,126.0,0.0,2,Low,0
CUST_12202,34.0,Male,14,72.96,991.41,Two year,Fiber optic,Electronic check,0,0,170.0,0.0,1,Low,0
CUST_12203,61.0,Male,12,52.93,629.84,One year,DSL,Bank transfer (automatic),0,0,156.3,5.0,0,Low,0
CUST_12204,37.0,Male,16,101.15,1587.91,Month-to-month,Fiber optic,Credit card (automatic),2,0,109.6,0.0,1,High,1
CUST_12205,,Female,1,23.89,24.58,Month-to-month,No,Mailed check,0,1,134.9,0.0,0,Low,0
CUST_12206,26.0,Female,53,94.43,4779.64,Month-to-month,Fiber optic,Mailed check,2,0,89.7,5.0,0,Medium,0
CUST_12207,55.0,Female,72,44.82,3129.11,Month-to-month,DSL,Credit card (automatic),3,0,134.6,0.0,1,Low,0
CUST_12208,65.0,Female,4,58.18,225.99,Month-to-month,DSL,Bank transfer (automatic),1,1,121.1,15.0,0,Medium,1
CUST_12209,74.0,Male,3,102.53,322.75,One year,Fiber optic,Electronic check,1,0,146.1,5.0,0,Medium,0
CUST_12210,39.0,Male,3,77.67,234.66,Month-to-month,Fiber optic,Electronic check,2,2,108.1,0.0,0,High,1
CUST_12211,71.0,Male,25,86.28,2079.12,Month-to-month,Fiber optic,Bank transfer (automatic),2,0,130.4,0.0,0,High,1
CUST_12212,70.0,Male,25,93.96,2295.49,Month-to-month,Fiber optic,Bank transfer (automatic),1,1,140.4,10.0,0,High,1
CUST_12213,70.0,Male,45,18.13,788.75,Month-to-month,No,Electronic check,0,0,143.5,5.0,0,Low,0
CUST_12214,19.0,Female,33,25.35,805.15,Month-to-month,No,Electronic check,1,1,152.3,15.0,0,Low,0
CUST_12215,41.0,Male,14,48.46,698.6,Two year,DSL,Credit card (automatic),1,2,132.2,10.0,0,Low,0
CUST_12216,25.0,Male,22,42.76,940.32,One year,DSL,Bank transfer (automatic),0,0,104.6,0.0,1,Low,0
CUST_12217,28.0,Male,27,41.42,1133.01,Two year,DSL,Credit card (automatic),1,0,143.7,0.0,0,Low,0
CUST_12218,30.0,Male,17,18.0,300.84,Month-to-month,No,Bank transfer (automatic),4,3,132.0,5.0,2,Medium,1
CUST_12219,34.0,Female,15,85.46,1288.78,Month-to-month,Fiber optic,Credit card (automatic),2,0,186.1,0.0,0,Medium,1
CUST_12220,25.0,Male,24,86.56,2027.08,Month-to-month,Fiber optic,Electronic check,1,1,191.8,5.0,0,Medium,1
CUST_12221,38.0,Male,19,66.95,1247.63,Two year,Fiber optic,Bank transfer (automatic),2,1,78.3,10.0,1,Low,0
CUST_12222,35.0,Female,24,64.08,1561.33,One year,DSL,Electronic check,5,1,167.8,5.0,1,Medium,0
CUST_12223,47.0,Male,22,91.21,1936.46,Month-to-month,Fiber optic,Bank transfer (automatic),1,0,176.8,0.0,1,High,1
CUST_12224,35.0,Male,30,90.33,2741.67,Month-to-month,Fiber optic,Mailed check,3,1,79.4,5.0,0,High,1
CUST_12225,63.0,Male,24,,2475.84,Month-to-month,Fiber optic,Mailed check,3,2,166.1,0.0,1,High,1
CUST_12226,64.0,Female,17,48.55,794.02,One year,DSL,Credit card (automatic),3,2,180.3,10.0,0,Low,0
CUST_12227,48.0,Female,27,68.35,1918.8,Two year,Fiber optic,Credit card (automatic),1,3,97.3,5.0,0,Low,0
CUST_12228,55.0,Female,14,97.68,1310.01,One year,Fiber optic,Electronic check,0,1,129.4,5.0,0,Medium,0
CUST_12229,49.0,Male,6,102.23,604.11,Month-to-month,Fiber optic,Bank transfer (automatic),3,1,148.4,0.0,0,High,1
CUST_12230,28.0,Female,1,95.78,96.84,Month-to-month,Fiber optic,Mailed check,2,2,165.7,10.0,1,High,1
CUST_12231,62.0,Male,19,50.53,965.77,Month-to-month,DSL,Mailed check,2,1,95.5,5.0,1,Medium,1
CUST_12232,42.0,Male,21,97.53,1965.47,Month-to-month,Fiber optic,Credit card (automatic),2,0,192.1,0.0,0,Medium,1
CUST_12233,50.0,Male,72,120.0,8898.26,Month-to-month,Fiber optic,Electronic check,3,0,48.7,15.0,2,High,1
CUST_12234,55.0,Male,10,68.71,719.61,One year,DSL,Credit card (automatic),0,0,199.6,10.0,0,Low,0
CUST_12235,58.0,Female,12,69.26,804.63,One year,Fiber optic,Electronic check,2,2,164.8,5.0,1,Medium,1
CUST_12236,25.0,Female,5,77.96,405.2,Month-to-month,Fiber optic,Bank transfer (automatic),2,0,112.0,0.0,0,Medium,1
CUST_12237,28.0,Female,1,28.62,28.78,Two year,No,Bank transfer (automatic),3,1,178.9,20.0,1,Low,0
CUST_12238,39.0,Male,35,65.74,2401.2,Month-to-month,Fiber optic,Electronic check,2,0,92.8,10.0,0,Medium,0
CUST_12239,68.0,Male,6,87.03,505.27,Month-to-month,Fiber optic,Electronic check,3,2,145.2,5.0,1,High,1
CUST_12240,41.0,Male,22,89.56,2027.86,Month-to-month,Fiber optic,Credit card (automatic),0,0,150.7,5.0,1,Medium,0
CUST_12241,58.0,Male,27,55.3,1427.37,Month-to-month,DSL,Bank transfer (automatic),2,0,150.6,0.0,0,Low,0
CUST_12242,34.0,Female,15,70.73,1101.61,Month-to-month,DSL,Electronic check,3,2,102.2,0.0,0,High,1
CUST_12243,29.0,Male,50,70.45,3583.85,Month-to-month,DSL,Mailed check,2,1,117.7,0.0,1,Low,0
CUST_12244,74.0,Female,14,59.33,819.84,Month-to-month,DSL,Electronic check,2,1,145.7,0.0,0,High,1
CUST_12245,63.0,Male,8,96.05,744.62,Two year,Fiber optic,Electronic check,1,1,107.3,10.0,0,Medium,0
CUST_12246,49.0,Male,54,93.47,5207.15,Month-to-month,Fiber optic,Mailed check,2,0,152.2,0.0,0,Medium,0
CUST_12247,32.0,Male,47,23.1,1096.91,Month-to-month,No,Electronic check,2,1,112.4,10.0,1,Low,0
CUST_12248,33.0,Male,4,25.97,102.43,Month-to-month,No,Credit card (automatic),2,0,185.0,5.0,1,Low,0
CUST_12249,71.0,Male,1,75.68,75.25,One year,Fiber optic,Bank transfer (automatic),1,0,210.3,0.0,0,Medium,0
CUST_12250,39.0,Female,2,61.16,126.31,Month-to-month,DSL,Credit card (automatic),0,0,126.6,0.0,2,Medium,1
CUST_12251,45.0,Male,8,60.82,478.72,Two year,Fiber optic,Bank transfer (automatic),1,0,181.4,5.0,1,Low,0
CUST_12252,37.0,Female,72,84.97,5866.78,Month-to-month,Fiber optic,Credit card (automatic),3,0,130.4,0.0,0,Low,0
CUST_12253,50.0,Male,19,75.43,,Month-to-month,Fiber optic,Mailed check,1,1,97.9,0.0,0,High,1
CUST_12254,27.0,Male,11,116.5,1267.06,One year,Fiber optic,Bank transfer (automatic),3,3,120.8,10.0,1,High,1
CUST_12255,57.0,Male,52,64.38,3297.0,Month-to-month,DSL,Credit card (automatic),1,0,143.9,5.0,0,Low,0
CUST_12256,49.0,Female,14,64.9,881.74,Month-to-month,DSL,Bank transfer (automatic),3,2,59.6,10.0,1,High,1
CUST_12257,67.0,Male,9,66.17,619.2,Month-to-month,Fiber optic,Electronic check,2,0,168.2,10.0,0,High,1
CUST_12258,50.0,Female,68,78.64,5196.46,One year,Fiber optic,Bank transfer (automatic),2,1,143.9,10.0,0,Low,0
CUST_12259,19.0,Male,45,20.77,947.42,Month-to-month,No,Credit card (automatic),0,1,185.0,0.0,2,Low,0
CUST_12260,50.0,Female,44,74.1,3384.54,Month-to-month,Fiber optic,Credit card (automatic),0,2,167.4,20.0,0,Low,0
CUST_12261,50.0,Male,17,58.65,950.68,Two year,DSL,Bank transfer (automatic),1,1,145.4,0.0,0,Low,0
CUST_12262,58.0,Female,37,82.38,3148.28,Month-to-month,Fiber optic,Bank transfer (automatic),1,1,124.0,10.0,0,Medium,0
CUST_12263,30.0,Female,4,46.4,183.94,Two year,DSL,Credit card (automatic),3,0,208.5,5.0,0,Low,0
CUST_12264,47.0,Female,20,107.26,2179.09,One year,Fiber optic,Electronic check,2,2,237.6,5.0,0,Medium,0
CUST_12265,50.0,Male,72,89.54,6364.62,Month-to-month,Fiber optic,Bank transfer (automatic),1,3,124.7,20.0,1,Medium,0
CUST_12266,30.0,Male,8,90.75,740.19,Month-to-month,Fiber optic,Electronic check,2,0,186.9,0.0,1,High,1
CUST_12267,69.0,Male,37,91.48,3301.59,Month-to-month,Fiber optic,Bank transfer (automatic),1,1,108.2,0.0,0,Medium,1
CUST_12268,43.0,Female,16,92.35,1406.96,One year,Fiber optic,Bank transfer (automatic),3,1,113.6,0.0,0,Medium,1
CUST_12269,39.0,Female,1,52.01,54.34,One year,DSL,Electronic check,1,1,122.6,0.0,1,Medium,0
CUST_12270,56.0,Female,34,81.15,2625.66,One year,Fiber optic,Electronic check,4,0,170.8,10.0,0,Low,0
CUST_12271,19.0,Male,4,87.0,359.28,Two year,Fiber optic,Bank transfer (automatic),2,2,91.6,0.0,0,Medium,0
CUST_12272,55.0,Male,23,70.1,1558.96,One year,DSL,Electronic check,2,0,209.7,15.0,2,Low,0
CUST_12273,56.0,Male,2,59.34,117.4,Month-to-month,DSL,Electronic check,1,1,182.2,5.0,0,High,1
CUST_12274,43.0,Female,70,18.0,1300.63,Month-to-month,No,Credit card (automatic),1,1,169.8,0.0,1,Low,0
CUST_12275,63.0,Female,8,46.12,358.11,Two year,DSL,Electronic check,6,0,126.8,0.0,0,Medium,0
CUST_12276,67.0,Female,6,54.12,336.6,month-to-month,DSL,Mailed check,5,0,177.3,0.0,0,High,1
CUST_12277,32.0,Male,3,52.96,158.84,Month-to-month,DSL,Credit card (automatic),1,0,10.0,15.0,0,Low,0
CUST_12278,51.0,Female,70,23.98,1656.13,One year,No,Electronic check,2,0,159.8,10.0,0,Low,0
CUST_12279,59.0,Female,29,36.2,1066.85,Month-to-month,No,Mailed check,3,1,147.2,0.0,0,Low,0
CUST_12280,72.0,Male,32,101.1,3183.89,Two year,Fiber optic,Bank transfer (automatic),2,0,55.1,0.0,0,Low,0
CUST_12281,61.0,Female,16,86.11,1356.72,One year,Fiber optic,Bank transfer (automatic),0,0,158.3,0.0,2,Low,0
CUST_12282,66.0,Female,15,86.62,1329.64,Month-to-month,Fiber optic,Credit card (automatic),6,2,166.6,0.0,0,High,1
CUST_12283,57.0,Female,2,42.73,83.83,Two year,DSL,Credit card (automatic),4,0,56.6,10.0,0,Low,0
CUST_12284,28.0,Female,19,72.12,1329.28,Month-to-month,DSL,Bank transfer (automatic),3,1,86.6,10.0,0,Medium,0
CUST_12285,20.0,Male,6,53.71,332.17,Month-to-month,DSL,Electronic check,2,1,232.9,0.0,0,Medium,1
CUST_12286,23.0,Male,72,75.05,5568.61,Month-to-month,Fiber optic,Electronic check,0,1,131.6,15.0,0,Low,0
CUST_12287,26.0,Female,38,62.58,2377.47,Month-to-month,DSL,Mailed check,2,0,183.9,0.0,0,Low,0
CUST_12288,23.0,Male,12,18.0,216.58,Month-to-month,No,Electronic check,2,0,190.7,0.0,3,Medium,0
CUST_12289,26.0,Female,3,85.96,262.94,Month-to-month,Fiber optic,Bank transfer (automatic),0,0,157.7,10.0,1,Medium,1
CUST_12290,56.0,Female,36,50.96,1836.26,Month-to-month,DSL,Bank transfer (automatic),2,0,185.8,0.0,0,Medium,0
CUST_12291,48.0,Female,3,73.53,218.76,Month-to-month,Fiber optic,Electronic check,3,2,44.9,0.0,2,High,1
CUST_12292,49.0,Female,5,33.78,177.26,One year,No,Credit card (automatic),0,0,129.6,5.0,0,Low,0
CUST_12293,58.0,Male,5,23.34,112.59,Two year,No,Electronic check,1,2,10.0,0.0,2,Low,0
CUST_12294,67.0,Male,19,40.63,779.13,Month-to-month,DSL,Mailed check,1,1,61.4,0.0,0,Medium,0
CUST_12295,29.0,Male,37,60.51,2325.26,Month-to-month,DSL,Bank transfer (automatic),1,0,115.4,5.0,0,Low,0
CUST_12296,25.0,Male,9,20.17,184.93,Month-to-month,No,Mailed check,6,0,110.1,0.0,0,Medium,0
CUST_12297,25.0,Male,2,43.47,90.25,Month-to-month,DSL,Mailed check,1,0,141.9,0.0,1,Low,0
CUST_12298,67.0,Male,14,105.49,1452.69,One year,Fiber optic,Electronic check,1,1,139.1,0.0,2,High,1
CUST_12299,45.0,Female,33,43.04,1387.94,One year,DSL,Mailed check,1,0,146.0,5.0,0,Low,0
CUST_12300,37.0,Female,6,91.57,568.72,Month-to-month,Fiber optic,Bank transfer (automatic),3,1,147.9,0.0,0,High,1
CUST_12301,64.0,Male,5,93.71,463.59,Month-to-month,Fiber optic,Credit card (automatic),3,0,155.0,15.0,0,High,1
CUST_12302,24.0,Male,70,24.65,1761.68,Month-to-month,No,Mailed check,4,2,96.8,10.0,0,Low,0
CUST_12303,28.0,Female,72,52.82,3669.08,One year,DSL,Mailed check,0,1,107.4,0.0,0,Low,0
CUST_12304,37.0,Male,72,91.8,6778.7,Month-to-month,Fiber optic,Bank transfer (automatic),2,5,138.3,10.0,3,High,1
CUST_12305,33.0,Male,39,97.82,3833.67,Two year,Fiber optic,Credit card (automatic),1,0,139.0,5.0,1,Low,0
CUST_12306,21.0,Male,5,72.02,351.77,One year,Fiber optic,Electronic check,1,0,91.3,0.0,0,Medium,0
CUST_12307,23.0,Female,5,66.97,334.67,Month-to-month,Fiber optic,Mailed check,0,0,188.7,5.0,2,High,1
CUST_12308,39.0,Male,9,86.89,797.41,One year,Fiber optic,Credit card (automatic),4,1,172.6,5.0,0,Medium,0
CUST_12309,43.0,Female,9,59.45,508.93,Two year,DSL,Bank transfer (automatic),4,0,101.3,0.0,0,Low,0
CUST_12310,20.0,Male,72,78.47,5727.51,One year,Fiber optic,Electronic check,1,3,130.6,0.0,0,Low,0
CUST_12311,58.0,Male,37,47.4,1761.09,Month-to-month,DSL,Bank transfer (automatic),3,2,230.4,0.0,0,High,1
CUST_12312,59.0,Male,30,62.65,1826.93,Month-to-month,Fiber optic,Electronic check,2,1,147.2,0.0,0,High,1
CUST_12313,31.0,Male,4,26.68,109.42,Two year,No,Mailed check,6,2,157.8,0.0,3,High,1
CUST_12314,28.0,Female,57,79.18,4424.56,One year,Fiber optic,Mailed check,3,3,112.6,5.0,0,Low,0
CUST_12315,35.0,Female,42,65.36,2683.87,One year,Fiber optic,Credit card (automatic),1,0,125.9,0.0,0,Low,0
CUST_12316,71.0,Female,4,102.94,410.57,Two year,Fiber optic,Mailed check,3,0,208.0,0.0,1,High,1
CUST_12317,29.0,Female,49,55.35,2759.92,Two year,DSL,Electronic check,1,0,145.1,0.0,0,Low,0
CUST_12318,40.0,Female,7,37.03,270.33,Two year,DSL,Electronic check,3,0,136.8,10.0,0,Low,0
CUST_12319,29.0,Female,2,95.9,184.92,Month-to-month,Fiber optic,Credit card (automatic),1,1,140.3,0.0,0,High,1
CUST_12320,30.0,Female,25,92.75,2294.74,Month-to-month,Fiber optic,Electronic check,3,1,254.5,0.0,0,High,1
CUST_12321,42.0,Male,25,71.7,1714.88,One year,Fiber optic,Mailed check,1,1,141.8,0.0,1,Low,0
CUST_12322,62.0,Male,2,57.56,118.1,One year,DSL,Electronic check,1,2,102.6,10.0,0,Medium,1
CUST_12323,68.0,Male,9,61.25,548.37,One year,DSL,Bank transfer (automatic),3,0,110.5,0.0,0,Medium,0
CUST_12324,36.0,Female,72,113.0,8304.36,Month-to-month,Fiber optic,Mailed check,1,0,175.1,0.0,1,Low,0
CUST_12325,72.0,Male,27,89.85,2382.82,One year,Fiber optic,Mailed check,0,2,75.7,0.0,1,Medium,0
CUST_12326,63.0,Male,31,83.31,2671.53,One year,Fiber optic,Mailed check,3,0,160.3,0.0,0,Low,0
CUST_12327,53.0,Female,5,74.72,374.9,Month-to-month,Fiber optic,Credit card (automatic),0,0,107.4,5.0,0,High,1
CUST_12328,62.0,Female,1,53.63,56.01,Month-to-month,DSL,Mailed check,1,0,56.4,0.0,0,High,1
CUST_12329,25.0,Female,7,75.09,503.49,Month-to-month,Fiber optic,Bank transfer (automatic),0,0,95.9,0.0,3,High,1
CUST_12330,46.0,Male,6,101.45,609.57,Month-to-month,Fiber optic,Credit card (automatic),2,0,141.2,5.0,0,Medium,1
CUST_12331,72.0,Female,6,85.22,524.94,Month-to-month,Fiber optic,Credit card (automatic),2,0,202.8,0.0,1,High,1
CUST_12332,70.0,Male,5,24.46,123.52,Month-to-month,No,Electronic check,2,1,181.1,10.0,2,Medium,1
CUST_12333,72.0,Male,20,27.99,533.11,Month-to-month,No,Credit card (automatic),0,0,126.8,0.0,0,Low,0
CUST_12334,49.0,Male,9,56.7,534.4,One year,Fiber optic,Electronic check,1,1,183.7,20.0,1,Medium,0
CUST_12335,68.0,Male,41,100.35,4031.35,One year,Fiber optic,Mailed check,1,1,123.9,20.0,0,Low,0
CUST_12336,61.0,Male,4,85.66,334.05,Two year,Fiber optic,Credit card (automatic),3,2,74.0,10.0,0,High,1
CUST_12337,35.0,Female,14,51.92,725.84,Month-to-month,DSL,Electronic check,3,0,140.9,20.0,0,Medium,0
CUST_12338,23.0,Male,1,75.06,75.38,Month-to-month,Fiber optic,Electronic check,1,2,72.2,0.0,1,High,1
CUST_12339,35.0,Female,15,69.32,1067.49,Two year,DSL,Electronic check,2,0,175.6,10.0,2,Low,0
CUST_12340,36.0,Female,1,52.0,51.45,Month-to-month,DSL,Bank transfer (automatic),2,1,176.3,0.0,1,High,1
CUST_12341,39.0,Male,72,20.23,1447.81,Two year,No,Mailed check,0,1,100.4,10.0,1,Low,0
CUST_12342,54.0,Male,37,97.04,3603.03,Two year,Fiber optic,Bank transfer (automatic),1,1,146.6,0.0,0,Low,0
CUST_12343,49.0,Male,16,22.54,356.83,Month-to-month,No,Credit card (automatic),2,0,146.1,0.0,0,Low,0
CUST_12344,73.0,Female,2,55.71,116.04,Two year,DSL,Bank transfer (automatic),2,1,179.2,20.0,0,Low,0
CUST_12345,58.0,Male,21,77.8,1691.19,Month-to-month,Fiber optic,Electronic check,1,0,84.0,0.0,1,High,1
CUST_12346,20.0,Male,34,75.63,2559.84,Month-to-month,Fiber optic,Credit card (automatic),3,1,167.0,10.0,1,Medium,0
CUST_12347,45.0,Male,5,79.14,375.92,One year,Fiber optic,Electronic check,3,0,80.7,5.0,1,High,1
CUST_12348,27.0,Female,20,60.37,1255.81,Month-to-month,Fiber optic,Electronic check,1,0,175.0,0.0,0,Medium,0
CUST_12349,68.0,Female,40,76.3,2937.35,Two year,Fiber optic,Electronic check,2,2,187.8,0.0,0,Low,0
CUST_12350,52.0,Male,35,48.32,1647.99,Month-to-month,DSL,Bank transfer (automatic),3,1,109.9,0.0,0,Medium,1
CUST_12351,46.0,Female,38,82.9,3040.69,Month-to-month,Fiber optic,Electronic check,2,0,194.9,15.0,0,Medium,1
CUST_12352,71.0,Female,50,18.0,871.18,One year,No,Electronic check,4,4,69.2,20.0,0,Low,0
CUST_12353,32.0,Female,66,89.35,6075.71,One year,Fiber optic,Electronic check,0,1,189.5,10.0,0,Low,0
CUST_12354,50.0,Female,12,18.47,223.4,Month-to-month,No,Electronic check,3,0,204.7,10.0,3,Medium,1
CUST_12355,24.0,Female,20,78.02,1631.57,Month-to-month,Fiber optic,Bank transfer (automatic),1,0,155.6,0.0,0,Medium,0
CUST_12356,29.0,Female,37,65.99,2376.06,Two year,DSL,Credit card (automatic),1,2,131.2,0.0,0,Low,0
CUST_12357,66.0,Female,28,78.1,2183.66,Month-to-month,Fiber optic,Bank transfer (automatic),2,1,154.1,0.0,2,Medium,1
CUST_12358,47.0,Male,72,73.33,5531.83,Two year,Fiber optic,Electronic check,1,0,112.8,5.0,0,Low,0
CUST_12359,38.0,Male,1,23.56,24.33,One year,No,Electronic check,2,1,258.1,0.0,0,Low,0
CUST_12360,48.0,Male,10,95.91,981.03,One year,Fiber optic,Credit card (automatic),0,2,113.6,5.0,0,Medium,0
CUST_12361,41.0,Female,7,44.96,304.93,One year,DSL,Electronic check,3,0,199.3,5.0,0,Low,0
CUST_12362,37.0,Female,7,45.56,327.51,Month-to-month,DSL,Credit card (automatic),4,3,106.6,0.0,1,High,1
CUST_12363,54.0,Male,6,58.23,344.05,One year,DSL,Electronic check,1,0,211.9,0.0,0,Low,0
CUST_12364,21.0,Female,29,49.33,1434.94,Two year,DSL,Credit card (automatic),1,1,230.6,0.0,0,Low,0
CUST_12365,45.0,Male,2,75.73,153.11,Month-to-month,DSL,Mailed check,0,0,157.4,10.0,1,Medium,0
CUST_12366,61.0,Male,32,66.91,2164.54,Two year,Fiber optic,Mailed check,1,2,152.9,0.0,1,Low,0
CUST_12367,37.0,Female,28,54.94,1573.17,Month-to-month,DSL,Bank transfer (automatic),3,0,97.0,0.0,0,Medium,0
CUST_12368,41.0,Male,6,31.16,189.98,Month-to-month,No,Bank transfer (automatic),0,0,91.6,10.0,0,Low,0
CUST_12369,67.0,Male,6,70.04,402.1,Month-to-month,Fiber optic,Electronic check,1,0,153.4,0.0,1,High,1
CUST_12370,66.0,Female,23,75.08,1719.47,Two year,Fiber optic,Mailed check,3,0,205.6,0.0,0,Low,0
CUST_12371,68.0,Female,34,34.91,1206.41,Month-to-month,DSL,Bank transfer (automatic),0,1,115.3,10.0,0,Low,0
CUST_12372,49.0,Male,50,85.52,4188.77,Two year,Fiber optic,Electronic check,2,0,239.4,5.0,1,Low,0
CUST_12373,58.0,Female,45,97.81,4319.17,Two year,Fiber optic,Electronic check,3,2,112.5,5.0,0,Medium,0
CUST_12374,53.0,Female,72,80.82,5600.57,Month-to-month,Fiber optic,Mailed check,1,1,150.3,0.0,0,Low,0
CUST_12375,70.0,Male,20,55.89,1108.7,Month-to-month,DSL,Electronic check,2,0,150.4,0.0,1,High,1
CUST_12376,51.0,Male,57,82.73,4945.18,One year,Fiber optic,Bank transfer (automatic),3,1,135.4,5.0,1,Low,0
CUST_12377,53.0,Female,39,60.24,2298.92,Month-to-month,DSL,Electronic check,3,2,48.0,0.0,1,High,1
CUST_12378,19.0,Male,54,42.87,2322.26,One year,DSL,Mailed check,1,1,112.1,15.0,0,Low,0
CUST_12379,32.0,Female,1,77.47,79.35,Month-to-month,Fiber optic,Electronic check,2,1,149.0,0.0,1,High,1
CUST_12380,51.0,Female,72,50.6,3465.96,Month-to-month,DSL,Mailed check,3,0,135.7,0.0,0,Low,0
CUST_12381,53.0,Female,15,18.0,280.81,One year,No,Electronic check,1,2,168.6,0.0,1,Low,0
CUST_12382,23.0,Male,38,64.57,2425.82,Month-to-month,DSL,Electronic check,3,0,174.1,15.0,1,Low,0
CUST_12383,56.0,Female,3,18.0,55.99,Month-to-month,No,Electronic check,2,0,129.2,5.0,0,Medium,0
CUST_12384,59.0,Male,12,79.84,913.91,Month-to-month,Fiber optic,Credit card (automatic),4,1,96.7,0.0,0,High,1
CUST_12385,68.0,Male,7,53.81,363.32,Month-to-month,DSL,Electronic check,1,0,209.7,5.0,2,High,1
CUST_12386,68.0,Male,8,101.56,798.06,Month-to-month,Fiber optic,Bank transfer (automatic),1,1,79.0,0.0,0,High,1
CUST_12387,71.0,Male,3,91.71,270.88,Two year,Fiber optic,Electronic check,2,0,113.2,0.0,0,Medium,0
CUST_12388,29.0,Female,39,94.92,3830.63,Month-to-month,Fiber optic,Electronic check,1,0,101.8,0.0,0,High,1
CUST_12389,20.0,Male,1,99.71,94.84,Month-to-month,Fiber optic,Mailed check,3,0,173.6,0.0,0,High,1
CUST_12390,62.0,Male,8,27.9,226.35,One year,No,Mailed check,2,0,199.3,0.0,0,Low,0
CUST_12391,35.0,Female,4,96.14,370.38,Month-to-month,Fiber optic,Credit card (automatic),3,0,132.2,0.0,1,High,1
CUST_12392,57.0,Male,21,50.08,1085.67,Month-to-month,DSL,Credit card (automatic),1,0,150.3,0.0,0,Medium,0
CUST_12393,38.0,Female,7,59.6,428.82,Two year,DSL,Bank transfer (automatic),1,1,159.3,0.0,1,Low,0
CUST_12394,32.0,Male,7,74.76,523.32,One year,DSL,Bank transfer (automatic),2,1,221.2,0.0,0,Low,0
CUST_12395,,Female,16,105.13,1633.75,One year,Fiber optic,Mailed check,1,0,60.2,15.0,1,Low,0
CUST_12396,52.0,Female,25,66.12,1675.23,One year,DSL,Mailed check,3,1,173.5,5.0,0,Low,0
CUST_12397,43.0,Male,3,77.43,224.31,Month-to-month,Fiber optic,Credit card (automatic),0,0,156.9,20.0,0,Low,0
CUST_12398,25.0,Male,4,89.47,346.79,One year,Fiber optic,Bank transfer (automatic),2,3,123.3,0.0,2,High,1
CUST_12399,53.0,Male,6,30.88,187.63,Month-to-month,No,Bank transfer (automatic),2,0,154.7,0.0,1,Medium,0
CUST_12400,65.0,Female,72,90.45,6832.31,Month-to-month,Fiber optic,Electronic check,2,2,173.3,10.0,2,Medium,1
CUST_12401,47.0,Male,12,72.77,907.39,Month-to-month,Fiber optic,Electronic check,1,1,166.2,5.0,1,High,1
CUST_12402,40.0,Male,21,21.2,449.35,Month-to-month,No,Credit card (automatic),2,1,237.1,5.0,2,Low,0
CUST_12403,59.0,Male,6,82.26,495.46,Month-to-month,Fiber optic,Electronic check,2,1,145.7,5.0,0,High,1
CUST_12404,61.0,Male,16,77.41,1300.29,Two year,DSL,Mailed check,3,1,141.2,5.0,0,Low,0
CUST_12405,31.0,Male,1,76.31,76.67,Month-to-month,Fiber optic,Electronic check,2,1,131.8,10.0,0,High,1
CUST_12406,31.0,Female,1,77.98,77.36,Month-to-month,Fiber optic,Credit card (automatic),2,1,164.9,5.0,0,High,1
CUST_12407,19.0,Male,15,99.09,1547.22,Month-to-month,Fiber optic,Electronic check,1,1,138.6,20.0,0,Medium,1
CUST_12408,72.0,Male,12,72.38,845.47,Month-to-month,Fiber optic,Credit card (automatic),6,1,140.6,15.0,0,High,1
CUST_12409,,Female,3,73.27,210.96,One year,Fiber optic,Electronic check,0,2,140.8,0.0,2,High,1
CUST_12410,22.0,Female,27,65.87,1802.34,Month-to-month,DSL,Credit card (automatic),2,0,133.9,0.0,0,Medium,0
CUST_12411,55.0,Male,72,61.71,4263.55,Month-to-month,DSL,Bank transfer (automatic),3,2,112.6,0.0,0,Low,0
CUST_12412,62.0,Male,12,28.38,336.24,Month-to-month,No,Electronic check,0,0,158.8,0.0,1,Medium,1
CUST_12413,58.0,Male,23,86.26,1968.82,One year,Fiber optic,Bank transfer (automatic),3,2,127.2,0.0,3,High,1
CUST_12414,71.0,Female,72,68.65,4966.3,Month-to-month,DSL,Electronic check,2,1,167.6,0.0,0,Low,0
CUST_12415,64.0,Male,42,52.97,2334.12,Month-to-month,DSL,Electronic check,1,2,145.0,0.0,1,Medium,0
CUST_12416,31.0,Female,14,18.0,244.97,Month-to-month,No,Credit card (automatic),2,0,122.6,5.0,0,Low,0
CUST_12417,73.0,Female,32,90.51,2860.34,Month-to-month,Fiber optic,Mailed check,1,1,210.4,0.0,0,Medium,1
CUST_12418,56.0,Female,3,45.32,130.96,Month-to-month,DSL,Mailed check,2,2,135.4,5.0,0,High,1
CUST_12419,42.0,Male,17,28.0,481.12,One year,No,Electronic check,0,3,168.0,0.0,1,Low,0
CUST_12420,37.0,Male,7,91.81,657.3,One year,Fiber optic,Mailed check,2,1,108.5,10.0,1,Medium,1
CUST_12421,19.0,Male,4,18.17,72.55,Two year,No,Credit card (automatic),2,1,48.9,10.0,0,Low,0
CUST_12422,56.0,Male,13,83.47,1057.53,Month-to-month,Fiber optic,Mailed check,0,1,114.5,0.0,3,High,1
CUST_12423,23.0,Female,3,60.12,182.54,Month-to-month,DSL,Credit card (automatic),1,1,43.8,15.0,0,Medium,0
CUST_12424,34.0,Female,28,33.59,944.2,Month-to-month,No,Credit card (automatic),4,1,129.3,0.0,0,Low,0
CUST_12425,42.0,Female,14,54.83,742.38,Two year,DSL,Electronic check,2,0,206.1,10.0,0,Low,0
CUST_12426,74.0,Female,18,86.97,1550.69,One year,Fiber optic,Electronic check,1,1,99.3,5.0,0,Medium,1
CUST_12427,45.0,Male,3,88.96,265.15,One year,Fiber optic,Credit card (automatic),2,0,45.2,0.0,0,High,1
CUST_12428,19.0,Male,3,21.38,67.24,Month-to-month,No,Mailed check,2,1,207.5,0.0,0,Low,0
CUST_12429,52.0,Male,21,49.5,1075.81,Month-to-month,DSL,Electronic check,2,0,118.6,0.0,0,Medium,1
CUST_12430,54.0,Female,72,77.51,5711.52,Month-to-month,Fiber optic,Electronic check,4,2,139.3,15.0,0,Medium,1
CUST_12431,22.0,Female,2,66.88,138.96,One year,DSL,Bank transfer (automatic),4,0,175.5,5.0,0,Low,0
CUST_12432,18.0,Female,8,66.82,547.15,Two year,DSL,Credit card (automatic),1,1,163.5,0.0,0,Low,0
CUST_12433,57.0,Male,48,95.91,4789.39,Two year,Fiber optic,Electronic check,2,1,173.8,0.0,1,Low,0
CUST_12434,29.0,Male,1,73.04,69.79,Month-to-month,Fiber optic,Electronic check,6,2,180.5,0.0,1,High,1
CUST_12435,73.0,Female,50,72.31,3599.62,Month-to-month,Fiber optic,Credit card (automatic),5,0,61.4,0.0,0,High,1
CUST_12436,53.0,Male,17,53.5,931.96,Two year,DSL,Bank transfer (automatic),3,3,76.4,15.0,2,Low,0
CUST_12437,62.0,Female,12,48.91,591.81,One year,DSL,Bank transfer (automatic),3,1,192.7,0.0,0,Low,0
CUST_12438,40.0,Female,8,43.24,334.68,Month-to-month,DSL,Bank transfer (automatic),3,0,104.8,0.0,1,Medium,1
CUST_12439,64.0,Female,8,29.72,233.97,Month-to-month,No,Mailed check,0,0,109.7,15.0,0,Low,0
CUST_12440,48.0,Male,8,33.8,265.47,Month-to-month,No,Bank transfer (automatic),0,0,83.2,0.0,2,Medium,0
CUST_12441,28.0,Male,51,61.88,3080.56,Month-to-month,DSL,Mailed check,4,2,121.8,0.0,2,Medium,0
CUST_12442,27.0,Male,30,69.8,2061.15,Month-to-month,Fiber optic,Electronic check,1,1,124.3,0.0,0,High,1
CUST_12443,20.0,Male,26,66.01,1718.81,One year,DSL,Bank transfer (automatic),2,1,97.8,5.0,1,Low,0
CUST_12444,71.0,Male,38,51.16,2013.07,Month-to-month,Fiber optic,Mailed check,1,1,92.6,5.0,0,Medium,1
CUST_12445,31.0,Female,7,59.01,423.07,Month-to-month,DSL,Credit card (automatic),1,1,154.3,0.0,0,Medium,0
CUST_12446,33.0,Female,23,47.73,1134.59,Month-to-month,DSL,Mailed check,1,1,103.7,5.0,0,Medium,0
CUST_12447,27.0,Male,14,79.81,1160.2,Two year,Fiber optic,Credit card (automatic),1,0,112.7,10.0,0,Low,0
CUST_12448,46.0,Male,36,18.0,642.57,One year,No,Credit card (automatic),4,0,41.6,5.0,2,Low,0
CUST_12449,27.0,Male,8,84.24,663.54,Month-to-month,Fiber optic,Electronic check,0,3,227.2,15.0,1,High,1
CUST_12450,29.0,Male,24,51.28,1176.28,Two year,DSL,Credit card (automatic),0,0,182.4,0.0,0,Low,0
CUST_12451,47.0,Female,51,89.07,4738.12,Two year,Fiber optic,Mailed check,2,1,117.7,0.0,0,Low,0
CUST_12452,58.0,Male,12,20.52,235.55,Month-to-month,No,Credit card (automatic),0,0,99.5,5.0,0,Low,0
CUST_12453,18.0,Male,1,101.13,103.57,Month-to-month,Fiber optic,Mailed check,1,1,140.5,0.0,1,High,1
CUST_12454,,Male,17,93.41,1568.61,One year,Fiber optic,Bank transfer (automatic),3,0,139.3,0.0,0,Low,0
CUST_12455,37.0,Female,10,74.05,773.73,Two year,Fiber optic,Mailed check,1,3,82.6,0.0,0,Low,0
CUST_12456,25.0,Female,26,86.72,2236.59,Two year,Fiber optic,Electronic check,2,3,25.2,10.0,2,High,1
CUST_12457,60.0,Male,72,75.24,5588.8,Two year,Fiber optic,Electronic check,1,1,116.3,0.0,1,Low,0
CUST_12458,29.0,Male,15,57.59,845.07,One year,DSL,Mailed check,2,2,69.6,0.0,1,Medium,0
CUST_12459,18.0,Female,15,86.69,1274.22,Month-to-month,Fiber optic,Bank transfer (automatic),0,1,147.7,0.0,0,Medium,0
CUST_12460,74.0,Female,25,71.51,1804.83,Month-to-month,Fiber optic,Bank transfer (automatic),1,1,148.0,10.0,2,High,1
CUST_12461,71.0,Male,2,85.97,180.5,Month-to-month,Fiber optic,Bank transfer (automatic),0,0,96.2,5.0,0,High,1
CUST_12462,37.0,Female,7,23.38,163.95,Month-to-month,No,Electronic check,4,0,115.9,0.0,0,Medium,1
CUST_12463,45.0,Female,60,61.29,3837.85,One year,DSL,Mailed check,2,1,219.3,10.0,1,Low,0
CUST_12464,74.0,Female,26,49.92,1335.07,One year,DSL,Electronic check,1,0,174.9,10.0,1,Low,0
CUST_12465,60.0,Female,1,63.34,65.21,One year,DSL,Credit card (automatic),5,1,119.6,5.0,0,Medium,0
CUST_12466,54.0,Female,5,94.01,467.04,Month-to-month,Fiber optic,Credit card (automatic),1,2,243.1,0.0,1,High,1
CUST_12467,64.0,Male,27,84.36,2251.88,One year,Fiber optic,Mailed check,3,3,86.1,5.0,1,High,1
CUST_12468,54.0,Female,34,80.31,2646.42,Month-to-month,Fiber optic,Electronic check,1,0,103.4,15.0,0,High,1
CUST_12469,29.0,Female,43,23.36,1051.08,Month-to-month,No,Electronic check,2,1,135.0,0.0,0,Low,0
CUST_12470,54.0,Female,8,22.42,187.6,One year,No,Bank transfer (automatic),1,2,71.1,0.0,1,Low,0
CUST_12471,66.0,Male,64,56.52,3706.65,One year,DSL,Bank transfer (automatic),3,1,220.6,0.0,0,Low,0
CUST_12472,66.0,Female,19,88.13,1640.35,Two year,Fiber optic,Credit card (automatic),2,0,148.2,5.0,0,Low,0
CUST_12473,73.0,Female,28,100.81,2750.75,Month-to-month,Fiber optic,Electronic check,0,1,104.5,5.0,0,High,1
CUST_12474,61.0,Male,21,91.88,2023.76,Month-to-month,Fiber optic,Bank transfer (automatic),1,0,160.2,0.0,0,High,1
CUST_12475,73.0,Female,3,66.07,189.62,Month-to-month,DSL,Bank transfer (automatic),0,1,146.6,0.0,0,Medium,0
CUST_12476,45.0,Female,72,92.68,6902.22,Month-to-month,Fiber optic,Electronic check,1,1,126.3,15.0,0,Low,0
CUST_12477,64.0,Female,3,25.78,76.22,Two year,No,Mailed check,3,1,85.6,10.0,1,Low,0
CUST_12478,32.0,Male,7,94.04,652.94,One year,Fiber optic,Electronic check,2,0,75.4,15.0,0,Medium,0
CUST_12479,23.0,Male,40,20.16,833.17,Two year,No,Mailed check,3,2,238.4,10.0,0,Low,0
CUST_12480,61.0,Female,23,57.92,1277.62,Month-to-month,DSL,Credit card (automatic),1,2,79.1,0.0,0,Medium,1
CUST_12481,37.0,Male,43,82.49,3495.34,Two year,DSL,Mailed check,3,1,216.4,0.0,0,Low,0
CUST_12482,67.0,Female,17,55.67,989.17,Month-to-month,DSL,Credit card (automatic),2,0,102.0,5.0,0,High,1
CUST_12483,31.0,Male,11,55.62,624.0,Two year,DSL,Bank transfer (automatic),2,0,175.6,0.0,0,Low,0
CUST_12484,19.0,Female,61,62.88,3933.47,Month-to-month,DSL,Electronic check,3,0,160.9,0.0,0,Low,0
CUST_12485,26.0,Male,1,55.41,56.84,Month-to-month,DSL,Bank transfer (automatic),2,0,169.9,0.0,2,High,1
CUST_12486,54.0,Female,46,37.93,1668.11,Month-to-month,DSL,Mailed check,1,0,172.9,15.0,1,Low,0
CUST_12487,37.0,Male,6,28.87,168.08,Two year,No,Mailed check,0,0,67.5,0.0,1,Low,0
CUST_12488,43.0,Male,45,34.97,1572.28,Month-to-month,DSL,Electronic check,2,1,109.6,0.0,1,Low,0
CUST_12489,46.0,Male,3,50.83,150.48,Month-to-month,DSL,Mailed check,3,1,78.4,5.0,0,High,1
CUST_12490,18.0,Male,20,24.51,485.83,Two year,No,Electronic check,0,1,148.5,15.0,0,Low,0
CUST_12491,72.0,Female,52,89.23,4770.55,Month-to-month,Fiber optic,Electronic check,2,0,80.4,15.0,0,High,1
CUST_12492,52.0,Female,15,77.07,1099.94,Month-to-month,Fiber optic,Mailed check,3,1,50.9,5.0,2,High,1
CUST_12493,23.0,Male,32,63.79,2074.04,Month-to-month,DSL,Electronic check,4,0,129.3,0.0,0,Medium,0
CUST_12494,54.0,Female,39,46.49,1722.47,Month-to-month,DSL,Credit card (automatic),4,0,40.6,0.0,1,Low,0
CUST_12495,70.0,Male,32,29.65,907.34,Two year,No,Mailed check,2,1,151.6,15.0,0,Low,0
CUST_12496,22.0,Female,62,88.2,5418.25,One year,Fiber optic,Bank transfer (automatic),4,0,83.4,0.0,0,Low,0
CUST_12497,50.0,Female,14,53.17,769.76,Month-to-month,DSL,Mailed check,3,1,102.2,10.0,0,Medium,1
CUST_12498,66.0,Female,4,42.56,164.2,Two year,DSL,Bank transfer (automatic),4,1,37.4,0.0,0,Medium,1
CUST_12499,68.0,Male,1,94.11,94.62,Month-to-month,Fiber optic,Electronic check,4,0,214.3,0.0,0,High,1
CUST_11703,64.0,Female,1,98.3,100.81,Two year,Fiber optic,Bank transfer (automatic),1,1,196.6,0.0,1,Medium,0
CUST_12137,69.0,Male,17,29.37,513.52,Two year,No,Bank transfer (automatic),1,0,145.1,0.0,0,Low,0
CUST_10549,22.0,Female,9,49.13,452.44,Two year,DSL,Bank transfer (automatic),1,0,167.9,0.0,0,Low,0
CUST_11794,24.0,Male,9,55.0,492.92,Month-to-month,DSL,Electronic check,0,0,181.8,5.0,0,Medium,0
CUST_11793,70.0,Male,14,40.34,585.69,Month-to-month,DSL,Electronic check,2,1,57.4,5.0,0,High,1
