user_id,group,converted,revenue,session_duration,orders,bounce,refunded
USR-10000,Control,0,0.0,121.7,0,0,0
USR-10001,Treatment,0,0.0,5.6,0,1,0
USR-10002,Treatment,0,0.0,20.2,0,1,0
USR-10003,Treatment,0,0.0,23.6,0,1,0
USR-10004,Control,0,0.0,74.8,0,0,0
USR-10005,Control,0,0.0,98.9,0,0,0
USR-10006,Control,0,0.0,102.8,0,0,0
USR-10007,Treatment,0,0.0,5.2,0,1,0
USR-10008,Treatment,0,0.0,154.3,0,0,0
USR-10009,Treatment,0,0.0,22.6,0,1,0
USR-10010,Control,0,0.0,11.9,0,1,0
USR-10011,Treatment,0,0.0,150.1,0,0,0
USR-10012,Treatment,0,0.0,124.4,0,0,0
USR-10013,Control,0,0.0,9.6,0,1,0
USR-10014,Control,0,0.0,24.7,0,1,0
USR-10015,Control,0,0.0,65.5,0,0,0
USR-10016,Control,0,0.0,43.4,0,0,0
USR-10017,Treatment,0,0.0,15.5,0,1,0
USR-10018,Control,0,0.0,182.6,0,0,0
USR-10019,Control,0,0.0,93.5,0,0,0
USR-10020,Treatment,0,0.0,20.0,0,1,0
USR-10021,Control,0,0.0,23.7,0,1,0
USR-10022,Control,0,0.0,11.1,0,1,0
USR-10023,Control,1,36.98,227.8,1,0,0
USR-10024,Control,1,23.92,328.8,1,0,0
USR-10025,Treatment,0,0.0,136.6,0,0,0
USR-10026,Control,0,0.0,86.6,0,0,0
USR-10027,Treatment,0,0.0,137.1,0,0,0
USR-10028,Treatment,0,0.0,21.6,0,1,0
USR-10029,Control,0,0.0,81.7,0,0,0
USR-10030,Treatment,0,0.0,17.4,0,1,0
USR-10031,Control,1,64.23,195.5,1,0,0
USR-10032,Control,0,0.0,131.7,0,0,0
USR-10033,Treatment,0,0.0,87.6,0,0,0
USR-10034,Treatment,0,0.0,114.5,0,0,0
USR-10035,Treatment,0,0.0,128.8,0,0,0
USR-10036,Control,0,0.0,101.2,0,0,0
USR-10037,Control,0,0.0,119.5,0,0,0
USR-10038,Treatment,0,0.0,9.6,0,1,0
USR-10039,Control,0,0.0,142.9,0,0,0
USR-10040,Control,0,0.0,119.8,0,0,0
USR-10041,Control,0,0.0,84.9,0,0,0
USR-10042,Control,0,0.0,104.8,0,0,0
USR-10043,Treatment,0,0.0,20.7,0,1,0
USR-10044,Control,0,0.0,12.8,0,1,0
USR-10045,Treatment,0,0.0,136.4,0,0,0
USR-10046,Control,0,0.0,98.7,0,0,0
USR-10047,Treatment,0,0.0,155.3,0,0,0
USR-10048,Treatment,0,0.0,16.1,0,1,0
USR-10049,Control,0,0.0,132.7,0,0,0
USR-10050,Treatment,0,0.0,109.1,0,0,0
USR-10051,Treatment,0,0.0,152.7,0,0,0
USR-10052,Treatment,0,0.0,30.5,0,0,0
USR-10053,Treatment,0,0.0,172.8,0,0,0
USR-10054,Treatment,0,0.0,14.4,0,1,0
USR-10055,Treatment,0,0.0,81.9,0,0,0
USR-10056,Control,0,0.0,103.9,0,0,0
USR-10057,Control,0,0.0,104.5,0,0,0
USR-10058,Control,0,0.0,9.5,0,1,0
USR-10059,Control,0,0.0,20.3,0,1,0
USR-10060,Control,0,0.0,71.2,0,0,0
USR-10061,Control,0,0.0,112.5,0,0,0
USR-10062,Treatment,0,0.0,98.9,0,0,0
USR-10063,Control,0,0.0,24.5,0,1,0
USR-10064,Control,0,0.0,124.0,0,0,0
USR-10065,Treatment,0,0.0,20.7,0,1,0
USR-10066,Control,0,0.0,83.6,0,0,0
USR-10067,Treatment,0,0.0,24.3,0,1,0
USR-10068,Control,0,0.0,112.7,0,0,0
USR-10069,Treatment,0,0.0,20.8,0,1,0
USR-10070,Treatment,0,0.0,52.8,0,0,0
USR-10071,Control,0,0.0,114.6,0,0,0
USR-10072,Control,0,0.0,89.1,0,0,0
USR-10073,Treatment,0,0.0,149.1,0,0,0
USR-10074,Treatment,0,0.0,55.5,0,0,0
USR-10075,Treatment,0,0.0,8.2,0,1,0
USR-10076,Treatment,0,0.0,5.4,0,1,0
USR-10077,Control,0,0.0,102.0,0,0,0
USR-10078,Control,0,0.0,111.3,0,0,0
USR-10079,Control,0,0.0,189.1,0,0,0
USR-10080,Treatment,0,0.0,18.4,0,1,0
USR-10081,Treatment,1,87.93,233.7,2,0,0
USR-10082,Control,0,0.0,75.3,0,0,0
USR-10083,Control,1,18.33,238.3,1,0,0
USR-10084,Control,0,0.0,134.6,0,0,0
USR-10085,Control,0,0.0,129.9,0,0,0
USR-10086,Treatment,0,0.0,109.1,0,0,0
USR-10087,Treatment,0,0.0,122.2,0,0,0
USR-10088,Treatment,0,0.0,90.8,0,0,0
USR-10089,Control,0,0.0,104.5,0,0,0
USR-10090,Control,1,222.37,220.9,2,0,0
USR-10091,Treatment,0,0.0,7.6,0,1,0
USR-10092,Treatment,1,42.13,281.1,1,0,0
USR-10093,Treatment,0,0.0,122.7,0,0,0
USR-10094,Treatment,1,50.73,342.5,1,0,0
USR-10095,Control,0,0.0,8.8,0,1,0
USR-10096,Treatment,0,0.0,96.1,0,0,0
USR-10097,Control,0,0.0,88.0,0,0,0
USR-10098,Control,0,0.0,19.2,0,1,0
USR-10099,Control,0,0.0,83.6,0,0,0
USR-10100,Control,0,0.0,125.4,0,0,0
USR-10101,Treatment,0,0.0,81.7,0,0,0
USR-10102,Control,0,0.0,13.7,0,1,0
USR-10103,Treatment,0,0.0,15.4,0,1,0
USR-10104,Treatment,0,0.0,121.1,0,0,0
USR-10105,Control,0,0.0,102.3,0,0,0
USR-10106,Control,0,0.0,12.5,0,1,0
USR-10107,Treatment,0,0.0,22.6,0,1,0
USR-10108,Control,0,0.0,22.4,0,1,0
USR-10109,Control,0,0.0,148.3,0,0,0
USR-10110,Control,0,0.0,158.0,0,0,0
USR-10111,Control,0,0.0,15.1,0,1,0
USR-10112,Treatment,0,0.0,14.9,0,1,0
USR-10113,Treatment,0,0.0,160.8,0,0,0
USR-10114,Treatment,0,0.0,20.8,0,1,0
USR-10115,Treatment,0,0.0,105.6,0,0,0
USR-10116,Treatment,1,79.54,354.4,2,0,0
USR-10117,Control,0,0.0,15.1,0,1,0
USR-10118,Treatment,0,0.0,132.9,0,0,0
USR-10119,Treatment,0,0.0,92.1,0,0,0
USR-10120,Treatment,0,0.0,8.1,0,1,0
USR-10121,Treatment,0,0.0,100.2,0,0,0
USR-10122,Control,0,0.0,128.7,0,0,0
USR-10123,Control,0,0.0,129.2,0,0,0
USR-10124,Control,0,0.0,19.0,0,1,0
USR-10125,Control,0,0.0,70.4,0,0,0
USR-10126,Treatment,0,0.0,122.5,0,0,0
USR-10127,Treatment,0,0.0,21.8,0,1,0
USR-10128,Control,0,0.0,7.1,0,1,0
USR-10129,Treatment,0,0.0,121.9,0,0,0
USR-10130,Control,0,0.0,12.3,0,1,0
USR-10131,Control,0,0.0,89.8,0,0,0
USR-10132,Control,0,0.0,141.7,0,0,0
USR-10133,Control,0,0.0,10.3,0,1,0
USR-10134,Treatment,0,0.0,138.6,0,0,0
USR-10135,Control,0,0.0,60.9,0,0,0
USR-10136,Treatment,0,0.0,106.9,0,0,0
USR-10137,Treatment,0,0.0,128.7,0,0,0
USR-10138,Control,0,0.0,110.7,0,0,0
USR-10139,Treatment,0,0.0,150.1,0,0,0
USR-10140,Treatment,0,0.0,98.6,0,0,0
USR-10141,Control,0,0.0,7.6,0,1,0
USR-10142,Control,0,0.0,104.3,0,0,0
USR-10143,Control,0,0.0,107.4,0,0,0
USR-10144,Control,0,0.0,20.4,0,1,0
USR-10145,Control,0,0.0,115.1,0,0,0
USR-10146,Treatment,0,0.0,132.6,0,0,0
USR-10147,Treatment,0,0.0,124.3,0,0,0
USR-10148,Control,0,0.0,79.9,0,0,0
USR-10149,Control,0,0.0,140.8,0,0,0
USR-10150,Treatment,0,0.0,96.1,0,0,0
USR-10151,Control,0,0.0,10.5,0,1,0
USR-10152,Control,0,0.0,91.0,0,0,0
USR-10153,Control,0,0.0,52.8,0,0,0
USR-10154,Treatment,0,0.0,141.5,0,0,0
USR-10155,Control,0,0.0,22.5,0,1,0
USR-10156,Treatment,0,0.0,145.8,0,0,0
USR-10157,Treatment,0,0.0,118.9,0,0,0
USR-10158,Control,0,0.0,92.3,0,0,0
USR-10159,Treatment,0,0.0,86.1,0,0,0
USR-10160,Control,0,0.0,20.3,0,1,0
USR-10161,Treatment,0,0.0,113.5,0,0,0
USR-10162,Treatment,1,61.67,237.8,2,0,0
USR-10163,Treatment,0,0.0,160.5,0,0,0
USR-10164,Control,0,0.0,125.2,0,0,0
USR-10165,Treatment,0,0.0,138.6,0,0,0
USR-10166,Control,0,0.0,16.8,0,1,0
USR-10167,Control,0,0.0,10.9,0,1,0
USR-10168,Control,0,0.0,23.0,0,1,0
USR-10169,Treatment,1,110.03,266.7,2,0,0
USR-10170,Treatment,1,41.39,323.0,1,0,0
USR-10171,Control,0,0.0,21.1,0,1,0
USR-10172,Treatment,0,0.0,17.5,0,1,0
USR-10173,Control,0,0.0,186.0,0,0,0
USR-10174,Treatment,0,0.0,16.0,0,1,0
USR-10175,Control,0,0.0,68.3,0,0,0
USR-10176,Treatment,0,0.0,23.2,0,1,0
USR-10177,Control,0,0.0,106.4,0,0,0
USR-10178,Treatment,0,0.0,20.0,0,1,0
USR-10179,Control,0,0.0,92.3,0,0,0
USR-10180,Control,0,0.0,122.4,0,0,0
USR-10181,Control,0,0.0,22.5,0,1,0
USR-10182,Treatment,0,0.0,74.1,0,0,0
USR-10183,Treatment,0,0.0,24.2,0,1,0
USR-10184,Control,0,0.0,15.5,0,1,0
USR-10185,Treatment,0,0.0,87.2,0,0,0
USR-10186,Treatment,0,0.0,9.4,0,1,0
USR-10187,Treatment,0,0.0,113.0,0,0,0
USR-10188,Treatment,0,0.0,10.3,0,1,0
USR-10189,Control,0,0.0,14.5,0,1,0
USR-10190,Control,0,0.0,126.5,0,0,0
USR-10191,Treatment,0,0.0,22.0,0,1,0
USR-10192,Treatment,1,49.66,312.4,1,0,0
USR-10193,Treatment,0,0.0,45.8,0,0,0
USR-10194,Control,0,0.0,159.8,0,0,0
USR-10195,Control,0,0.0,13.9,0,1,0
USR-10196,Treatment,0,0.0,97.7,0,0,0
USR-10197,Treatment,0,0.0,123.9,0,0,0
USR-10198,Treatment,0,0.0,123.6,0,0,0
USR-10199,Treatment,0,0.0,143.3,0,0,0
USR-10200,Treatment,0,0.0,9.9,0,1,0
USR-10201,Control,0,0.0,98.0,0,0,0
USR-10202,Control,0,0.0,9.9,0,1,0
USR-10203,Treatment,0,0.0,59.9,0,0,0
USR-10204,Treatment,1,47.99,268.8,1,0,0
USR-10205,Control,0,0.0,12.4,0,1,0
USR-10206,Control,0,0.0,115.6,0,0,0
USR-10207,Treatment,0,0.0,89.5,0,0,0
USR-10208,Control,0,0.0,57.3,0,0,0
USR-10209,Control,0,0.0,24.5,0,1,0
USR-10210,Treatment,0,0.0,128.6,0,0,0
USR-10211,Treatment,0,0.0,138.4,0,0,0
USR-10212,Treatment,0,0.0,81.3,0,0,0
USR-10213,Control,0,0.0,12.9,0,1,0
USR-10214,Treatment,0,0.0,128.8,0,0,0
USR-10215,Control,0,0.0,20.1,0,1,0
USR-10216,Control,0,0.0,76.9,0,0,0
USR-10217,Treatment,0,0.0,14.7,0,1,0
USR-10218,Treatment,0,0.0,129.3,0,0,0
USR-10219,Treatment,0,0.0,97.7,0,0,0
USR-10220,Treatment,0,0.0,105.3,0,0,0
USR-10221,Treatment,0,0.0,114.0,0,0,0
USR-10222,Control,0,0.0,8.1,0,1,0
USR-10223,Control,0,0.0,86.7,0,0,0
USR-10224,Control,0,0.0,146.3,0,0,0
USR-10225,Control,0,0.0,9.5,0,1,0
USR-10226,Treatment,0,0.0,16.8,0,1,0
USR-10227,Control,0,0.0,89.4,0,0,0
USR-10228,Treatment,0,0.0,188.0,0,0,0
USR-10229,Treatment,0,0.0,138.4,0,0,0
USR-10230,Treatment,0,0.0,15.0,0,1,0
USR-10231,Treatment,0,0.0,19.4,0,1,0
USR-10232,Treatment,0,0.0,134.8,0,0,0
USR-10233,Control,0,0.0,11.9,0,1,0
USR-10234,Control,0,0.0,103.0,0,0,0
USR-10235,Treatment,0,0.0,121.1,0,0,0
USR-10236,Control,0,0.0,100.3,0,0,0
USR-10237,Control,0,0.0,6.3,0,1,0
USR-10238,Treatment,1,196.69,248.5,4,0,0
USR-10239,Control,0,0.0,17.9,0,1,0
USR-10240,Treatment,0,0.0,99.8,0,0,0
USR-10241,Treatment,0,0.0,16.5,0,1,0
USR-10242,Treatment,0,0.0,9.0,0,1,0
USR-10243,Control,0,0.0,121.7,0,0,0
USR-10244,Control,0,0.0,88.0,0,0,0
USR-10245,Treatment,0,0.0,15.5,0,1,0
USR-10246,Control,0,0.0,70.1,0,0,0
USR-10247,Treatment,0,0.0,16.5,0,1,0
USR-10248,Treatment,0,0.0,14.5,0,1,0
USR-10249,Treatment,0,0.0,92.7,0,0,0
USR-10250,Control,0,0.0,137.8,0,0,0
USR-10251,Control,0,0.0,116.3,0,0,0
USR-10252,Treatment,0,0.0,151.9,0,0,0
USR-10253,Control,0,0.0,125.8,0,0,0
USR-10254,Control,0,0.0,122.3,0,0,0
USR-10255,Treatment,1,77.22,260.7,1,0,0
USR-10256,Treatment,1,28.67,267.3,1,0,0
USR-10257,Treatment,0,0.0,16.7,0,1,0
USR-10258,Treatment,0,0.0,11.1,0,1,0
USR-10259,Control,0,0.0,159.0,0,0,0
USR-10260,Treatment,0,0.0,12.5,0,1,0
USR-10261,Treatment,0,0.0,125.2,0,0,0
USR-10262,Control,0,0.0,185.2,0,0,0
USR-10263,Treatment,0,0.0,6.6,0,1,0
USR-10264,Treatment,0,0.0,101.9,0,0,0
USR-10265,Treatment,0,0.0,146.4,0,0,0
USR-10266,Treatment,0,0.0,103.5,0,0,0
USR-10267,Treatment,0,0.0,92.1,0,0,0
USR-10268,Control,0,0.0,17.2,0,1,0
USR-10269,Control,0,0.0,144.4,0,0,0
USR-10270,Treatment,0,0.0,106.4,0,0,0
USR-10271,Treatment,0,0.0,188.9,0,0,0
USR-10272,Treatment,0,0.0,16.9,0,1,0
USR-10273,Treatment,0,0.0,111.7,0,0,0
USR-10274,Treatment,0,0.0,106.5,0,0,0
USR-10275,Treatment,0,0.0,22.3,0,1,0
USR-10276,Treatment,0,0.0,150.7,0,0,0
USR-10277,Treatment,0,0.0,116.5,0,0,0
USR-10278,Treatment,0,0.0,109.2,0,0,0
USR-10279,Treatment,0,0.0,103.0,0,0,0
USR-10280,Treatment,0,0.0,119.9,0,0,0
USR-10281,Control,1,32.33,271.8,1,0,0
USR-10282,Control,0,0.0,13.1,0,1,0
USR-10283,Control,0,0.0,96.7,0,0,0
USR-10284,Treatment,0,0.0,140.3,0,0,0
USR-10285,Control,0,0.0,8.3,0,1,0
USR-10286,Control,0,0.0,77.3,0,0,0
USR-10287,Treatment,0,0.0,9.9,0,1,0
USR-10288,Control,0,0.0,14.0,0,1,0
USR-10289,Treatment,0,0.0,14.2,0,1,0
USR-10290,Control,0,0.0,16.8,0,1,0
USR-10291,Control,0,0.0,126.8,0,0,0
USR-10292,Treatment,0,0.0,126.5,0,0,0
USR-10293,Control,0,0.0,22.0,0,1,0
USR-10294,Control,0,0.0,12.2,0,1,0
USR-10295,Treatment,0,0.0,10.1,0,1,0
USR-10296,Treatment,0,0.0,139.0,0,0,0
USR-10297,Control,0,0.0,11.3,0,1,0
USR-10298,Treatment,0,0.0,17.8,0,1,0
USR-10299,Control,0,0.0,12.1,0,1,0
USR-10300,Control,0,0.0,24.2,0,1,0
USR-10301,Treatment,0,0.0,23.5,0,1,0
USR-10302,Treatment,0,0.0,13.0,0,1,0
USR-10303,Treatment,1,12.0,208.5,1,0,0
USR-10304,Treatment,0,0.0,162.8,0,0,0
USR-10305,Treatment,0,0.0,17.2,0,1,0
USR-10306,Treatment,0,0.0,20.5,0,1,0
USR-10307,Control,0,0.0,23.5,0,1,0
USR-10308,Treatment,0,0.0,97.4,0,0,0
USR-10309,Control,0,0.0,67.8,0,0,0
USR-10310,Control,0,0.0,58.8,0,0,0
USR-10311,Control,0,0.0,21.0,0,1,0
USR-10312,Control,1,59.74,246.6,1,0,0
USR-10313,Treatment,0,0.0,6.8,0,1,0
USR-10314,Treatment,0,0.0,5.7,0,1,0
USR-10315,Treatment,0,0.0,118.5,0,0,0
USR-10316,Control,0,0.0,47.0,0,0,0
USR-10317,Control,0,0.0,108.0,0,0,0
USR-10318,Control,0,0.0,105.3,0,0,0
USR-10319,Control,0,0.0,77.9,0,0,0
USR-10320,Treatment,0,0.0,12.8,0,1,0
USR-10321,Treatment,0,0.0,68.8,0,0,0
USR-10322,Treatment,0,0.0,24.1,0,1,0
USR-10323,Control,0,0.0,99.2,0,0,0
USR-10324,Treatment,0,0.0,21.5,0,1,0
USR-10325,Treatment,0,0.0,10.5,0,1,0
USR-10326,Treatment,0,0.0,12.2,0,1,0
USR-10327,Treatment,0,0.0,53.7,0,0,0
USR-10328,Control,0,0.0,139.1,0,0,0
USR-10329,Control,0,0.0,71.1,0,0,0
USR-10330,Control,0,0.0,140.5,0,0,0
USR-10331,Treatment,0,0.0,120.6,0,0,0
USR-10332,Control,0,0.0,86.4,0,0,0
USR-10333,Control,0,0.0,5.4,0,1,0
USR-10334,Control,0,0.0,13.0,0,1,0
USR-10335,Control,0,0.0,20.5,0,1,0
USR-10336,Treatment,0,0.0,134.7,0,0,0
USR-10337,Treatment,0,0.0,100.2,0,0,0
USR-10338,Control,0,0.0,24.7,0,1,0
USR-10339,Control,0,0.0,9.3,0,1,0
USR-10340,Control,0,0.0,83.6,0,0,0
USR-10341,Control,0,0.0,137.1,0,0,0
USR-10342,Control,0,0.0,98.6,0,0,0
USR-10343,Control,0,0.0,145.8,0,0,0
USR-10344,Control,0,0.0,8.6,0,1,0
USR-10345,Treatment,0,0.0,10.0,0,1,0
USR-10346,Treatment,0,0.0,20.2,0,1,0
USR-10347,Control,0,0.0,100.9,0,0,0
USR-10348,Control,0,0.0,84.0,0,0,0
USR-10349,Treatment,0,0.0,23.9,0,1,0
USR-10350,Treatment,0,0.0,16.1,0,1,0
USR-10351,Treatment,0,0.0,17.8,0,1,0
USR-10352,Treatment,0,0.0,23.1,0,1,0
USR-10353,Control,0,0.0,109.1,0,0,0
USR-10354,Control,0,0.0,6.8,0,1,0
USR-10355,Treatment,0,0.0,152.3,0,0,0
USR-10356,Control,0,0.0,158.5,0,0,0
USR-10357,Treatment,0,0.0,137.0,0,0,0
USR-10358,Treatment,0,0.0,99.6,0,0,0
USR-10359,Treatment,0,0.0,160.3,0,0,0
USR-10360,Control,0,0.0,23.3,0,1,0
USR-10361,Treatment,0,0.0,68.1,0,0,0
USR-10362,Control,0,0.0,123.1,0,0,0
USR-10363,Treatment,0,0.0,92.8,0,0,0
USR-10364,Treatment,0,0.0,171.1,0,0,0
USR-10365,Control,0,0.0,87.4,0,0,0
USR-10366,Treatment,0,0.0,121.2,0,0,0
USR-10367,Treatment,0,0.0,119.0,0,0,0
USR-10368,Control,0,0.0,10.3,0,1,0
USR-10369,Control,0,0.0,17.2,0,1,0
USR-10370,Control,0,0.0,8.7,0,1,0
USR-10371,Control,0,0.0,106.9,0,0,0
USR-10372,Control,0,0.0,141.6,0,0,0
USR-10373,Treatment,0,0.0,76.2,0,0,0
USR-10374,Control,0,0.0,100.8,0,0,0
USR-10375,Control,0,0.0,115.3,0,0,0
USR-10376,Treatment,0,0.0,23.0,0,1,0
USR-10377,Control,0,0.0,5.5,0,1,0
USR-10378,Treatment,0,0.0,10.5,0,1,0
USR-10379,Control,0,0.0,144.5,0,0,0
USR-10380,Control,0,0.0,125.9,0,0,0
USR-10381,Treatment,0,0.0,124.1,0,0,0
USR-10382,Treatment,0,0.0,85.7,0,0,0
USR-10383,Treatment,0,0.0,119.8,0,0,0
USR-10384,Treatment,0,0.0,131.9,0,0,0
USR-10385,Treatment,0,0.0,135.5,0,0,0
USR-10386,Control,1,40.43,252.7,1,0,0
USR-10387,Control,0,0.0,130.9,0,0,0
USR-10388,Treatment,0,0.0,164.4,0,0,0
USR-10389,Treatment,0,0.0,114.3,0,0,0
USR-10390,Treatment,0,0.0,9.3,0,1,0
USR-10391,Control,0,0.0,101.8,0,0,0
USR-10392,Control,0,0.0,99.0,0,0,0
USR-10393,Treatment,0,0.0,120.3,0,0,0
USR-10394,Control,0,0.0,23.9,0,1,0
USR-10395,Treatment,0,0.0,52.3,0,0,0
USR-10396,Treatment,1,33.3,194.2,1,0,0
USR-10397,Control,0,0.0,122.9,0,0,0
USR-10398,Treatment,0,0.0,109.0,0,0,0
USR-10399,Treatment,0,0.0,8.3,0,1,0
USR-10400,Control,0,0.0,115.5,0,0,0
USR-10401,Treatment,0,0.0,13.1,0,1,0
USR-10402,Treatment,0,0.0,143.6,0,0,0
USR-10403,Treatment,0,0.0,23.9,0,1,0
USR-10404,Control,0,0.0,101.0,0,0,0
USR-10405,Treatment,0,0.0,153.8,0,0,0
USR-10406,Control,0,0.0,122.7,0,0,0
USR-10407,Control,0,0.0,16.8,0,1,0
USR-10408,Treatment,0,0.0,95.2,0,0,0
USR-10409,Control,0,0.0,13.4,0,1,0
USR-10410,Control,1,81.28,273.1,1,0,0
USR-10411,Treatment,0,0.0,95.9,0,0,0
USR-10412,Treatment,0,0.0,94.6,0,0,0
USR-10413,Treatment,0,0.0,17.1,0,1,0
USR-10414,Treatment,0,0.0,96.6,0,0,0
USR-10415,Control,0,0.0,106.1,0,0,0
USR-10416,Control,0,0.0,17.2,0,1,0
USR-10417,Control,0,0.0,109.3,0,0,0
USR-10418,Treatment,0,0.0,11.5,0,1,0
USR-10419,Treatment,0,0.0,145.6,0,0,0
USR-10420,Treatment,0,0.0,16.8,0,1,0
USR-10421,Treatment,0,0.0,111.2,0,0,0
USR-10422,Control,0,0.0,103.6,0,0,0
USR-10423,Control,0,0.0,80.7,0,0,0
USR-10424,Control,0,0.0,104.2,0,0,0
USR-10425,Treatment,0,0.0,135.0,0,0,0
USR-10426,Control,0,0.0,111.4,0,0,0
USR-10427,Treatment,0,0.0,135.8,0,0,0
USR-10428,Control,0,0.0,5.2,0,1,0
USR-10429,Control,0,0.0,115.2,0,0,0
USR-10430,Control,0,0.0,15.2,0,1,0
USR-10431,Treatment,0,0.0,22.8,0,1,0
USR-10432,Treatment,0,0.0,116.4,0,0,0
USR-10433,Control,0,0.0,86.2,0,0,0
USR-10434,Control,0,0.0,13.3,0,1,0
USR-10435,Treatment,0,0.0,8.5,0,1,0
USR-10436,Control,0,0.0,25.3,0,0,0
USR-10437,Treatment,0,0.0,7.0,0,1,0
USR-10438,Treatment,0,0.0,109.5,0,0,0
USR-10439,Control,0,0.0,106.6,0,0,0
USR-10440,Control,0,0.0,122.0,0,0,0
USR-10441,Treatment,0,0.0,6.2,0,1,0
USR-10442,Control,0,0.0,13.7,0,1,0
USR-10443,Control,0,0.0,86.4,0,0,0
USR-10444,Treatment,0,0.0,11.3,0,1,0
USR-10445,Treatment,0,0.0,147.6,0,0,0
USR-10446,Treatment,0,0.0,52.3,0,0,0
USR-10447,Treatment,0,0.0,157.8,0,0,0
USR-10448,Control,0,0.0,10.9,0,1,0
USR-10449,Control,0,0.0,15.9,0,1,0
USR-10450,Treatment,0,0.0,98.8,0,0,0
USR-10451,Treatment,0,0.0,125.2,0,0,0
USR-10452,Control,0,0.0,132.3,0,0,0
USR-10453,Treatment,0,0.0,8.2,0,1,0
USR-10454,Control,0,0.0,113.2,0,0,0
USR-10455,Control,0,0.0,95.0,0,0,0
USR-10456,Control,0,0.0,12.5,0,1,0
USR-10457,Control,0,0.0,22.1,0,1,0
USR-10458,Control,0,0.0,156.0,0,0,0
USR-10459,Control,0,0.0,16.1,0,1,0
USR-10460,Control,0,0.0,6.7,0,1,0
USR-10461,Treatment,0,0.0,127.6,0,0,0
USR-10462,Treatment,0,0.0,23.1,0,1,0
USR-10463,Treatment,0,0.0,140.0,0,0,0
USR-10464,Treatment,0,0.0,14.6,0,1,0
USR-10465,Control,0,0.0,125.7,0,0,0
USR-10466,Control,0,0.0,16.0,0,1,0
USR-10467,Treatment,1,65.04,286.9,1,0,0
USR-10468,Control,0,0.0,117.3,0,0,0
USR-10469,Treatment,0,0.0,13.3,0,1,0
USR-10470,Control,0,0.0,13.6,0,1,0
USR-10471,Treatment,0,0.0,123.2,0,0,0
USR-10472,Control,0,0.0,117.5,0,0,0
USR-10473,Treatment,0,0.0,103.3,0,0,0
USR-10474,Treatment,0,0.0,99.5,0,0,0
USR-10475,Treatment,0,0.0,18.6,0,1,0
USR-10476,Control,0,0.0,122.5,0,0,0
USR-10477,Treatment,0,0.0,19.3,0,1,0
USR-10478,Treatment,0,0.0,13.3,0,1,0
USR-10479,Treatment,0,0.0,18.6,0,1,0
USR-10480,Treatment,0,0.0,11.7,0,1,0
USR-10481,Treatment,0,0.0,20.9,0,1,0
USR-10482,Control,0,0.0,128.9,0,0,0
USR-10483,Treatment,0,0.0,24.0,0,1,0
USR-10484,Treatment,0,0.0,80.5,0,0,0
USR-10485,Treatment,0,0.0,139.2,0,0,0
USR-10486,Control,0,0.0,103.1,0,0,0
USR-10487,Control,1,33.13,287.9,1,0,0
USR-10488,Treatment,0,0.0,63.7,0,0,0
USR-10489,Treatment,0,0.0,126.8,0,0,0
USR-10490,Control,0,0.0,107.3,0,0,0
USR-10491,Treatment,0,0.0,163.3,0,0,0
USR-10492,Control,0,0.0,19.3,0,1,0
USR-10493,Control,0,0.0,153.7,0,0,0
USR-10494,Control,0,0.0,64.3,0,0,0
USR-10495,Control,0,0.0,21.4,0,1,0
USR-10496,Treatment,0,0.0,10.4,0,1,0
USR-10497,Control,0,0.0,103.1,0,0,0
USR-10498,Treatment,0,0.0,113.6,0,0,0
USR-10499,Treatment,0,0.0,131.1,0,0,0
USR-10500,Treatment,1,47.39,294.8,1,0,1
USR-10501,Treatment,0,0.0,20.6,0,1,0
USR-10502,Control,0,0.0,97.0,0,0,0
USR-10503,Treatment,0,0.0,5.4,0,1,0
USR-10504,Treatment,0,0.0,123.6,0,0,0
USR-10505,Control,0,0.0,104.3,0,0,0
USR-10506,Treatment,0,0.0,70.2,0,0,0
USR-10507,Treatment,0,0.0,120.4,0,0,0
USR-10508,Treatment,0,0.0,113.4,0,0,0
USR-10509,Treatment,0,0.0,11.6,0,1,0
USR-10510,Treatment,0,0.0,134.6,0,0,0
USR-10511,Control,0,0.0,23.6,0,1,0
USR-10512,Treatment,0,0.0,138.5,0,0,0
USR-10513,Treatment,0,0.0,113.0,0,0,0
USR-10514,Control,0,0.0,101.0,0,0,0
USR-10515,Control,0,0.0,24.0,0,1,0
USR-10516,Control,1,31.7,287.6,1,0,0
USR-10517,Treatment,0,0.0,123.8,0,0,0
USR-10518,Treatment,0,0.0,121.6,0,0,0
USR-10519,Control,0,0.0,95.7,0,0,0
USR-10520,Treatment,0,0.0,14.9,0,1,0
USR-10521,Control,0,0.0,71.5,0,0,0
USR-10522,Treatment,0,0.0,103.8,0,0,0
USR-10523,Treatment,0,0.0,9.2,0,1,0
USR-10524,Treatment,0,0.0,168.6,0,0,0
USR-10525,Control,0,0.0,19.3,0,1,0
USR-10526,Control,0,0.0,97.0,0,0,0
USR-10527,Control,0,0.0,112.6,0,0,0
USR-10528,Control,0,0.0,9.3,0,1,0
USR-10529,Treatment,0,0.0,84.8,0,0,0
USR-10530,Treatment,0,0.0,23.2,0,1,0
USR-10531,Treatment,0,0.0,7.2,0,1,0
USR-10532,Treatment,0,0.0,173.6,0,0,0
USR-10533,Treatment,0,0.0,85.2,0,0,0
USR-10534,Treatment,0,0.0,92.2,0,0,0
USR-10535,Treatment,1,32.48,265.8,1,0,0
USR-10536,Treatment,0,0.0,83.1,0,0,0
USR-10537,Control,0,0.0,19.6,0,1,0
USR-10538,Control,0,0.0,22.4,0,1,0
USR-10539,Control,0,0.0,143.0,0,0,0
USR-10540,Treatment,0,0.0,8.7,0,1,0
USR-10541,Treatment,0,0.0,9.5,0,1,0
USR-10542,Control,0,0.0,124.7,0,0,0
USR-10543,Treatment,0,0.0,74.4,0,0,0
USR-10544,Treatment,1,92.79,275.3,4,0,0
USR-10545,Control,0,0.0,92.6,0,0,0
USR-10546,Control,1,109.57,221.7,3,0,0
USR-10547,Treatment,0,0.0,136.4,0,0,0
USR-10548,Treatment,0,0.0,18.1,0,1,0
USR-10549,Treatment,0,0.0,21.4,0,1,0
USR-10550,Treatment,0,0.0,91.7,0,0,0
USR-10551,Treatment,0,0.0,113.3,0,0,0
USR-10552,Treatment,0,0.0,23.4,0,1,0
USR-10553,Treatment,0,0.0,97.8,0,0,0
USR-10554,Treatment,0,0.0,6.9,0,1,0
USR-10555,Control,0,0.0,137.9,0,0,0
USR-10556,Control,0,0.0,6.3,0,1,0
USR-10557,Control,0,0.0,11.3,0,1,0
USR-10558,Treatment,1,49.46,277.1,1,0,0
USR-10559,Treatment,0,0.0,161.4,0,0,0
USR-10560,Treatment,0,0.0,23.2,0,1,0
USR-10561,Control,0,0.0,23.8,0,1,0
USR-10562,Control,0,0.0,152.7,0,0,0
USR-10563,Control,1,84.45,290.0,1,0,0
USR-10564,Control,0,0.0,13.5,0,1,0
USR-10565,Treatment,0,0.0,14.8,0,1,0
USR-10566,Control,0,0.0,65.0,0,0,0
USR-10567,Control,0,0.0,7.2,0,1,0
USR-10568,Treatment,0,0.0,53.1,0,0,0
USR-10569,Control,0,0.0,146.7,0,0,0
USR-10570,Treatment,0,0.0,77.2,0,0,0
USR-10571,Treatment,0,0.0,18.8,0,1,0
USR-10572,Control,0,0.0,79.8,0,0,0
USR-10573,Treatment,1,95.49,228.9,1,0,0
USR-10574,Treatment,0,0.0,108.5,0,0,0
USR-10575,Treatment,0,0.0,114.1,0,0,0
USR-10576,Control,0,0.0,23.3,0,1,0
USR-10577,Treatment,1,104.08,276.1,2,0,0
USR-10578,Control,0,0.0,10.9,0,1,0
USR-10579,Control,0,0.0,109.1,0,0,0
USR-10580,Control,0,0.0,16.3,0,1,0
USR-10581,Treatment,0,0.0,103.0,0,0,0
USR-10582,Control,0,0.0,98.3,0,0,0
USR-10583,Control,0,0.0,150.7,0,0,0
USR-10584,Treatment,0,0.0,131.8,0,0,0
USR-10585,Control,0,0.0,11.7,0,1,0
USR-10586,Control,0,0.0,97.9,0,0,0
USR-10587,Control,0,0.0,7.6,0,1,0
USR-10588,Control,0,0.0,21.6,0,1,0
USR-10589,Control,0,0.0,24.1,0,1,0
USR-10590,Control,0,0.0,24.4,0,1,0
USR-10591,Treatment,0,0.0,121.5,0,0,0
USR-10592,Control,0,0.0,7.0,0,1,0
USR-10593,Control,0,0.0,6.9,0,1,0
USR-10594,Treatment,0,0.0,73.7,0,0,0
USR-10595,Control,0,0.0,105.1,0,0,0
USR-10596,Treatment,0,0.0,148.4,0,0,0
USR-10597,Control,0,0.0,110.3,0,0,0
USR-10598,Control,0,0.0,105.6,0,0,0
USR-10599,Control,0,0.0,125.6,0,0,0
USR-10600,Control,0,0.0,91.6,0,0,0
USR-10601,Control,0,0.0,5.8,0,1,0
USR-10602,Control,1,37.65,273.3,1,0,0
USR-10603,Control,0,0.0,6.6,0,1,0
USR-10604,Control,0,0.0,15.6,0,1,0
USR-10605,Control,0,0.0,105.6,0,0,0
USR-10606,Control,1,217.14,273.9,3,0,0
USR-10607,Control,0,0.0,6.5,0,1,0
USR-10608,Treatment,0,0.0,105.0,0,0,0
USR-10609,Treatment,0,0.0,148.2,0,0,0
USR-10610,Control,1,49.79,164.8,1,0,0
USR-10611,Treatment,0,0.0,177.7,0,0,0
USR-10612,Treatment,0,0.0,118.6,0,0,0
USR-10613,Control,0,0.0,16.1,0,1,0
USR-10614,Treatment,0,0.0,12.2,0,1,0
USR-10615,Treatment,0,0.0,146.3,0,0,0
USR-10616,Control,0,0.0,116.3,0,0,0
USR-10617,Control,0,0.0,108.6,0,0,0
USR-10618,Treatment,0,0.0,152.3,0,0,0
USR-10619,Treatment,0,0.0,136.8,0,0,0
USR-10620,Control,0,0.0,115.3,0,0,0
USR-10621,Control,1,56.37,323.2,2,0,0
USR-10622,Control,0,0.0,139.7,0,0,0
USR-10623,Control,1,74.52,151.0,2,0,0
USR-10624,Treatment,0,0.0,13.1,0,1,0
USR-10625,Control,0,0.0,97.5,0,0,0
USR-10626,Control,0,0.0,111.3,0,0,0
USR-10627,Treatment,0,0.0,141.1,0,0,0
USR-10628,Control,0,0.0,16.0,0,1,0
USR-10629,Control,0,0.0,66.8,0,0,0
USR-10630,Treatment,0,0.0,17.3,0,1,0
USR-10631,Treatment,0,0.0,126.2,0,0,0
USR-10632,Treatment,0,0.0,132.2,0,0,0
USR-10633,Treatment,0,0.0,20.9,0,1,0
USR-10634,Control,0,0.0,20.2,0,1,0
USR-10635,Control,0,0.0,109.4,0,0,0
USR-10636,Treatment,0,0.0,114.5,0,0,0
USR-10637,Control,0,0.0,6.5,0,1,0
USR-10638,Control,0,0.0,20.8,0,1,0
USR-10639,Control,0,0.0,177.3,0,0,0
USR-10640,Control,1,27.37,231.7,1,0,1
USR-10641,Control,0,0.0,120.1,0,0,0
USR-10642,Control,0,0.0,92.8,0,0,0
USR-10643,Control,0,0.0,99.9,0,0,0
USR-10644,Control,0,0.0,7.1,0,1,0
USR-10645,Treatment,0,0.0,117.8,0,0,0
USR-10646,Treatment,0,0.0,122.5,0,0,0
USR-10647,Treatment,0,0.0,101.7,0,0,0
USR-10648,Treatment,0,0.0,68.1,0,0,0
USR-10649,Control,0,0.0,10.9,0,1,0
USR-10650,Control,0,0.0,77.5,0,0,0
USR-10651,Treatment,0,0.0,15.9,0,1,0
USR-10652,Treatment,0,0.0,104.8,0,0,0
USR-10653,Treatment,0,0.0,20.1,0,1,0
USR-10654,Control,0,0.0,136.3,0,0,0
USR-10655,Control,0,0.0,18.3,0,1,0
USR-10656,Control,0,0.0,100.6,0,0,0
USR-10657,Control,0,0.0,100.7,0,0,0
USR-10658,Treatment,0,0.0,98.5,0,0,0
USR-10659,Treatment,0,0.0,145.0,0,0,0
USR-10660,Control,0,0.0,141.6,0,0,0
USR-10661,Treatment,0,0.0,64.2,0,0,0
USR-10662,Treatment,0,0.0,8.2,0,1,0
USR-10663,Control,0,0.0,11.3,0,1,0
USR-10664,Control,0,0.0,133.9,0,0,0
USR-10665,Control,0,0.0,55.2,0,0,0
USR-10666,Control,0,0.0,15.2,0,1,0
USR-10667,Control,1,280.71,201.2,4,0,0
USR-10668,Control,0,0.0,171.2,0,0,0
USR-10669,Control,0,0.0,154.9,0,0,0
USR-10670,Control,0,0.0,107.7,0,0,0
USR-10671,Treatment,0,0.0,137.0,0,0,0
USR-10672,Control,1,23.15,233.8,1,0,0
USR-10673,Treatment,0,0.0,11.7,0,1,0
USR-10674,Control,1,23.03,232.7,1,0,0
USR-10675,Treatment,0,0.0,20.5,0,1,0
USR-10676,Control,0,0.0,16.9,0,1,0
USR-10677,Control,0,0.0,103.4,0,0,0
USR-10678,Treatment,0,0.0,24.6,0,1,0
USR-10679,Treatment,0,0.0,7.0,0,1,0
USR-10680,Treatment,0,0.0,111.6,0,0,0
USR-10681,Control,0,0.0,98.5,0,0,0
USR-10682,Control,0,0.0,115.6,0,0,0
USR-10683,Treatment,0,0.0,126.7,0,0,0
USR-10684,Treatment,0,0.0,84.2,0,0,0
USR-10685,Treatment,0,0.0,9.3,0,1,0
USR-10686,Treatment,0,0.0,162.7,0,0,0
USR-10687,Control,0,0.0,10.8,0,1,0
USR-10688,Treatment,0,0.0,58.5,0,0,0
USR-10689,Control,1,22.52,261.8,1,0,0
USR-10690,Control,0,0.0,100.9,0,0,0
USR-10691,Control,0,0.0,16.8,0,1,0
USR-10692,Treatment,0,0.0,23.2,0,1,0
USR-10693,Control,0,0.0,133.2,0,0,0
USR-10694,Control,0,0.0,154.6,0,0,0
USR-10695,Treatment,0,0.0,9.3,0,1,0
USR-10696,Control,0,0.0,123.6,0,0,0
USR-10697,Treatment,0,0.0,113.0,0,0,0
USR-10698,Control,0,0.0,20.7,0,1,0
USR-10699,Control,0,0.0,8.9,0,1,0
USR-10700,Treatment,0,0.0,22.6,0,1,0
USR-10701,Control,1,86.27,240.1,1,0,0
USR-10702,Control,0,0.0,148.1,0,0,0
USR-10703,Control,0,0.0,8.1,0,1,0
USR-10704,Control,0,0.0,72.6,0,0,0
USR-10705,Treatment,0,0.0,22.1,0,1,0
USR-10706,Control,0,0.0,66.2,0,0,0
USR-10707,Treatment,0,0.0,7.9,0,1,0
USR-10708,Control,0,0.0,11.7,0,1,0
USR-10709,Treatment,0,0.0,120.6,0,0,0
USR-10710,Treatment,0,0.0,101.3,0,0,0
USR-10711,Treatment,0,0.0,6.0,0,1,0
USR-10712,Control,0,0.0,141.4,0,0,0
USR-10713,Control,0,0.0,20.0,0,1,0
USR-10714,Control,0,0.0,15.5,0,1,0
USR-10715,Treatment,0,0.0,115.8,0,0,0
USR-10716,Treatment,0,0.0,197.9,0,0,0
USR-10717,Treatment,0,0.0,14.0,0,1,0
USR-10718,Control,1,53.52,247.5,1,0,0
USR-10719,Treatment,0,0.0,12.2,0,1,0
USR-10720,Treatment,0,0.0,68.6,0,0,0
USR-10721,Control,0,0.0,116.1,0,0,0
USR-10722,Control,0,0.0,134.7,0,0,0
USR-10723,Treatment,0,0.0,7.9,0,1,0
USR-10724,Treatment,0,0.0,125.1,0,0,0
USR-10725,Treatment,0,0.0,12.3,0,1,0
USR-10726,Control,1,42.44,186.8,1,0,0
USR-10727,Treatment,0,0.0,68.8,0,0,0
USR-10728,Control,0,0.0,6.0,0,1,0
USR-10729,Control,0,0.0,128.6,0,0,0
USR-10730,Control,0,0.0,14.7,0,1,0
USR-10731,Treatment,0,0.0,134.9,0,0,0
USR-10732,Treatment,0,0.0,9.6,0,1,0
USR-10733,Treatment,0,0.0,99.7,0,0,0
USR-10734,Control,0,0.0,18.9,0,1,0
USR-10735,Treatment,0,0.0,20.6,0,1,0
USR-10736,Control,0,0.0,11.0,0,1,0
USR-10737,Treatment,0,0.0,40.4,0,0,0
USR-10738,Control,0,0.0,78.8,0,0,0
USR-10739,Control,0,0.0,20.6,0,1,0
USR-10740,Control,0,0.0,96.3,0,0,0
USR-10741,Control,0,0.0,19.1,0,1,0
USR-10742,Treatment,0,0.0,104.4,0,0,0
USR-10743,Treatment,0,0.0,12.0,0,1,0
USR-10744,Control,0,0.0,97.1,0,0,0
USR-10745,Treatment,0,0.0,9.4,0,1,0
USR-10746,Control,0,0.0,9.2,0,1,0
USR-10747,Treatment,0,0.0,107.8,0,0,0
USR-10748,Treatment,0,0.0,21.1,0,1,0
USR-10749,Treatment,0,0.0,161.7,0,0,0
USR-10750,Control,0,0.0,5.3,0,1,0
USR-10751,Treatment,0,0.0,12.5,0,1,0
USR-10752,Treatment,1,49.95,241.8,1,0,1
USR-10753,Control,0,0.0,134.7,0,0,0
USR-10754,Control,0,0.0,119.6,0,0,0
USR-10755,Treatment,0,0.0,114.4,0,0,0
USR-10756,Treatment,0,0.0,18.0,0,1,0
USR-10757,Treatment,0,0.0,109.6,0,0,0
USR-10758,Treatment,0,0.0,116.0,0,0,0
USR-10759,Treatment,0,0.0,101.3,0,0,0
USR-10760,Control,0,0.0,114.7,0,0,0
USR-10761,Control,0,0.0,19.4,0,1,0
USR-10762,Control,0,0.0,105.9,0,0,0
USR-10763,Treatment,1,31.49,240.0,1,0,0
USR-10764,Control,0,0.0,22.2,0,1,0
USR-10765,Treatment,0,0.0,106.9,0,0,0
USR-10766,Treatment,0,0.0,17.3,0,1,0
USR-10767,Treatment,0,0.0,17.7,0,1,0
USR-10768,Control,0,0.0,88.5,0,0,0
USR-10769,Treatment,0,0.0,12.7,0,1,0
USR-10770,Control,0,0.0,6.2,0,1,0
USR-10771,Treatment,0,0.0,138.9,0,0,0
USR-10772,Control,1,41.25,287.1,2,0,0
USR-10773,Control,0,0.0,114.9,0,0,0
USR-10774,Treatment,0,0.0,123.0,0,0,0
USR-10775,Control,0,0.0,128.8,0,0,0
USR-10776,Control,0,0.0,120.7,0,0,0
USR-10777,Treatment,0,0.0,167.4,0,0,0
USR-10778,Treatment,0,0.0,53.2,0,0,0
USR-10779,Treatment,0,0.0,150.3,0,0,0
USR-10780,Treatment,0,0.0,102.7,0,0,0
USR-10781,Treatment,0,0.0,22.8,0,1,0
USR-10782,Control,0,0.0,83.3,0,0,0
USR-10783,Control,0,0.0,6.6,0,1,0
USR-10784,Control,0,0.0,81.2,0,0,0
USR-10785,Treatment,0,0.0,22.2,0,1,0
USR-10786,Treatment,0,0.0,82.9,0,0,0
USR-10787,Control,0,0.0,16.5,0,1,0
USR-10788,Control,0,0.0,86.5,0,0,0
USR-10789,Treatment,0,0.0,168.3,0,0,0
USR-10790,Control,0,0.0,21.2,0,1,0
USR-10791,Treatment,0,0.0,13.1,0,1,0
USR-10792,Treatment,0,0.0,24.8,0,1,0
USR-10793,Treatment,0,0.0,124.2,0,0,0
USR-10794,Control,0,0.0,125.8,0,0,0
USR-10795,Treatment,0,0.0,122.3,0,0,0
USR-10796,Treatment,0,0.0,85.6,0,0,0
USR-10797,Treatment,0,0.0,91.9,0,0,0
USR-10798,Treatment,0,0.0,10.3,0,1,0
USR-10799,Treatment,0,0.0,18.1,0,1,0
USR-10800,Treatment,0,0.0,129.9,0,0,0
USR-10801,Control,0,0.0,129.3,0,0,0
USR-10802,Treatment,0,0.0,97.1,0,0,0
USR-10803,Treatment,0,0.0,10.9,0,1,0
USR-10804,Control,0,0.0,9.9,0,1,0
USR-10805,Treatment,0,0.0,12.9,0,1,0
USR-10806,Treatment,0,0.0,118.3,0,0,0
USR-10807,Treatment,0,0.0,8.5,0,1,0
USR-10808,Control,0,0.0,156.3,0,0,0
USR-10809,Control,0,0.0,19.4,0,1,0
USR-10810,Treatment,0,0.0,133.1,0,0,0
USR-10811,Treatment,0,0.0,7.7,0,1,0
USR-10812,Control,0,0.0,134.7,0,0,0
USR-10813,Treatment,0,0.0,8.6,0,1,0
USR-10814,Treatment,0,0.0,143.4,0,0,0
USR-10815,Treatment,0,0.0,129.4,0,0,0
USR-10816,Treatment,0,0.0,85.4,0,0,0
USR-10817,Control,0,0.0,136.0,0,0,0
USR-10818,Control,0,0.0,139.9,0,0,0
USR-10819,Control,0,0.0,23.1,0,1,0
USR-10820,Treatment,0,0.0,21.2,0,1,0
USR-10821,Control,0,0.0,79.6,0,0,0
USR-10822,Control,0,0.0,8.5,0,1,0
USR-10823,Control,0,0.0,89.1,0,0,0
USR-10824,Treatment,0,0.0,119.2,0,0,0
USR-10825,Treatment,0,0.0,122.2,0,0,0
USR-10826,Control,0,0.0,101.7,0,0,0
USR-10827,Control,0,0.0,8.5,0,1,0
USR-10828,Treatment,0,0.0,128.0,0,0,0
USR-10829,Control,0,0.0,114.7,0,0,0
USR-10830,Control,0,0.0,96.5,0,0,0
USR-10831,Control,0,0.0,83.3,0,0,0
USR-10832,Control,0,0.0,96.7,0,0,0
USR-10833,Control,0,0.0,15.9,0,1,0
USR-10834,Control,0,0.0,11.0,0,1,0
USR-10835,Control,0,0.0,17.2,0,1,0
USR-10836,Treatment,0,0.0,41.3,0,0,0
USR-10837,Control,0,0.0,20.2,0,1,0
USR-10838,Treatment,0,0.0,22.9,0,1,0
USR-10839,Treatment,0,0.0,85.6,0,0,0
USR-10840,Control,0,0.0,5.7,0,1,0
USR-10841,Treatment,1,24.07,218.0,1,0,0
USR-10842,Control,0,0.0,13.3,0,1,0
USR-10843,Treatment,1,223.57,250.0,2,0,0
USR-10844,Control,0,0.0,101.6,0,0,0
USR-10845,Control,0,0.0,9.7,0,1,0
USR-10846,Control,0,0.0,113.7,0,0,0
USR-10847,Treatment,0,0.0,65.9,0,0,0
USR-10848,Treatment,0,0.0,137.5,0,0,0
USR-10849,Treatment,0,0.0,24.2,0,1,0
USR-10850,Control,0,0.0,115.0,0,0,0
USR-10851,Treatment,0,0.0,80.5,0,0,0
USR-10852,Control,0,0.0,84.3,0,0,0
USR-10853,Treatment,0,0.0,106.8,0,0,0
USR-10854,Control,0,0.0,140.5,0,0,0
USR-10855,Control,0,0.0,71.1,0,0,0
USR-10856,Control,0,0.0,116.8,0,0,0
USR-10857,Control,0,0.0,143.5,0,0,0
USR-10858,Treatment,0,0.0,116.0,0,0,0
USR-10859,Control,0,0.0,84.4,0,0,0
USR-10860,Treatment,0,0.0,82.1,0,0,0
USR-10861,Control,0,0.0,14.4,0,1,0
USR-10862,Treatment,0,0.0,96.3,0,0,0
USR-10863,Control,1,56.8,128.9,1,0,0
USR-10864,Control,0,0.0,163.1,0,0,0
USR-10865,Treatment,0,0.0,12.4,0,1,0
USR-10866,Control,0,0.0,13.7,0,1,0
USR-10867,Control,0,0.0,15.9,0,1,0
USR-10868,Treatment,0,0.0,21.1,0,1,0
USR-10869,Treatment,0,0.0,142.3,0,0,0
USR-10870,Control,0,0.0,71.7,0,0,0
USR-10871,Control,1,54.91,250.5,2,0,0
USR-10872,Treatment,1,115.88,259.3,1,0,0
USR-10873,Control,0,0.0,80.6,0,0,0
USR-10874,Control,0,0.0,118.2,0,0,0
USR-10875,Control,0,0.0,20.7,0,1,0
USR-10876,Treatment,0,0.0,145.9,0,0,0
USR-10877,Treatment,1,59.55,259.8,4,0,0
USR-10878,Control,0,0.0,100.7,0,0,0
USR-10879,Control,0,0.0,13.6,0,1,0
USR-10880,Control,0,0.0,122.1,0,0,0
USR-10881,Treatment,0,0.0,21.0,0,1,0
USR-10882,Control,0,0.0,15.7,0,1,0
USR-10883,Control,0,0.0,19.4,0,1,0
USR-10884,Treatment,0,0.0,99.0,0,0,0
USR-10885,Control,0,0.0,5.4,0,1,0
USR-10886,Treatment,0,0.0,90.4,0,0,0
USR-10887,Control,0,0.0,120.2,0,0,0
USR-10888,Control,0,0.0,102.4,0,0,0
USR-10889,Control,0,0.0,10.8,0,1,0
USR-10890,Treatment,0,0.0,24.5,0,1,0
USR-10891,Treatment,0,0.0,102.4,0,0,0
USR-10892,Treatment,0,0.0,9.8,0,1,0
USR-10893,Control,0,0.0,21.3,0,1,0
USR-10894,Treatment,0,0.0,19.2,0,1,0
USR-10895,Control,0,0.0,65.1,0,0,0
USR-10896,Control,0,0.0,8.7,0,1,0
USR-10897,Treatment,0,0.0,108.2,0,0,0
USR-10898,Control,0,0.0,5.1,0,1,0
USR-10899,Control,0,0.0,128.5,0,0,0
USR-10900,Control,0,0.0,127.7,0,0,0
USR-10901,Control,0,0.0,12.3,0,1,0
USR-10902,Control,0,0.0,5.3,0,1,0
USR-10903,Treatment,1,41.66,243.5,1,0,0
USR-10904,Control,0,0.0,8.6,0,1,0
USR-10905,Treatment,1,37.5,266.2,1,0,0
USR-10906,Treatment,1,76.35,284.3,1,0,0
USR-10907,Control,0,0.0,168.1,0,0,0
USR-10908,Control,0,0.0,80.0,0,0,0
USR-10909,Control,0,0.0,68.2,0,0,0
USR-10910,Treatment,0,0.0,15.7,0,1,0
USR-10911,Control,0,0.0,21.6,0,1,0
USR-10912,Treatment,0,0.0,24.1,0,1,0
USR-10913,Control,0,0.0,77.8,0,0,0
USR-10914,Treatment,0,0.0,15.4,0,1,0
USR-10915,Control,0,0.0,124.4,0,0,0
USR-10916,Control,1,46.74,216.5,1,0,0
USR-10917,Treatment,0,0.0,10.5,0,1,0
USR-10918,Treatment,0,0.0,151.7,0,0,0
USR-10919,Control,0,0.0,59.9,0,0,0
USR-10920,Treatment,0,0.0,13.1,0,1,0
USR-10921,Control,0,0.0,128.8,0,0,0
USR-10922,Treatment,0,0.0,18.1,0,1,0
USR-10923,Treatment,0,0.0,10.5,0,1,0
USR-10924,Control,0,0.0,111.8,0,0,0
USR-10925,Control,0,0.0,72.2,0,0,0
USR-10926,Control,0,0.0,97.9,0,0,0
USR-10927,Treatment,0,0.0,25.0,0,1,0
USR-10928,Treatment,0,0.0,101.5,0,0,0
USR-10929,Control,0,0.0,49.9,0,0,0
USR-10930,Control,0,0.0,19.3,0,1,0
USR-10931,Treatment,0,0.0,99.7,0,0,0
USR-10932,Treatment,0,0.0,97.0,0,0,0
USR-10933,Treatment,0,0.0,53.3,0,0,0
USR-10934,Control,0,0.0,9.1,0,1,0
USR-10935,Control,0,0.0,118.1,0,0,0
USR-10936,Control,0,0.0,117.4,0,0,0
USR-10937,Treatment,0,0.0,77.7,0,0,0
USR-10938,Control,0,0.0,68.9,0,0,0
USR-10939,Treatment,0,0.0,23.8,0,1,0
USR-10940,Control,0,0.0,6.3,0,1,0
USR-10941,Treatment,1,98.91,225.2,1,0,0
USR-10942,Treatment,0,0.0,17.2,0,1,0
USR-10943,Treatment,0,0.0,10.3,0,1,0
USR-10944,Control,0,0.0,103.3,0,0,0
USR-10945,Control,0,0.0,113.6,0,0,0
USR-10946,Control,0,0.0,76.0,0,0,0
USR-10947,Treatment,0,0.0,111.1,0,0,0
USR-10948,Treatment,0,0.0,98.3,0,0,0
USR-10949,Treatment,0,0.0,54.9,0,0,0
USR-10950,Treatment,0,0.0,79.9,0,0,0
USR-10951,Treatment,0,0.0,13.4,0,1,0
USR-10952,Control,0,0.0,108.1,0,0,0
USR-10953,Treatment,0,0.0,9.7,0,1,0
USR-10954,Control,0,0.0,24.2,0,1,0
USR-10955,Control,0,0.0,107.6,0,0,0
USR-10956,Treatment,0,0.0,149.6,0,0,0
USR-10957,Control,1,48.77,191.8,1,0,0
USR-10958,Control,0,0.0,94.2,0,0,0
USR-10959,Treatment,0,0.0,121.5,0,0,0
USR-10960,Control,0,0.0,131.3,0,0,0
USR-10961,Treatment,0,0.0,8.4,0,1,0
USR-10962,Control,0,0.0,5.6,0,1,0
USR-10963,Control,0,0.0,138.6,0,0,0
USR-10964,Control,0,0.0,123.9,0,0,0
USR-10965,Control,1,83.85,281.6,2,0,0
USR-10966,Treatment,0,0.0,7.2,0,1,0
USR-10967,Control,0,0.0,147.3,0,0,0
USR-10968,Treatment,0,0.0,23.6,0,1,0
USR-10969,Control,0,0.0,24.5,0,1,0
USR-10970,Treatment,1,39.82,307.5,1,0,0
USR-10971,Treatment,0,0.0,143.3,0,0,0
USR-10972,Treatment,0,0.0,102.1,0,0,0
USR-10973,Control,0,0.0,160.3,0,0,0
USR-10974,Control,0,0.0,102.0,0,0,0
USR-10975,Control,0,0.0,88.7,0,0,0
USR-10976,Treatment,0,0.0,151.7,0,0,0
USR-10977,Control,0,0.0,5.4,0,1,0
USR-10978,Control,0,0.0,22.2,0,1,0
USR-10979,Treatment,0,0.0,143.5,0,0,0
USR-10980,Control,0,0.0,19.2,0,1,0
USR-10981,Treatment,0,0.0,93.5,0,0,0
USR-10982,Control,0,0.0,6.3,0,1,0
USR-10983,Control,0,0.0,162.2,0,0,0
USR-10984,Treatment,0,0.0,22.6,0,1,0
USR-10985,Control,0,0.0,115.8,0,0,0
USR-10986,Treatment,0,0.0,67.9,0,0,0
USR-10987,Control,0,0.0,84.2,0,0,0
USR-10988,Control,0,0.0,149.0,0,0,0
USR-10989,Treatment,0,0.0,126.5,0,0,0
USR-10990,Treatment,0,0.0,148.2,0,0,0
USR-10991,Treatment,0,0.0,15.3,0,1,0
USR-10992,Control,0,0.0,124.8,0,0,0
USR-10993,Treatment,0,0.0,81.1,0,0,0
USR-10994,Control,0,0.0,115.0,0,0,0
USR-10995,Control,0,0.0,139.0,0,0,0
USR-10996,Treatment,0,0.0,102.7,0,0,0
USR-10997,Control,0,0.0,114.4,0,0,0
USR-10998,Treatment,0,0.0,8.7,0,1,0
USR-10999,Control,0,0.0,102.7,0,0,0
USR-11000,Control,0,0.0,11.2,0,1,0
USR-11001,Treatment,0,0.0,146.7,0,0,0
USR-11002,Treatment,0,0.0,147.9,0,0,0
USR-11003,Treatment,0,0.0,79.8,0,0,0
USR-11004,Treatment,0,0.0,117.1,0,0,0
USR-11005,Treatment,0,0.0,30.7,0,0,0
USR-11006,Treatment,0,0.0,5.4,0,1,0
USR-11007,Treatment,0,0.0,83.8,0,0,0
USR-11008,Control,0,0.0,84.0,0,0,0
USR-11009,Control,0,0.0,77.2,0,0,0
USR-11010,Control,0,0.0,14.5,0,1,0
USR-11011,Treatment,0,0.0,126.8,0,0,0
USR-11012,Treatment,0,0.0,184.0,0,0,0
USR-11013,Control,0,0.0,17.7,0,1,0
USR-11014,Treatment,0,0.0,71.8,0,0,0
USR-11015,Treatment,0,0.0,13.6,0,1,0
USR-11016,Control,0,0.0,73.7,0,0,0
USR-11017,Treatment,0,0.0,127.4,0,0,0
USR-11018,Treatment,0,0.0,126.7,0,0,0
USR-11019,Control,0,0.0,101.9,0,0,0
USR-11020,Treatment,0,0.0,100.4,0,0,0
USR-11021,Control,0,0.0,43.5,0,0,0
USR-11022,Treatment,0,0.0,8.7,0,1,0
USR-11023,Treatment,0,0.0,90.8,0,0,0
USR-11024,Treatment,1,86.34,285.3,2,0,0
USR-11025,Control,0,0.0,11.9,0,1,0
USR-11026,Treatment,0,0.0,101.0,0,0,0
USR-11027,Treatment,0,0.0,110.1,0,0,0
USR-11028,Control,0,0.0,120.2,0,0,0
USR-11029,Treatment,1,56.04,277.7,1,0,0
USR-11030,Control,0,0.0,23.3,0,1,0
USR-11031,Treatment,0,0.0,107.3,0,0,0
USR-11032,Control,0,0.0,8.8,0,1,0
USR-11033,Control,0,0.0,22.9,0,1,0
USR-11034,Control,0,0.0,136.6,0,0,0
USR-11035,Treatment,0,0.0,100.4,0,0,0
USR-11036,Control,0,0.0,16.6,0,1,0
USR-11037,Treatment,0,0.0,9.7,0,1,0
USR-11038,Control,0,0.0,76.7,0,0,0
USR-11039,Control,0,0.0,99.3,0,0,0
USR-11040,Treatment,0,0.0,53.4,0,0,0
USR-11041,Treatment,0,0.0,127.3,0,0,0
USR-11042,Control,0,0.0,6.9,0,1,0
USR-11043,Treatment,0,0.0,15.6,0,1,0
USR-11044,Treatment,0,0.0,138.1,0,0,0
USR-11045,Treatment,0,0.0,8.3,0,1,0
USR-11046,Control,0,0.0,84.5,0,0,0
USR-11047,Control,0,0.0,153.6,0,0,0
USR-11048,Treatment,0,0.0,9.5,0,1,0
USR-11049,Control,0,0.0,112.7,0,0,0
USR-11050,Treatment,0,0.0,137.6,0,0,0
USR-11051,Treatment,0,0.0,66.6,0,0,0
USR-11052,Treatment,0,0.0,187.9,0,0,0
USR-11053,Treatment,0,0.0,99.1,0,0,0
USR-11054,Treatment,0,0.0,104.0,0,0,0
USR-11055,Control,0,0.0,10.6,0,1,0
USR-11056,Treatment,0,0.0,109.6,0,0,0
USR-11057,Control,0,0.0,133.4,0,0,0
USR-11058,Control,0,0.0,146.3,0,0,0
USR-11059,Treatment,0,0.0,99.8,0,0,0
USR-11060,Treatment,0,0.0,6.1,0,1,0
USR-11061,Treatment,0,0.0,139.3,0,0,0
USR-11062,Treatment,0,0.0,7.0,0,1,0
USR-11063,Control,0,0.0,162.6,0,0,0
USR-11064,Control,0,0.0,97.4,0,0,0
USR-11065,Treatment,0,0.0,6.8,0,1,0
USR-11066,Control,0,0.0,148.2,0,0,0
USR-11067,Control,0,0.0,16.1,0,1,0
USR-11068,Control,0,0.0,102.6,0,0,0
USR-11069,Control,1,45.14,242.1,2,0,0
USR-11070,Control,0,0.0,132.5,0,0,0
USR-11071,Control,0,0.0,18.4,0,1,0
USR-11072,Control,0,0.0,129.2,0,0,0
USR-11073,Control,0,0.0,88.7,0,0,0
USR-11074,Treatment,1,36.75,193.5,1,0,0
USR-11075,Control,0,0.0,149.4,0,0,0
USR-11076,Control,0,0.0,46.2,0,0,0
USR-11077,Treatment,0,0.0,111.1,0,0,0
USR-11078,Control,0,0.0,67.7,0,0,0
USR-11079,Treatment,0,0.0,82.7,0,0,0
USR-11080,Treatment,0,0.0,136.8,0,0,0
USR-11081,Control,0,0.0,109.0,0,0,0
USR-11082,Control,0,0.0,76.6,0,0,0
USR-11083,Treatment,0,0.0,114.4,0,0,0
USR-11084,Treatment,0,0.0,17.0,0,1,0
USR-11085,Control,0,0.0,94.3,0,0,0
USR-11086,Treatment,0,0.0,110.6,0,0,0
USR-11087,Control,0,0.0,18.2,0,1,0
USR-11088,Treatment,0,0.0,14.0,0,1,0
USR-11089,Control,0,0.0,15.3,0,1,0
USR-11090,Treatment,0,0.0,16.1,0,1,0
USR-11091,Treatment,0,0.0,111.3,0,0,0
USR-11092,Treatment,0,0.0,15.4,0,1,0
USR-11093,Treatment,0,0.0,176.8,0,0,0
USR-11094,Control,1,82.55,182.6,1,0,0
USR-11095,Control,0,0.0,96.4,0,0,0
USR-11096,Control,0,0.0,14.4,0,1,0
USR-11097,Control,0,0.0,127.0,0,0,0
USR-11098,Treatment,0,0.0,105.8,0,0,0
USR-11099,Control,0,0.0,48.5,0,0,0
USR-11100,Control,0,0.0,138.4,0,0,0
USR-11101,Treatment,0,0.0,22.0,0,1,0
USR-11102,Treatment,0,0.0,98.0,0,0,0
USR-11103,Treatment,0,0.0,10.8,0,1,0
USR-11104,Treatment,0,0.0,130.4,0,0,0
USR-11105,Control,0,0.0,8.4,0,1,0
USR-11106,Control,0,0.0,107.0,0,0,0
USR-11107,Treatment,0,0.0,121.4,0,0,0
USR-11108,Treatment,1,44.62,336.7,1,0,0
USR-11109,Control,0,0.0,98.3,0,0,0
USR-11110,Treatment,0,0.0,7.4,0,1,0
USR-11111,Control,0,0.0,149.9,0,0,0
USR-11112,Control,0,0.0,11.3,0,1,0
USR-11113,Treatment,0,0.0,90.7,0,0,0
USR-11114,Treatment,0,0.0,24.1,0,1,0
USR-11115,Treatment,1,123.66,235.3,2,0,0
USR-11116,Control,0,0.0,20.8,0,1,0
USR-11117,Treatment,0,0.0,97.2,0,0,0
USR-11118,Control,0,0.0,8.3,0,1,0
USR-11119,Control,0,0.0,117.0,0,0,0
USR-11120,Treatment,0,0.0,96.3,0,0,0
USR-11121,Treatment,0,0.0,18.6,0,1,0
USR-11122,Treatment,0,0.0,108.9,0,0,0
USR-11123,Treatment,0,0.0,103.4,0,0,0
USR-11124,Treatment,0,0.0,144.8,0,0,0
USR-11125,Treatment,0,0.0,99.0,0,0,0
USR-11126,Control,0,0.0,108.5,0,0,0
USR-11127,Control,0,0.0,20.2,0,1,0
USR-11128,Control,0,0.0,154.2,0,0,0
USR-11129,Control,0,0.0,21.1,0,1,0
USR-11130,Treatment,0,0.0,13.1,0,1,0
USR-11131,Control,0,0.0,18.9,0,1,0
USR-11132,Control,1,24.47,200.1,1,0,0
USR-11133,Control,0,0.0,6.7,0,1,0
USR-11134,Treatment,0,0.0,10.0,0,1,0
USR-11135,Control,0,0.0,20.2,0,1,0
USR-11136,Treatment,0,0.0,24.3,0,1,0
USR-11137,Control,0,0.0,21.2,0,1,0
USR-11138,Control,0,0.0,109.1,0,0,0
USR-11139,Treatment,0,0.0,130.7,0,0,0
USR-11140,Treatment,0,0.0,94.7,0,0,0
USR-11141,Control,0,0.0,98.8,0,0,0
USR-11142,Treatment,0,0.0,69.6,0,0,0
USR-11143,Treatment,0,0.0,131.5,0,0,0
USR-11144,Control,0,0.0,93.7,0,0,0
USR-11145,Treatment,1,32.67,195.4,1,0,0
USR-11146,Treatment,0,0.0,131.5,0,0,0
USR-11147,Treatment,0,0.0,127.4,0,0,0
USR-11148,Treatment,1,31.22,277.8,1,0,0
USR-11149,Treatment,0,0.0,7.6,0,1,0
USR-11150,Treatment,0,0.0,118.2,0,0,0
USR-11151,Treatment,0,0.0,127.0,0,0,0
USR-11152,Treatment,0,0.0,92.8,0,0,0
USR-11153,Treatment,0,0.0,122.4,0,0,0
USR-11154,Treatment,0,0.0,116.3,0,0,0
USR-11155,Treatment,0,0.0,117.1,0,0,0
USR-11156,Control,0,0.0,141.9,0,0,0
USR-11157,Treatment,0,0.0,125.3,0,0,0
USR-11158,Treatment,0,0.0,10.1,0,1,0
USR-11159,Control,0,0.0,127.7,0,0,0
USR-11160,Treatment,0,0.0,140.3,0,0,0
USR-11161,Control,0,0.0,119.5,0,0,0
USR-11162,Control,0,0.0,120.5,0,0,0
USR-11163,Treatment,0,0.0,119.0,0,0,0
USR-11164,Control,0,0.0,118.7,0,0,0
USR-11165,Treatment,0,0.0,109.9,0,0,0
USR-11166,Treatment,0,0.0,20.3,0,1,0
USR-11167,Treatment,0,0.0,117.7,0,0,0
USR-11168,Control,0,0.0,7.5,0,1,0
USR-11169,Control,1,62.51,273.9,1,0,0
USR-11170,Treatment,0,0.0,97.4,0,0,0
USR-11171,Treatment,0,0.0,5.7,0,1,0
USR-11172,Treatment,0,0.0,143.3,0,0,0
USR-11173,Control,0,0.0,21.1,0,1,0
USR-11174,Treatment,0,0.0,13.9,0,1,0
USR-11175,Treatment,0,0.0,120.9,0,0,0
USR-11176,Treatment,0,0.0,75.6,0,0,0
USR-11177,Control,0,0.0,117.2,0,0,0
USR-11178,Treatment,0,0.0,138.7,0,0,0
USR-11179,Treatment,0,0.0,17.3,0,1,0
USR-11180,Treatment,0,0.0,20.3,0,1,0
USR-11181,Control,0,0.0,8.0,0,1,0
USR-11182,Treatment,0,0.0,106.5,0,0,0
USR-11183,Treatment,0,0.0,148.2,0,0,0
USR-11184,Control,0,0.0,20.1,0,1,0
USR-11185,Treatment,1,29.33,252.2,2,0,0
USR-11186,Treatment,0,0.0,92.6,0,0,0
USR-11187,Control,0,0.0,5.7,0,1,0
USR-11188,Control,0,0.0,24.3,0,1,0
USR-11189,Treatment,0,0.0,15.4,0,1,0
USR-11190,Control,0,0.0,121.0,0,0,0
USR-11191,Treatment,0,0.0,122.3,0,0,0
USR-11192,Control,0,0.0,83.7,0,0,0
USR-11193,Treatment,1,28.7,267.4,1,0,0
USR-11194,Control,0,0.0,13.5,0,1,0
USR-11195,Treatment,0,0.0,92.7,0,0,0
USR-11196,Treatment,0,0.0,6.5,0,1,0
USR-11197,Treatment,0,0.0,14.7,0,1,0
USR-11198,Treatment,0,0.0,12.8,0,1,0
USR-11199,Control,0,0.0,103.7,0,0,0
USR-11200,Treatment,0,0.0,125.6,0,0,0
USR-11201,Control,0,0.0,5.4,0,1,0
USR-11202,Control,1,34.56,276.7,1,0,0
USR-11203,Control,0,0.0,149.3,0,0,0
USR-11204,Control,0,0.0,72.1,0,0,0
USR-11205,Treatment,0,0.0,116.0,0,0,0
USR-11206,Treatment,0,0.0,115.8,0,0,0
USR-11207,Control,0,0.0,129.8,0,0,0
USR-11208,Control,0,0.0,35.0,0,0,0
USR-11209,Treatment,0,0.0,6.5,0,1,0
USR-11210,Control,0,0.0,74.7,0,0,0
USR-11211,Control,0,0.0,156.9,0,0,0
USR-11212,Control,0,0.0,14.8,0,1,0
USR-11213,Treatment,0,0.0,115.5,0,0,0
USR-11214,Treatment,0,0.0,22.6,0,1,0
USR-11215,Control,1,56.72,213.1,1,0,0
USR-11216,Control,0,0.0,128.5,0,0,0
USR-11217,Treatment,0,0.0,151.6,0,0,0
USR-11218,Treatment,0,0.0,167.2,0,0,0
USR-11219,Control,0,0.0,91.9,0,0,0
USR-11220,Treatment,0,0.0,10.6,0,1,0
USR-11221,Control,0,0.0,93.5,0,0,0
USR-11222,Control,1,54.5,236.6,1,0,0
USR-11223,Treatment,0,0.0,124.4,0,0,0
USR-11224,Control,0,0.0,128.7,0,0,0
USR-11225,Treatment,0,0.0,10.9,0,1,0
USR-11226,Control,0,0.0,120.9,0,0,0
USR-11227,Control,0,0.0,144.9,0,0,0
USR-11228,Treatment,0,0.0,98.9,0,0,0
USR-11229,Control,1,41.17,187.6,1,0,0
USR-11230,Treatment,0,0.0,19.6,0,1,0
USR-11231,Control,0,0.0,154.1,0,0,0
USR-11232,Control,0,0.0,107.8,0,0,0
USR-11233,Control,0,0.0,97.7,0,0,0
USR-11234,Treatment,0,0.0,102.9,0,0,0
USR-11235,Control,0,0.0,104.9,0,0,0
USR-11236,Treatment,0,0.0,15.7,0,1,0
USR-11237,Control,0,0.0,152.5,0,0,0
USR-11238,Treatment,0,0.0,151.2,0,0,0
USR-11239,Control,0,0.0,22.5,0,1,0
USR-11240,Treatment,0,0.0,134.8,0,0,0
USR-11241,Treatment,0,0.0,130.3,0,0,0
USR-11242,Treatment,0,0.0,104.1,0,0,0
USR-11243,Treatment,0,0.0,120.4,0,0,0
USR-11244,Treatment,0,0.0,8.4,0,1,0
USR-11245,Treatment,0,0.0,5.6,0,1,0
USR-11246,Control,0,0.0,23.6,0,1,0
USR-11247,Control,0,0.0,87.4,0,0,0
USR-11248,Treatment,0,0.0,119.6,0,0,0
USR-11249,Treatment,0,0.0,11.9,0,1,0
USR-11250,Treatment,0,0.0,129.5,0,0,0
USR-11251,Control,0,0.0,13.4,0,1,0
USR-11252,Control,0,0.0,108.7,0,0,0
USR-11253,Control,0,0.0,133.5,0,0,0
USR-11254,Treatment,0,0.0,142.7,0,0,0
USR-11255,Control,0,0.0,21.2,0,1,0
USR-11256,Control,0,0.0,14.2,0,1,0
USR-11257,Control,0,0.0,5.5,0,1,0
USR-11258,Control,0,0.0,10.5,0,1,0
USR-11259,Treatment,0,0.0,100.8,0,0,0
USR-11260,Control,0,0.0,24.7,0,1,0
USR-11261,Treatment,0,0.0,95.4,0,0,0
USR-11262,Control,0,0.0,102.2,0,0,0
USR-11263,Control,0,0.0,110.3,0,0,0
USR-11264,Control,0,0.0,9.1,0,1,0
USR-11265,Control,0,0.0,24.5,0,1,0
USR-11266,Control,0,0.0,70.6,0,0,0
USR-11267,Control,0,0.0,22.0,0,1,0
USR-11268,Treatment,0,0.0,7.0,0,1,0
USR-11269,Control,0,0.0,13.5,0,1,0
USR-11270,Treatment,1,45.5,257.1,1,0,0
USR-11271,Treatment,0,0.0,11.0,0,1,0
USR-11272,Treatment,1,75.44,254.1,1,0,0
USR-11273,Control,0,0.0,19.6,0,1,0
USR-11274,Control,0,0.0,6.2,0,1,0
USR-11275,Control,0,0.0,85.9,0,0,0
USR-11276,Control,0,0.0,96.2,0,0,0
USR-11277,Treatment,0,0.0,83.1,0,0,0
USR-11278,Control,0,0.0,119.5,0,0,0
USR-11279,Control,0,0.0,18.8,0,1,0
USR-11280,Treatment,0,0.0,156.0,0,0,0
USR-11281,Treatment,0,0.0,126.3,0,0,0
USR-11282,Treatment,0,0.0,5.3,0,1,0
USR-11283,Control,0,0.0,124.7,0,0,0
USR-11284,Control,0,0.0,21.3,0,1,0
USR-11285,Treatment,0,0.0,90.8,0,0,0
USR-11286,Control,0,0.0,124.4,0,0,0
USR-11287,Control,0,0.0,82.0,0,0,0
USR-11288,Control,0,0.0,122.1,0,0,0
USR-11289,Control,0,0.0,159.3,0,0,0
USR-11290,Control,0,0.0,19.4,0,1,0
USR-11291,Control,0,0.0,76.4,0,0,0
USR-11292,Treatment,0,0.0,150.3,0,0,0
USR-11293,Treatment,1,204.08,180.3,2,0,0
USR-11294,Treatment,0,0.0,78.1,0,0,0
USR-11295,Control,0,0.0,86.4,0,0,0
USR-11296,Control,1,27.77,151.7,1,0,0
USR-11297,Control,0,0.0,24.7,0,1,0
USR-11298,Treatment,0,0.0,100.8,0,0,0
USR-11299,Treatment,0,0.0,87.7,0,0,0
USR-11300,Control,0,0.0,100.0,0,0,0
USR-11301,Treatment,0,0.0,124.0,0,0,0
USR-11302,Control,0,0.0,21.9,0,1,0
USR-11303,Treatment,1,87.62,300.8,2,0,0
USR-11304,Treatment,0,0.0,20.4,0,1,0
USR-11305,Treatment,1,107.32,277.1,2,0,0
USR-11306,Treatment,0,0.0,21.5,0,1,0
USR-11307,Treatment,0,0.0,11.1,0,1,0
USR-11308,Control,0,0.0,16.7,0,1,0
USR-11309,Treatment,0,0.0,135.7,0,0,0
USR-11310,Control,0,0.0,21.3,0,1,0
USR-11311,Treatment,0,0.0,117.2,0,0,0
USR-11312,Treatment,0,0.0,5.6,0,1,0
USR-11313,Treatment,0,0.0,184.4,0,0,0
USR-11314,Control,0,0.0,95.6,0,0,0
USR-11315,Treatment,0,0.0,115.9,0,0,0
USR-11316,Treatment,0,0.0,156.5,0,0,0
USR-11317,Treatment,0,0.0,122.6,0,0,0
USR-11318,Control,0,0.0,19.7,0,1,0
USR-11319,Control,0,0.0,8.9,0,1,0
USR-11320,Control,1,32.91,253.2,1,0,0
USR-11321,Control,0,0.0,5.8,0,1,0
USR-11322,Treatment,0,0.0,108.2,0,0,0
USR-11323,Control,0,0.0,129.5,0,0,0
USR-11324,Treatment,0,0.0,92.1,0,0,0
USR-11325,Control,0,0.0,12.0,0,1,0
USR-11326,Control,0,0.0,14.9,0,1,0
USR-11327,Treatment,0,0.0,22.7,0,1,0
USR-11328,Treatment,0,0.0,61.1,0,0,0
USR-11329,Control,1,26.24,217.6,1,0,0
USR-11330,Treatment,0,0.0,24.4,0,1,0
USR-11331,Treatment,0,0.0,76.5,0,0,0
USR-11332,Control,0,0.0,77.4,0,0,0
USR-11333,Treatment,0,0.0,24.9,0,1,0
USR-11334,Treatment,0,0.0,12.8,0,1,0
USR-11335,Treatment,0,0.0,24.5,0,1,0
USR-11336,Control,0,0.0,113.6,0,0,0
USR-11337,Treatment,0,0.0,90.9,0,0,0
USR-11338,Control,0,0.0,90.8,0,0,0
USR-11339,Control,0,0.0,9.4,0,1,0
USR-11340,Control,0,0.0,12.8,0,1,0
USR-11341,Control,0,0.0,77.6,0,0,0
USR-11342,Treatment,0,0.0,127.1,0,0,0
USR-11343,Treatment,0,0.0,122.5,0,0,0
USR-11344,Treatment,0,0.0,105.9,0,0,0
USR-11345,Control,0,0.0,23.7,0,1,0
USR-11346,Control,0,0.0,135.2,0,0,0
USR-11347,Control,0,0.0,109.4,0,0,0
USR-11348,Treatment,0,0.0,13.7,0,1,0
USR-11349,Control,0,0.0,22.5,0,1,0
USR-11350,Treatment,0,0.0,76.3,0,0,0
USR-11351,Treatment,0,0.0,147.3,0,0,0
USR-11352,Control,0,0.0,96.2,0,0,0
USR-11353,Treatment,1,89.71,256.9,1,0,0
USR-11354,Control,0,0.0,98.3,0,0,0
USR-11355,Treatment,0,0.0,139.8,0,0,0
USR-11356,Treatment,0,0.0,60.6,0,0,0
USR-11357,Control,0,0.0,16.3,0,1,0
USR-11358,Control,0,0.0,79.0,0,0,0
USR-11359,Treatment,0,0.0,22.0,0,1,0
USR-11360,Treatment,0,0.0,213.6,0,0,0
USR-11361,Control,0,0.0,105.8,0,0,0
USR-11362,Treatment,0,0.0,153.6,0,0,0
USR-11363,Treatment,0,0.0,111.3,0,0,0
USR-11364,Treatment,1,72.54,324.1,2,0,0
USR-11365,Control,0,0.0,97.5,0,0,0
USR-11366,Treatment,0,0.0,15.4,0,1,0
USR-11367,Treatment,0,0.0,142.8,0,0,0
USR-11368,Control,0,0.0,38.5,0,0,0
USR-11369,Control,0,0.0,77.0,0,0,0
USR-11370,Treatment,1,30.99,268.1,1,0,0
USR-11371,Control,1,63.04,367.5,2,0,0
USR-11372,Treatment,0,0.0,12.9,0,1,0
USR-11373,Control,1,38.13,230.5,1,0,0
USR-11374,Control,0,0.0,20.6,0,1,0
USR-11375,Treatment,0,0.0,90.9,0,0,0
USR-11376,Control,0,0.0,19.0,0,1,0
USR-11377,Treatment,0,0.0,10.0,0,1,0
USR-11378,Control,0,0.0,14.9,0,1,0
USR-11379,Treatment,0,0.0,161.1,0,0,0
USR-11380,Control,0,0.0,14.3,0,1,0
USR-11381,Control,0,0.0,136.8,0,0,0
USR-11382,Treatment,0,0.0,20.6,0,1,0
USR-11383,Control,0,0.0,17.1,0,1,0
USR-11384,Treatment,0,0.0,76.7,0,0,0
USR-11385,Control,0,0.0,17.8,0,1,0
USR-11386,Treatment,0,0.0,20.2,0,1,0
USR-11387,Control,0,0.0,11.7,0,1,0
USR-11388,Treatment,0,0.0,120.6,0,0,0
USR-11389,Control,0,0.0,148.9,0,0,0
USR-11390,Control,0,0.0,14.5,0,1,0
USR-11391,Control,0,0.0,18.7,0,1,0
USR-11392,Control,0,0.0,21.8,0,1,0
USR-11393,Treatment,0,0.0,81.4,0,0,0
USR-11394,Control,0,0.0,113.3,0,0,0
USR-11395,Treatment,0,0.0,12.8,0,1,0
USR-11396,Control,0,0.0,7.2,0,1,0
USR-11397,Control,0,0.0,94.7,0,0,0
USR-11398,Treatment,0,0.0,157.8,0,0,0
USR-11399,Treatment,0,0.0,7.2,0,1,0
USR-11400,Control,0,0.0,146.5,0,0,0
USR-11401,Control,1,32.34,220.4,1,0,0
USR-11402,Control,0,0.0,123.9,0,0,0
USR-11403,Treatment,0,0.0,77.5,0,0,0
USR-11404,Treatment,0,0.0,5.2,0,1,0
USR-11405,Control,0,0.0,95.2,0,0,0
USR-11406,Treatment,0,0.0,65.9,0,0,0
USR-11407,Treatment,0,0.0,190.7,0,0,0
USR-11408,Treatment,0,0.0,59.3,0,0,0
USR-11409,Treatment,0,0.0,129.6,0,0,0
USR-11410,Control,0,0.0,8.8,0,1,0
USR-11411,Control,0,0.0,6.9,0,1,0
USR-11412,Control,0,0.0,129.9,0,0,0
USR-11413,Control,0,0.0,24.4,0,1,0
USR-11414,Treatment,0,0.0,193.1,0,0,0
USR-11415,Treatment,0,0.0,139.1,0,0,0
USR-11416,Control,0,0.0,13.5,0,1,0
USR-11417,Control,0,0.0,101.2,0,0,0
USR-11418,Control,0,0.0,87.8,0,0,0
USR-11419,Treatment,0,0.0,96.2,0,0,0
USR-11420,Control,0,0.0,15.3,0,1,0
USR-11421,Treatment,0,0.0,5.5,0,1,0
USR-11422,Control,0,0.0,5.3,0,1,0
USR-11423,Control,0,0.0,12.1,0,1,0
USR-11424,Treatment,0,0.0,9.0,0,1,0
USR-11425,Treatment,0,0.0,22.4,0,1,0
USR-11426,Control,0,0.0,125.3,0,0,0
USR-11427,Treatment,0,0.0,136.5,0,0,0
USR-11428,Treatment,0,0.0,22.9,0,1,0
USR-11429,Treatment,1,46.43,354.7,2,0,0
USR-11430,Control,0,0.0,46.3,0,0,0
USR-11431,Treatment,0,0.0,9.2,0,1,0
USR-11432,Control,0,0.0,89.3,0,0,0
USR-11433,Treatment,0,0.0,62.2,0,0,0
USR-11434,Control,0,0.0,24.4,0,1,0
USR-11435,Control,0,0.0,124.5,0,0,0
USR-11436,Control,0,0.0,70.2,0,0,0
USR-11437,Treatment,0,0.0,178.2,0,0,0
USR-11438,Control,0,0.0,76.9,0,0,0
USR-11439,Treatment,0,0.0,86.3,0,0,0
USR-11440,Treatment,0,0.0,17.6,0,1,0
USR-11441,Control,0,0.0,151.3,0,0,0
USR-11442,Treatment,0,0.0,13.7,0,1,0
USR-11443,Control,0,0.0,8.5,0,1,0
USR-11444,Treatment,0,0.0,117.5,0,0,0
USR-11445,Control,0,0.0,150.3,0,0,0
USR-11446,Treatment,0,0.0,125.7,0,0,0
USR-11447,Treatment,1,74.76,244.6,1,0,0
USR-11448,Treatment,0,0.0,148.8,0,0,0
USR-11449,Treatment,0,0.0,16.8,0,1,0
USR-11450,Control,0,0.0,107.0,0,0,0
USR-11451,Treatment,0,0.0,148.2,0,0,0
USR-11452,Treatment,0,0.0,13.3,0,1,0
USR-11453,Treatment,0,0.0,142.2,0,0,0
USR-11454,Control,0,0.0,153.0,0,0,0
USR-11455,Treatment,0,0.0,94.1,0,0,0
USR-11456,Treatment,0,0.0,18.7,0,1,0
USR-11457,Treatment,0,0.0,9.0,0,1,0
USR-11458,Control,0,0.0,138.1,0,0,0
USR-11459,Treatment,0,0.0,109.2,0,0,0
USR-11460,Control,0,0.0,18.7,0,1,0
USR-11461,Treatment,0,0.0,117.0,0,0,0
USR-11462,Control,0,0.0,87.3,0,0,0
USR-11463,Treatment,0,0.0,134.8,0,0,0
USR-11464,Treatment,0,0.0,87.9,0,0,0
USR-11465,Control,0,0.0,106.8,0,0,0
USR-11466,Treatment,0,0.0,17.1,0,1,0
USR-11467,Control,0,0.0,104.4,0,0,0
USR-11468,Treatment,0,0.0,117.9,0,0,0
USR-11469,Treatment,0,0.0,23.4,0,1,0
USR-11470,Treatment,0,0.0,166.8,0,0,0
USR-11471,Treatment,0,0.0,14.2,0,1,0
USR-11472,Treatment,0,0.0,115.2,0,0,0
USR-11473,Control,0,0.0,77.5,0,0,0
USR-11474,Control,0,0.0,20.5,0,1,0
USR-11475,Treatment,0,0.0,112.3,0,0,0
USR-11476,Treatment,0,0.0,163.3,0,0,0
USR-11477,Treatment,0,0.0,63.0,0,0,0
USR-11478,Treatment,0,0.0,51.1,0,0,0
USR-11479,Control,0,0.0,11.6,0,1,0
USR-11480,Treatment,0,0.0,22.8,0,1,0
USR-11481,Control,0,0.0,12.8,0,1,0
USR-11482,Treatment,0,0.0,22.6,0,1,0
USR-11483,Control,0,0.0,99.2,0,0,0
USR-11484,Control,0,0.0,153.7,0,0,0
USR-11485,Control,0,0.0,14.9,0,1,0
USR-11486,Control,0,0.0,112.2,0,0,0
USR-11487,Treatment,0,0.0,98.1,0,0,0
USR-11488,Control,0,0.0,10.2,0,1,0
USR-11489,Control,0,0.0,12.5,0,1,0
USR-11490,Control,0,0.0,129.4,0,0,0
USR-11491,Control,0,0.0,23.8,0,1,0
USR-11492,Control,0,0.0,131.1,0,0,0
USR-11493,Control,0,0.0,18.0,0,1,0
USR-11494,Treatment,0,0.0,81.5,0,0,0
USR-11495,Treatment,0,0.0,16.3,0,1,0
USR-11496,Treatment,0,0.0,139.7,0,0,0
USR-11497,Control,0,0.0,115.2,0,0,0
USR-11498,Control,0,0.0,195.4,0,0,0
USR-11499,Treatment,0,0.0,14.4,0,1,0
USR-11500,Treatment,0,0.0,15.2,0,1,0
USR-11501,Control,0,0.0,76.5,0,0,0
USR-11502,Control,0,0.0,137.7,0,0,0
USR-11503,Control,0,0.0,99.2,0,0,0
USR-11504,Control,0,0.0,131.0,0,0,0
USR-11505,Control,0,0.0,24.0,0,1,0
USR-11506,Treatment,0,0.0,17.2,0,1,0
USR-11507,Treatment,0,0.0,147.8,0,0,0
USR-11508,Treatment,0,0.0,112.5,0,0,0
USR-11509,Treatment,0,0.0,155.7,0,0,0
USR-11510,Treatment,0,0.0,141.6,0,0,0
USR-11511,Treatment,0,0.0,147.9,0,0,0
USR-11512,Treatment,0,0.0,114.6,0,0,0
USR-11513,Control,0,0.0,91.4,0,0,0
USR-11514,Control,0,0.0,122.6,0,0,0
USR-11515,Control,0,0.0,99.1,0,0,0
USR-11516,Treatment,0,0.0,107.9,0,0,0
USR-11517,Treatment,0,0.0,131.6,0,0,0
USR-11518,Control,0,0.0,15.5,0,1,0
USR-11519,Treatment,0,0.0,75.1,0,0,0
USR-11520,Control,0,0.0,99.2,0,0,0
USR-11521,Treatment,0,0.0,175.9,0,0,0
USR-11522,Control,0,0.0,100.1,0,0,0
USR-11523,Control,0,0.0,118.4,0,0,0
USR-11524,Control,0,0.0,14.1,0,1,0
USR-11525,Control,0,0.0,14.8,0,1,0
USR-11526,Control,0,0.0,89.3,0,0,0
USR-11527,Control,0,0.0,108.4,0,0,0
USR-11528,Treatment,0,0.0,6.4,0,1,0
USR-11529,Treatment,0,0.0,127.7,0,0,0
USR-11530,Control,0,0.0,5.2,0,1,0
USR-11531,Treatment,0,0.0,18.4,0,1,0
USR-11532,Treatment,0,0.0,98.1,0,0,0
USR-11533,Control,0,0.0,110.5,0,0,0
USR-11534,Control,0,0.0,93.7,0,0,0
USR-11535,Control,0,0.0,14.4,0,1,0
USR-11536,Control,0,0.0,98.7,0,0,0
USR-11537,Treatment,0,0.0,122.8,0,0,0
USR-11538,Control,0,0.0,19.2,0,1,0
USR-11539,Treatment,1,96.03,228.6,1,0,1
USR-11540,Treatment,0,0.0,23.8,0,1,0
USR-11541,Control,0,0.0,22.0,0,1,0
USR-11542,Treatment,1,110.83,262.0,1,0,0
USR-11543,Control,0,0.0,89.7,0,0,0
USR-11544,Treatment,0,0.0,57.2,0,0,0
USR-11545,Control,0,0.0,120.6,0,0,0
USR-11546,Treatment,0,0.0,75.6,0,0,0
USR-11547,Treatment,0,0.0,11.1,0,1,0
USR-11548,Control,1,26.02,195.4,1,0,0
USR-11549,Treatment,0,0.0,130.7,0,0,0
USR-11550,Treatment,0,0.0,96.5,0,0,0
USR-11551,Treatment,0,0.0,70.2,0,0,0
USR-11552,Treatment,0,0.0,6.5,0,1,0
USR-11553,Treatment,0,0.0,116.7,0,0,0
USR-11554,Control,0,0.0,116.1,0,0,0
USR-11555,Control,0,0.0,67.7,0,0,0
USR-11556,Treatment,0,0.0,39.3,0,0,0
USR-11557,Control,0,0.0,7.7,0,1,0
USR-11558,Treatment,0,0.0,15.7,0,1,0
USR-11559,Treatment,0,0.0,106.0,0,0,0
USR-11560,Control,0,0.0,94.3,0,0,0
USR-11561,Control,0,0.0,24.9,0,1,0
USR-11562,Treatment,1,23.27,306.3,1,0,0
USR-11563,Control,0,0.0,23.3,0,1,0
USR-11564,Treatment,0,0.0,100.9,0,0,0
USR-11565,Control,0,0.0,62.7,0,0,0
USR-11566,Treatment,0,0.0,15.9,0,1,0
USR-11567,Control,0,0.0,8.1,0,1,0
USR-11568,Treatment,0,0.0,10.2,0,1,0
USR-11569,Control,0,0.0,169.9,0,0,0
USR-11570,Treatment,0,0.0,133.6,0,0,0
USR-11571,Control,0,0.0,20.7,0,1,0
USR-11572,Treatment,0,0.0,17.8,0,1,0
USR-11573,Treatment,0,0.0,16.5,0,1,0
USR-11574,Control,0,0.0,11.0,0,1,0
USR-11575,Control,0,0.0,9.7,0,1,0
USR-11576,Control,0,0.0,88.2,0,0,0
USR-11577,Treatment,0,0.0,94.8,0,0,0
USR-11578,Treatment,0,0.0,155.8,0,0,0
USR-11579,Treatment,0,0.0,165.4,0,0,0
USR-11580,Control,0,0.0,22.8,0,1,0
USR-11581,Control,0,0.0,12.0,0,1,0
USR-11582,Treatment,0,0.0,18.8,0,1,0
USR-11583,Control,0,0.0,23.0,0,1,0
USR-11584,Treatment,0,0.0,12.8,0,1,0
USR-11585,Control,1,15.57,214.0,1,0,0
USR-11586,Treatment,0,0.0,75.2,0,0,0
USR-11587,Control,0,0.0,6.4,0,1,0
USR-11588,Control,1,52.25,224.8,1,0,0
USR-11589,Treatment,0,0.0,16.7,0,1,0
USR-11590,Treatment,0,0.0,6.0,0,1,0
USR-11591,Treatment,0,0.0,176.1,0,0,0
USR-11592,Control,0,0.0,14.8,0,1,0
USR-11593,Control,0,0.0,16.7,0,1,0
USR-11594,Treatment,0,0.0,137.6,0,0,0
USR-11595,Treatment,0,0.0,108.2,0,0,0
USR-11596,Control,0,0.0,12.9,0,1,0
USR-11597,Control,0,0.0,58.1,0,0,0
USR-11598,Control,0,0.0,12.9,0,1,0
USR-11599,Treatment,0,0.0,181.6,0,0,0
USR-11600,Control,0,0.0,104.8,0,0,0
USR-11601,Control,0,0.0,23.5,0,1,0
USR-11602,Control,0,0.0,105.5,0,0,0
USR-11603,Control,0,0.0,143.4,0,0,0
USR-11604,Control,0,0.0,18.6,0,1,0
USR-11605,Treatment,0,0.0,144.1,0,0,0
USR-11606,Control,0,0.0,9.0,0,1,0
USR-11607,Treatment,0,0.0,128.3,0,0,0
USR-11608,Control,0,0.0,23.8,0,1,0
USR-11609,Treatment,0,0.0,108.3,0,0,0
USR-11610,Treatment,0,0.0,65.6,0,0,0
USR-11611,Treatment,0,0.0,57.5,0,0,0
USR-11612,Treatment,0,0.0,84.1,0,0,0
USR-11613,Control,0,0.0,8.1,0,1,0
USR-11614,Control,0,0.0,108.7,0,0,0
USR-11615,Treatment,0,0.0,117.2,0,0,0
USR-11616,Treatment,0,0.0,126.0,0,0,0
USR-11617,Treatment,0,0.0,163.1,0,0,0
USR-11618,Treatment,0,0.0,8.0,0,1,0
USR-11619,Treatment,0,0.0,73.8,0,0,0
USR-11620,Control,0,0.0,76.6,0,0,0
USR-11621,Control,0,0.0,16.3,0,1,0
USR-11622,Treatment,0,0.0,102.5,0,0,0
USR-11623,Treatment,0,0.0,16.9,0,1,0
USR-11624,Control,0,0.0,131.2,0,0,0
USR-11625,Treatment,0,0.0,5.7,0,1,0
USR-11626,Control,0,0.0,107.7,0,0,0
USR-11627,Treatment,0,0.0,117.4,0,0,0
USR-11628,Control,0,0.0,52.0,0,0,0
USR-11629,Control,0,0.0,100.1,0,0,0
USR-11630,Treatment,0,0.0,115.0,0,0,0
USR-11631,Control,0,0.0,119.1,0,0,0
USR-11632,Treatment,0,0.0,130.4,0,0,0
USR-11633,Treatment,0,0.0,12.4,0,1,0
USR-11634,Treatment,0,0.0,17.8,0,1,0
USR-11635,Control,0,0.0,19.8,0,1,0
USR-11636,Control,0,0.0,167.7,0,0,0
USR-11637,Control,0,0.0,6.4,0,1,0
USR-11638,Treatment,0,0.0,124.9,0,0,0
USR-11639,Treatment,1,95.15,201.1,1,0,0
USR-11640,Treatment,0,0.0,21.3,0,1,0
USR-11641,Treatment,0,0.0,129.4,0,0,0
USR-11642,Treatment,0,0.0,15.0,0,1,0
USR-11643,Treatment,0,0.0,63.7,0,0,0
USR-11644,Control,0,0.0,66.9,0,0,0
USR-11645,Treatment,0,0.0,84.3,0,0,0
USR-11646,Control,0,0.0,21.9,0,1,0
USR-11647,Treatment,0,0.0,157.7,0,0,0
USR-11648,Treatment,0,0.0,144.0,0,0,0
USR-11649,Treatment,0,0.0,14.3,0,1,0
USR-11650,Control,0,0.0,88.3,0,0,0
USR-11651,Control,0,0.0,113.6,0,0,0
USR-11652,Control,0,0.0,19.2,0,1,0
USR-11653,Control,0,0.0,145.7,0,0,0
USR-11654,Control,0,0.0,23.2,0,1,0
USR-11655,Treatment,0,0.0,106.4,0,0,0
USR-11656,Treatment,0,0.0,131.0,0,0,0
USR-11657,Control,0,0.0,103.9,0,0,0
USR-11658,Control,0,0.0,18.4,0,1,0
USR-11659,Control,0,0.0,107.3,0,0,0
USR-11660,Treatment,0,0.0,14.8,0,1,0
USR-11661,Treatment,0,0.0,109.5,0,0,0
USR-11662,Treatment,0,0.0,22.9,0,1,0
USR-11663,Control,0,0.0,15.5,0,1,0
USR-11664,Treatment,0,0.0,9.3,0,1,0
USR-11665,Treatment,0,0.0,99.2,0,0,0
USR-11666,Control,0,0.0,105.2,0,0,0
USR-11667,Treatment,0,0.0,79.3,0,0,0
USR-11668,Control,0,0.0,118.2,0,0,0
USR-11669,Treatment,0,0.0,20.9,0,1,0
USR-11670,Control,0,0.0,13.0,0,1,0
USR-11671,Treatment,0,0.0,78.9,0,0,0
USR-11672,Treatment,0,0.0,101.1,0,0,0
USR-11673,Treatment,0,0.0,75.9,0,0,0
USR-11674,Treatment,0,0.0,144.3,0,0,0
USR-11675,Control,0,0.0,148.1,0,0,0
USR-11676,Control,0,0.0,19.9,0,1,0
USR-11677,Control,0,0.0,112.6,0,0,0
USR-11678,Control,0,0.0,123.0,0,0,0
USR-11679,Treatment,0,0.0,18.7,0,1,0
USR-11680,Control,0,0.0,159.1,0,0,0
USR-11681,Treatment,0,0.0,128.2,0,0,0
USR-11682,Treatment,0,0.0,169.8,0,0,0
USR-11683,Treatment,1,53.94,312.6,1,0,0
USR-11684,Control,0,0.0,102.6,0,0,0
USR-11685,Treatment,0,0.0,109.8,0,0,0
USR-11686,Treatment,0,0.0,18.6,0,1,0
USR-11687,Control,0,0.0,81.8,0,0,0
USR-11688,Treatment,0,0.0,130.2,0,0,0
USR-11689,Treatment,0,0.0,135.1,0,0,0
USR-11690,Control,0,0.0,124.7,0,0,0
USR-11691,Treatment,0,0.0,129.2,0,0,0
USR-11692,Control,0,0.0,88.2,0,0,0
USR-11693,Control,0,0.0,133.0,0,0,0
USR-11694,Control,0,0.0,9.9,0,1,0
USR-11695,Control,0,0.0,109.2,0,0,0
USR-11696,Control,0,0.0,21.4,0,1,0
USR-11697,Control,0,0.0,80.2,0,0,0
USR-11698,Treatment,0,0.0,161.2,0,0,0
USR-11699,Treatment,0,0.0,23.2,0,1,0
USR-11700,Treatment,0,0.0,144.1,0,0,0
USR-11701,Control,0,0.0,11.4,0,1,0
USR-11702,Control,0,0.0,132.2,0,0,0
USR-11703,Treatment,0,0.0,135.1,0,0,0
USR-11704,Control,0,0.0,8.5,0,1,0
USR-11705,Control,0,0.0,103.0,0,0,0
USR-11706,Treatment,0,0.0,19.2,0,1,0
USR-11707,Control,0,0.0,96.5,0,0,0
USR-11708,Treatment,0,0.0,103.1,0,0,0
USR-11709,Treatment,0,0.0,112.7,0,0,0
USR-11710,Control,0,0.0,146.9,0,0,0
USR-11711,Control,0,0.0,7.0,0,1,0
USR-11712,Treatment,0,0.0,181.1,0,0,0
USR-11713,Control,0,0.0,89.2,0,0,0
USR-11714,Control,0,0.0,148.7,0,0,0
USR-11715,Treatment,0,0.0,6.4,0,1,0
USR-11716,Control,0,0.0,163.5,0,0,0
USR-11717,Treatment,0,0.0,110.0,0,0,0
USR-11718,Treatment,0,0.0,23.5,0,1,0
USR-11719,Control,0,0.0,70.1,0,0,0
USR-11720,Control,0,0.0,87.5,0,0,0
USR-11721,Control,0,0.0,123.6,0,0,0
USR-11722,Control,0,0.0,116.9,0,0,0
USR-11723,Control,0,0.0,6.2,0,1,0
USR-11724,Treatment,0,0.0,153.5,0,0,0
USR-11725,Control,0,0.0,104.9,0,0,0
USR-11726,Treatment,0,0.0,18.3,0,1,0
USR-11727,Treatment,0,0.0,128.4,0,0,0
USR-11728,Treatment,0,0.0,61.3,0,0,0
USR-11729,Treatment,0,0.0,17.3,0,1,0
USR-11730,Control,0,0.0,86.7,0,0,0
USR-11731,Treatment,0,0.0,24.6,0,1,0
USR-11732,Treatment,0,0.0,17.9,0,1,0
USR-11733,Control,0,0.0,7.0,0,1,0
USR-11734,Control,0,0.0,102.6,0,0,0
USR-11735,Treatment,0,0.0,13.7,0,1,0
USR-11736,Control,0,0.0,119.6,0,0,0
USR-11737,Control,0,0.0,106.7,0,0,0
USR-11738,Control,0,0.0,8.1,0,1,0
USR-11739,Control,0,0.0,109.5,0,0,0
USR-11740,Treatment,0,0.0,83.2,0,0,0
USR-11741,Treatment,0,0.0,102.5,0,0,0
USR-11742,Treatment,0,0.0,106.4,0,0,0
USR-11743,Control,0,0.0,145.1,0,0,0
USR-11744,Control,0,0.0,139.6,0,0,0
USR-11745,Control,0,0.0,119.3,0,0,0
USR-11746,Control,0,0.0,121.7,0,0,0
USR-11747,Control,0,0.0,61.5,0,0,0
USR-11748,Treatment,0,0.0,11.0,0,1,0
USR-11749,Control,0,0.0,122.2,0,0,0
USR-11750,Treatment,0,0.0,114.7,0,0,0
USR-11751,Control,0,0.0,16.5,0,1,0
USR-11752,Control,0,0.0,138.1,0,0,0
USR-11753,Control,0,0.0,157.8,0,0,0
USR-11754,Treatment,0,0.0,134.2,0,0,0
USR-11755,Treatment,0,0.0,86.4,0,0,0
USR-11756,Treatment,0,0.0,128.6,0,0,0
USR-11757,Control,0,0.0,14.2,0,1,0
USR-11758,Control,0,0.0,64.2,0,0,0
USR-11759,Treatment,0,0.0,131.6,0,0,0
USR-11760,Control,0,0.0,22.5,0,1,0
USR-11761,Treatment,0,0.0,117.8,0,0,0
USR-11762,Control,0,0.0,101.5,0,0,0
USR-11763,Control,0,0.0,50.3,0,0,0
USR-11764,Control,0,0.0,9.1,0,1,0
USR-11765,Control,0,0.0,110.9,0,0,0
USR-11766,Treatment,0,0.0,5.7,0,1,0
USR-11767,Control,0,0.0,16.8,0,1,0
USR-11768,Control,0,0.0,131.1,0,0,0
USR-11769,Control,0,0.0,119.7,0,0,0
USR-11770,Control,0,0.0,84.2,0,0,0
USR-11771,Treatment,0,0.0,93.3,0,0,0
USR-11772,Treatment,0,0.0,95.5,0,0,0
USR-11773,Treatment,0,0.0,20.8,0,1,0
USR-11774,Treatment,0,0.0,13.2,0,1,0
USR-11775,Control,0,0.0,87.3,0,0,0
USR-11776,Treatment,0,0.0,22.8,0,1,0
USR-11777,Control,0,0.0,102.2,0,0,0
USR-11778,Control,0,0.0,108.8,0,0,0
USR-11779,Treatment,0,0.0,103.2,0,0,0
USR-11780,Control,0,0.0,5.5,0,1,0
USR-11781,Treatment,0,0.0,111.6,0,0,0
USR-11782,Control,0,0.0,126.0,0,0,0
USR-11783,Treatment,0,0.0,104.5,0,0,0
USR-11784,Treatment,0,0.0,124.6,0,0,0
USR-11785,Treatment,0,0.0,14.8,0,1,0
USR-11786,Treatment,0,0.0,7.3,0,1,0
USR-11787,Treatment,0,0.0,65.2,0,0,0
USR-11788,Control,0,0.0,20.2,0,1,0
USR-11789,Treatment,0,0.0,117.6,0,0,0
USR-11790,Control,0,0.0,89.5,0,0,0
USR-11791,Treatment,0,0.0,12.2,0,1,0
USR-11792,Treatment,0,0.0,159.0,0,0,0
USR-11793,Treatment,0,0.0,91.1,0,0,0
USR-11794,Control,0,0.0,133.5,0,0,0
USR-11795,Control,0,0.0,8.6,0,1,0
USR-11796,Treatment,0,0.0,22.4,0,1,0
USR-11797,Control,0,0.0,15.5,0,1,0
USR-11798,Control,0,0.0,11.4,0,1,0
USR-11799,Control,0,0.0,123.3,0,0,0
USR-11800,Treatment,0,0.0,117.3,0,0,0
USR-11801,Treatment,0,0.0,129.7,0,0,0
USR-11802,Control,0,0.0,19.9,0,1,0
USR-11803,Control,0,0.0,105.5,0,0,0
USR-11804,Control,0,0.0,64.4,0,0,0
USR-11805,Treatment,0,0.0,83.2,0,0,0
USR-11806,Treatment,1,21.66,273.1,1,0,0
USR-11807,Control,1,135.73,326.8,3,0,0
USR-11808,Control,0,0.0,15.1,0,1,0
USR-11809,Control,0,0.0,10.1,0,1,0
USR-11810,Treatment,0,0.0,111.9,0,0,0
USR-11811,Treatment,0,0.0,13.4,0,1,0
USR-11812,Control,0,0.0,145.9,0,0,0
USR-11813,Control,0,0.0,96.3,0,0,0
USR-11814,Control,0,0.0,5.7,0,1,0
USR-11815,Treatment,0,0.0,134.5,0,0,0
USR-11816,Control,0,0.0,116.4,0,0,0
USR-11817,Treatment,0,0.0,15.5,0,1,0
USR-11818,Treatment,0,0.0,21.8,0,1,0
USR-11819,Control,0,0.0,108.3,0,0,0
USR-11820,Control,0,0.0,104.2,0,0,0
USR-11821,Control,0,0.0,95.4,0,0,0
USR-11822,Treatment,0,0.0,121.5,0,0,0
USR-11823,Treatment,0,0.0,129.7,0,0,0
USR-11824,Treatment,0,0.0,8.5,0,1,0
USR-11825,Treatment,0,0.0,117.3,0,0,0
USR-11826,Control,0,0.0,62.4,0,0,0
USR-11827,Treatment,0,0.0,20.1,0,1,0
USR-11828,Treatment,0,0.0,125.7,0,0,0
USR-11829,Control,0,0.0,23.9,0,1,0
USR-11830,Treatment,0,0.0,88.2,0,0,0
USR-11831,Treatment,0,0.0,14.9,0,1,0
USR-11832,Treatment,0,0.0,162.6,0,0,0
USR-11833,Treatment,0,0.0,5.9,0,1,0
USR-11834,Treatment,0,0.0,94.5,0,0,0
USR-11835,Treatment,0,0.0,5.9,0,1,0
USR-11836,Control,0,0.0,143.3,0,0,0
USR-11837,Control,0,0.0,71.6,0,0,0
USR-11838,Treatment,0,0.0,18.6,0,1,0
USR-11839,Control,0,0.0,79.9,0,0,0
USR-11840,Control,0,0.0,102.0,0,0,0
USR-11841,Control,0,0.0,136.1,0,0,0
USR-11842,Control,0,0.0,23.2,0,1,0
USR-11843,Treatment,0,0.0,35.9,0,0,0
USR-11844,Treatment,0,0.0,7.2,0,1,0
USR-11845,Control,0,0.0,83.3,0,0,0
USR-11846,Control,0,0.0,14.6,0,1,0
USR-11847,Control,0,0.0,18.9,0,1,0
USR-11848,Treatment,0,0.0,24.5,0,1,0
USR-11849,Treatment,0,0.0,136.0,0,0,0
USR-11850,Control,0,0.0,59.7,0,0,0
USR-11851,Treatment,0,0.0,120.8,0,0,0
USR-11852,Treatment,0,0.0,73.2,0,0,0
USR-11853,Treatment,0,0.0,112.3,0,0,0
USR-11854,Treatment,1,78.88,240.2,1,0,0
USR-11855,Control,0,0.0,24.9,0,1,0
USR-11856,Treatment,0,0.0,119.4,0,0,0
USR-11857,Control,0,0.0,114.7,0,0,0
USR-11858,Treatment,0,0.0,110.5,0,0,0
USR-11859,Treatment,0,0.0,80.6,0,0,0
USR-11860,Treatment,0,0.0,17.9,0,1,0
USR-11861,Treatment,0,0.0,148.7,0,0,0
USR-11862,Control,0,0.0,24.9,0,1,0
USR-11863,Treatment,0,0.0,6.1,0,1,0
USR-11864,Treatment,0,0.0,20.6,0,1,0
USR-11865,Treatment,0,0.0,145.3,0,0,0
USR-11866,Control,0,0.0,7.0,0,1,0
USR-11867,Control,0,0.0,76.4,0,0,0
USR-11868,Control,0,0.0,7.6,0,1,0
USR-11869,Treatment,0,0.0,21.1,0,1,0
USR-11870,Treatment,0,0.0,120.9,0,0,0
USR-11871,Control,0,0.0,7.9,0,1,0
USR-11872,Treatment,0,0.0,54.0,0,0,0
USR-11873,Treatment,0,0.0,144.3,0,0,0
USR-11874,Treatment,0,0.0,85.0,0,0,0
USR-11875,Treatment,0,0.0,115.2,0,0,0
USR-11876,Treatment,0,0.0,167.2,0,0,0
USR-11877,Treatment,0,0.0,53.0,0,0,0
USR-11878,Control,0,0.0,5.9,0,1,0
USR-11879,Treatment,0,0.0,81.2,0,0,0
USR-11880,Treatment,0,0.0,103.3,0,0,0
USR-11881,Treatment,0,0.0,13.8,0,1,0
USR-11882,Treatment,0,0.0,17.0,0,1,0
USR-11883,Treatment,0,0.0,24.1,0,1,0
USR-11884,Control,0,0.0,11.7,0,1,0
USR-11885,Control,0,0.0,23.6,0,1,0
USR-11886,Control,0,0.0,8.4,0,1,0
USR-11887,Control,0,0.0,116.7,0,0,0
USR-11888,Treatment,0,0.0,10.8,0,1,0
USR-11889,Treatment,0,0.0,14.3,0,1,0
USR-11890,Control,0,0.0,24.9,0,1,0
USR-11891,Control,0,0.0,125.9,0,0,0
USR-11892,Treatment,0,0.0,99.6,0,0,0
USR-11893,Control,0,0.0,110.2,0,0,0
USR-11894,Treatment,0,0.0,142.0,0,0,0
USR-11895,Treatment,0,0.0,151.0,0,0,0
USR-11896,Treatment,0,0.0,72.1,0,0,0
USR-11897,Control,0,0.0,164.4,0,0,0
USR-11898,Control,0,0.0,74.2,0,0,0
USR-11899,Treatment,0,0.0,31.0,0,0,0
USR-11900,Treatment,0,0.0,117.7,0,0,0
USR-11901,Control,0,0.0,23.2,0,1,0
USR-11902,Treatment,1,82.06,273.1,2,0,0
USR-11903,Control,0,0.0,23.7,0,1,0
USR-11904,Treatment,0,0.0,19.9,0,1,0
USR-11905,Control,0,0.0,24.4,0,1,0
USR-11906,Treatment,0,0.0,48.6,0,0,0
USR-11907,Control,0,0.0,20.0,0,1,0
USR-11908,Control,0,0.0,134.5,0,0,0
USR-11909,Control,0,0.0,111.2,0,0,0
USR-11910,Control,0,0.0,100.7,0,0,0
USR-11911,Treatment,0,0.0,115.6,0,0,0
USR-11912,Treatment,1,58.1,178.7,1,0,0
USR-11913,Control,0,0.0,140.0,0,0,0
USR-11914,Control,0,0.0,108.7,0,0,0
USR-11915,Treatment,0,0.0,109.4,0,0,0
USR-11916,Treatment,0,0.0,159.4,0,0,0
USR-11917,Treatment,0,0.0,130.3,0,0,0
USR-11918,Control,0,0.0,108.1,0,0,0
USR-11919,Control,0,0.0,6.5,0,1,0
USR-11920,Treatment,0,0.0,78.6,0,0,0
USR-11921,Control,0,0.0,9.1,0,1,0
USR-11922,Treatment,0,0.0,11.9,0,1,0
USR-11923,Control,0,0.0,138.1,0,0,0
USR-11924,Treatment,0,0.0,69.1,0,0,0
USR-11925,Control,0,0.0,113.2,0,0,0
USR-11926,Treatment,0,0.0,132.4,0,0,0
USR-11927,Control,0,0.0,22.9,0,1,0
USR-11928,Treatment,0,0.0,143.3,0,0,0
USR-11929,Control,0,0.0,19.2,0,1,0
USR-11930,Treatment,0,0.0,114.7,0,0,0
USR-11931,Treatment,0,0.0,17.2,0,1,0
USR-11932,Treatment,0,0.0,79.4,0,0,0
USR-11933,Treatment,0,0.0,15.4,0,1,0
USR-11934,Treatment,0,0.0,140.0,0,0,0
USR-11935,Treatment,0,0.0,67.1,0,0,0
USR-11936,Control,0,0.0,10.2,0,1,0
USR-11937,Treatment,0,0.0,18.9,0,1,0
USR-11938,Control,0,0.0,12.9,0,1,0
USR-11939,Control,0,0.0,132.2,0,0,0
USR-11940,Control,0,0.0,6.9,0,1,0
USR-11941,Control,0,0.0,22.2,0,1,0
USR-11942,Treatment,0,0.0,108.1,0,0,0
USR-11943,Treatment,0,0.0,6.5,0,1,0
USR-11944,Treatment,1,49.61,223.3,1,0,0
USR-11945,Treatment,0,0.0,8.4,0,1,0
USR-11946,Control,0,0.0,134.4,0,0,0
USR-11947,Control,0,0.0,125.9,0,0,0
USR-11948,Control,0,0.0,87.0,0,0,0
USR-11949,Control,0,0.0,145.0,0,0,0
USR-11950,Control,0,0.0,96.5,0,0,0
USR-11951,Control,0,0.0,44.8,0,0,0
USR-11952,Treatment,0,0.0,136.8,0,0,0
USR-11953,Treatment,0,0.0,123.5,0,0,0
USR-11954,Treatment,0,0.0,11.0,0,1,0
USR-11955,Treatment,0,0.0,117.7,0,0,0
USR-11956,Treatment,0,0.0,110.6,0,0,0
USR-11957,Control,0,0.0,83.4,0,0,0
USR-11958,Treatment,0,0.0,11.0,0,1,0
USR-11959,Treatment,0,0.0,69.8,0,0,0
USR-11960,Control,0,0.0,12.0,0,1,0
USR-11961,Control,0,0.0,97.4,0,0,0
USR-11962,Treatment,0,0.0,109.6,0,0,0
USR-11963,Control,0,0.0,180.3,0,0,0
USR-11964,Treatment,0,0.0,19.4,0,1,0
USR-11965,Treatment,0,0.0,131.0,0,0,0
USR-11966,Control,0,0.0,123.7,0,0,0
USR-11967,Control,0,0.0,89.0,0,0,0
USR-11968,Control,1,103.35,174.7,2,0,0
USR-11969,Control,0,0.0,17.7,0,1,0
USR-11970,Control,0,0.0,21.3,0,1,0
USR-11971,Treatment,0,0.0,146.1,0,0,0
USR-11972,Control,0,0.0,117.2,0,0,0
USR-11973,Treatment,1,118.53,219.6,1,0,0
USR-11974,Control,0,0.0,109.4,0,0,0
USR-11975,Treatment,1,229.18,197.2,3,0,0
USR-11976,Control,0,0.0,5.0,0,1,0
USR-11977,Control,0,0.0,15.2,0,1,0
USR-11978,Treatment,0,0.0,15.5,0,1,0
USR-11979,Treatment,0,0.0,11.0,0,1,0
USR-11980,Control,0,0.0,118.5,0,0,0
USR-11981,Treatment,0,0.0,19.6,0,1,0
USR-11982,Control,0,0.0,123.7,0,0,0
USR-11983,Control,0,0.0,15.9,0,1,0
USR-11984,Control,0,0.0,12.5,0,1,0
USR-11985,Control,0,0.0,69.9,0,0,0
USR-11986,Treatment,0,0.0,13.7,0,1,0
USR-11987,Control,0,0.0,64.7,0,0,0
USR-11988,Control,0,0.0,17.8,0,1,0
USR-11989,Treatment,0,0.0,143.3,0,0,0
USR-11990,Treatment,1,74.74,357.5,1,0,1
USR-11991,Control,0,0.0,143.0,0,0,0
USR-11992,Treatment,0,0.0,59.5,0,0,0
USR-11993,Control,0,0.0,134.6,0,0,0
USR-11994,Treatment,0,0.0,16.6,0,1,0
USR-11995,Treatment,0,0.0,113.9,0,0,0
USR-11996,Treatment,0,0.0,142.7,0,0,0
USR-11997,Control,0,0.0,89.2,0,0,0
USR-11998,Control,0,0.0,96.6,0,0,0
USR-11999,Control,0,0.0,149.0,0,0,0
USR-12000,Control,0,0.0,111.8,0,0,0
USR-12001,Control,0,0.0,10.8,0,1,0
USR-12002,Treatment,0,0.0,128.1,0,0,0
USR-12003,Control,0,0.0,110.0,0,0,0
USR-12004,Control,0,0.0,128.3,0,0,0
USR-12005,Treatment,0,0.0,110.7,0,0,0
USR-12006,Control,0,0.0,92.0,0,0,0
USR-12007,Treatment,0,0.0,9.6,0,1,0
USR-12008,Control,0,0.0,23.0,0,1,0
USR-12009,Control,0,0.0,122.9,0,0,0
USR-12010,Control,0,0.0,72.0,0,0,0
USR-12011,Control,0,0.0,166.6,0,0,0
USR-12012,Treatment,0,0.0,120.6,0,0,0
USR-12013,Control,0,0.0,10.4,0,1,0
USR-12014,Treatment,0,0.0,134.0,0,0,0
USR-12015,Control,0,0.0,164.7,0,0,0
USR-12016,Control,0,0.0,8.5,0,1,0
USR-12017,Treatment,0,0.0,18.7,0,1,0
USR-12018,Control,0,0.0,6.6,0,1,0
USR-12019,Treatment,0,0.0,112.8,0,0,0
USR-12020,Treatment,0,0.0,106.4,0,0,0
USR-12021,Treatment,0,0.0,17.1,0,1,0
USR-12022,Treatment,0,0.0,11.6,0,1,0
USR-12023,Control,0,0.0,24.1,0,1,0
USR-12024,Control,0,0.0,114.8,0,0,0
USR-12025,Control,0,0.0,54.5,0,0,0
USR-12026,Treatment,0,0.0,20.3,0,1,0
USR-12027,Treatment,0,0.0,5.6,0,1,0
USR-12028,Control,0,0.0,15.7,0,1,0
USR-12029,Treatment,0,0.0,97.5,0,0,0
USR-12030,Control,0,0.0,22.2,0,1,0
USR-12031,Treatment,0,0.0,152.5,0,0,0
USR-12032,Control,0,0.0,115.1,0,0,0
USR-12033,Treatment,0,0.0,23.2,0,1,0
USR-12034,Treatment,0,0.0,98.3,0,0,0
USR-12035,Control,0,0.0,8.9,0,1,0
USR-12036,Control,0,0.0,17.7,0,1,0
USR-12037,Control,0,0.0,15.4,0,1,0
USR-12038,Control,0,0.0,125.5,0,0,0
USR-12039,Control,0,0.0,152.0,0,0,0
USR-12040,Treatment,0,0.0,118.9,0,0,0
USR-12041,Treatment,0,0.0,16.3,0,1,0
USR-12042,Treatment,0,0.0,18.0,0,1,0
USR-12043,Control,0,0.0,156.8,0,0,0
USR-12044,Treatment,0,0.0,78.5,0,0,0
USR-12045,Treatment,0,0.0,92.2,0,0,0
USR-12046,Control,0,0.0,106.5,0,0,0
USR-12047,Treatment,0,0.0,142.9,0,0,0
USR-12048,Treatment,1,50.67,215.1,1,0,0
USR-12049,Control,0,0.0,147.6,0,0,0
USR-12050,Control,0,0.0,15.8,0,1,0
USR-12051,Control,0,0.0,20.8,0,1,0
USR-12052,Control,0,0.0,13.8,0,1,0
USR-12053,Treatment,1,49.05,238.1,1,0,0
USR-12054,Treatment,0,0.0,109.2,0,0,0
USR-12055,Treatment,0,0.0,116.0,0,0,0
USR-12056,Control,0,0.0,9.1,0,1,0
USR-12057,Control,0,0.0,110.9,0,0,0
USR-12058,Treatment,0,0.0,83.5,0,0,0
USR-12059,Treatment,0,0.0,180.9,0,0,0
USR-12060,Control,0,0.0,146.1,0,0,0
USR-12061,Treatment,0,0.0,7.6,0,1,0
USR-12062,Treatment,0,0.0,5.7,0,1,0
USR-12063,Control,0,0.0,22.0,0,1,0
USR-12064,Control,0,0.0,17.7,0,1,0
USR-12065,Treatment,0,0.0,18.2,0,1,0
USR-12066,Control,0,0.0,114.7,0,0,0
USR-12067,Control,0,0.0,18.8,0,1,0
USR-12068,Control,0,0.0,10.7,0,1,0
USR-12069,Control,0,0.0,112.1,0,0,0
USR-12070,Treatment,0,0.0,159.8,0,0,0
USR-12071,Treatment,0,0.0,74.2,0,0,0
USR-12072,Control,0,0.0,18.4,0,1,0
USR-12073,Treatment,0,0.0,117.1,0,0,0
USR-12074,Treatment,0,0.0,150.2,0,0,0
USR-12075,Treatment,0,0.0,115.8,0,0,0
USR-12076,Control,0,0.0,16.8,0,1,0
USR-12077,Control,0,0.0,59.4,0,0,0
USR-12078,Treatment,1,30.79,226.0,1,0,0
USR-12079,Treatment,0,0.0,130.9,0,0,0
USR-12080,Control,0,0.0,135.7,0,0,0
USR-12081,Control,0,0.0,22.3,0,1,0
USR-12082,Control,0,0.0,48.4,0,0,0
USR-12083,Treatment,0,0.0,12.3,0,1,0
USR-12084,Treatment,0,0.0,5.8,0,1,0
USR-12085,Control,1,32.26,239.3,1,0,0
USR-12086,Control,0,0.0,21.5,0,1,0
USR-12087,Treatment,0,0.0,97.6,0,0,0
USR-12088,Treatment,0,0.0,13.5,0,1,0
USR-12089,Control,0,0.0,104.6,0,0,0
USR-12090,Treatment,0,0.0,11.3,0,1,0
USR-12091,Treatment,0,0.0,112.1,0,0,0
USR-12092,Control,0,0.0,85.2,0,0,0
USR-12093,Treatment,0,0.0,89.0,0,0,0
USR-12094,Control,0,0.0,99.6,0,0,0
USR-12095,Treatment,0,0.0,47.4,0,0,0
USR-12096,Treatment,0,0.0,6.6,0,1,0
USR-12097,Treatment,0,0.0,6.7,0,1,0
USR-12098,Treatment,0,0.0,24.6,0,1,0
USR-12099,Control,0,0.0,116.6,0,0,0
USR-12100,Treatment,0,0.0,109.9,0,0,0
USR-12101,Treatment,0,0.0,18.2,0,1,0
USR-12102,Control,0,0.0,15.7,0,1,0
USR-12103,Treatment,0,0.0,14.5,0,1,0
USR-12104,Treatment,0,0.0,18.9,0,1,0
USR-12105,Control,0,0.0,72.5,0,0,0
USR-12106,Treatment,0,0.0,136.9,0,0,0
USR-12107,Treatment,0,0.0,12.1,0,1,0
USR-12108,Control,1,55.7,196.0,2,0,0
USR-12109,Treatment,1,140.32,192.1,1,0,0
USR-12110,Control,0,0.0,171.6,0,0,0
USR-12111,Control,0,0.0,123.8,0,0,0
USR-12112,Control,0,0.0,22.8,0,1,0
USR-12113,Treatment,0,0.0,22.3,0,1,0
USR-12114,Treatment,0,0.0,119.9,0,0,0
USR-12115,Control,0,0.0,17.2,0,1,0
USR-12116,Control,0,0.0,119.9,0,0,0
USR-12117,Treatment,1,50.56,235.9,1,0,0
USR-12118,Control,0,0.0,97.7,0,0,0
USR-12119,Treatment,0,0.0,114.2,0,0,0
USR-12120,Treatment,0,0.0,18.2,0,1,0
USR-12121,Treatment,0,0.0,56.1,0,0,0
USR-12122,Treatment,0,0.0,94.8,0,0,0
USR-12123,Control,0,0.0,118.7,0,0,0
USR-12124,Treatment,0,0.0,193.5,0,0,0
USR-12125,Treatment,0,0.0,167.6,0,0,0
USR-12126,Treatment,0,0.0,169.4,0,0,0
USR-12127,Control,0,0.0,110.4,0,0,0
USR-12128,Treatment,0,0.0,99.8,0,0,0
USR-12129,Control,0,0.0,6.5,0,1,0
USR-12130,Control,0,0.0,22.9,0,1,0
USR-12131,Control,0,0.0,16.2,0,1,0
USR-12132,Treatment,0,0.0,20.0,0,1,0
USR-12133,Treatment,0,0.0,178.4,0,0,0
USR-12134,Treatment,0,0.0,144.9,0,0,0
USR-12135,Treatment,0,0.0,156.6,0,0,0
USR-12136,Control,0,0.0,88.1,0,0,0
USR-12137,Treatment,0,0.0,119.5,0,0,0
USR-12138,Control,0,0.0,10.1,0,1,0
USR-12139,Treatment,0,0.0,6.8,0,1,0
USR-12140,Treatment,0,0.0,11.0,0,1,0
USR-12141,Treatment,0,0.0,19.9,0,1,0
USR-12142,Treatment,0,0.0,141.3,0,0,0
USR-12143,Control,0,0.0,22.0,0,1,0
USR-12144,Control,0,0.0,113.6,0,0,0
USR-12145,Treatment,0,0.0,19.6,0,1,0
USR-12146,Control,0,0.0,17.6,0,1,0
USR-12147,Control,0,0.0,18.0,0,1,0
USR-12148,Control,0,0.0,103.9,0,0,0
USR-12149,Treatment,0,0.0,88.0,0,0,0
USR-12150,Control,0,0.0,88.2,0,0,0
USR-12151,Control,0,0.0,76.4,0,0,0
USR-12152,Treatment,0,0.0,122.0,0,0,0
USR-12153,Treatment,0,0.0,9.5,0,1,0
USR-12154,Control,0,0.0,163.4,0,0,0
USR-12155,Control,0,0.0,19.0,0,1,0
USR-12156,Control,1,57.68,285.0,1,0,0
USR-12157,Control,0,0.0,121.7,0,0,0
USR-12158,Control,0,0.0,17.5,0,0,0
USR-12159,Treatment,1,53.55,231.0,1,0,0
USR-12160,Treatment,0,0.0,10.9,0,1,0
USR-12161,Treatment,0,0.0,16.8,0,1,0
USR-12162,Control,0,0.0,24.4,0,1,0
USR-12163,Treatment,0,0.0,21.6,0,1,0
USR-12164,Control,0,0.0,143.3,0,0,0
USR-12165,Treatment,0,0.0,98.1,0,0,0
USR-12166,Treatment,0,0.0,21.6,0,1,0
USR-12167,Control,1,94.32,155.1,1,0,0
USR-12168,Treatment,0,0.0,103.8,0,0,0
USR-12169,Control,1,35.1,216.5,1,0,0
USR-12170,Treatment,0,0.0,106.2,0,0,0
USR-12171,Control,0,0.0,77.4,0,0,0
USR-12172,Control,0,0.0,16.3,0,1,0
USR-12173,Treatment,0,0.0,90.8,0,0,0
USR-12174,Control,0,0.0,102.9,0,0,0
USR-12175,Treatment,0,0.0,21.7,0,1,0
USR-12176,Control,0,0.0,88.9,0,0,0
USR-12177,Treatment,0,0.0,121.1,0,0,0
USR-12178,Treatment,0,0.0,17.3,0,1,0
USR-12179,Treatment,0,0.0,139.1,0,0,0
USR-12180,Control,0,0.0,7.7,0,1,0
USR-12181,Control,0,0.0,15.5,0,1,0
USR-12182,Control,0,0.0,112.1,0,0,0
USR-12183,Control,0,0.0,20.2,0,1,0
USR-12184,Treatment,0,0.0,9.3,0,1,0
USR-12185,Treatment,0,0.0,24.1,0,1,0
USR-12186,Treatment,0,0.0,83.3,0,0,0
USR-12187,Treatment,0,0.0,93.4,0,0,0
USR-12188,Treatment,0,0.0,21.4,0,1,0
USR-12189,Treatment,1,23.11,345.0,1,0,0
USR-12190,Control,0,0.0,5.5,0,1,0
USR-12191,Treatment,1,129.24,295.5,2,0,0
USR-12192,Treatment,0,0.0,128.3,0,0,0
USR-12193,Treatment,0,0.0,61.3,0,0,0
USR-12194,Control,0,0.0,15.5,0,1,0
USR-12195,Control,0,0.0,123.2,0,0,0
USR-12196,Control,0,0.0,33.2,0,0,0
USR-12197,Treatment,0,0.0,77.5,0,0,0
USR-12198,Treatment,0,0.0,66.6,0,0,0
USR-12199,Control,0,0.0,9.6,0,1,0
USR-12200,Treatment,0,0.0,155.3,0,0,0
USR-12201,Control,0,0.0,16.2,0,1,0
USR-12202,Control,0,0.0,21.4,0,1,0
USR-12203,Control,0,0.0,13.7,0,1,0
USR-12204,Treatment,0,0.0,108.1,0,0,0
USR-12205,Treatment,0,0.0,6.2,0,1,0
USR-12206,Control,0,0.0,5.0,0,1,0
USR-12207,Treatment,0,0.0,156.5,0,0,0
USR-12208,Control,0,0.0,124.3,0,0,0
USR-12209,Treatment,0,0.0,140.4,0,0,0
USR-12210,Treatment,0,0.0,121.9,0,0,0
USR-12211,Treatment,0,0.0,115.1,0,0,0
USR-12212,Control,0,0.0,95.1,0,0,0
USR-12213,Treatment,0,0.0,10.4,0,1,0
USR-12214,Treatment,0,0.0,142.2,0,0,0
USR-12215,Control,0,0.0,142.7,0,0,0
USR-12216,Treatment,0,0.0,13.8,0,1,0
USR-12217,Control,0,0.0,7.3,0,1,0
USR-12218,Treatment,0,0.0,18.1,0,1,0
USR-12219,Control,0,0.0,64.4,0,0,0
USR-12220,Treatment,0,0.0,17.8,0,1,0
USR-12221,Treatment,0,0.0,92.8,0,0,0
USR-12222,Control,0,0.0,74.7,0,0,0
USR-12223,Control,0,0.0,128.9,0,0,0
USR-12224,Control,0,0.0,10.4,0,1,0
USR-12225,Control,0,0.0,125.9,0,0,0
USR-12226,Control,0,0.0,20.1,0,1,0
USR-12227,Treatment,0,0.0,114.3,0,0,0
USR-12228,Control,0,0.0,17.4,0,1,0
USR-12229,Control,0,0.0,9.7,0,1,0
USR-12230,Treatment,0,0.0,22.6,0,1,0
USR-12231,Control,0,0.0,108.8,0,0,0
USR-12232,Treatment,0,0.0,119.8,0,0,0
USR-12233,Treatment,1,62.76,292.5,1,0,0
USR-12234,Treatment,0,0.0,112.8,0,0,0
USR-12235,Treatment,0,0.0,85.3,0,0,0
USR-12236,Treatment,0,0.0,43.7,0,0,0
USR-12237,Control,0,0.0,23.4,0,1,0
USR-12238,Control,0,0.0,131.0,0,0,0
USR-12239,Control,1,52.99,231.1,1,0,1
USR-12240,Treatment,0,0.0,113.9,0,0,0
USR-12241,Control,0,0.0,13.8,0,1,0
USR-12242,Treatment,0,0.0,89.8,0,0,0
USR-12243,Treatment,0,0.0,7.9,0,1,0
USR-12244,Treatment,0,0.0,116.2,0,0,0
USR-12245,Treatment,0,0.0,80.7,0,0,0
USR-12246,Control,1,29.51,244.2,1,0,0
USR-12247,Treatment,0,0.0,12.8,0,1,0
USR-12248,Treatment,0,0.0,102.6,0,0,0
USR-12249,Control,0,0.0,93.8,0,0,0
USR-12250,Control,0,0.0,13.4,0,1,0
USR-12251,Treatment,0,0.0,12.3,0,1,0
USR-12252,Treatment,0,0.0,43.9,0,0,0
USR-12253,Treatment,0,0.0,99.1,0,0,0
USR-12254,Treatment,0,0.0,18.8,0,1,0
USR-12255,Treatment,0,0.0,124.7,0,0,0
USR-12256,Treatment,0,0.0,11.0,0,1,0
USR-12257,Control,0,0.0,129.1,0,0,0
USR-12258,Control,0,0.0,23.6,0,1,0
USR-12259,Control,0,0.0,6.1,0,1,0
USR-12260,Treatment,0,0.0,188.3,0,0,0
USR-12261,Treatment,0,0.0,9.8,0,1,0
USR-12262,Treatment,0,0.0,6.5,0,1,0
USR-12263,Control,0,0.0,15.1,0,1,0
USR-12264,Treatment,0,0.0,101.0,0,0,0
USR-12265,Treatment,0,0.0,93.4,0,0,0
USR-12266,Treatment,0,0.0,23.8,0,1,0
USR-12267,Treatment,0,0.0,110.0,0,0,0
USR-12268,Control,0,0.0,171.5,0,0,0
USR-12269,Treatment,0,0.0,8.7,0,1,0
USR-12270,Control,0,0.0,23.1,0,1,0
USR-12271,Control,0,0.0,149.2,0,0,0
USR-12272,Control,0,0.0,137.1,0,0,0
USR-12273,Treatment,0,0.0,7.8,0,1,0
USR-12274,Treatment,0,0.0,12.2,0,1,0
USR-12275,Treatment,0,0.0,16.2,0,1,0
USR-12276,Treatment,1,43.3,301.2,1,0,0
USR-12277,Treatment,0,0.0,135.1,0,0,0
USR-12278,Treatment,0,0.0,159.5,0,0,0
USR-12279,Control,0,0.0,89.7,0,0,0
USR-12280,Control,0,0.0,113.4,0,0,0
USR-12281,Control,0,0.0,16.1,0,1,0
USR-12282,Control,0,0.0,17.0,0,1,0
USR-12283,Control,0,0.0,20.7,0,1,0
USR-12284,Control,0,0.0,24.8,0,1,0
USR-12285,Control,0,0.0,111.4,0,0,0
USR-12286,Treatment,0,0.0,5.6,0,1,0
USR-12287,Control,0,0.0,110.3,0,0,0
USR-12288,Control,0,0.0,162.7,0,0,0
USR-12289,Control,0,0.0,134.9,0,0,0
USR-12290,Treatment,0,0.0,76.7,0,0,0
USR-12291,Control,0,0.0,90.9,0,0,0
USR-12292,Control,0,0.0,19.2,0,1,0
USR-12293,Treatment,0,0.0,135.8,0,0,0
USR-12294,Control,0,0.0,11.5,0,1,0
USR-12295,Control,0,0.0,98.3,0,0,0
USR-12296,Control,0,0.0,110.2,0,0,0
USR-12297,Control,0,0.0,92.4,0,0,0
USR-12298,Control,0,0.0,12.4,0,1,0
USR-12299,Control,0,0.0,107.8,0,0,0
USR-12300,Treatment,0,0.0,117.8,0,0,0
USR-12301,Treatment,1,149.37,129.0,4,0,0
USR-12302,Treatment,0,0.0,22.5,0,1,0
USR-12303,Control,0,0.0,66.7,0,0,0
USR-12304,Treatment,0,0.0,14.1,0,1,0
USR-12305,Control,0,0.0,108.6,0,0,0
USR-12306,Control,0,0.0,70.8,0,0,0
USR-12307,Treatment,0,0.0,88.0,0,0,0
USR-12308,Control,1,80.24,257.8,1,0,0
USR-12309,Control,0,0.0,6.2,0,1,0
USR-12310,Treatment,0,0.0,69.4,0,0,0
USR-12311,Treatment,0,0.0,128.2,0,0,0
USR-12312,Control,1,43.74,240.8,1,0,0
USR-12313,Treatment,0,0.0,82.5,0,0,0
USR-12314,Treatment,0,0.0,19.2,0,1,0
USR-12315,Control,0,0.0,164.5,0,0,0
USR-12316,Control,0,0.0,10.6,0,1,0
USR-12317,Control,0,0.0,19.1,0,1,0
USR-12318,Control,0,0.0,24.4,0,1,0
USR-12319,Control,0,0.0,19.1,0,1,0
USR-12320,Treatment,0,0.0,135.4,0,0,0
USR-12321,Treatment,0,0.0,12.2,0,1,0
USR-12322,Treatment,0,0.0,122.8,0,0,0
USR-12323,Control,0,0.0,20.7,0,1,0
USR-12324,Treatment,0,0.0,105.1,0,0,0
USR-12325,Treatment,0,0.0,134.0,0,0,0
USR-12326,Treatment,0,0.0,127.2,0,0,0
USR-12327,Control,0,0.0,75.6,0,0,0
USR-12328,Treatment,0,0.0,11.1,0,1,0
USR-12329,Control,0,0.0,19.8,0,1,0
USR-12330,Control,0,0.0,86.8,0,0,0
USR-12331,Control,0,0.0,97.6,0,0,0
USR-12332,Treatment,0,0.0,186.4,0,0,0
USR-12333,Treatment,0,0.0,13.7,0,1,0
USR-12334,Control,0,0.0,72.7,0,0,0
USR-12335,Control,0,0.0,78.4,0,0,0
USR-12336,Control,0,0.0,12.1,0,1,0
USR-12337,Control,0,0.0,10.3,0,1,0
USR-12338,Control,0,0.0,83.4,0,0,0
USR-12339,Control,0,0.0,140.8,0,0,0
USR-12340,Treatment,0,0.0,137.2,0,0,0
USR-12341,Control,0,0.0,154.6,0,0,0
USR-12342,Control,0,0.0,12.0,0,1,0
USR-12343,Control,0,0.0,94.5,0,0,0
USR-12344,Treatment,0,0.0,21.6,0,1,0
USR-12345,Treatment,0,0.0,157.1,0,0,0
USR-12346,Treatment,1,80.02,225.1,1,0,0
USR-12347,Control,0,0.0,91.9,0,0,0
USR-12348,Treatment,0,0.0,105.0,0,0,0
USR-12349,Control,0,0.0,14.3,0,1,0
USR-12350,Treatment,0,0.0,23.2,0,1,0
USR-12351,Treatment,0,0.0,67.6,0,0,0
USR-12352,Treatment,0,0.0,23.9,0,1,0
USR-12353,Treatment,0,0.0,143.9,0,0,0
USR-12354,Treatment,1,60.43,217.5,1,0,0
USR-12355,Control,0,0.0,8.2,0,1,0
USR-12356,Treatment,0,0.0,86.5,0,0,0
USR-12357,Control,0,0.0,22.0,0,1,0
USR-12358,Treatment,0,0.0,9.7,0,1,0
USR-12359,Control,0,0.0,118.1,0,0,0
USR-12360,Control,0,0.0,9.4,0,1,0
USR-12361,Control,0,0.0,73.7,0,0,0
USR-12362,Control,0,0.0,130.9,0,0,0
USR-12363,Control,0,0.0,152.1,0,0,0
USR-12364,Treatment,0,0.0,5.2,0,1,0
USR-12365,Control,1,38.28,142.8,1,0,0
USR-12366,Control,0,0.0,24.8,0,1,0
USR-12367,Treatment,0,0.0,102.4,0,0,0
USR-12368,Control,0,0.0,16.0,0,1,0
USR-12369,Treatment,0,0.0,135.3,0,0,0
USR-12370,Treatment,0,0.0,117.2,0,0,0
USR-12371,Treatment,0,0.0,6.2,0,1,0
USR-12372,Treatment,0,0.0,38.5,0,0,0
USR-12373,Control,0,0.0,24.1,0,1,0
USR-12374,Treatment,0,0.0,16.6,0,1,0
USR-12375,Control,0,0.0,121.6,0,0,0
USR-12376,Control,0,0.0,137.0,0,0,0
USR-12377,Treatment,0,0.0,8.8,0,1,0
USR-12378,Control,0,0.0,91.6,0,0,0
USR-12379,Treatment,0,0.0,20.4,0,1,0
USR-12380,Treatment,0,0.0,23.8,0,1,0
USR-12381,Treatment,0,0.0,94.5,0,0,0
USR-12382,Treatment,0,0.0,124.3,0,0,0
USR-12383,Control,0,0.0,133.9,0,0,0
USR-12384,Control,0,0.0,102.9,0,0,0
USR-12385,Treatment,0,0.0,170.1,0,0,0
USR-12386,Control,0,0.0,59.6,0,0,0
USR-12387,Treatment,0,0.0,98.4,0,0,0
USR-12388,Treatment,0,0.0,78.0,0,0,0
USR-12389,Treatment,0,0.0,117.8,0,0,0
USR-12390,Control,0,0.0,130.3,0,0,0
USR-12391,Control,0,0.0,106.2,0,0,0
USR-12392,Control,0,0.0,15.3,0,1,0
USR-12393,Control,0,0.0,93.8,0,0,0
USR-12394,Treatment,0,0.0,18.1,0,1,0
USR-12395,Control,0,0.0,22.6,0,1,0
USR-12396,Control,0,0.0,146.5,0,0,0
USR-12397,Control,0,0.0,167.0,0,0,0
USR-12398,Treatment,0,0.0,66.8,0,0,0
USR-12399,Treatment,0,0.0,100.4,0,0,0
USR-12400,Control,0,0.0,119.3,0,0,0
USR-12401,Control,0,0.0,6.5,0,1,0
USR-12402,Control,1,55.22,238.8,1,0,0
USR-12403,Control,0,0.0,21.8,0,1,0
USR-12404,Treatment,0,0.0,109.3,0,0,0
USR-12405,Treatment,0,0.0,98.1,0,0,0
USR-12406,Control,0,0.0,115.5,0,0,0
USR-12407,Control,0,0.0,102.5,0,0,0
USR-12408,Treatment,0,0.0,76.0,0,0,0
USR-12409,Control,0,0.0,8.7,0,1,0
USR-12410,Treatment,0,0.0,149.9,0,0,0
USR-12411,Control,0,0.0,105.4,0,0,0
USR-12412,Control,0,0.0,5.4,0,1,0
USR-12413,Control,0,0.0,17.4,0,1,0
USR-12414,Treatment,0,0.0,18.8,0,1,0
USR-12415,Treatment,0,0.0,13.0,0,1,0
USR-12416,Control,0,0.0,22.5,0,1,0
USR-12417,Control,0,0.0,113.9,0,0,0
USR-12418,Control,0,0.0,24.8,0,1,0
USR-12419,Control,0,0.0,9.2,0,1,0
USR-12420,Control,0,0.0,131.5,0,0,0
USR-12421,Control,0,0.0,108.8,0,0,0
USR-12422,Treatment,0,0.0,24.1,0,1,0
USR-12423,Control,0,0.0,14.1,0,1,0
USR-12424,Control,0,0.0,19.2,0,1,0
USR-12425,Treatment,0,0.0,19.0,0,1,0
USR-12426,Control,0,0.0,24.0,0,1,0
USR-12427,Treatment,0,0.0,19.7,0,1,0
USR-12428,Control,0,0.0,88.3,0,0,0
USR-12429,Treatment,0,0.0,141.7,0,0,0
USR-12430,Treatment,0,0.0,128.3,0,0,0
USR-12431,Treatment,0,0.0,129.4,0,0,0
USR-12432,Treatment,0,0.0,128.8,0,0,0
USR-12433,Control,0,0.0,13.5,0,1,0
USR-12434,Treatment,0,0.0,160.2,0,0,0
USR-12435,Control,0,0.0,18.0,0,1,0
USR-12436,Control,0,0.0,23.8,0,1,0
USR-12437,Control,0,0.0,6.3,0,1,0
USR-12438,Treatment,0,0.0,130.3,0,0,0
USR-12439,Control,0,0.0,75.0,0,0,0
USR-12440,Treatment,0,0.0,23.2,0,1,0
USR-12441,Treatment,0,0.0,151.2,0,0,0
USR-12442,Treatment,0,0.0,89.5,0,0,0
USR-12443,Treatment,1,39.43,244.4,1,0,0
USR-12444,Control,0,0.0,83.7,0,0,0
USR-12445,Control,1,27.66,250.6,1,0,0
USR-12446,Control,0,0.0,7.2,0,1,0
USR-12447,Control,0,0.0,110.7,0,0,0
USR-12448,Control,0,0.0,72.8,0,0,0
USR-12449,Control,0,0.0,105.1,0,0,0
USR-12450,Control,0,0.0,21.3,0,1,0
USR-12451,Treatment,0,0.0,20.3,0,1,0
USR-12452,Treatment,0,0.0,89.0,0,0,0
USR-12453,Control,0,0.0,24.9,0,1,0
USR-12454,Treatment,0,0.0,14.9,0,1,0
USR-12455,Control,0,0.0,41.0,0,0,0
USR-12456,Control,0,0.0,22.7,0,1,0
USR-12457,Treatment,0,0.0,11.8,0,1,0
USR-12458,Control,0,0.0,11.1,0,1,0
USR-12459,Control,0,0.0,112.4,0,0,0
USR-12460,Treatment,0,0.0,158.9,0,0,0
USR-12461,Treatment,0,0.0,13.7,0,1,0
USR-12462,Treatment,0,0.0,150.5,0,0,0
USR-12463,Treatment,0,0.0,5.3,0,1,0
USR-12464,Treatment,0,0.0,18.4,0,1,0
USR-12465,Control,0,0.0,20.7,0,1,0
USR-12466,Control,0,0.0,111.3,0,0,0
USR-12467,Control,0,0.0,119.1,0,0,0
USR-12468,Control,0,0.0,8.6,0,1,0
USR-12469,Treatment,0,0.0,23.3,0,1,0
USR-12470,Control,0,0.0,71.9,0,0,0
USR-12471,Treatment,0,0.0,150.9,0,0,0
USR-12472,Treatment,0,0.0,96.6,0,0,0
USR-12473,Treatment,0,0.0,8.3,0,1,0
USR-12474,Treatment,0,0.0,104.8,0,0,0
USR-12475,Treatment,0,0.0,128.0,0,0,0
USR-12476,Control,0,0.0,20.2,0,1,0
USR-12477,Treatment,0,0.0,69.8,0,0,0
USR-12478,Control,0,0.0,24.8,0,1,0
USR-12479,Treatment,0,0.0,136.8,0,0,0
USR-12480,Control,0,0.0,55.7,0,0,0
USR-12481,Treatment,0,0.0,168.2,0,0,0
USR-12482,Treatment,0,0.0,135.7,0,0,0
USR-12483,Control,0,0.0,82.0,0,0,0
USR-12484,Control,0,0.0,22.1,0,1,0
USR-12485,Treatment,0,0.0,157.9,0,0,0
USR-12486,Control,0,0.0,20.7,0,1,0
USR-12487,Treatment,0,0.0,160.8,0,0,0
USR-12488,Treatment,0,0.0,132.1,0,0,0
USR-12489,Control,0,0.0,102.4,0,0,0
USR-12490,Control,0,0.0,12.2,0,1,0
USR-12491,Control,0,0.0,102.8,0,0,0
USR-12492,Treatment,0,0.0,7.0,0,1,0
USR-12493,Control,0,0.0,93.4,0,0,0
USR-12494,Treatment,0,0.0,14.3,0,1,0
USR-12495,Control,0,0.0,95.4,0,0,0
USR-12496,Treatment,0,0.0,92.1,0,0,0
USR-12497,Treatment,0,0.0,146.3,0,0,0
USR-12498,Treatment,0,0.0,16.0,0,1,0
USR-12499,Control,0,0.0,15.3,0,1,0
USR-12500,Treatment,0,0.0,8.1,0,1,0
USR-12501,Treatment,0,0.0,20.6,0,1,0
USR-12502,Treatment,0,0.0,8.0,0,1,0
USR-12503,Treatment,0,0.0,103.2,0,0,0
USR-12504,Control,0,0.0,16.0,0,1,0
USR-12505,Control,0,0.0,21.6,0,1,0
USR-12506,Treatment,0,0.0,14.0,0,1,0
USR-12507,Control,0,0.0,103.3,0,0,0
USR-12508,Treatment,0,0.0,6.2,0,1,0
USR-12509,Treatment,1,62.27,319.8,1,0,0
USR-12510,Control,0,0.0,13.4,0,1,0
USR-12511,Treatment,0,0.0,110.2,0,0,0
USR-12512,Control,0,0.0,162.9,0,0,0
USR-12513,Treatment,0,0.0,100.7,0,0,0
USR-12514,Treatment,0,0.0,9.8,0,1,0
USR-12515,Treatment,0,0.0,96.5,0,0,0
USR-12516,Control,0,0.0,119.3,0,0,0
USR-12517,Control,0,0.0,89.5,0,0,0
USR-12518,Treatment,0,0.0,128.7,0,0,0
USR-12519,Treatment,0,0.0,111.7,0,0,0
USR-12520,Treatment,0,0.0,95.4,0,0,0
USR-12521,Control,0,0.0,15.1,0,1,0
USR-12522,Control,0,0.0,20.6,0,1,0
USR-12523,Control,1,126.83,264.3,1,0,0
USR-12524,Treatment,0,0.0,105.3,0,0,0
USR-12525,Control,0,0.0,73.3,0,0,0
USR-12526,Control,0,0.0,110.4,0,0,0
USR-12527,Treatment,0,0.0,105.7,0,0,0
USR-12528,Control,0,0.0,11.4,0,1,0
USR-12529,Treatment,0,0.0,18.0,0,1,0
USR-12530,Treatment,0,0.0,23.9,0,1,0
USR-12531,Treatment,0,0.0,21.6,0,1,0
USR-12532,Control,0,0.0,18.0,0,1,0
USR-12533,Control,0,0.0,89.2,0,0,0
USR-12534,Treatment,1,81.83,231.9,1,0,0
USR-12535,Treatment,0,0.0,19.6,0,1,0
USR-12536,Treatment,0,0.0,9.5,0,1,0
USR-12537,Control,0,0.0,60.9,0,0,0
USR-12538,Treatment,0,0.0,5.2,0,1,0
USR-12539,Treatment,0,0.0,155.7,0,0,0
USR-12540,Treatment,1,76.12,190.5,1,0,0
USR-12541,Treatment,1,129.49,265.1,3,0,0
USR-12542,Treatment,0,0.0,16.4,0,1,0
USR-12543,Treatment,0,0.0,83.6,0,0,0
USR-12544,Control,0,0.0,12.5,0,1,0
USR-12545,Control,0,0.0,131.0,0,0,0
USR-12546,Control,0,0.0,5.0,0,1,0
USR-12547,Control,0,0.0,5.2,0,1,0
USR-12548,Control,0,0.0,14.1,0,1,0
USR-12549,Control,0,0.0,134.3,0,0,0
USR-12550,Control,0,0.0,81.3,0,0,0
USR-12551,Control,0,0.0,74.0,0,0,0
USR-12552,Treatment,0,0.0,6.2,0,1,0
USR-12553,Treatment,0,0.0,109.8,0,0,0
USR-12554,Control,0,0.0,14.4,0,1,0
USR-12555,Treatment,0,0.0,129.0,0,0,0
USR-12556,Treatment,0,0.0,151.5,0,0,0
USR-12557,Control,0,0.0,101.8,0,0,0
USR-12558,Control,0,0.0,84.8,0,0,0
USR-12559,Treatment,0,0.0,141.2,0,0,0
USR-12560,Treatment,0,0.0,110.7,0,0,0
USR-12561,Treatment,0,0.0,58.6,0,0,0
USR-12562,Control,1,166.62,251.0,2,0,0
USR-12563,Control,0,0.0,159.1,0,0,0
USR-12564,Control,0,0.0,176.2,0,0,0
USR-12565,Control,0,0.0,24.8,0,1,0
USR-12566,Control,0,0.0,113.8,0,0,0
USR-12567,Control,0,0.0,12.5,0,1,0
USR-12568,Treatment,0,0.0,154.0,0,0,0
USR-12569,Treatment,0,0.0,133.4,0,0,0
USR-12570,Control,0,0.0,54.1,0,0,0
USR-12571,Treatment,0,0.0,21.4,0,1,0
USR-12572,Control,0,0.0,12.9,0,1,0
USR-12573,Control,0,0.0,177.3,0,0,0
USR-12574,Control,0,0.0,127.9,0,0,0
USR-12575,Treatment,0,0.0,9.6,0,1,0
USR-12576,Treatment,0,0.0,113.5,0,0,0
USR-12577,Treatment,0,0.0,107.9,0,0,0
USR-12578,Control,0,0.0,15.2,0,1,0
USR-12579,Treatment,0,0.0,10.9,0,1,0
USR-12580,Control,0,0.0,24.3,0,1,0
USR-12581,Treatment,0,0.0,70.2,0,0,0
USR-12582,Treatment,0,0.0,14.3,0,1,0
USR-12583,Control,0,0.0,6.0,0,1,0
USR-12584,Treatment,0,0.0,15.1,0,1,0
USR-12585,Treatment,0,0.0,166.0,0,0,0
USR-12586,Control,0,0.0,17.9,0,1,0
USR-12587,Treatment,0,0.0,140.3,0,0,0
USR-12588,Control,0,0.0,20.0,0,1,0
USR-12589,Treatment,0,0.0,15.1,0,1,0
USR-12590,Treatment,0,0.0,127.5,0,0,0
USR-12591,Treatment,0,0.0,18.8,0,1,0
USR-12592,Treatment,0,0.0,94.8,0,0,0
USR-12593,Treatment,0,0.0,95.1,0,0,0
USR-12594,Control,0,0.0,8.7,0,1,0
USR-12595,Treatment,0,0.0,20.0,0,1,0
USR-12596,Control,0,0.0,120.3,0,0,0
USR-12597,Control,0,0.0,130.0,0,0,0
USR-12598,Control,0,0.0,134.7,0,0,0
USR-12599,Control,0,0.0,10.6,0,1,0
USR-12600,Treatment,0,0.0,123.3,0,0,0
USR-12601,Control,0,0.0,21.7,0,1,0
USR-12602,Treatment,0,0.0,15.6,0,1,0
USR-12603,Control,0,0.0,86.8,0,0,0
USR-12604,Control,0,0.0,125.8,0,0,0
USR-12605,Treatment,0,0.0,12.5,0,1,0
USR-12606,Control,0,0.0,17.5,0,1,0
USR-12607,Control,0,0.0,150.8,0,0,0
USR-12608,Treatment,1,40.62,247.1,1,0,0
USR-12609,Control,0,0.0,11.1,0,1,0
USR-12610,Treatment,0,0.0,10.9,0,1,0
USR-12611,Control,0,0.0,14.6,0,1,0
USR-12612,Control,0,0.0,22.0,0,1,0
USR-12613,Treatment,0,0.0,148.5,0,0,0
USR-12614,Control,0,0.0,98.0,0,0,0
USR-12615,Control,0,0.0,77.7,0,0,0
USR-12616,Control,0,0.0,20.5,0,1,0
USR-12617,Control,0,0.0,21.8,0,1,0
USR-12618,Treatment,0,0.0,152.7,0,0,0
USR-12619,Control,1,42.08,267.2,1,0,0
USR-12620,Treatment,0,0.0,149.9,0,0,0
USR-12621,Treatment,0,0.0,110.6,0,0,0
USR-12622,Control,1,211.92,268.2,3,0,0
USR-12623,Treatment,0,0.0,124.6,0,0,0
USR-12624,Control,0,0.0,93.3,0,0,0
USR-12625,Treatment,0,0.0,145.7,0,0,0
USR-12626,Control,0,0.0,144.4,0,0,0
USR-12627,Treatment,0,0.0,11.6,0,1,0
USR-12628,Control,0,0.0,12.2,0,1,0
USR-12629,Control,0,0.0,106.3,0,0,0
USR-12630,Treatment,0,0.0,116.7,0,0,0
USR-12631,Treatment,0,0.0,14.2,0,1,0
USR-12632,Control,0,0.0,24.3,0,1,0
USR-12633,Control,0,0.0,119.0,0,0,0
USR-12634,Treatment,0,0.0,169.2,0,0,0
USR-12635,Treatment,0,0.0,21.0,0,1,0
USR-12636,Treatment,1,90.18,191.7,2,0,0
USR-12637,Treatment,0,0.0,115.0,0,0,0
USR-12638,Treatment,0,0.0,138.6,0,0,0
USR-12639,Treatment,0,0.0,12.8,0,1,0
USR-12640,Control,0,0.0,125.4,0,0,0
USR-12641,Control,0,0.0,90.2,0,0,0
USR-12642,Treatment,0,0.0,93.7,0,0,0
USR-12643,Treatment,0,0.0,135.5,0,0,0
USR-12644,Control,0,0.0,5.4,0,1,0
USR-12645,Control,0,0.0,133.1,0,0,0
USR-12646,Treatment,0,0.0,11.8,0,1,0
USR-12647,Treatment,0,0.0,16.9,0,1,0
USR-12648,Control,0,0.0,16.4,0,1,0
USR-12649,Control,0,0.0,9.1,0,1,0
USR-12650,Control,0,0.0,21.4,0,1,0
USR-12651,Control,0,0.0,99.9,0,0,0
USR-12652,Control,0,0.0,22.7,0,1,0
USR-12653,Control,0,0.0,169.4,0,0,0
USR-12654,Treatment,0,0.0,24.4,0,1,0
USR-12655,Control,0,0.0,68.3,0,0,0
USR-12656,Treatment,0,0.0,22.5,0,1,0
USR-12657,Treatment,1,39.62,314.9,1,0,0
USR-12658,Control,0,0.0,24.7,0,1,0
USR-12659,Treatment,0,0.0,128.4,0,0,0
USR-12660,Control,1,75.71,239.4,1,0,0
USR-12661,Treatment,0,0.0,91.5,0,0,0
USR-12662,Control,0,0.0,137.7,0,0,0
USR-12663,Treatment,0,0.0,111.1,0,0,0
USR-12664,Treatment,0,0.0,22.6,0,1,0
USR-12665,Control,0,0.0,15.7,0,1,0
USR-12666,Control,0,0.0,15.8,0,1,0
USR-12667,Treatment,0,0.0,132.0,0,0,0
USR-12668,Treatment,0,0.0,24.1,0,1,0
USR-12669,Control,0,0.0,106.1,0,0,0
USR-12670,Treatment,0,0.0,20.5,0,1,0
USR-12671,Control,0,0.0,18.7,0,1,0
USR-12672,Treatment,1,41.78,209.8,1,0,0
USR-12673,Control,0,0.0,60.4,0,0,0
USR-12674,Treatment,0,0.0,99.4,0,0,0
USR-12675,Control,0,0.0,8.7,0,1,0
USR-12676,Control,0,0.0,6.9,0,1,0
USR-12677,Control,0,0.0,149.5,0,0,0
USR-12678,Control,0,0.0,23.2,0,1,0
USR-12679,Treatment,0,0.0,11.0,0,1,0
USR-12680,Control,0,0.0,79.6,0,0,0
USR-12681,Treatment,0,0.0,11.6,0,1,0
USR-12682,Control,0,0.0,12.0,0,1,0
USR-12683,Control,0,0.0,6.9,0,1,0
USR-12684,Control,0,0.0,204.2,0,0,0
USR-12685,Control,0,0.0,17.9,0,1,0
USR-12686,Control,0,0.0,105.5,0,0,0
USR-12687,Control,0,0.0,134.7,0,0,0
USR-12688,Control,0,0.0,109.5,0,0,0
USR-12689,Control,0,0.0,20.6,0,1,0
USR-12690,Treatment,0,0.0,188.1,0,0,0
USR-12691,Treatment,1,24.51,256.2,1,0,0
USR-12692,Control,0,0.0,168.3,0,0,0
USR-12693,Control,1,48.84,219.0,1,0,0
USR-12694,Treatment,0,0.0,113.8,0,0,0
USR-12695,Treatment,0,0.0,166.5,0,0,0
USR-12696,Treatment,0,0.0,15.0,0,1,0
USR-12697,Control,0,0.0,133.9,0,0,0
USR-12698,Treatment,0,0.0,143.2,0,0,0
USR-12699,Treatment,0,0.0,6.9,0,1,0
USR-12700,Treatment,0,0.0,13.7,0,1,0
USR-12701,Treatment,1,58.83,333.8,1,0,0
USR-12702,Control,1,51.43,269.0,1,0,0
USR-12703,Control,0,0.0,97.3,0,0,0
USR-12704,Treatment,0,0.0,7.8,0,1,0
USR-12705,Treatment,0,0.0,151.0,0,0,0
USR-12706,Control,0,0.0,67.0,0,0,0
USR-12707,Control,0,0.0,194.7,0,0,0
USR-12708,Control,0,0.0,12.2,0,1,0
USR-12709,Control,0,0.0,19.3,0,1,0
USR-12710,Treatment,0,0.0,121.4,0,0,0
USR-12711,Treatment,0,0.0,122.2,0,0,0
USR-12712,Control,0,0.0,22.2,0,1,0
USR-12713,Control,0,0.0,103.3,0,0,0
USR-12714,Control,0,0.0,15.5,0,1,0
USR-12715,Control,0,0.0,85.4,0,0,0
USR-12716,Treatment,0,0.0,152.1,0,0,0
USR-12717,Treatment,0,0.0,101.1,0,0,0
USR-12718,Treatment,0,0.0,105.1,0,0,0
USR-12719,Control,0,0.0,7.7,0,1,0
USR-12720,Treatment,0,0.0,19.4,0,1,0
USR-12721,Treatment,0,0.0,161.6,0,0,0
USR-12722,Treatment,0,0.0,85.3,0,0,0
USR-12723,Control,0,0.0,16.7,0,1,0
USR-12724,Control,0,0.0,103.7,0,0,0
USR-12725,Control,0,0.0,81.3,0,0,0
USR-12726,Control,0,0.0,16.1,0,1,0
USR-12727,Control,0,0.0,119.2,0,0,0
USR-12728,Control,0,0.0,126.7,0,0,0
USR-12729,Control,0,0.0,162.3,0,0,0
USR-12730,Treatment,0,0.0,116.3,0,0,0
USR-12731,Control,0,0.0,69.9,0,0,0
USR-12732,Control,0,0.0,59.2,0,0,0
USR-12733,Treatment,0,0.0,89.6,0,0,0
USR-12734,Treatment,1,146.32,259.7,3,0,0
USR-12735,Treatment,0,0.0,121.6,0,0,0
USR-12736,Treatment,0,0.0,14.0,0,1,0
USR-12737,Treatment,0,0.0,136.2,0,0,0
USR-12738,Treatment,0,0.0,86.2,0,0,0
USR-12739,Control,0,0.0,103.3,0,0,0
USR-12740,Control,0,0.0,167.4,0,0,0
USR-12741,Control,0,0.0,81.9,0,0,0
USR-12742,Control,0,0.0,15.1,0,1,0
USR-12743,Control,0,0.0,85.8,0,0,0
USR-12744,Treatment,0,0.0,20.0,0,1,0
USR-12745,Treatment,0,0.0,7.8,0,1,0
USR-12746,Treatment,0,0.0,123.3,0,0,0
USR-12747,Control,0,0.0,17.2,0,1,0
USR-12748,Treatment,0,0.0,23.5,0,1,0
USR-12749,Treatment,0,0.0,99.3,0,0,0
USR-12750,Control,0,0.0,48.5,0,0,0
USR-12751,Treatment,0,0.0,17.5,0,1,0
USR-12752,Control,0,0.0,43.1,0,0,0
USR-12753,Control,0,0.0,132.0,0,0,0
USR-12754,Treatment,0,0.0,150.7,0,0,0
USR-12755,Control,0,0.0,115.9,0,0,0
USR-12756,Control,0,0.0,21.6,0,1,0
USR-12757,Treatment,0,0.0,13.9,0,1,0
USR-12758,Treatment,1,60.81,202.1,1,0,0
USR-12759,Control,0,0.0,66.2,0,0,0
USR-12760,Control,0,0.0,22.7,0,1,0
USR-12761,Control,1,63.14,267.1,1,0,0
USR-12762,Treatment,0,0.0,170.9,0,0,0
USR-12763,Control,0,0.0,111.3,0,0,0
USR-12764,Control,0,0.0,134.4,0,0,0
USR-12765,Treatment,0,0.0,10.3,0,1,0
USR-12766,Treatment,0,0.0,104.5,0,0,0
USR-12767,Control,0,0.0,95.4,0,0,0
USR-12768,Treatment,0,0.0,132.8,0,0,0
USR-12769,Treatment,0,0.0,133.9,0,0,0
USR-12770,Control,0,0.0,19.7,0,1,0
USR-12771,Control,0,0.0,70.1,0,0,0
USR-12772,Treatment,0,0.0,109.5,0,0,0
USR-12773,Control,0,0.0,15.9,0,1,0
USR-12774,Treatment,0,0.0,124.2,0,0,0
USR-12775,Control,0,0.0,19.3,0,1,0
USR-12776,Control,1,80.09,281.2,1,0,1
USR-12777,Control,0,0.0,75.8,0,0,0
USR-12778,Control,0,0.0,155.2,0,0,0
USR-12779,Control,1,148.77,266.6,4,0,0
USR-12780,Control,0,0.0,10.0,0,1,0
USR-12781,Treatment,0,0.0,111.9,0,0,0
USR-12782,Treatment,0,0.0,83.3,0,0,0
USR-12783,Treatment,0,0.0,20.1,0,1,0
USR-12784,Treatment,1,53.3,260.5,1,0,0
USR-12785,Control,0,0.0,12.2,0,1,0
USR-12786,Treatment,0,0.0,77.1,0,0,0
USR-12787,Control,0,0.0,14.6,0,1,0
USR-12788,Treatment,0,0.0,181.1,0,0,0
USR-12789,Treatment,1,237.64,265.7,4,0,0
USR-12790,Treatment,0,0.0,130.2,0,0,0
USR-12791,Treatment,0,0.0,143.5,0,0,0
USR-12792,Treatment,0,0.0,103.6,0,0,0
USR-12793,Control,0,0.0,132.8,0,0,0
USR-12794,Control,0,0.0,147.0,0,0,0
USR-12795,Treatment,1,34.99,197.1,1,0,0
USR-12796,Control,0,0.0,106.7,0,0,0
USR-12797,Treatment,0,0.0,17.0,0,1,0
USR-12798,Treatment,0,0.0,20.4,0,1,0
USR-12799,Control,0,0.0,94.0,0,0,0
USR-12800,Treatment,0,0.0,19.8,0,1,0
USR-12801,Treatment,1,89.09,206.0,2,0,0
USR-12802,Treatment,0,0.0,20.2,0,1,0
USR-12803,Treatment,0,0.0,10.2,0,1,0
USR-12804,Treatment,0,0.0,88.5,0,0,0
USR-12805,Treatment,0,0.0,100.4,0,0,0
USR-12806,Treatment,0,0.0,95.1,0,0,0
USR-12807,Control,0,0.0,5.1,0,1,0
USR-12808,Control,1,107.02,239.7,4,0,0
USR-12809,Treatment,0,0.0,119.9,0,0,0
USR-12810,Control,0,0.0,5.3,0,1,0
USR-12811,Treatment,0,0.0,100.4,0,0,0
USR-12812,Treatment,0,0.0,107.4,0,0,0
USR-12813,Control,0,0.0,24.4,0,1,0
USR-12814,Treatment,0,0.0,16.5,0,1,0
USR-12815,Treatment,0,0.0,17.9,0,1,0
USR-12816,Control,0,0.0,8.8,0,1,0
USR-12817,Control,0,0.0,162.6,0,0,0
USR-12818,Control,1,64.73,293.8,1,0,0
USR-12819,Control,0,0.0,11.5,0,1,0
USR-12820,Treatment,0,0.0,103.7,0,0,0
USR-12821,Control,0,0.0,19.0,0,1,0
USR-12822,Treatment,0,0.0,93.2,0,0,0
USR-12823,Control,0,0.0,11.6,0,1,0
USR-12824,Control,0,0.0,15.7,0,1,0
USR-12825,Treatment,0,0.0,146.4,0,0,0
USR-12826,Treatment,0,0.0,16.8,0,1,0
USR-12827,Control,0,0.0,15.9,0,1,0
USR-12828,Control,0,0.0,13.9,0,1,0
USR-12829,Control,0,0.0,138.4,0,0,0
USR-12830,Control,0,0.0,106.4,0,0,0
USR-12831,Treatment,0,0.0,16.9,0,1,0
USR-12832,Control,0,0.0,12.0,0,1,0
USR-12833,Control,0,0.0,15.0,0,1,0
USR-12834,Control,0,0.0,20.6,0,1,0
USR-12835,Treatment,0,0.0,117.0,0,0,0
USR-12836,Treatment,0,0.0,58.9,0,0,0
USR-12837,Control,0,0.0,127.4,0,0,0
USR-12838,Treatment,0,0.0,48.9,0,0,0
USR-12839,Control,0,0.0,125.6,0,0,0
USR-12840,Control,0,0.0,7.5,0,1,0
USR-12841,Treatment,0,0.0,121.6,0,0,0
USR-12842,Treatment,0,0.0,158.7,0,0,0
USR-12843,Treatment,0,0.0,81.3,0,0,0
USR-12844,Treatment,0,0.0,160.3,0,0,0
USR-12845,Control,0,0.0,102.6,0,0,0
USR-12846,Treatment,0,0.0,15.3,0,1,0
USR-12847,Control,0,0.0,88.9,0,0,0
USR-12848,Treatment,0,0.0,15.4,0,1,0
USR-12849,Control,0,0.0,87.7,0,0,0
USR-12850,Treatment,0,0.0,13.8,0,1,0
USR-12851,Control,0,0.0,104.3,0,0,0
USR-12852,Control,0,0.0,106.5,0,0,0
USR-12853,Treatment,0,0.0,137.4,0,0,0
USR-12854,Control,0,0.0,10.6,0,1,0
USR-12855,Treatment,0,0.0,143.3,0,0,0
USR-12856,Control,0,0.0,98.3,0,0,0
USR-12857,Control,0,0.0,83.3,0,0,0
USR-12858,Control,0,0.0,131.6,0,0,0
USR-12859,Control,0,0.0,97.8,0,0,0
USR-12860,Treatment,0,0.0,9.6,0,1,0
USR-12861,Control,0,0.0,8.6,0,1,0
USR-12862,Treatment,0,0.0,97.9,0,0,0
USR-12863,Treatment,0,0.0,144.0,0,0,0
USR-12864,Control,0,0.0,13.4,0,1,0
USR-12865,Treatment,0,0.0,174.5,0,0,0
USR-12866,Treatment,0,0.0,85.5,0,0,0
USR-12867,Treatment,0,0.0,22.8,0,1,0
USR-12868,Control,1,20.84,256.1,1,0,1
USR-12869,Control,0,0.0,18.6,0,1,0
USR-12870,Treatment,0,0.0,135.0,0,0,0
USR-12871,Treatment,0,0.0,13.3,0,1,0
USR-12872,Treatment,0,0.0,19.8,0,1,0
USR-12873,Control,0,0.0,76.1,0,0,0
USR-12874,Treatment,0,0.0,96.0,0,0,0
USR-12875,Control,0,0.0,6.0,0,1,0
USR-12876,Control,0,0.0,129.4,0,0,0
USR-12877,Control,0,0.0,82.4,0,0,0
USR-12878,Treatment,0,0.0,8.9,0,1,0
USR-12879,Control,0,0.0,115.0,0,0,0
USR-12880,Control,0,0.0,16.9,0,1,0
USR-12881,Treatment,0,0.0,13.9,0,1,0
USR-12882,Control,0,0.0,97.0,0,0,0
USR-12883,Control,0,0.0,115.9,0,0,0
USR-12884,Control,0,0.0,100.6,0,0,0
USR-12885,Treatment,0,0.0,12.4,0,1,0
USR-12886,Treatment,0,0.0,104.4,0,0,0
USR-12887,Control,0,0.0,155.2,0,0,0
USR-12888,Treatment,0,0.0,107.6,0,0,0
USR-12889,Treatment,0,0.0,137.3,0,0,0
USR-12890,Control,0,0.0,15.3,0,1,0
USR-12891,Treatment,0,0.0,21.7,0,1,0
USR-12892,Treatment,0,0.0,87.1,0,0,0
USR-12893,Treatment,0,0.0,8.1,0,1,0
USR-12894,Control,0,0.0,101.2,0,0,0
USR-12895,Treatment,1,18.26,302.1,1,0,0
USR-12896,Treatment,0,0.0,147.8,0,0,0
USR-12897,Control,0,0.0,12.2,0,1,0
USR-12898,Control,0,0.0,135.5,0,0,0
USR-12899,Control,0,0.0,159.1,0,0,0
USR-12900,Control,0,0.0,88.5,0,0,0
USR-12901,Treatment,0,0.0,131.1,0,0,0
USR-12902,Control,0,0.0,20.5,0,1,0
USR-12903,Control,0,0.0,94.8,0,0,0
USR-12904,Treatment,0,0.0,130.0,0,0,0
USR-12905,Control,0,0.0,18.1,0,1,0
USR-12906,Treatment,0,0.0,115.5,0,0,0
USR-12907,Control,0,0.0,136.5,0,0,0
USR-12908,Control,0,0.0,68.0,0,0,0
USR-12909,Control,0,0.0,15.6,0,1,0
USR-12910,Control,0,0.0,24.0,0,1,0
USR-12911,Control,0,0.0,16.7,0,1,0
USR-12912,Treatment,0,0.0,100.4,0,0,0
USR-12913,Treatment,0,0.0,9.9,0,1,0
USR-12914,Control,0,0.0,14.0,0,1,0
USR-12915,Treatment,0,0.0,14.4,0,1,0
USR-12916,Treatment,1,94.47,318.5,1,0,0
USR-12917,Treatment,0,0.0,150.4,0,0,0
USR-12918,Control,0,0.0,147.5,0,0,0
USR-12919,Control,0,0.0,15.7,0,1,0
USR-12920,Control,0,0.0,21.9,0,1,0
USR-12921,Treatment,0,0.0,21.6,0,0,0
USR-12922,Treatment,0,0.0,12.6,0,1,0
USR-12923,Control,0,0.0,116.5,0,0,0
USR-12924,Control,0,0.0,83.3,0,0,0
USR-12925,Treatment,0,0.0,10.1,0,1,0
USR-12926,Treatment,0,0.0,14.3,0,1,0
USR-12927,Treatment,0,0.0,134.7,0,0,0
USR-12928,Treatment,1,31.72,156.1,1,0,0
USR-12929,Control,0,0.0,107.2,0,0,0
USR-12930,Treatment,0,0.0,83.7,0,0,0
USR-12931,Treatment,0,0.0,120.8,0,0,0
USR-12932,Control,0,0.0,66.8,0,0,0
USR-12933,Treatment,0,0.0,93.5,0,0,0
USR-12934,Treatment,0,0.0,18.3,0,1,0
USR-12935,Control,0,0.0,121.5,0,0,0
USR-12936,Treatment,0,0.0,114.8,0,0,0
USR-12937,Treatment,0,0.0,19.2,0,1,0
USR-12938,Treatment,0,0.0,40.5,0,0,0
USR-12939,Control,0,0.0,139.3,0,0,0
USR-12940,Control,0,0.0,19.2,0,1,0
USR-12941,Treatment,1,42.41,264.8,1,0,1
USR-12942,Control,0,0.0,91.7,0,0,0
USR-12943,Treatment,0,0.0,11.3,0,1,0
USR-12944,Treatment,0,0.0,22.9,0,1,0
USR-12945,Control,0,0.0,70.0,0,0,0
USR-12946,Treatment,0,0.0,12.3,0,1,0
USR-12947,Treatment,0,0.0,5.5,0,1,0
USR-12948,Control,1,21.54,131.9,1,0,0
USR-12949,Treatment,0,0.0,6.9,0,1,0
USR-12950,Treatment,0,0.0,128.3,0,0,0
USR-12951,Treatment,0,0.0,64.2,0,0,0
USR-12952,Treatment,0,0.0,17.2,0,1,0
USR-12953,Control,0,0.0,164.3,0,0,0
USR-12954,Treatment,0,0.0,152.0,0,0,0
USR-12955,Treatment,0,0.0,127.8,0,0,0
USR-12956,Treatment,0,0.0,190.8,0,0,0
USR-12957,Treatment,0,0.0,17.5,0,1,0
USR-12958,Control,0,0.0,14.8,0,1,0
USR-12959,Treatment,0,0.0,22.9,0,1,0
USR-12960,Control,0,0.0,99.2,0,0,0
USR-12961,Control,0,0.0,23.6,0,1,0
USR-12962,Control,0,0.0,15.0,0,1,0
USR-12963,Treatment,0,0.0,15.2,0,1,0
USR-12964,Treatment,0,0.0,10.2,0,1,0
USR-12965,Treatment,0,0.0,18.6,0,1,0
USR-12966,Treatment,0,0.0,129.0,0,0,0
USR-12967,Treatment,0,0.0,116.3,0,0,0
USR-12968,Treatment,0,0.0,115.8,0,0,0
USR-12969,Control,0,0.0,19.0,0,1,0
USR-12970,Control,0,0.0,115.7,0,0,0
USR-12971,Control,0,0.0,83.8,0,0,0
USR-12972,Treatment,0,0.0,67.7,0,0,0
USR-12973,Treatment,0,0.0,144.6,0,0,0
USR-12974,Control,0,0.0,137.4,0,0,0
USR-12975,Control,1,61.51,301.0,2,0,0
USR-12976,Treatment,0,0.0,19.1,0,1,0
USR-12977,Control,0,0.0,61.6,0,0,0
USR-12978,Treatment,0,0.0,101.7,0,0,0
USR-12979,Treatment,0,0.0,138.4,0,0,0
USR-12980,Control,0,0.0,15.6,0,1,0
USR-12981,Control,1,66.87,290.7,1,0,0
USR-12982,Treatment,0,0.0,7.0,0,1,0
USR-12983,Treatment,0,0.0,10.4,0,1,0
USR-12984,Treatment,0,0.0,11.3,0,1,0
USR-12985,Treatment,0,0.0,122.3,0,0,0
USR-12986,Control,0,0.0,105.9,0,0,0
USR-12987,Treatment,0,0.0,22.4,0,1,0
USR-12988,Treatment,0,0.0,89.9,0,0,0
USR-12989,Treatment,0,0.0,12.3,0,1,0
USR-12990,Control,0,0.0,11.8,0,1,0
USR-12991,Treatment,0,0.0,23.0,0,1,0
USR-12992,Treatment,0,0.0,162.7,0,0,0
USR-12993,Control,0,0.0,24.1,0,1,0
USR-12994,Control,0,0.0,24.0,0,1,0
USR-12995,Treatment,0,0.0,9.8,0,1,0
USR-12996,Control,0,0.0,9.9,0,1,0
USR-12997,Control,0,0.0,12.2,0,1,0
USR-12998,Control,0,0.0,126.3,0,0,0
USR-12999,Treatment,0,0.0,21.5,0,1,0
USR-13000,Treatment,0,0.0,91.6,0,0,0
USR-13001,Treatment,0,0.0,99.7,0,0,0
USR-13002,Control,0,0.0,17.1,0,1,0
USR-13003,Treatment,0,0.0,108.3,0,0,0
USR-13004,Treatment,0,0.0,144.6,0,0,0
USR-13005,Treatment,0,0.0,23.1,0,1,0
USR-13006,Treatment,0,0.0,88.2,0,0,0
USR-13007,Control,0,0.0,11.4,0,1,0
USR-13008,Treatment,0,0.0,143.1,0,0,0
USR-13009,Control,0,0.0,22.4,0,1,0
USR-13010,Treatment,0,0.0,111.4,0,0,0
USR-13011,Control,0,0.0,84.2,0,0,0
USR-13012,Control,0,0.0,132.1,0,0,0
USR-13013,Control,0,0.0,9.7,0,1,0
USR-13014,Treatment,1,39.07,247.0,1,0,0
USR-13015,Control,0,0.0,5.9,0,1,0
USR-13016,Treatment,0,0.0,120.5,0,0,0
USR-13017,Control,0,0.0,8.7,0,1,0
USR-13018,Control,0,0.0,14.6,0,1,0
USR-13019,Treatment,0,0.0,7.3,0,1,0
USR-13020,Control,0,0.0,96.6,0,0,0
USR-13021,Control,0,0.0,107.5,0,0,0
USR-13022,Treatment,0,0.0,19.8,0,1,0
USR-13023,Control,1,31.66,188.3,1,0,0
USR-13024,Control,0,0.0,15.6,0,1,0
USR-13025,Control,0,0.0,116.1,0,0,0
USR-13026,Treatment,0,0.0,12.7,0,1,0
USR-13027,Treatment,0,0.0,16.6,0,1,0
USR-13028,Treatment,0,0.0,5.9,0,1,0
USR-13029,Treatment,0,0.0,19.2,0,1,0
USR-13030,Control,0,0.0,101.6,0,0,0
USR-13031,Control,0,0.0,112.2,0,0,0
USR-13032,Treatment,0,0.0,72.8,0,0,0
USR-13033,Control,0,0.0,157.1,0,0,0
USR-13034,Control,1,36.03,208.7,1,0,0
USR-13035,Control,0,0.0,23.4,0,1,0
USR-13036,Control,0,0.0,166.9,0,0,0
USR-13037,Treatment,0,0.0,69.2,0,0,0
USR-13038,Control,0,0.0,164.1,0,0,0
USR-13039,Treatment,0,0.0,14.9,0,1,0
USR-13040,Control,0,0.0,97.5,0,0,0
USR-13041,Treatment,0,0.0,156.1,0,0,0
USR-13042,Control,0,0.0,6.7,0,1,0
USR-13043,Control,0,0.0,110.2,0,0,0
USR-13044,Treatment,0,0.0,19.9,0,1,0
USR-13045,Treatment,0,0.0,92.2,0,0,0
USR-13046,Control,0,0.0,165.0,0,0,0
USR-13047,Control,0,0.0,65.6,0,0,0
USR-13048,Control,0,0.0,76.7,0,0,0
USR-13049,Control,0,0.0,79.9,0,0,0
USR-13050,Control,0,0.0,18.0,0,1,0
USR-13051,Control,0,0.0,21.6,0,1,0
USR-13052,Control,0,0.0,16.3,0,1,0
USR-13053,Control,0,0.0,85.7,0,0,0
USR-13054,Treatment,0,0.0,24.1,0,1,0
USR-13055,Treatment,1,43.26,205.4,1,0,0
USR-13056,Treatment,0,0.0,127.3,0,0,0
USR-13057,Control,0,0.0,97.9,0,0,0
USR-13058,Control,0,0.0,104.7,0,0,0
USR-13059,Treatment,0,0.0,11.4,0,1,0
USR-13060,Control,0,0.0,169.3,0,0,0
USR-13061,Control,0,0.0,23.5,0,1,0
USR-13062,Treatment,0,0.0,112.8,0,0,0
USR-13063,Treatment,0,0.0,74.4,0,0,0
USR-13064,Treatment,0,0.0,137.5,0,0,0
USR-13065,Control,0,0.0,136.2,0,0,0
USR-13066,Control,0,0.0,20.7,0,1,0
USR-13067,Treatment,0,0.0,69.0,0,0,0
USR-13068,Control,0,0.0,14.1,0,1,0
USR-13069,Treatment,0,0.0,6.4,0,1,0
USR-13070,Treatment,0,0.0,86.0,0,0,0
USR-13071,Treatment,0,0.0,105.9,0,0,0
USR-13072,Control,0,0.0,116.0,0,0,0
USR-13073,Control,0,0.0,14.9,0,1,0
USR-13074,Treatment,0,0.0,130.3,0,0,0
USR-13075,Treatment,0,0.0,5.8,0,1,0
USR-13076,Treatment,0,0.0,156.5,0,0,0
USR-13077,Control,0,0.0,15.7,0,1,0
USR-13078,Control,0,0.0,24.1,0,1,0
USR-13079,Treatment,0,0.0,150.6,0,0,0
USR-13080,Treatment,0,0.0,102.9,0,0,0
USR-13081,Treatment,0,0.0,17.0,0,1,0
USR-13082,Control,0,0.0,130.7,0,0,0
USR-13083,Treatment,0,0.0,145.2,0,0,0
USR-13084,Treatment,0,0.0,13.8,0,1,0
USR-13085,Treatment,0,0.0,9.8,0,1,0
USR-13086,Control,0,0.0,21.3,0,1,0
USR-13087,Control,0,0.0,96.0,0,0,0
USR-13088,Treatment,0,0.0,122.8,0,0,0
USR-13089,Control,0,0.0,110.6,0,0,0
USR-13090,Control,0,0.0,10.6,0,1,0
USR-13091,Treatment,0,0.0,83.6,0,0,0
USR-13092,Control,0,0.0,20.6,0,1,0
USR-13093,Treatment,0,0.0,85.1,0,0,0
USR-13094,Control,0,0.0,96.6,0,0,0
USR-13095,Treatment,0,0.0,151.6,0,0,0
USR-13096,Treatment,0,0.0,176.8,0,0,0
USR-13097,Control,0,0.0,16.5,0,1,0
USR-13098,Control,0,0.0,22.3,0,1,0
USR-13099,Control,0,0.0,6.3,0,1,0
USR-13100,Control,0,0.0,12.1,0,1,0
USR-13101,Treatment,0,0.0,83.0,0,0,0
USR-13102,Treatment,0,0.0,16.9,0,1,0
USR-13103,Control,1,58.54,199.3,2,0,0
USR-13104,Control,0,0.0,118.2,0,0,0
USR-13105,Control,0,0.0,104.5,0,0,0
USR-13106,Treatment,0,0.0,22.9,0,1,0
USR-13107,Control,0,0.0,124.6,0,0,0
USR-13108,Treatment,0,0.0,133.0,0,0,0
USR-13109,Treatment,0,0.0,129.6,0,0,0
USR-13110,Treatment,0,0.0,6.6,0,1,0
USR-13111,Control,0,0.0,86.0,0,0,0
USR-13112,Treatment,0,0.0,160.5,0,0,0
USR-13113,Control,0,0.0,132.9,0,0,0
USR-13114,Control,0,0.0,11.5,0,1,0
USR-13115,Treatment,0,0.0,110.6,0,0,0
USR-13116,Treatment,0,0.0,19.0,0,1,0
USR-13117,Control,0,0.0,17.2,0,1,0
USR-13118,Control,0,0.0,124.1,0,0,0
USR-13119,Control,0,0.0,90.4,0,0,0
USR-13120,Control,0,0.0,17.2,0,1,0
USR-13121,Control,0,0.0,20.3,0,1,0
USR-13122,Control,0,0.0,12.0,0,1,0
USR-13123,Control,0,0.0,98.9,0,0,0
USR-13124,Treatment,0,0.0,24.6,0,1,0
USR-13125,Treatment,0,0.0,55.8,0,0,0
USR-13126,Treatment,0,0.0,15.6,0,1,0
USR-13127,Control,0,0.0,145.3,0,0,0
USR-13128,Treatment,0,0.0,153.5,0,0,0
USR-13129,Treatment,0,0.0,110.3,0,0,0
USR-13130,Treatment,1,53.02,236.0,1,0,0
USR-13131,Treatment,0,0.0,89.2,0,0,0
USR-13132,Treatment,0,0.0,13.8,0,1,0
USR-13133,Treatment,0,0.0,106.7,0,0,0
USR-13134,Control,0,0.0,11.2,0,1,0
USR-13135,Treatment,0,0.0,82.9,0,0,0
USR-13136,Treatment,0,0.0,9.6,0,1,0
USR-13137,Treatment,0,0.0,83.7,0,0,0
USR-13138,Treatment,0,0.0,135.1,0,0,0
USR-13139,Control,0,0.0,97.4,0,0,0
USR-13140,Control,0,0.0,121.7,0,0,0
USR-13141,Treatment,0,0.0,147.3,0,0,0
USR-13142,Treatment,1,20.81,178.7,1,0,0
USR-13143,Treatment,0,0.0,13.3,0,1,0
USR-13144,Control,0,0.0,17.2,0,1,0
USR-13145,Control,0,0.0,9.2,0,1,0
USR-13146,Treatment,0,0.0,22.8,0,1,0
USR-13147,Treatment,0,0.0,126.7,0,0,0
USR-13148,Treatment,0,0.0,15.7,0,1,0
USR-13149,Control,0,0.0,147.9,0,0,0
USR-13150,Treatment,0,0.0,109.7,0,0,0
USR-13151,Control,0,0.0,17.2,0,1,0
USR-13152,Treatment,0,0.0,138.9,0,0,0
USR-13153,Control,0,0.0,82.4,0,0,0
USR-13154,Control,0,0.0,80.6,0,0,0
USR-13155,Treatment,0,0.0,115.9,0,0,0
USR-13156,Treatment,0,0.0,24.4,0,1,0
USR-13157,Control,0,0.0,17.5,0,1,0
USR-13158,Treatment,0,0.0,79.6,0,0,0
USR-13159,Control,0,0.0,142.9,0,0,0
USR-13160,Control,0,0.0,29.8,0,0,0
USR-13161,Control,0,0.0,7.4,0,1,0
USR-13162,Control,0,0.0,14.7,0,1,0
USR-13163,Treatment,0,0.0,109.1,0,0,0
USR-13164,Control,0,0.0,102.4,0,0,0
USR-13165,Control,0,0.0,71.9,0,0,0
USR-13166,Treatment,0,0.0,6.8,0,1,0
USR-13167,Control,0,0.0,123.5,0,0,0
USR-13168,Treatment,0,0.0,151.3,0,0,0
USR-13169,Control,0,0.0,86.8,0,0,0
USR-13170,Treatment,1,47.86,229.1,1,0,0
USR-13171,Control,1,46.18,225.0,1,0,0
USR-13172,Control,0,0.0,109.3,0,0,0
USR-13173,Control,0,0.0,17.9,0,1,0
USR-13174,Control,0,0.0,87.8,0,0,0
USR-13175,Control,0,0.0,144.3,0,0,0
USR-13176,Treatment,0,0.0,163.9,0,0,0
USR-13177,Treatment,0,0.0,14.9,0,1,0
USR-13178,Treatment,0,0.0,7.6,0,1,0
USR-13179,Treatment,0,0.0,7.5,0,1,0
USR-13180,Control,1,178.27,273.1,4,0,0
USR-13181,Control,0,0.0,99.4,0,0,0
USR-13182,Control,0,0.0,69.0,0,0,0
USR-13183,Control,0,0.0,132.0,0,0,0
USR-13184,Treatment,0,0.0,5.5,0,1,0
USR-13185,Treatment,0,0.0,20.8,0,1,0
USR-13186,Control,0,0.0,23.4,0,1,0
USR-13187,Control,0,0.0,149.0,0,0,0
USR-13188,Treatment,0,0.0,157.4,0,0,0
USR-13189,Treatment,0,0.0,7.0,0,1,0
USR-13190,Control,0,0.0,95.9,0,0,0
USR-13191,Treatment,0,0.0,129.4,0,0,0
USR-13192,Treatment,0,0.0,11.8,0,1,0
USR-13193,Control,0,0.0,148.3,0,0,0
USR-13194,Control,0,0.0,111.0,0,0,0
USR-13195,Treatment,1,41.46,290.1,1,0,0
USR-13196,Treatment,0,0.0,9.5,0,1,0
USR-13197,Treatment,0,0.0,147.8,0,0,0
USR-13198,Control,0,0.0,11.9,0,1,0
USR-13199,Control,0,0.0,15.3,0,1,0
USR-13200,Treatment,0,0.0,14.8,0,1,0
USR-13201,Treatment,0,0.0,104.2,0,0,0
USR-13202,Control,0,0.0,24.4,0,1,0
USR-13203,Treatment,0,0.0,78.6,0,0,0
USR-13204,Treatment,1,90.36,222.6,1,0,0
USR-13205,Treatment,0,0.0,17.9,0,1,0
USR-13206,Treatment,0,0.0,122.4,0,0,0
USR-13207,Treatment,0,0.0,137.8,0,0,0
USR-13208,Control,0,0.0,13.7,0,1,0
USR-13209,Treatment,0,0.0,122.5,0,0,0
USR-13210,Control,0,0.0,137.7,0,0,0
USR-13211,Treatment,0,0.0,24.0,0,1,0
USR-13212,Control,1,173.02,283.5,3,0,0
USR-13213,Treatment,0,0.0,125.6,0,0,0
USR-13214,Control,0,0.0,6.9,0,1,0
USR-13215,Control,0,0.0,107.5,0,0,0
USR-13216,Control,0,0.0,123.4,0,0,0
USR-13217,Control,0,0.0,97.8,0,0,0
USR-13218,Treatment,0,0.0,17.4,0,1,0
USR-13219,Treatment,0,0.0,135.2,0,0,0
USR-13220,Treatment,0,0.0,88.2,0,0,0
USR-13221,Control,0,0.0,125.8,0,0,0
USR-13222,Control,0,0.0,87.7,0,0,0
USR-13223,Control,0,0.0,22.0,0,1,0
USR-13224,Control,0,0.0,66.6,0,0,0
USR-13225,Treatment,0,0.0,158.6,0,0,0
USR-13226,Control,0,0.0,104.9,0,0,0
USR-13227,Control,0,0.0,115.1,0,0,0
USR-13228,Control,0,0.0,89.9,0,0,0
USR-13229,Control,0,0.0,64.0,0,0,0
USR-13230,Treatment,0,0.0,55.1,0,0,0
USR-13231,Treatment,0,0.0,117.9,0,0,0
USR-13232,Control,0,0.0,21.9,0,1,0
USR-13233,Control,1,23.25,203.7,1,0,0
USR-13234,Control,1,38.26,274.7,1,0,0
USR-13235,Control,0,0.0,24.6,0,1,0
USR-13236,Control,0,0.0,138.0,0,0,0
USR-13237,Treatment,0,0.0,117.2,0,0,0
USR-13238,Treatment,0,0.0,122.6,0,0,0
USR-13239,Treatment,0,0.0,102.5,0,0,0
USR-13240,Control,0,0.0,96.6,0,0,0
USR-13241,Control,1,69.03,203.7,1,0,1
USR-13242,Treatment,0,0.0,15.1,0,1,0
USR-13243,Treatment,0,0.0,137.8,0,0,0
USR-13244,Treatment,0,0.0,99.1,0,0,0
USR-13245,Control,0,0.0,108.4,0,0,0
USR-13246,Treatment,0,0.0,86.2,0,0,0
USR-13247,Control,0,0.0,92.7,0,0,0
USR-13248,Treatment,0,0.0,145.5,0,0,0
USR-13249,Treatment,0,0.0,88.9,0,0,0
USR-13250,Treatment,0,0.0,21.9,0,1,0
USR-13251,Control,0,0.0,108.1,0,0,0
USR-13252,Treatment,0,0.0,89.0,0,0,0
USR-13253,Control,0,0.0,21.4,0,1,0
USR-13254,Control,0,0.0,83.1,0,0,0
USR-13255,Control,0,0.0,12.3,0,1,0
USR-13256,Treatment,0,0.0,23.7,0,1,0
USR-13257,Control,0,0.0,118.1,0,0,0
USR-13258,Control,0,0.0,18.8,0,1,0
USR-13259,Treatment,0,0.0,94.7,0,0,0
USR-13260,Control,0,0.0,130.3,0,0,0
USR-13261,Treatment,0,0.0,149.2,0,0,0
USR-13262,Control,0,0.0,12.4,0,1,0
USR-13263,Control,0,0.0,15.5,0,1,0
USR-13264,Treatment,0,0.0,86.4,0,0,0
USR-13265,Control,0,0.0,100.2,0,0,0
USR-13266,Control,0,0.0,175.2,0,0,0
USR-13267,Treatment,0,0.0,86.3,0,0,0
USR-13268,Treatment,0,0.0,104.3,0,0,0
USR-13269,Treatment,0,0.0,186.5,0,0,0
USR-13270,Control,0,0.0,10.6,0,1,0
USR-13271,Control,0,0.0,22.6,0,1,0
USR-13272,Treatment,0,0.0,19.0,0,1,0
USR-13273,Treatment,0,0.0,121.8,0,0,0
USR-13274,Treatment,0,0.0,129.3,0,0,0
USR-13275,Treatment,0,0.0,10.9,0,1,0
USR-13276,Treatment,1,260.66,267.9,3,0,0
USR-13277,Control,0,0.0,5.8,0,1,0
USR-13278,Control,1,45.38,253.8,2,0,0
USR-13279,Treatment,0,0.0,10.6,0,1,0
USR-13280,Control,0,0.0,39.0,0,0,0
USR-13281,Control,1,116.53,246.6,1,0,0
USR-13282,Treatment,0,0.0,109.3,0,0,0
USR-13283,Treatment,0,0.0,127.5,0,0,0
USR-13284,Control,0,0.0,20.2,0,1,0
USR-13285,Control,0,0.0,5.8,0,1,0
USR-13286,Control,0,0.0,102.8,0,0,0
USR-13287,Treatment,0,0.0,8.5,0,1,0
USR-13288,Treatment,0,0.0,142.9,0,0,0
USR-13289,Control,0,0.0,7.1,0,1,0
USR-13290,Control,0,0.0,101.9,0,0,0
USR-13291,Treatment,0,0.0,22.2,0,1,0
USR-13292,Control,0,0.0,18.1,0,1,0
USR-13293,Treatment,0,0.0,122.6,0,0,0
USR-13294,Treatment,0,0.0,19.7,0,1,0
USR-13295,Control,0,0.0,156.3,0,0,0
USR-13296,Treatment,0,0.0,143.0,0,0,0
USR-13297,Control,0,0.0,18.9,0,1,0
USR-13298,Control,0,0.0,95.7,0,0,0
USR-13299,Treatment,0,0.0,112.1,0,0,0
USR-13300,Control,0,0.0,151.9,0,0,0
USR-13301,Treatment,0,0.0,140.8,0,0,0
USR-13302,Treatment,0,0.0,121.3,0,0,0
USR-13303,Control,0,0.0,21.3,0,1,0
USR-13304,Control,0,0.0,10.4,0,1,0
USR-13305,Control,1,33.63,208.7,1,0,1
USR-13306,Control,1,58.54,256.0,2,0,0
USR-13307,Control,0,0.0,11.3,0,1,0
USR-13308,Control,0,0.0,8.0,0,1,0
USR-13309,Control,0,0.0,178.7,0,0,0
USR-13310,Treatment,0,0.0,110.7,0,0,0
USR-13311,Treatment,0,0.0,169.7,0,0,0
USR-13312,Treatment,1,52.37,250.4,1,0,0
USR-13313,Control,0,0.0,101.2,0,0,0
USR-13314,Control,0,0.0,21.1,0,1,0
USR-13315,Treatment,0,0.0,23.3,0,1,0
USR-13316,Control,0,0.0,15.9,0,1,0
USR-13317,Control,0,0.0,126.5,0,0,0
USR-13318,Treatment,0,0.0,79.7,0,0,0
USR-13319,Treatment,0,0.0,110.5,0,0,0
USR-13320,Treatment,0,0.0,111.8,0,0,0
USR-13321,Control,0,0.0,156.5,0,0,0
USR-13322,Treatment,0,0.0,79.1,0,0,0
USR-13323,Treatment,0,0.0,165.2,0,0,0
USR-13324,Treatment,0,0.0,159.3,0,0,0
USR-13325,Treatment,0,0.0,11.8,0,1,0
USR-13326,Treatment,0,0.0,145.3,0,0,0
USR-13327,Treatment,0,0.0,21.4,0,1,0
USR-13328,Control,0,0.0,135.8,0,0,0
USR-13329,Treatment,0,0.0,9.3,0,1,0
USR-13330,Treatment,0,0.0,82.1,0,0,0
USR-13331,Treatment,0,0.0,134.2,0,0,0
USR-13332,Control,0,0.0,16.6,0,1,0
USR-13333,Control,1,129.27,256.5,4,0,0
USR-13334,Treatment,0,0.0,5.5,0,1,0
USR-13335,Treatment,0,0.0,130.6,0,0,0
USR-13336,Treatment,0,0.0,158.7,0,0,0
USR-13337,Treatment,1,118.37,239.3,1,0,0
USR-13338,Treatment,0,0.0,141.5,0,0,0
USR-13339,Treatment,0,0.0,170.5,0,0,0
USR-13340,Treatment,0,0.0,147.6,0,0,0
USR-13341,Treatment,0,0.0,113.3,0,0,0
USR-13342,Treatment,0,0.0,112.2,0,0,0
USR-13343,Control,0,0.0,135.1,0,0,0
USR-13344,Control,0,0.0,106.2,0,0,0
USR-13345,Treatment,0,0.0,112.0,0,0,0
USR-13346,Control,0,0.0,8.9,0,1,0
USR-13347,Control,0,0.0,142.6,0,0,0
USR-13348,Control,0,0.0,176.9,0,0,0
USR-13349,Control,0,0.0,99.4,0,0,0
USR-13350,Control,0,0.0,118.3,0,0,0
USR-13351,Control,0,0.0,172.6,0,0,0
USR-13352,Treatment,0,0.0,96.4,0,0,0
USR-13353,Treatment,0,0.0,121.2,0,0,0
USR-13354,Control,0,0.0,10.6,0,1,0
USR-13355,Control,0,0.0,112.6,0,0,0
USR-13356,Treatment,0,0.0,21.9,0,1,0
USR-13357,Control,0,0.0,9.2,0,1,0
USR-13358,Treatment,0,0.0,5.3,0,1,0
USR-13359,Treatment,0,0.0,19.0,0,1,0
USR-13360,Treatment,0,0.0,17.3,0,1,0
USR-13361,Control,0,0.0,62.4,0,0,0
USR-13362,Treatment,0,0.0,121.8,0,0,0
USR-13363,Control,0,0.0,12.9,0,1,0
USR-13364,Treatment,0,0.0,10.4,0,1,0
USR-13365,Treatment,0,0.0,18.7,0,1,0
USR-13366,Control,0,0.0,77.3,0,0,0
USR-13367,Control,0,0.0,114.9,0,0,0
USR-13368,Control,0,0.0,11.5,0,1,0
USR-13369,Treatment,0,0.0,106.6,0,0,0
USR-13370,Control,0,0.0,113.2,0,0,0
USR-13371,Treatment,0,0.0,134.0,0,0,0
USR-13372,Control,1,46.45,231.5,1,0,0
USR-13373,Treatment,0,0.0,84.6,0,0,0
USR-13374,Treatment,0,0.0,82.0,0,0,0
USR-13375,Treatment,0,0.0,109.4,0,0,0
USR-13376,Treatment,0,0.0,127.9,0,0,0
USR-13377,Control,0,0.0,8.8,0,1,0
USR-13378,Control,0,0.0,19.5,0,1,0
USR-13379,Treatment,0,0.0,146.1,0,0,0
USR-13380,Control,0,0.0,118.1,0,0,0
USR-13381,Control,0,0.0,19.4,0,1,0
USR-13382,Control,0,0.0,157.5,0,0,0
USR-13383,Control,0,0.0,17.2,0,1,0
USR-13384,Control,0,0.0,24.7,0,1,0
USR-13385,Treatment,0,0.0,11.0,0,1,0
USR-13386,Control,0,0.0,18.6,0,1,0
USR-13387,Treatment,0,0.0,14.0,0,1,0
USR-13388,Control,0,0.0,57.3,0,0,0
USR-13389,Treatment,0,0.0,122.4,0,0,0
USR-13390,Control,0,0.0,9.0,0,1,0
USR-13391,Treatment,0,0.0,102.5,0,0,0
USR-13392,Treatment,0,0.0,104.0,0,0,0
USR-13393,Control,0,0.0,143.7,0,0,0
USR-13394,Treatment,0,0.0,23.8,0,1,0
USR-13395,Treatment,0,0.0,128.5,0,0,0
USR-13396,Treatment,0,0.0,99.3,0,0,0
USR-13397,Treatment,0,0.0,107.5,0,0,0
USR-13398,Control,0,0.0,88.1,0,0,0
USR-13399,Treatment,1,59.1,251.8,1,0,0
USR-13400,Control,0,0.0,6.8,0,1,0
USR-13401,Control,0,0.0,15.7,0,1,0
USR-13402,Treatment,0,0.0,150.7,0,0,0
USR-13403,Control,0,0.0,162.8,0,0,0
USR-13404,Treatment,0,0.0,96.5,0,0,0
USR-13405,Treatment,0,0.0,17.1,0,1,0
USR-13406,Treatment,0,0.0,96.4,0,0,0
USR-13407,Treatment,0,0.0,12.9,0,1,0
USR-13408,Control,0,0.0,107.6,0,0,0
USR-13409,Control,0,0.0,115.8,0,0,0
USR-13410,Control,0,0.0,83.4,0,0,0
USR-13411,Control,0,0.0,57.3,0,0,0
USR-13412,Control,0,0.0,21.4,0,1,0
USR-13413,Control,0,0.0,101.4,0,0,0
USR-13414,Treatment,0,0.0,21.4,0,1,0
USR-13415,Treatment,0,0.0,24.8,0,1,0
USR-13416,Control,0,0.0,20.1,0,1,0
USR-13417,Treatment,0,0.0,121.8,0,0,0
USR-13418,Control,0,0.0,97.8,0,0,0
USR-13419,Control,0,0.0,19.0,0,1,0
USR-13420,Treatment,0,0.0,23.1,0,1,0
USR-13421,Treatment,0,0.0,13.1,0,1,0
USR-13422,Treatment,0,0.0,91.0,0,0,0
USR-13423,Control,0,0.0,148.6,0,0,0
USR-13424,Treatment,0,0.0,147.9,0,0,0
USR-13425,Treatment,0,0.0,139.6,0,0,0
USR-13426,Treatment,0,0.0,177.6,0,0,0
USR-13427,Treatment,0,0.0,25.0,0,1,0
USR-13428,Treatment,0,0.0,132.8,0,0,0
USR-13429,Treatment,0,0.0,84.9,0,0,0
USR-13430,Treatment,0,0.0,96.9,0,0,0
USR-13431,Treatment,0,0.0,16.2,0,1,0
USR-13432,Treatment,0,0.0,160.9,0,0,0
USR-13433,Control,0,0.0,127.6,0,0,0
USR-13434,Treatment,0,0.0,10.9,0,1,0
USR-13435,Control,0,0.0,6.4,0,1,0
USR-13436,Control,0,0.0,50.2,0,0,0
USR-13437,Treatment,0,0.0,138.0,0,0,0
USR-13438,Treatment,0,0.0,153.6,0,0,0
USR-13439,Treatment,0,0.0,165.0,0,0,0
USR-13440,Control,0,0.0,5.1,0,1,0
USR-13441,Treatment,0,0.0,177.9,0,0,0
USR-13442,Control,0,0.0,120.0,0,0,0
USR-13443,Treatment,0,0.0,124.8,0,0,0
USR-13444,Treatment,0,0.0,129.1,0,0,0
USR-13445,Treatment,0,0.0,6.9,0,1,0
USR-13446,Treatment,0,0.0,137.0,0,0,0
USR-13447,Treatment,1,98.55,265.2,2,0,0
USR-13448,Treatment,0,0.0,142.4,0,0,0
USR-13449,Control,0,0.0,137.0,0,0,0
USR-13450,Control,0,0.0,7.4,0,1,0
USR-13451,Treatment,0,0.0,9.0,0,1,0
USR-13452,Treatment,0,0.0,128.7,0,0,0
USR-13453,Control,0,0.0,93.3,0,0,0
USR-13454,Treatment,0,0.0,48.1,0,0,0
USR-13455,Control,0,0.0,102.1,0,0,0
USR-13456,Treatment,0,0.0,11.2,0,1,0
USR-13457,Treatment,0,0.0,120.7,0,0,0
USR-13458,Treatment,0,0.0,102.9,0,0,0
USR-13459,Treatment,0,0.0,6.8,0,1,0
USR-13460,Control,0,0.0,120.6,0,0,0
USR-13461,Control,0,0.0,18.6,0,1,0
USR-13462,Treatment,0,0.0,132.7,0,0,0
USR-13463,Treatment,0,0.0,19.9,0,1,0
USR-13464,Control,0,0.0,20.3,0,1,0
USR-13465,Treatment,0,0.0,156.3,0,0,0
USR-13466,Control,0,0.0,85.9,0,0,0
USR-13467,Treatment,0,0.0,24.3,0,1,0
USR-13468,Treatment,0,0.0,81.0,0,0,0
USR-13469,Control,0,0.0,84.6,0,0,0
USR-13470,Control,0,0.0,117.4,0,0,0
USR-13471,Treatment,0,0.0,17.4,0,1,0
USR-13472,Treatment,0,0.0,7.2,0,1,0
USR-13473,Treatment,0,0.0,19.5,0,1,0
USR-13474,Treatment,1,36.26,211.1,1,0,0
USR-13475,Treatment,0,0.0,11.3,0,1,0
USR-13476,Treatment,0,0.0,5.0,0,1,0
USR-13477,Treatment,0,0.0,141.4,0,0,0
USR-13478,Control,0,0.0,18.3,0,1,0
USR-13479,Control,0,0.0,98.8,0,0,0
USR-13480,Control,0,0.0,14.6,0,1,0
USR-13481,Treatment,0,0.0,126.3,0,0,0
USR-13482,Control,0,0.0,5.6,0,1,0
USR-13483,Treatment,1,48.6,217.6,1,0,0
USR-13484,Treatment,0,0.0,6.0,0,1,0
USR-13485,Treatment,0,0.0,104.7,0,0,0
USR-13486,Control,0,0.0,99.2,0,0,0
USR-13487,Control,0,0.0,108.7,0,0,0
USR-13488,Control,0,0.0,14.8,0,1,0
USR-13489,Control,0,0.0,93.3,0,0,0
USR-13490,Control,0,0.0,19.2,0,1,0
USR-13491,Treatment,0,0.0,134.5,0,0,0
USR-13492,Treatment,0,0.0,171.5,0,0,0
USR-13493,Treatment,0,0.0,95.8,0,0,0
USR-13494,Treatment,0,0.0,12.6,0,1,0
USR-13495,Control,0,0.0,98.9,0,0,0
USR-13496,Treatment,0,0.0,124.7,0,0,0
USR-13497,Treatment,0,0.0,85.1,0,0,0
USR-13498,Control,0,0.0,8.5,0,1,0
USR-13499,Treatment,0,0.0,6.1,0,1,0
USR-13500,Control,1,14.33,191.9,1,0,0
USR-13501,Treatment,0,0.0,17.5,0,1,0
USR-13502,Treatment,0,0.0,158.4,0,0,0
USR-13503,Control,0,0.0,148.2,0,0,0
USR-13504,Treatment,0,0.0,146.6,0,0,0
USR-13505,Treatment,0,0.0,22.0,0,1,0
USR-13506,Treatment,1,349.73,278.1,3,0,0
USR-13507,Control,0,0.0,14.8,0,1,0
USR-13508,Treatment,0,0.0,134.5,0,0,0
USR-13509,Control,0,0.0,23.3,0,1,0
USR-13510,Control,0,0.0,20.9,0,1,0
USR-13511,Control,0,0.0,82.5,0,0,0
USR-13512,Treatment,0,0.0,16.4,0,1,0
USR-13513,Treatment,0,0.0,113.4,0,0,0
USR-13514,Treatment,0,0.0,15.5,0,1,0
USR-13515,Treatment,0,0.0,19.6,0,1,0
USR-13516,Control,0,0.0,102.5,0,0,0
USR-13517,Control,0,0.0,106.0,0,0,0
USR-13518,Control,0,0.0,112.4,0,0,0
USR-13519,Control,0,0.0,121.8,0,0,0
USR-13520,Control,0,0.0,21.9,0,1,0
USR-13521,Control,0,0.0,19.4,0,1,0
USR-13522,Control,0,0.0,17.9,0,1,0
USR-13523,Control,0,0.0,6.7,0,1,0
USR-13524,Control,0,0.0,96.5,0,0,0
USR-13525,Control,0,0.0,6.2,0,1,0
USR-13526,Treatment,0,0.0,18.5,0,1,0
USR-13527,Treatment,0,0.0,86.0,0,0,0
USR-13528,Treatment,0,0.0,133.7,0,0,0
USR-13529,Control,0,0.0,6.6,0,1,0
USR-13530,Control,0,0.0,6.2,0,1,0
USR-13531,Treatment,0,0.0,18.2,0,1,0
USR-13532,Control,0,0.0,168.2,0,0,0
USR-13533,Control,0,0.0,113.0,0,0,0
USR-13534,Control,0,0.0,19.8,0,1,0
USR-13535,Control,0,0.0,119.3,0,0,0
USR-13536,Control,0,0.0,15.3,0,1,0
USR-13537,Control,0,0.0,147.5,0,0,0
USR-13538,Treatment,0,0.0,11.1,0,1,0
USR-13539,Control,0,0.0,20.6,0,1,0
USR-13540,Control,0,0.0,5.9,0,1,0
USR-13541,Treatment,0,0.0,96.3,0,0,0
USR-13542,Control,0,0.0,143.9,0,0,0
USR-13543,Control,0,0.0,27.3,0,0,0
USR-13544,Treatment,0,0.0,13.0,0,1,0
USR-13545,Control,0,0.0,23.2,0,1,0
USR-13546,Control,0,0.0,124.8,0,0,0
USR-13547,Control,0,0.0,109.1,0,0,0
USR-13548,Control,0,0.0,9.6,0,1,0
USR-13549,Treatment,0,0.0,91.4,0,0,0
USR-13550,Treatment,0,0.0,68.1,0,0,0
USR-13551,Control,1,29.43,233.8,1,0,0
USR-13552,Treatment,0,0.0,92.5,0,0,0
USR-13553,Treatment,0,0.0,133.6,0,0,0
USR-13554,Control,0,0.0,6.3,0,1,0
USR-13555,Treatment,0,0.0,12.8,0,1,0
USR-13556,Control,0,0.0,119.3,0,0,0
USR-13557,Control,1,91.94,233.3,2,0,0
USR-13558,Control,1,14.09,227.6,1,0,0
USR-13559,Control,1,44.13,269.6,1,0,1
USR-13560,Control,0,0.0,16.2,0,1,0
USR-13561,Treatment,0,0.0,108.1,0,0,0
USR-13562,Control,0,0.0,86.3,0,0,0
USR-13563,Control,0,0.0,23.1,0,1,0
USR-13564,Control,0,0.0,120.6,0,0,0
USR-13565,Treatment,0,0.0,13.3,0,1,0
USR-13566,Treatment,0,0.0,145.0,0,0,0
USR-13567,Treatment,0,0.0,112.3,0,0,0
USR-13568,Treatment,0,0.0,102.9,0,0,0
USR-13569,Treatment,0,0.0,99.8,0,0,0
USR-13570,Control,0,0.0,147.7,0,0,0
USR-13571,Treatment,0,0.0,174.1,0,0,0
USR-13572,Treatment,1,104.9,251.8,3,0,0
USR-13573,Treatment,0,0.0,151.4,0,0,0
USR-13574,Treatment,0,0.0,138.5,0,0,0
USR-13575,Control,0,0.0,59.1,0,0,0
USR-13576,Control,0,0.0,66.7,0,0,0
USR-13577,Control,0,0.0,139.6,0,0,0
USR-13578,Treatment,0,0.0,93.0,0,0,0
USR-13579,Control,0,0.0,91.8,0,0,0
USR-13580,Control,0,0.0,11.1,0,1,0
USR-13581,Treatment,0,0.0,7.8,0,1,0
USR-13582,Control,0,0.0,111.2,0,0,0
USR-13583,Treatment,0,0.0,17.2,0,1,0
USR-13584,Control,0,0.0,15.4,0,1,0
USR-13585,Control,1,43.15,194.2,1,0,0
USR-13586,Control,0,0.0,14.4,0,1,0
USR-13587,Treatment,0,0.0,122.2,0,0,0
USR-13588,Control,0,0.0,8.0,0,1,0
USR-13589,Control,0,0.0,93.4,0,0,0
USR-13590,Treatment,0,0.0,7.9,0,1,0
USR-13591,Control,0,0.0,19.0,0,1,0
USR-13592,Treatment,0,0.0,152.2,0,0,0
USR-13593,Treatment,0,0.0,140.4,0,0,0
USR-13594,Control,0,0.0,66.1,0,0,0
USR-13595,Treatment,0,0.0,122.3,0,0,0
USR-13596,Control,0,0.0,11.4,0,1,0
USR-13597,Treatment,0,0.0,126.6,0,0,0
USR-13598,Control,0,0.0,6.1,0,1,0
USR-13599,Treatment,0,0.0,155.0,0,0,0
USR-13600,Control,0,0.0,20.0,0,1,0
USR-13601,Treatment,0,0.0,109.7,0,0,0
USR-13602,Control,0,0.0,10.8,0,1,0
USR-13603,Control,0,0.0,14.7,0,1,0
USR-13604,Control,0,0.0,22.7,0,1,0
USR-13605,Control,0,0.0,20.3,0,1,0
USR-13606,Treatment,0,0.0,156.3,0,0,0
USR-13607,Control,0,0.0,21.9,0,1,0
USR-13608,Treatment,0,0.0,20.4,0,1,0
USR-13609,Treatment,0,0.0,5.0,0,1,0
USR-13610,Treatment,0,0.0,160.9,0,0,0
USR-13611,Control,0,0.0,17.2,0,1,0
USR-13612,Control,0,0.0,143.5,0,0,0
USR-13613,Treatment,0,0.0,18.6,0,1,0
USR-13614,Control,0,0.0,6.5,0,1,0
USR-13615,Control,0,0.0,145.2,0,0,0
USR-13616,Treatment,1,55.93,210.3,1,0,0
USR-13617,Treatment,1,254.73,297.1,4,0,0
USR-13618,Treatment,0,0.0,7.7,0,1,0
USR-13619,Control,0,0.0,119.1,0,0,0
USR-13620,Treatment,0,0.0,128.6,0,0,0
USR-13621,Control,0,0.0,103.3,0,0,0
USR-13622,Control,0,0.0,18.3,0,1,0
USR-13623,Treatment,0,0.0,78.4,0,0,0
USR-13624,Control,0,0.0,19.8,0,1,0
USR-13625,Control,0,0.0,89.0,0,0,0
USR-13626,Control,0,0.0,153.5,0,0,0
USR-13627,Treatment,0,0.0,111.6,0,0,0
USR-13628,Treatment,0,0.0,16.3,0,1,0
USR-13629,Treatment,0,0.0,19.1,0,1,0
USR-13630,Treatment,0,0.0,146.2,0,0,0
USR-13631,Control,0,0.0,50.2,0,0,0
USR-13632,Control,1,35.5,309.6,1,0,0
USR-13633,Control,0,0.0,111.4,0,0,0
USR-13634,Control,0,0.0,24.4,0,1,0
USR-13635,Control,0,0.0,18.6,0,1,0
USR-13636,Treatment,1,88.49,268.5,3,0,0
USR-13637,Control,0,0.0,165.1,0,0,0
USR-13638,Control,0,0.0,19.3,0,1,0
USR-13639,Control,0,0.0,7.9,0,1,0
USR-13640,Control,0,0.0,91.5,0,0,0
USR-13641,Treatment,0,0.0,16.7,0,1,0
USR-13642,Control,0,0.0,131.0,0,0,0
USR-13643,Control,0,0.0,77.7,0,0,0
USR-13644,Treatment,0,0.0,185.1,0,0,0
USR-13645,Control,0,0.0,10.5,0,1,0
USR-13646,Control,0,0.0,23.4,0,1,0
USR-13647,Control,0,0.0,100.4,0,0,0
USR-13648,Treatment,0,0.0,11.5,0,1,0
USR-13649,Treatment,0,0.0,126.5,0,0,0
USR-13650,Treatment,0,0.0,122.7,0,0,0
USR-13651,Control,0,0.0,135.7,0,0,0
USR-13652,Treatment,0,0.0,13.9,0,1,0
USR-13653,Control,0,0.0,30.7,0,0,0
USR-13654,Control,0,0.0,121.2,0,0,0
USR-13655,Control,0,0.0,16.9,0,1,0
USR-13656,Control,0,0.0,19.4,0,1,0
USR-13657,Treatment,0,0.0,106.7,0,0,0
USR-13658,Treatment,0,0.0,122.0,0,0,0
USR-13659,Treatment,0,0.0,179.3,0,0,0
USR-13660,Treatment,0,0.0,124.3,0,0,0
USR-13661,Treatment,0,0.0,119.1,0,0,0
USR-13662,Control,0,0.0,5.3,0,1,0
USR-13663,Control,1,87.26,234.0,2,0,0
USR-13664,Treatment,1,46.44,310.5,1,0,0
USR-13665,Control,0,0.0,99.9,0,0,0
USR-13666,Treatment,0,0.0,98.5,0,0,0
USR-13667,Control,0,0.0,15.2,0,1,0
USR-13668,Control,0,0.0,95.4,0,0,0
USR-13669,Control,0,0.0,12.0,0,1,0
USR-13670,Control,0,0.0,20.5,0,1,0
USR-13671,Control,0,0.0,19.3,0,1,0
USR-13672,Treatment,1,56.92,334.5,1,0,0
USR-13673,Control,0,0.0,109.0,0,0,0
USR-13674,Treatment,0,0.0,82.7,0,0,0
USR-13675,Control,0,0.0,76.3,0,0,0
USR-13676,Control,0,0.0,101.1,0,0,0
USR-13677,Control,0,0.0,68.5,0,0,0
USR-13678,Treatment,0,0.0,8.4,0,1,0
USR-13679,Control,0,0.0,146.8,0,0,0
USR-13680,Treatment,0,0.0,22.5,0,1,0
USR-13681,Control,0,0.0,133.4,0,0,0
USR-13682,Treatment,0,0.0,111.3,0,0,0
USR-13683,Control,0,0.0,84.0,0,0,0
USR-13684,Treatment,0,0.0,92.2,0,0,0
USR-13685,Treatment,0,0.0,10.8,0,1,0
USR-13686,Treatment,0,0.0,99.4,0,0,0
USR-13687,Control,0,0.0,115.7,0,0,0
USR-13688,Control,0,0.0,50.7,0,0,0
USR-13689,Control,0,0.0,22.6,0,1,0
USR-13690,Treatment,1,40.83,299.8,1,0,0
USR-13691,Treatment,0,0.0,6.1,0,1,0
USR-13692,Treatment,0,0.0,143.1,0,0,0
USR-13693,Control,0,0.0,12.3,0,1,0
USR-13694,Control,0,0.0,55.3,0,0,0
USR-13695,Control,0,0.0,8.0,0,1,0
USR-13696,Treatment,0,0.0,23.2,0,1,0
USR-13697,Treatment,0,0.0,82.4,0,0,0
USR-13698,Treatment,0,0.0,121.5,0,0,0
USR-13699,Control,0,0.0,123.1,0,0,0
USR-13700,Treatment,0,0.0,22.2,0,1,0
USR-13701,Treatment,0,0.0,5.9,0,1,0
USR-13702,Control,0,0.0,7.1,0,1,0
USR-13703,Treatment,0,0.0,12.7,0,1,0
USR-13704,Treatment,0,0.0,22.0,0,1,0
USR-13705,Treatment,0,0.0,176.0,0,0,0
USR-13706,Treatment,0,0.0,135.3,0,0,0
USR-13707,Control,0,0.0,15.9,0,1,0
USR-13708,Control,0,0.0,23.6,0,1,0
USR-13709,Treatment,0,0.0,155.5,0,0,0
USR-13710,Control,0,0.0,14.6,0,1,0
USR-13711,Treatment,0,0.0,21.5,0,1,0
USR-13712,Treatment,0,0.0,12.7,0,1,0
USR-13713,Treatment,0,0.0,15.0,0,1,0
USR-13714,Treatment,0,0.0,53.1,0,0,0
USR-13715,Control,0,0.0,19.2,0,1,0
USR-13716,Control,0,0.0,10.6,0,1,0
USR-13717,Control,0,0.0,87.9,0,0,0
USR-13718,Control,0,0.0,5.7,0,1,0
USR-13719,Control,1,85.41,328.6,1,0,0
USR-13720,Control,0,0.0,9.7,0,1,0
USR-13721,Treatment,0,0.0,83.8,0,0,0
USR-13722,Treatment,0,0.0,126.8,0,0,0
USR-13723,Control,0,0.0,16.5,0,1,0
USR-13724,Control,0,0.0,15.0,0,1,0
USR-13725,Treatment,0,0.0,21.5,0,1,0
USR-13726,Control,0,0.0,109.3,0,0,0
USR-13727,Control,0,0.0,24.0,0,1,0
USR-13728,Control,0,0.0,68.6,0,0,0
USR-13729,Treatment,0,0.0,10.2,0,1,0
USR-13730,Control,0,0.0,61.6,0,0,0
USR-13731,Treatment,0,0.0,103.5,0,0,0
USR-13732,Control,0,0.0,23.2,0,1,0
USR-13733,Treatment,0,0.0,122.7,0,0,0
USR-13734,Control,0,0.0,152.1,0,0,0
USR-13735,Control,0,0.0,18.5,0,1,0
USR-13736,Treatment,0,0.0,127.8,0,0,0
USR-13737,Treatment,0,0.0,15.9,0,1,0
USR-13738,Treatment,0,0.0,14.8,0,1,0
USR-13739,Treatment,0,0.0,21.3,0,1,0
USR-13740,Treatment,0,0.0,46.8,0,0,0
USR-13741,Treatment,0,0.0,9.3,0,1,0
USR-13742,Treatment,0,0.0,9.9,0,1,0
USR-13743,Control,0,0.0,62.3,0,0,0
USR-13744,Control,0,0.0,72.3,0,0,0
USR-13745,Control,0,0.0,108.7,0,0,0
USR-13746,Treatment,0,0.0,116.9,0,0,0
USR-13747,Control,0,0.0,117.3,0,0,0
USR-13748,Control,0,0.0,78.8,0,0,0
USR-13749,Treatment,0,0.0,90.6,0,0,0
USR-13750,Treatment,0,0.0,120.7,0,0,0
USR-13751,Treatment,1,68.21,287.9,1,0,0
USR-13752,Control,0,0.0,6.8,0,1,0
USR-13753,Treatment,0,0.0,197.3,0,0,0
USR-13754,Control,0,0.0,15.0,0,1,0
USR-13755,Control,0,0.0,98.2,0,0,0
USR-13756,Control,0,0.0,110.4,0,0,0
USR-13757,Control,0,0.0,24.9,0,1,0
USR-13758,Control,0,0.0,17.1,0,1,0
USR-13759,Treatment,0,0.0,128.0,0,0,0
USR-13760,Control,0,0.0,117.7,0,0,0
USR-13761,Treatment,0,0.0,20.0,0,1,0
USR-13762,Treatment,0,0.0,146.2,0,0,0
USR-13763,Control,0,0.0,99.8,0,0,0
USR-13764,Control,0,0.0,18.1,0,1,0
USR-13765,Control,1,54.98,261.2,1,0,0
USR-13766,Treatment,1,77.77,199.8,1,0,0
USR-13767,Control,0,0.0,17.1,0,1,0
USR-13768,Control,0,0.0,98.7,0,0,0
USR-13769,Control,0,0.0,65.8,0,0,0
USR-13770,Treatment,0,0.0,150.7,0,0,0
USR-13771,Treatment,0,0.0,20.9,0,1,0
USR-13772,Control,0,0.0,10.8,0,1,0
USR-13773,Treatment,0,0.0,13.5,0,1,0
USR-13774,Treatment,0,0.0,24.5,0,1,0
USR-13775,Treatment,1,81.45,217.9,1,0,0
USR-13776,Treatment,0,0.0,109.4,0,0,0
USR-13777,Treatment,0,0.0,20.6,0,1,0
USR-13778,Treatment,0,0.0,52.6,0,0,0
USR-13779,Treatment,1,62.51,307.1,2,0,0
USR-13780,Control,0,0.0,108.3,0,0,0
USR-13781,Control,0,0.0,100.6,0,0,0
USR-13782,Control,0,0.0,6.5,0,1,0
USR-13783,Treatment,0,0.0,18.1,0,1,0
USR-13784,Treatment,0,0.0,98.7,0,0,0
USR-13785,Control,0,0.0,17.2,0,1,0
USR-13786,Treatment,0,0.0,11.7,0,1,0
USR-13787,Control,0,0.0,5.2,0,1,0
USR-13788,Control,0,0.0,144.8,0,0,0
USR-13789,Treatment,0,0.0,23.8,0,1,0
USR-13790,Control,0,0.0,12.8,0,1,0
USR-13791,Control,0,0.0,105.6,0,0,0
USR-13792,Treatment,0,0.0,132.6,0,0,0
USR-13793,Treatment,0,0.0,13.7,0,1,0
USR-13794,Control,0,0.0,16.0,0,1,0
USR-13795,Treatment,0,0.0,16.1,0,1,0
USR-13796,Treatment,0,0.0,137.5,0,0,0
USR-13797,Control,0,0.0,64.4,0,0,0
USR-13798,Control,1,38.04,183.8,1,0,0
USR-13799,Treatment,0,0.0,14.5,0,1,0
USR-13800,Control,0,0.0,20.4,0,1,0
USR-13801,Treatment,0,0.0,16.3,0,1,0
USR-13802,Treatment,0,0.0,142.5,0,0,0
USR-13803,Treatment,0,0.0,114.9,0,0,0
USR-13804,Control,1,53.79,241.8,1,0,0
USR-13805,Treatment,0,0.0,19.5,0,1,0
USR-13806,Control,0,0.0,64.4,0,0,0
USR-13807,Control,1,53.78,303.5,1,0,1
USR-13808,Control,0,0.0,16.8,0,1,0
USR-13809,Control,0,0.0,138.8,0,0,0
USR-13810,Treatment,0,0.0,137.2,0,0,0
USR-13811,Control,0,0.0,8.1,0,1,0
USR-13812,Control,0,0.0,125.7,0,0,0
USR-13813,Treatment,0,0.0,109.9,0,0,0
USR-13814,Control,0,0.0,68.4,0,0,0
USR-13815,Treatment,0,0.0,149.2,0,0,0
USR-13816,Control,0,0.0,24.7,0,1,0
USR-13817,Treatment,0,0.0,159.1,0,0,0
USR-13818,Treatment,0,0.0,96.9,0,0,0
USR-13819,Control,0,0.0,66.9,0,0,0
USR-13820,Control,0,0.0,5.4,0,1,0
USR-13821,Control,1,50.22,206.0,1,0,0
USR-13822,Treatment,0,0.0,171.9,0,0,0
USR-13823,Control,0,0.0,6.6,0,1,0
USR-13824,Control,0,0.0,106.6,0,0,0
USR-13825,Control,1,28.36,278.4,1,0,0
USR-13826,Control,0,0.0,22.6,0,1,0
USR-13827,Control,0,0.0,143.8,0,0,0
USR-13828,Treatment,1,112.06,183.2,2,0,0
USR-13829,Control,0,0.0,138.2,0,0,0
USR-13830,Control,0,0.0,8.1,0,1,0
USR-13831,Treatment,0,0.0,79.3,0,0,0
USR-13832,Treatment,0,0.0,14.1,0,1,0
USR-13833,Control,0,0.0,157.7,0,0,0
USR-13834,Control,1,83.06,255.8,2,0,0
USR-13835,Control,0,0.0,12.9,0,1,0
USR-13836,Treatment,0,0.0,131.1,0,0,0
USR-13837,Control,0,0.0,24.9,0,1,0
USR-13838,Treatment,0,0.0,53.7,0,0,0
USR-13839,Treatment,0,0.0,141.3,0,0,0
USR-13840,Treatment,0,0.0,90.5,0,0,0
USR-13841,Control,0,0.0,84.5,0,0,0
USR-13842,Control,0,0.0,49.3,0,0,0
USR-13843,Control,0,0.0,11.9,0,1,0
USR-13844,Control,0,0.0,126.3,0,0,0
USR-13845,Treatment,0,0.0,111.1,0,0,0
USR-13846,Treatment,0,0.0,5.6,0,1,0
USR-13847,Treatment,0,0.0,78.8,0,0,0
USR-13848,Treatment,0,0.0,18.4,0,1,0
USR-13849,Control,0,0.0,17.2,0,1,0
USR-13850,Control,0,0.0,100.9,0,0,0
USR-13851,Control,0,0.0,123.8,0,0,0
USR-13852,Treatment,0,0.0,22.0,0,1,0
USR-13853,Treatment,0,0.0,18.9,0,1,0
USR-13854,Treatment,0,0.0,5.1,0,1,0
USR-13855,Control,0,0.0,23.4,0,1,0
USR-13856,Control,0,0.0,23.9,0,1,0
USR-13857,Treatment,0,0.0,115.7,0,0,0
USR-13858,Control,0,0.0,101.9,0,0,0
USR-13859,Treatment,0,0.0,12.2,0,1,0
USR-13860,Treatment,0,0.0,15.0,0,1,0
USR-13861,Treatment,0,0.0,19.2,0,1,0
USR-13862,Control,0,0.0,91.5,0,0,0
USR-13863,Control,0,0.0,98.2,0,0,0
USR-13864,Control,0,0.0,18.7,0,1,0
USR-13865,Control,0,0.0,19.6,0,1,0
USR-13866,Control,0,0.0,103.1,0,0,0
USR-13867,Treatment,0,0.0,114.3,0,0,0
USR-13868,Treatment,0,0.0,15.3,0,1,0
USR-13869,Control,0,0.0,15.8,0,1,0
USR-13870,Control,0,0.0,139.4,0,0,0
USR-13871,Control,0,0.0,90.7,0,0,0
USR-13872,Control,0,0.0,172.9,0,0,0
USR-13873,Treatment,0,0.0,100.6,0,0,0
USR-13874,Control,0,0.0,8.2,0,1,0
USR-13875,Control,0,0.0,20.0,0,1,0
USR-13876,Control,0,0.0,17.4,0,1,0
USR-13877,Treatment,0,0.0,140.2,0,0,0
USR-13878,Treatment,0,0.0,136.4,0,0,0
USR-13879,Control,0,0.0,126.8,0,0,0
USR-13880,Treatment,0,0.0,22.4,0,1,0
USR-13881,Treatment,0,0.0,22.8,0,1,0
USR-13882,Treatment,0,0.0,8.9,0,1,0
USR-13883,Control,0,0.0,78.4,0,0,0
USR-13884,Treatment,0,0.0,138.9,0,0,0
USR-13885,Treatment,0,0.0,18.0,0,1,0
USR-13886,Treatment,0,0.0,68.8,0,0,0
USR-13887,Treatment,0,0.0,100.0,0,0,0
USR-13888,Treatment,0,0.0,86.3,0,0,0
USR-13889,Control,0,0.0,16.5,0,1,0
USR-13890,Treatment,0,0.0,175.5,0,0,0
USR-13891,Treatment,0,0.0,19.6,0,1,0
USR-13892,Treatment,0,0.0,79.4,0,0,0
USR-13893,Control,0,0.0,24.9,0,1,0
USR-13894,Treatment,0,0.0,15.3,0,1,0
USR-13895,Treatment,0,0.0,20.6,0,1,0
USR-13896,Control,0,0.0,138.3,0,0,0
USR-13897,Treatment,0,0.0,145.7,0,0,0
USR-13898,Treatment,0,0.0,91.5,0,0,0
USR-13899,Treatment,0,0.0,138.6,0,0,0
USR-13900,Control,0,0.0,7.3,0,1,0
USR-13901,Control,0,0.0,24.4,0,1,0
USR-13902,Treatment,0,0.0,12.1,0,1,0
USR-13903,Control,0,0.0,6.5,0,1,0
USR-13904,Treatment,0,0.0,102.1,0,0,0
USR-13905,Control,0,0.0,24.5,0,1,0
USR-13906,Treatment,0,0.0,156.0,0,0,0
USR-13907,Control,0,0.0,23.0,0,1,0
USR-13908,Treatment,0,0.0,94.9,0,0,0
USR-13909,Control,0,0.0,54.8,0,0,0
USR-13910,Control,0,0.0,94.7,0,0,0
USR-13911,Control,0,0.0,17.4,0,1,0
USR-13912,Control,0,0.0,115.8,0,0,0
USR-13913,Treatment,0,0.0,63.9,0,0,0
USR-13914,Treatment,0,0.0,88.3,0,0,0
USR-13915,Control,0,0.0,120.7,0,0,0
USR-13916,Treatment,0,0.0,143.8,0,0,0
USR-13917,Control,0,0.0,173.5,0,0,0
USR-13918,Treatment,0,0.0,130.3,0,0,0
USR-13919,Treatment,0,0.0,106.7,0,0,0
USR-13920,Treatment,0,0.0,110.9,0,0,0
USR-13921,Control,1,26.23,261.3,1,0,0
USR-13922,Treatment,0,0.0,6.2,0,1,0
USR-13923,Control,0,0.0,24.6,0,1,0
USR-13924,Treatment,0,0.0,144.5,0,0,0
USR-13925,Control,0,0.0,23.1,0,1,0
USR-13926,Treatment,0,0.0,138.5,0,0,0
USR-13927,Treatment,0,0.0,110.9,0,0,0
USR-13928,Treatment,0,0.0,96.5,0,0,0
USR-13929,Control,0,0.0,100.9,0,0,0
USR-13930,Treatment,0,0.0,22.3,0,1,0
USR-13931,Control,0,0.0,86.2,0,0,0
USR-13932,Treatment,0,0.0,119.0,0,0,0
USR-13933,Control,0,0.0,55.7,0,0,0
USR-13934,Control,0,0.0,13.6,0,1,0
USR-13935,Treatment,0,0.0,15.5,0,1,0
USR-13936,Control,0,0.0,8.2,0,1,0
USR-13937,Control,0,0.0,13.7,0,1,0
USR-13938,Control,0,0.0,19.7,0,1,0
USR-13939,Control,0,0.0,93.2,0,0,0
USR-13940,Treatment,0,0.0,18.3,0,1,0
USR-13941,Treatment,0,0.0,76.1,0,0,0
USR-13942,Control,0,0.0,101.7,0,0,0
USR-13943,Control,0,0.0,20.8,0,1,0
USR-13944,Control,0,0.0,77.3,0,0,0
USR-13945,Control,0,0.0,9.0,0,1,0
USR-13946,Treatment,0,0.0,15.8,0,1,0
USR-13947,Treatment,0,0.0,39.5,0,0,0
USR-13948,Control,0,0.0,9.8,0,1,0
USR-13949,Control,0,0.0,7.8,0,1,0
USR-13950,Control,0,0.0,16.3,0,1,0
USR-13951,Treatment,0,0.0,124.3,0,0,0
USR-13952,Treatment,0,0.0,149.5,0,0,0
USR-13953,Control,0,0.0,66.2,0,0,0
USR-13954,Control,0,0.0,80.0,0,0,0
USR-13955,Treatment,0,0.0,15.0,0,1,0
USR-13956,Treatment,0,0.0,163.0,0,0,0
USR-13957,Control,0,0.0,17.1,0,1,0
USR-13958,Control,0,0.0,24.0,0,1,0
USR-13959,Control,0,0.0,102.9,0,0,0
USR-13960,Treatment,0,0.0,15.3,0,1,0
USR-13961,Control,0,0.0,89.2,0,0,0
USR-13962,Control,0,0.0,9.5,0,1,0
USR-13963,Treatment,0,0.0,102.8,0,0,0
USR-13964,Control,0,0.0,10.1,0,1,0
USR-13965,Treatment,0,0.0,169.6,0,0,0
USR-13966,Control,0,0.0,21.6,0,1,0
USR-13967,Control,0,0.0,12.2,0,1,0
USR-13968,Treatment,0,0.0,178.3,0,0,0
USR-13969,Control,0,0.0,20.4,0,1,0
USR-13970,Treatment,0,0.0,130.7,0,0,0
USR-13971,Treatment,0,0.0,93.9,0,0,0
USR-13972,Control,0,0.0,22.9,0,1,0
USR-13973,Treatment,0,0.0,107.3,0,0,0
USR-13974,Control,0,0.0,111.5,0,0,0
USR-13975,Treatment,0,0.0,12.9,0,1,0
USR-13976,Control,0,0.0,123.9,0,0,0
USR-13977,Treatment,0,0.0,71.9,0,0,0
USR-13978,Control,0,0.0,17.2,0,1,0
USR-13979,Control,0,0.0,121.5,0,0,0
USR-13980,Treatment,0,0.0,138.7,0,0,0
USR-13981,Treatment,0,0.0,128.7,0,0,0
USR-13982,Control,0,0.0,104.9,0,0,0
USR-13983,Control,0,0.0,20.8,0,1,0
USR-13984,Treatment,0,0.0,23.0,0,1,0
USR-13985,Treatment,0,0.0,20.4,0,1,0
USR-13986,Control,0,0.0,20.6,0,1,0
USR-13987,Control,0,0.0,122.2,0,0,0
USR-13988,Control,0,0.0,102.2,0,0,0
USR-13989,Treatment,0,0.0,165.5,0,0,0
USR-13990,Control,0,0.0,115.8,0,0,0
USR-13991,Control,0,0.0,89.1,0,0,0
USR-13992,Treatment,0,0.0,94.0,0,0,0
USR-13993,Control,0,0.0,124.6,0,0,0
USR-13994,Control,0,0.0,149.3,0,0,0
USR-13995,Control,0,0.0,84.6,0,0,0
USR-13996,Control,0,0.0,105.1,0,0,0
USR-13997,Control,0,0.0,9.4,0,1,0
USR-13998,Treatment,0,0.0,125.1,0,0,0
USR-13999,Control,0,0.0,126.4,0,0,0
USR-14000,Treatment,0,0.0,68.9,0,0,0
USR-14001,Treatment,0,0.0,14.7,0,1,0
USR-14002,Treatment,0,0.0,13.4,0,1,0
USR-14003,Control,0,0.0,89.3,0,0,0
USR-14004,Control,0,0.0,89.1,0,0,0
USR-14005,Control,0,0.0,114.8,0,0,0
USR-14006,Control,0,0.0,87.2,0,0,0
USR-14007,Control,0,0.0,11.4,0,1,0
USR-14008,Treatment,0,0.0,13.7,0,1,0
USR-14009,Control,0,0.0,13.2,0,1,0
USR-14010,Control,0,0.0,18.2,0,1,0
USR-14011,Control,0,0.0,136.9,0,0,0
USR-14012,Treatment,0,0.0,6.9,0,1,0
USR-14013,Control,0,0.0,108.9,0,0,0
USR-14014,Treatment,0,0.0,10.0,0,1,0
USR-14015,Control,0,0.0,107.1,0,0,0
USR-14016,Treatment,0,0.0,7.4,0,1,0
USR-14017,Treatment,0,0.0,85.3,0,0,0
USR-14018,Control,0,0.0,15.2,0,1,0
USR-14019,Control,0,0.0,99.0,0,0,0
USR-14020,Control,0,0.0,118.9,0,0,0
USR-14021,Control,0,0.0,15.8,0,1,0
USR-14022,Treatment,0,0.0,120.3,0,0,0
USR-14023,Treatment,0,0.0,141.3,0,0,0
USR-14024,Treatment,1,37.22,287.3,1,0,0
USR-14025,Treatment,0,0.0,14.7,0,1,0
USR-14026,Control,0,0.0,84.3,0,0,0
USR-14027,Control,0,0.0,81.4,0,0,0
USR-14028,Treatment,0,0.0,18.4,0,1,0
USR-14029,Control,0,0.0,8.1,0,1,0
USR-14030,Treatment,0,0.0,6.1,0,1,0
USR-14031,Control,0,0.0,105.9,0,0,0
USR-14032,Control,0,0.0,18.1,0,1,0
USR-14033,Treatment,0,0.0,110.7,0,0,0
USR-14034,Control,0,0.0,123.2,0,0,0
USR-14035,Treatment,0,0.0,90.3,0,0,0
USR-14036,Treatment,0,0.0,17.6,0,1,0
USR-14037,Treatment,0,0.0,147.9,0,0,0
USR-14038,Treatment,0,0.0,24.1,0,1,0
USR-14039,Treatment,0,0.0,15.9,0,1,0
USR-14040,Treatment,0,0.0,141.1,0,0,0
USR-14041,Control,0,0.0,20.6,0,1,0
USR-14042,Control,0,0.0,72.4,0,0,0
USR-14043,Treatment,0,0.0,95.0,0,0,0
USR-14044,Control,0,0.0,58.1,0,0,0
USR-14045,Control,0,0.0,5.2,0,1,0
USR-14046,Control,0,0.0,24.9,0,1,0
USR-14047,Treatment,0,0.0,100.0,0,0,0
USR-14048,Treatment,0,0.0,21.2,0,1,0
USR-14049,Control,0,0.0,102.2,0,0,0
USR-14050,Treatment,1,45.95,224.6,1,0,0
USR-14051,Treatment,0,0.0,16.7,0,1,0
USR-14052,Treatment,0,0.0,15.9,0,1,0
USR-14053,Treatment,0,0.0,23.4,0,1,0
USR-14054,Treatment,0,0.0,129.4,0,0,0
USR-14055,Control,1,63.12,206.5,1,0,0
USR-14056,Treatment,0,0.0,20.7,0,1,0
USR-14057,Control,0,0.0,102.1,0,0,0
USR-14058,Treatment,0,0.0,36.1,0,0,0
USR-14059,Treatment,0,0.0,117.2,0,0,0
USR-14060,Control,0,0.0,20.9,0,1,0
USR-14061,Control,0,0.0,7.9,0,1,0
USR-14062,Treatment,0,0.0,23.2,0,1,0
USR-14063,Control,0,0.0,22.1,0,1,0
USR-14064,Treatment,1,81.42,169.0,1,0,0
USR-14065,Control,0,0.0,21.1,0,1,0
USR-14066,Control,0,0.0,154.3,0,0,0
USR-14067,Treatment,0,0.0,116.1,0,0,0
USR-14068,Treatment,0,0.0,6.3,0,1,0
USR-14069,Treatment,0,0.0,7.7,0,1,0
USR-14070,Control,0,0.0,109.2,0,0,0
USR-14071,Treatment,0,0.0,21.5,0,1,0
USR-14072,Treatment,1,99.59,309.7,2,0,0
USR-14073,Treatment,0,0.0,8.6,0,1,0
USR-14074,Treatment,0,0.0,5.1,0,1,0
USR-14075,Treatment,1,77.24,212.6,1,0,0
USR-14076,Control,0,0.0,21.1,0,1,0
USR-14077,Control,0,0.0,92.3,0,0,0
USR-14078,Treatment,0,0.0,12.6,0,1,0
USR-14079,Control,0,0.0,92.5,0,0,0
USR-14080,Treatment,0,0.0,22.5,0,1,0
USR-14081,Control,0,0.0,98.0,0,0,0
USR-14082,Treatment,0,0.0,138.3,0,0,0
USR-14083,Treatment,0,0.0,166.9,0,0,0
USR-14084,Control,0,0.0,157.2,0,0,0
USR-14085,Control,0,0.0,149.5,0,0,0
USR-14086,Control,0,0.0,21.4,0,1,0
USR-14087,Treatment,0,0.0,91.1,0,0,0
USR-14088,Treatment,1,50.85,341.2,1,0,0
USR-14089,Control,0,0.0,23.6,0,1,0
USR-14090,Treatment,0,0.0,6.3,0,1,0
USR-14091,Control,0,0.0,18.9,0,1,0
USR-14092,Control,0,0.0,106.2,0,0,0
USR-14093,Treatment,0,0.0,101.7,0,0,0
USR-14094,Control,0,0.0,65.8,0,0,0
USR-14095,Control,0,0.0,14.5,0,1,0
USR-14096,Control,0,0.0,6.8,0,1,0
USR-14097,Control,0,0.0,124.6,0,0,0
USR-14098,Control,0,0.0,143.9,0,0,0
USR-14099,Control,0,0.0,9.6,0,1,0
USR-14100,Treatment,0,0.0,73.2,0,0,0
USR-14101,Control,0,0.0,137.2,0,0,0
USR-14102,Treatment,0,0.0,125.3,0,0,0
USR-14103,Control,1,209.56,163.3,2,0,0
USR-14104,Control,1,36.21,277.0,1,0,0
USR-14105,Treatment,0,0.0,119.4,0,0,0
USR-14106,Treatment,0,0.0,179.4,0,0,0
USR-14107,Control,0,0.0,22.1,0,1,0
USR-14108,Treatment,0,0.0,11.9,0,1,0
USR-14109,Treatment,0,0.0,12.8,0,1,0
USR-14110,Treatment,0,0.0,130.3,0,0,0
USR-14111,Treatment,1,21.67,233.4,1,0,0
USR-14112,Control,0,0.0,65.6,0,0,0
USR-14113,Control,1,223.13,191.8,2,0,0
USR-14114,Treatment,0,0.0,22.9,0,1,0
USR-14115,Control,0,0.0,78.9,0,0,0
USR-14116,Treatment,0,0.0,153.4,0,0,0
USR-14117,Control,0,0.0,108.6,0,0,0
USR-14118,Control,0,0.0,108.1,0,0,0
USR-14119,Treatment,0,0.0,133.9,0,0,0
USR-14120,Control,0,0.0,13.6,0,1,0
USR-14121,Treatment,0,0.0,17.6,0,1,0
USR-14122,Treatment,0,0.0,114.8,0,0,0
USR-14123,Treatment,0,0.0,52.0,0,0,0
USR-14124,Treatment,0,0.0,20.2,0,1,0
USR-14125,Treatment,0,0.0,52.0,0,0,0
USR-14126,Treatment,0,0.0,19.1,0,1,0
USR-14127,Treatment,1,59.72,357.9,1,0,0
USR-14128,Control,0,0.0,105.8,0,0,0
USR-14129,Control,1,55.39,207.7,1,0,0
USR-14130,Control,0,0.0,92.0,0,0,0
USR-14131,Control,0,0.0,18.4,0,1,0
USR-14132,Treatment,0,0.0,60.4,0,0,0
USR-14133,Treatment,0,0.0,108.1,0,0,0
USR-14134,Treatment,0,0.0,153.6,0,0,0
USR-14135,Control,0,0.0,111.6,0,0,0
USR-14136,Treatment,0,0.0,103.3,0,0,0
USR-14137,Control,0,0.0,17.4,0,1,0
USR-14138,Treatment,0,0.0,112.6,0,0,0
USR-14139,Treatment,0,0.0,112.1,0,0,0
USR-14140,Control,0,0.0,24.8,0,1,0
USR-14141,Control,0,0.0,175.1,0,0,0
USR-14142,Control,0,0.0,59.6,0,0,0
USR-14143,Treatment,0,0.0,144.3,0,0,0
USR-14144,Treatment,0,0.0,118.0,0,0,0
USR-14145,Treatment,0,0.0,108.9,0,0,0
USR-14146,Control,0,0.0,18.9,0,1,0
USR-14147,Control,0,0.0,19.7,0,1,0
USR-14148,Treatment,0,0.0,102.1,0,0,0
USR-14149,Treatment,0,0.0,138.3,0,0,0
USR-14150,Control,0,0.0,7.9,0,1,0
USR-14151,Control,1,39.23,174.2,1,0,1
USR-14152,Treatment,0,0.0,94.7,0,0,0
USR-14153,Control,0,0.0,130.8,0,0,0
USR-14154,Control,0,0.0,125.1,0,0,0
USR-14155,Control,0,0.0,100.5,0,0,0
USR-14156,Treatment,0,0.0,79.8,0,0,0
USR-14157,Treatment,0,0.0,62.5,0,0,0
USR-14158,Treatment,0,0.0,20.2,0,1,0
USR-14159,Treatment,0,0.0,20.9,0,1,0
USR-14160,Treatment,0,0.0,15.2,0,1,0
USR-14161,Control,0,0.0,94.6,0,0,0
USR-14162,Treatment,0,0.0,103.0,0,0,0
USR-14163,Control,0,0.0,16.7,0,1,0
USR-14164,Treatment,0,0.0,115.4,0,0,0
USR-14165,Control,0,0.0,138.1,0,0,0
USR-14166,Control,0,0.0,98.8,0,0,0
USR-14167,Control,0,0.0,105.1,0,0,0
USR-14168,Control,1,63.38,191.3,1,0,0
USR-14169,Control,0,0.0,11.8,0,1,0
USR-14170,Control,0,0.0,62.2,0,0,0
USR-14171,Treatment,0,0.0,154.4,0,0,0
USR-14172,Control,0,0.0,176.2,0,0,0
USR-14173,Treatment,0,0.0,64.4,0,0,0
USR-14174,Treatment,0,0.0,9.7,0,1,0
USR-14175,Treatment,1,26.01,252.5,1,0,0
USR-14176,Treatment,0,0.0,162.7,0,0,0
USR-14177,Treatment,0,0.0,11.5,0,1,0
USR-14178,Control,0,0.0,17.5,0,1,0
USR-14179,Control,0,0.0,90.2,0,0,0
USR-14180,Control,0,0.0,11.7,0,1,0
USR-14181,Treatment,0,0.0,101.8,0,0,0
USR-14182,Treatment,0,0.0,90.3,0,0,0
USR-14183,Control,0,0.0,88.3,0,0,0
USR-14184,Control,0,0.0,127.8,0,0,0
USR-14185,Treatment,0,0.0,21.1,0,1,0
USR-14186,Control,0,0.0,22.7,0,1,0
USR-14187,Treatment,0,0.0,130.3,0,0,0
USR-14188,Treatment,0,0.0,24.6,0,1,0
USR-14189,Treatment,0,0.0,133.2,0,0,0
USR-14190,Treatment,0,0.0,136.0,0,0,0
USR-14191,Treatment,0,0.0,21.4,0,1,0
USR-14192,Control,0,0.0,6.6,0,1,0
USR-14193,Treatment,0,0.0,11.4,0,1,0
USR-14194,Treatment,0,0.0,65.4,0,0,0
USR-14195,Control,0,0.0,11.6,0,1,0
USR-14196,Control,0,0.0,111.3,0,0,0
USR-14197,Control,0,0.0,21.5,0,1,0
USR-14198,Control,1,44.65,278.5,1,0,0
USR-14199,Treatment,0,0.0,155.0,0,0,0
USR-14200,Treatment,0,0.0,107.9,0,0,0
USR-14201,Control,0,0.0,20.9,0,1,0
USR-14202,Control,0,0.0,16.4,0,1,0
USR-14203,Treatment,0,0.0,18.7,0,1,0
USR-14204,Control,0,0.0,18.7,0,1,0
USR-14205,Control,0,0.0,8.2,0,1,0
USR-14206,Treatment,0,0.0,102.7,0,0,0
USR-14207,Treatment,0,0.0,149.8,0,0,0
USR-14208,Control,0,0.0,11.2,0,1,0
USR-14209,Control,0,0.0,96.3,0,0,0
USR-14210,Control,0,0.0,16.6,0,1,0
USR-14211,Treatment,1,41.42,242.3,1,0,0
USR-14212,Treatment,0,0.0,161.9,0,0,0
USR-14213,Control,1,110.87,224.8,2,0,0
USR-14214,Treatment,0,0.0,91.1,0,0,0
USR-14215,Treatment,0,0.0,145.2,0,0,0
USR-14216,Control,0,0.0,137.5,0,0,0
USR-14217,Control,0,0.0,72.3,0,0,0
USR-14218,Treatment,0,0.0,91.7,0,0,0
USR-14219,Control,0,0.0,108.4,0,0,0
USR-14220,Control,0,0.0,109.3,0,0,0
USR-14221,Treatment,0,0.0,67.0,0,0,0
USR-14222,Treatment,0,0.0,24.5,0,1,0
USR-14223,Treatment,0,0.0,95.0,0,0,0
USR-14224,Treatment,0,0.0,16.0,0,1,0
USR-14225,Treatment,0,0.0,23.2,0,1,0
USR-14226,Control,0,0.0,14.5,0,1,0
USR-14227,Treatment,0,0.0,188.8,0,0,0
USR-14228,Control,0,0.0,14.1,0,1,0
USR-14229,Control,0,0.0,111.4,0,0,0
USR-14230,Treatment,0,0.0,114.0,0,0,0
USR-14231,Treatment,0,0.0,147.1,0,0,0
USR-14232,Control,0,0.0,110.6,0,0,0
USR-14233,Treatment,0,0.0,10.5,0,1,0
USR-14234,Control,0,0.0,118.2,0,0,0
USR-14235,Control,1,79.39,203.3,1,0,0
USR-14236,Control,0,0.0,130.8,0,0,0
USR-14237,Treatment,0,0.0,71.5,0,0,0
USR-14238,Treatment,0,0.0,56.8,0,0,0
USR-14239,Control,0,0.0,18.7,0,1,0
USR-14240,Treatment,0,0.0,80.9,0,0,0
USR-14241,Control,0,0.0,13.6,0,1,0
USR-14242,Treatment,0,0.0,98.8,0,0,0
USR-14243,Control,0,0.0,5.3,0,1,0
USR-14244,Control,0,0.0,9.4,0,1,0
USR-14245,Treatment,0,0.0,10.1,0,1,0
USR-14246,Control,0,0.0,103.2,0,0,0
USR-14247,Control,0,0.0,17.4,0,1,0
USR-14248,Treatment,0,0.0,107.6,0,0,0
USR-14249,Treatment,0,0.0,6.5,0,1,0
USR-14250,Control,0,0.0,76.9,0,0,0
USR-14251,Control,1,16.19,266.0,1,0,0
USR-14252,Control,0,0.0,59.9,0,0,0
USR-14253,Treatment,0,0.0,101.6,0,0,0
USR-14254,Control,0,0.0,88.4,0,0,0
USR-14255,Treatment,0,0.0,117.1,0,0,0
USR-14256,Treatment,0,0.0,18.0,0,1,0
USR-14257,Control,0,0.0,90.0,0,0,0
USR-14258,Control,0,0.0,15.1,0,1,0
USR-14259,Control,1,53.92,207.3,1,0,0
USR-14260,Control,0,0.0,108.9,0,0,0
USR-14261,Treatment,0,0.0,8.3,0,1,0
USR-14262,Control,0,0.0,107.1,0,0,0
USR-14263,Control,1,36.86,251.8,1,0,0
USR-14264,Treatment,0,0.0,102.6,0,0,0
USR-14265,Control,0,0.0,155.9,0,0,0
USR-14266,Treatment,0,0.0,106.7,0,0,0
USR-14267,Control,0,0.0,128.1,0,0,0
USR-14268,Treatment,0,0.0,73.6,0,0,0
USR-14269,Treatment,0,0.0,137.7,0,0,0
USR-14270,Treatment,0,0.0,133.2,0,0,0
USR-14271,Treatment,0,0.0,10.0,0,1,0
USR-14272,Control,0,0.0,11.0,0,1,0
USR-14273,Control,0,0.0,128.6,0,0,0
USR-14274,Treatment,0,0.0,117.4,0,0,0
USR-14275,Treatment,0,0.0,16.9,0,1,0
USR-14276,Control,0,0.0,13.6,0,1,0
USR-14277,Control,0,0.0,93.4,0,0,0
USR-14278,Control,0,0.0,120.0,0,0,0
USR-14279,Control,0,0.0,17.3,0,1,0
USR-14280,Control,0,0.0,14.0,0,1,0
USR-14281,Treatment,0,0.0,162.2,0,0,0
USR-14282,Control,0,0.0,87.8,0,0,0
USR-14283,Control,0,0.0,90.3,0,0,0
USR-14284,Treatment,0,0.0,11.6,0,1,0
USR-14285,Treatment,0,0.0,99.8,0,0,0
USR-14286,Treatment,0,0.0,89.3,0,0,0
USR-14287,Treatment,0,0.0,24.4,0,1,0
USR-14288,Control,0,0.0,112.7,0,0,0
USR-14289,Treatment,0,0.0,181.1,0,0,0
USR-14290,Treatment,0,0.0,99.7,0,0,0
USR-14291,Control,0,0.0,15.4,0,1,0
USR-14292,Treatment,0,0.0,13.9,0,1,0
USR-14293,Treatment,0,0.0,140.4,0,0,0
USR-14294,Control,0,0.0,124.6,0,0,0
USR-14295,Control,0,0.0,166.3,0,0,0
USR-14296,Control,0,0.0,86.9,0,0,0
USR-14297,Control,1,81.72,316.9,2,0,0
USR-14298,Control,0,0.0,112.5,0,0,0
USR-14299,Treatment,0,0.0,19.5,0,1,0
USR-14300,Control,0,0.0,16.5,0,1,0
USR-14301,Treatment,0,0.0,91.6,0,0,0
USR-14302,Treatment,0,0.0,20.5,0,1,0
USR-14303,Treatment,0,0.0,113.9,0,0,0
USR-14304,Treatment,0,0.0,18.7,0,1,0
USR-14305,Control,0,0.0,144.2,0,0,0
USR-14306,Control,0,0.0,97.1,0,0,0
USR-14307,Treatment,0,0.0,20.3,0,1,0
USR-14308,Treatment,0,0.0,17.9,0,1,0
USR-14309,Treatment,0,0.0,100.9,0,0,0
USR-14310,Control,0,0.0,127.3,0,0,0
USR-14311,Treatment,0,0.0,12.2,0,1,0
USR-14312,Control,0,0.0,39.7,0,0,0
USR-14313,Treatment,1,84.03,316.2,1,0,0
USR-14314,Treatment,1,19.11,291.6,1,0,0
USR-14315,Control,0,0.0,14.2,0,1,0
USR-14316,Treatment,1,37.49,240.7,1,0,0
USR-14317,Control,0,0.0,103.5,0,0,0
USR-14318,Control,0,0.0,75.9,0,0,0
USR-14319,Treatment,0,0.0,96.5,0,0,0
USR-14320,Treatment,0,0.0,109.3,0,0,0
USR-14321,Treatment,0,0.0,62.2,0,0,0
USR-14322,Treatment,0,0.0,87.7,0,0,0
USR-14323,Control,0,0.0,8.2,0,1,0
USR-14324,Treatment,0,0.0,147.6,0,0,0
USR-14325,Treatment,0,0.0,87.1,0,0,0
USR-14326,Control,0,0.0,24.5,0,1,0
USR-14327,Treatment,0,0.0,5.0,0,1,0
USR-14328,Control,0,0.0,112.1,0,0,0
USR-14329,Treatment,0,0.0,87.9,0,0,0
USR-14330,Control,0,0.0,57.8,0,0,0
USR-14331,Control,0,0.0,94.3,0,0,0
USR-14332,Control,0,0.0,118.0,0,0,0
USR-14333,Treatment,0,0.0,94.6,0,0,0
USR-14334,Control,0,0.0,118.2,0,0,0
USR-14335,Control,0,0.0,116.1,0,0,0
USR-14336,Treatment,0,0.0,85.1,0,0,0
USR-14337,Treatment,0,0.0,17.2,0,1,0
USR-14338,Control,0,0.0,91.8,0,0,0
USR-14339,Control,0,0.0,17.7,0,1,0
USR-14340,Control,0,0.0,100.0,0,0,0
USR-14341,Control,0,0.0,155.0,0,0,0
USR-14342,Treatment,1,63.67,340.9,1,0,0
USR-14343,Treatment,0,0.0,8.1,0,1,0
USR-14344,Treatment,0,0.0,19.3,0,1,0
USR-14345,Control,0,0.0,15.7,0,1,0
USR-14346,Treatment,0,0.0,21.6,0,1,0
USR-14347,Treatment,0,0.0,5.8,0,1,0
USR-14348,Treatment,0,0.0,5.5,0,1,0
USR-14349,Treatment,0,0.0,12.6,0,1,0
USR-14350,Treatment,0,0.0,23.6,0,1,0
USR-14351,Treatment,0,0.0,83.9,0,0,0
USR-14352,Control,0,0.0,132.5,0,0,0
USR-14353,Treatment,0,0.0,20.6,0,1,0
USR-14354,Treatment,0,0.0,24.6,0,1,0
USR-14355,Treatment,1,140.1,316.6,2,0,0
USR-14356,Control,0,0.0,104.5,0,0,0
USR-14357,Treatment,0,0.0,21.1,0,1,0
USR-14358,Treatment,0,0.0,82.2,0,0,0
USR-14359,Control,0,0.0,23.9,0,1,0
USR-14360,Control,1,68.35,215.7,3,0,0
USR-14361,Treatment,0,0.0,15.7,0,1,0
USR-14362,Treatment,0,0.0,200.2,0,0,0
USR-14363,Treatment,1,52.47,298.8,1,0,0
USR-14364,Control,0,0.0,130.8,0,0,0
USR-14365,Treatment,0,0.0,9.3,0,1,0
USR-14366,Control,0,0.0,113.4,0,0,0
USR-14367,Control,0,0.0,73.3,0,0,0
USR-14368,Control,0,0.0,5.9,0,1,0
USR-14369,Control,0,0.0,102.1,0,0,0
USR-14370,Control,0,0.0,101.0,0,0,0
USR-14371,Control,0,0.0,138.5,0,0,0
USR-14372,Control,0,0.0,90.7,0,0,0
USR-14373,Control,0,0.0,112.5,0,0,0
USR-14374,Treatment,0,0.0,105.8,0,0,0
USR-14375,Control,0,0.0,17.6,0,1,0
USR-14376,Control,0,0.0,156.1,0,0,0
USR-14377,Treatment,0,0.0,89.1,0,0,0
USR-14378,Control,0,0.0,12.4,0,1,0
USR-14379,Treatment,0,0.0,8.5,0,1,0
USR-14380,Control,0,0.0,134.9,0,0,0
USR-14381,Control,0,0.0,127.7,0,0,0
USR-14382,Treatment,0,0.0,92.4,0,0,0
USR-14383,Treatment,0,0.0,9.4,0,1,0
USR-14384,Treatment,0,0.0,75.3,0,0,0
USR-14385,Treatment,1,38.64,243.5,1,0,0
USR-14386,Treatment,0,0.0,17.7,0,1,0
USR-14387,Control,0,0.0,119.4,0,0,0
USR-14388,Control,0,0.0,7.5,0,1,0
USR-14389,Control,0,0.0,22.3,0,1,0
USR-14390,Control,0,0.0,131.9,0,0,0
USR-14391,Treatment,0,0.0,112.8,0,0,0
USR-14392,Treatment,0,0.0,66.8,0,0,0
USR-14393,Control,1,147.19,216.8,2,0,0
USR-14394,Treatment,1,75.14,254.5,1,0,0
USR-14395,Treatment,0,0.0,103.0,0,0,0
USR-14396,Control,0,0.0,62.7,0,0,0
USR-14397,Control,0,0.0,74.9,0,0,0
USR-14398,Control,0,0.0,140.5,0,0,0
USR-14399,Control,0,0.0,5.4,0,1,0
USR-14400,Control,0,0.0,17.9,0,1,0
USR-14401,Treatment,0,0.0,151.0,0,0,0
USR-14402,Control,0,0.0,101.9,0,0,0
USR-14403,Control,0,0.0,132.8,0,0,0
USR-14404,Treatment,0,0.0,127.7,0,0,0
USR-14405,Treatment,1,131.84,191.8,4,0,0
USR-14406,Treatment,0,0.0,11.6,0,1,0
USR-14407,Control,0,0.0,110.2,0,0,0
USR-14408,Control,0,0.0,92.3,0,0,0
USR-14409,Treatment,0,0.0,83.9,0,0,0
USR-14410,Control,0,0.0,142.4,0,0,0
USR-14411,Control,0,0.0,134.6,0,0,0
USR-14412,Treatment,0,0.0,122.2,0,0,0
USR-14413,Treatment,0,0.0,113.9,0,0,0
USR-14414,Control,0,0.0,160.5,0,0,0
USR-14415,Control,0,0.0,50.7,0,0,0
USR-14416,Control,0,0.0,47.8,0,0,0
USR-14417,Control,1,50.04,160.3,1,0,0
USR-14418,Control,0,0.0,85.1,0,0,0
USR-14419,Control,0,0.0,11.9,0,1,0
USR-14420,Control,0,0.0,54.3,0,0,0
USR-14421,Treatment,0,0.0,114.2,0,0,0
USR-14422,Treatment,0,0.0,110.8,0,0,0
USR-14423,Treatment,0,0.0,74.2,0,0,0
USR-14424,Control,0,0.0,22.5,0,1,0
USR-14425,Control,0,0.0,109.7,0,0,0
USR-14426,Control,0,0.0,12.2,0,1,0
USR-14427,Control,0,0.0,7.0,0,1,0
USR-14428,Control,0,0.0,88.0,0,0,0
USR-14429,Treatment,0,0.0,98.3,0,0,0
USR-14430,Treatment,0,0.0,114.2,0,0,0
USR-14431,Treatment,0,0.0,120.1,0,0,0
USR-14432,Control,0,0.0,16.4,0,1,0
USR-14433,Treatment,1,44.71,131.0,1,0,0
USR-14434,Control,0,0.0,5.6,0,1,0
USR-14435,Control,0,0.0,64.7,0,0,0
USR-14436,Control,0,0.0,131.7,0,0,0
USR-14437,Treatment,0,0.0,19.8,0,1,0
USR-14438,Treatment,0,0.0,22.0,0,1,0
USR-14439,Control,0,0.0,95.4,0,0,0
USR-14440,Treatment,0,0.0,22.0,0,1,0
USR-14441,Treatment,0,0.0,58.1,0,0,0
USR-14442,Control,0,0.0,85.1,0,0,0
USR-14443,Control,0,0.0,21.2,0,1,0
USR-14444,Control,0,0.0,25.0,0,1,0
USR-14445,Treatment,0,0.0,18.2,0,1,0
USR-14446,Control,0,0.0,19.5,0,1,0
USR-14447,Treatment,0,0.0,14.0,0,1,0
USR-14448,Control,0,0.0,122.9,0,0,0
USR-14449,Treatment,0,0.0,113.8,0,0,0
USR-14450,Control,0,0.0,105.2,0,0,0
USR-14451,Treatment,0,0.0,109.0,0,0,0
USR-14452,Treatment,0,0.0,5.8,0,1,0
USR-14453,Treatment,0,0.0,24.2,0,1,0
USR-14454,Treatment,0,0.0,59.4,0,0,0
USR-14455,Control,0,0.0,111.0,0,0,0
USR-14456,Treatment,0,0.0,18.1,0,1,0
USR-14457,Control,0,0.0,79.6,0,0,0
USR-14458,Control,0,0.0,18.8,0,1,0
USR-14459,Treatment,0,0.0,135.5,0,0,0
USR-14460,Control,1,78.92,198.9,1,0,0
USR-14461,Treatment,0,0.0,9.0,0,1,0
USR-14462,Treatment,0,0.0,69.6,0,0,0
USR-14463,Control,0,0.0,71.5,0,0,0
USR-14464,Treatment,0,0.0,22.4,0,1,0
USR-14465,Control,0,0.0,12.1,0,1,0
USR-14466,Control,1,29.67,240.3,1,0,0
USR-14467,Control,0,0.0,19.6,0,1,0
USR-14468,Treatment,0,0.0,15.8,0,1,0
USR-14469,Treatment,0,0.0,107.9,0,0,0
USR-14470,Treatment,0,0.0,102.0,0,0,0
USR-14471,Treatment,0,0.0,12.3,0,1,0
USR-14472,Control,0,0.0,60.1,0,0,0
USR-14473,Control,0,0.0,14.4,0,1,0
USR-14474,Treatment,0,0.0,140.5,0,0,0
USR-14475,Control,0,0.0,21.6,0,1,0
USR-14476,Control,1,53.43,250.3,1,0,0
USR-14477,Control,0,0.0,6.1,0,1,0
USR-14478,Treatment,0,0.0,159.8,0,0,0
USR-14479,Treatment,0,0.0,22.1,0,1,0
USR-14480,Control,0,0.0,35.3,0,0,0
USR-14481,Control,0,0.0,90.0,0,0,0
USR-14482,Treatment,0,0.0,76.8,0,0,0
USR-14483,Treatment,0,0.0,149.0,0,0,0
USR-14484,Control,1,45.45,220.8,1,0,0
USR-14485,Treatment,0,0.0,7.8,0,1,0
USR-14486,Control,0,0.0,16.4,0,1,0
USR-14487,Control,0,0.0,125.9,0,0,0
USR-14488,Treatment,0,0.0,103.9,0,0,0
USR-14489,Treatment,0,0.0,5.5,0,1,0
USR-14490,Control,0,0.0,193.6,0,0,0
USR-14491,Treatment,0,0.0,144.5,0,0,0
USR-14492,Treatment,0,0.0,183.4,0,0,0
USR-14493,Treatment,0,0.0,108.6,0,0,0
USR-14494,Treatment,0,0.0,9.7,0,1,0
USR-14495,Treatment,0,0.0,105.5,0,0,0
USR-14496,Control,0,0.0,7.1,0,1,0
USR-14497,Control,0,0.0,105.7,0,0,0
USR-14498,Control,0,0.0,98.9,0,0,0
USR-14499,Control,0,0.0,84.7,0,0,0
USR-14500,Treatment,0,0.0,117.5,0,0,0
USR-14501,Treatment,0,0.0,7.9,0,1,0
USR-14502,Control,0,0.0,122.7,0,0,0
USR-14503,Control,0,0.0,79.8,0,0,0
USR-14504,Control,0,0.0,19.5,0,1,0
USR-14505,Control,0,0.0,114.7,0,0,0
USR-14506,Treatment,0,0.0,24.9,0,1,0
USR-14507,Control,0,0.0,128.7,0,0,0
USR-14508,Treatment,0,0.0,75.0,0,0,0
USR-14509,Treatment,0,0.0,14.9,0,1,0
USR-14510,Control,0,0.0,19.8,0,1,0
USR-14511,Control,0,0.0,14.1,0,1,0
USR-14512,Control,0,0.0,5.5,0,1,0
USR-14513,Treatment,0,0.0,202.6,0,0,0
USR-14514,Treatment,0,0.0,120.3,0,0,0
USR-14515,Control,0,0.0,66.6,0,0,0
USR-14516,Treatment,0,0.0,22.4,0,1,0
USR-14517,Treatment,0,0.0,93.2,0,0,0
USR-14518,Control,0,0.0,124.3,0,0,0
USR-14519,Control,0,0.0,5.8,0,1,0
USR-14520,Treatment,0,0.0,116.0,0,0,0
USR-14521,Treatment,0,0.0,112.3,0,0,0
USR-14522,Treatment,0,0.0,24.5,0,1,0
USR-14523,Treatment,0,0.0,6.8,0,1,0
USR-14524,Treatment,0,0.0,57.2,0,0,0
USR-14525,Control,0,0.0,77.2,0,0,0
USR-14526,Treatment,0,0.0,136.6,0,0,0
USR-14527,Treatment,0,0.0,118.3,0,0,0
USR-14528,Treatment,0,0.0,201.3,0,0,0
USR-14529,Control,0,0.0,15.0,0,1,0
USR-14530,Control,0,0.0,19.6,0,1,0
USR-14531,Control,0,0.0,23.4,0,1,0
USR-14532,Control,0,0.0,106.1,0,0,0
USR-14533,Control,0,0.0,17.7,0,1,0
USR-14534,Treatment,1,38.3,266.6,1,0,0
USR-14535,Treatment,0,0.0,96.3,0,0,0
USR-14536,Control,0,0.0,99.9,0,0,0
USR-14537,Treatment,0,0.0,111.4,0,0,0
USR-14538,Control,0,0.0,113.5,0,0,0
USR-14539,Control,0,0.0,91.7,0,0,0
USR-14540,Control,0,0.0,6.5,0,1,0
USR-14541,Treatment,0,0.0,13.9,0,1,0
USR-14542,Control,0,0.0,135.8,0,0,0
USR-14543,Control,0,0.0,106.6,0,0,0
USR-14544,Control,0,0.0,17.6,0,1,0
USR-14545,Treatment,0,0.0,16.1,0,1,0
USR-14546,Control,0,0.0,136.0,0,0,0
USR-14547,Treatment,1,55.9,243.3,1,0,0
USR-14548,Treatment,0,0.0,115.6,0,0,0
USR-14549,Treatment,0,0.0,131.9,0,0,0
USR-14550,Treatment,0,0.0,180.2,0,0,0
USR-14551,Control,0,0.0,6.7,0,1,0
USR-14552,Control,0,0.0,80.3,0,0,0
USR-14553,Treatment,0,0.0,116.0,0,0,0
USR-14554,Control,0,0.0,59.1,0,0,0
USR-14555,Treatment,0,0.0,22.1,0,1,0
USR-14556,Treatment,0,0.0,129.3,0,0,0
USR-14557,Treatment,0,0.0,9.1,0,1,0
USR-14558,Treatment,0,0.0,153.8,0,0,0
USR-14559,Treatment,1,71.55,305.3,3,0,0
USR-14560,Treatment,0,0.0,14.7,0,1,0
USR-14561,Control,0,0.0,134.6,0,0,0
USR-14562,Treatment,0,0.0,12.1,0,1,0
USR-14563,Control,0,0.0,109.8,0,0,0
USR-14564,Control,0,0.0,22.1,0,1,0
USR-14565,Treatment,0,0.0,17.0,0,1,0
USR-14566,Control,0,0.0,24.0,0,1,0
USR-14567,Control,0,0.0,66.0,0,0,0
USR-14568,Control,0,0.0,97.0,0,0,0
USR-14569,Treatment,0,0.0,6.1,0,1,0
USR-14570,Treatment,0,0.0,182.8,0,0,0
USR-14571,Treatment,0,0.0,70.2,0,0,0
USR-14572,Control,0,0.0,22.5,0,1,0
USR-14573,Treatment,0,0.0,23.4,0,1,0
USR-14574,Treatment,0,0.0,86.4,0,0,0
USR-14575,Control,0,0.0,112.6,0,0,0
USR-14576,Control,0,0.0,129.2,0,0,0
USR-14577,Control,0,0.0,105.8,0,0,0
USR-14578,Treatment,0,0.0,128.7,0,0,0
USR-14579,Treatment,0,0.0,98.0,0,0,0
USR-14580,Treatment,1,33.7,261.8,1,0,0
USR-14581,Control,0,0.0,15.8,0,1,0
USR-14582,Treatment,0,0.0,10.3,0,1,0
USR-14583,Treatment,0,0.0,13.3,0,1,0
USR-14584,Treatment,0,0.0,98.7,0,0,0
USR-14585,Treatment,0,0.0,21.5,0,1,0
USR-14586,Control,0,0.0,74.0,0,0,0
USR-14587,Control,0,0.0,84.9,0,0,0
USR-14588,Treatment,0,0.0,24.8,0,1,0
USR-14589,Treatment,0,0.0,137.4,0,0,0
USR-14590,Treatment,0,0.0,14.7,0,1,0
USR-14591,Control,0,0.0,124.6,0,0,0
USR-14592,Treatment,0,0.0,12.1,0,1,0
USR-14593,Control,0,0.0,24.5,0,1,0
USR-14594,Control,0,0.0,84.8,0,0,0
USR-14595,Treatment,0,0.0,167.3,0,0,0
USR-14596,Treatment,0,0.0,14.9,0,1,0
USR-14597,Control,0,0.0,114.2,0,0,0
USR-14598,Control,0,0.0,64.8,0,0,0
USR-14599,Control,0,0.0,17.8,0,1,0
USR-14600,Control,0,0.0,131.6,0,0,0
USR-14601,Treatment,0,0.0,74.9,0,0,0
USR-14602,Treatment,0,0.0,11.4,0,1,0
USR-14603,Control,0,0.0,23.9,0,1,0
USR-14604,Treatment,0,0.0,16.9,0,1,0
USR-14605,Treatment,1,61.76,293.1,1,0,0
USR-14606,Treatment,0,0.0,109.0,0,0,0
USR-14607,Control,0,0.0,79.9,0,0,0
USR-14608,Treatment,0,0.0,7.7,0,1,0
USR-14609,Control,0,0.0,24.4,0,1,0
USR-14610,Control,0,0.0,103.5,0,0,0
USR-14611,Control,0,0.0,99.8,0,0,0
USR-14612,Control,0,0.0,145.6,0,0,0
USR-14613,Control,0,0.0,18.5,0,1,0
USR-14614,Control,0,0.0,76.6,0,0,0
USR-14615,Control,0,0.0,79.3,0,0,0
USR-14616,Treatment,0,0.0,5.7,0,1,0
USR-14617,Treatment,0,0.0,88.2,0,0,0
USR-14618,Control,0,0.0,11.2,0,1,0
USR-14619,Treatment,0,0.0,102.0,0,0,0
USR-14620,Treatment,1,117.28,220.5,1,0,0
USR-14621,Treatment,0,0.0,141.1,0,0,0
USR-14622,Control,0,0.0,140.3,0,0,0
USR-14623,Treatment,0,0.0,137.4,0,0,0
USR-14624,Treatment,0,0.0,130.3,0,0,0
USR-14625,Treatment,0,0.0,155.3,0,0,0
USR-14626,Control,0,0.0,146.9,0,0,0
USR-14627,Treatment,0,0.0,77.8,0,0,0
USR-14628,Treatment,0,0.0,94.2,0,0,0
USR-14629,Treatment,0,0.0,14.2,0,1,0
USR-14630,Control,0,0.0,7.7,0,1,0
USR-14631,Control,0,0.0,16.5,0,1,0
USR-14632,Treatment,0,0.0,129.7,0,0,0
USR-14633,Treatment,0,0.0,91.8,0,0,0
USR-14634,Control,0,0.0,110.7,0,0,0
USR-14635,Treatment,0,0.0,111.0,0,0,0
USR-14636,Control,0,0.0,111.8,0,0,0
USR-14637,Treatment,0,0.0,90.4,0,0,0
USR-14638,Treatment,0,0.0,136.8,0,0,0
USR-14639,Treatment,0,0.0,19.3,0,1,0
USR-14640,Treatment,0,0.0,13.4,0,1,0
USR-14641,Control,0,0.0,95.0,0,0,0
USR-14642,Treatment,0,0.0,9.3,0,1,0
USR-14643,Control,0,0.0,131.1,0,0,0
USR-14644,Treatment,0,0.0,18.5,0,1,0
USR-14645,Treatment,0,0.0,57.3,0,0,0
USR-14646,Treatment,0,0.0,133.2,0,0,0
USR-14647,Control,0,0.0,129.0,0,0,0
USR-14648,Treatment,0,0.0,10.9,0,1,0
USR-14649,Control,0,0.0,16.6,0,1,0
USR-14650,Control,0,0.0,134.1,0,0,0
USR-14651,Treatment,0,0.0,126.9,0,0,0
USR-14652,Control,0,0.0,132.6,0,0,0
USR-14653,Treatment,0,0.0,127.8,0,0,0
USR-14654,Control,0,0.0,14.7,0,1,0
USR-14655,Control,0,0.0,8.9,0,1,0
USR-14656,Treatment,0,0.0,65.8,0,0,0
USR-14657,Treatment,1,89.3,206.4,1,0,0
USR-14658,Control,1,242.04,249.2,2,0,0
USR-14659,Treatment,0,0.0,12.2,0,1,0
USR-14660,Treatment,0,0.0,13.5,0,1,0
USR-14661,Treatment,0,0.0,152.5,0,0,0
USR-14662,Control,0,0.0,9.2,0,1,0
USR-14663,Treatment,0,0.0,16.3,0,1,0
USR-14664,Treatment,0,0.0,23.9,0,1,0
USR-14665,Treatment,0,0.0,104.8,0,0,0
USR-14666,Control,0,0.0,146.5,0,0,0
USR-14667,Treatment,0,0.0,69.3,0,0,0
USR-14668,Treatment,0,0.0,90.6,0,0,0
USR-14669,Treatment,0,0.0,143.4,0,0,0
USR-14670,Control,0,0.0,14.4,0,1,0
USR-14671,Treatment,0,0.0,123.3,0,0,0
USR-14672,Treatment,0,0.0,19.2,0,1,0
USR-14673,Control,0,0.0,20.1,0,1,0
USR-14674,Control,0,0.0,107.7,0,0,0
USR-14675,Treatment,0,0.0,135.7,0,0,0
USR-14676,Control,0,0.0,134.7,0,0,0
USR-14677,Treatment,0,0.0,21.8,0,1,0
USR-14678,Treatment,0,0.0,137.3,0,0,0
USR-14679,Treatment,0,0.0,135.4,0,0,0
USR-14680,Control,0,0.0,149.8,0,0,0
USR-14681,Control,0,0.0,11.2,0,1,0
USR-14682,Treatment,0,0.0,105.2,0,0,0
USR-14683,Control,0,0.0,79.7,0,0,0
USR-14684,Treatment,0,0.0,135.4,0,0,0
USR-14685,Control,0,0.0,96.1,0,0,0
USR-14686,Control,0,0.0,13.6,0,1,0
USR-14687,Control,0,0.0,166.0,0,0,0
USR-14688,Treatment,0,0.0,133.0,0,0,0
USR-14689,Treatment,0,0.0,146.8,0,0,0
USR-14690,Control,1,20.4,271.9,1,0,0
USR-14691,Control,0,0.0,101.6,0,0,0
USR-14692,Control,0,0.0,19.0,0,1,0
USR-14693,Treatment,0,0.0,154.5,0,0,0
USR-14694,Control,1,78.51,219.5,1,0,0
USR-14695,Treatment,0,0.0,146.0,0,0,0
USR-14696,Treatment,0,0.0,106.1,0,0,0
USR-14697,Treatment,0,0.0,77.8,0,0,0
USR-14698,Control,0,0.0,126.8,0,0,0
USR-14699,Treatment,0,0.0,149.4,0,0,0
USR-14700,Control,0,0.0,144.9,0,0,0
USR-14701,Control,0,0.0,18.8,0,1,0
USR-14702,Treatment,0,0.0,102.4,0,0,0
USR-14703,Treatment,0,0.0,20.2,0,1,0
USR-14704,Control,0,0.0,95.0,0,0,0
USR-14705,Control,0,0.0,22.9,0,1,0
USR-14706,Treatment,0,0.0,13.9,0,1,0
USR-14707,Control,0,0.0,17.3,0,1,0
USR-14708,Treatment,0,0.0,80.4,0,0,0
USR-14709,Treatment,0,0.0,80.2,0,0,0
USR-14710,Control,0,0.0,151.1,0,0,0
USR-14711,Control,0,0.0,9.2,0,1,0
USR-14712,Control,0,0.0,86.9,0,0,0
USR-14713,Treatment,0,0.0,119.6,0,0,0
USR-14714,Treatment,1,33.29,256.2,1,0,0
USR-14715,Control,0,0.0,7.3,0,1,0
USR-14716,Treatment,0,0.0,117.1,0,0,0
USR-14717,Treatment,0,0.0,20.6,0,1,0
USR-14718,Control,0,0.0,106.0,0,0,0
USR-14719,Treatment,0,0.0,10.6,0,1,0
USR-14720,Control,0,0.0,140.1,0,0,0
USR-14721,Control,0,0.0,10.2,0,1,0
USR-14722,Control,0,0.0,23.4,0,1,0
USR-14723,Control,0,0.0,20.1,0,1,0
USR-14724,Control,0,0.0,98.3,0,0,0
USR-14725,Control,0,0.0,109.5,0,0,0
USR-14726,Treatment,0,0.0,166.7,0,0,0
USR-14727,Treatment,0,0.0,106.8,0,0,0
USR-14728,Treatment,0,0.0,103.4,0,0,0
USR-14729,Control,0,0.0,99.9,0,0,0
USR-14730,Control,0,0.0,8.9,0,1,0
USR-14731,Control,0,0.0,148.7,0,0,0
USR-14732,Treatment,1,31.66,241.8,2,0,0
USR-14733,Treatment,0,0.0,23.8,0,1,0
USR-14734,Control,0,0.0,14.6,0,1,0
USR-14735,Control,0,0.0,6.9,0,1,0
USR-14736,Treatment,0,0.0,22.5,0,1,0
USR-14737,Control,1,21.31,209.0,1,0,0
USR-14738,Control,0,0.0,19.1,0,1,0
USR-14739,Treatment,0,0.0,105.8,0,0,0
USR-14740,Treatment,0,0.0,100.2,0,0,0
USR-14741,Control,0,0.0,111.1,0,0,0
USR-14742,Control,0,0.0,9.6,0,1,0
USR-14743,Treatment,0,0.0,24.6,0,1,0
USR-14744,Control,0,0.0,95.4,0,0,0
USR-14745,Control,0,0.0,86.4,0,0,0
USR-14746,Control,0,0.0,105.7,0,0,0
USR-14747,Control,0,0.0,94.8,0,0,0
USR-14748,Control,1,30.54,212.2,1,0,0
USR-14749,Treatment,0,0.0,139.6,0,0,0
USR-14750,Control,0,0.0,15.7,0,1,0
USR-14751,Control,0,0.0,137.8,0,0,0
USR-14752,Treatment,0,0.0,61.4,0,0,0
USR-14753,Treatment,0,0.0,88.1,0,0,0
USR-14754,Treatment,0,0.0,139.8,0,0,0
USR-14755,Treatment,0,0.0,107.0,0,0,0
USR-14756,Control,0,0.0,6.0,0,1,0
USR-14757,Treatment,0,0.0,115.5,0,0,0
USR-14758,Control,0,0.0,113.7,0,0,0
USR-14759,Treatment,0,0.0,114.4,0,0,0
USR-14760,Control,0,0.0,153.3,0,0,0
USR-14761,Treatment,0,0.0,146.5,0,0,0
USR-14762,Treatment,0,0.0,75.3,0,0,0
USR-14763,Control,0,0.0,145.1,0,0,0
USR-14764,Treatment,0,0.0,67.0,0,0,0
USR-14765,Treatment,0,0.0,8.6,0,1,0
USR-14766,Treatment,0,0.0,125.3,0,0,0
USR-14767,Control,0,0.0,132.7,0,0,0
USR-14768,Treatment,0,0.0,90.5,0,0,0
USR-14769,Control,0,0.0,49.0,0,0,0
USR-14770,Control,0,0.0,12.7,0,1,0
USR-14771,Control,0,0.0,104.5,0,0,0
USR-14772,Control,0,0.0,5.7,0,1,0
USR-14773,Treatment,0,0.0,122.8,0,0,0
USR-14774,Control,0,0.0,78.0,0,0,0
USR-14775,Treatment,0,0.0,5.3,0,1,0
USR-14776,Control,0,0.0,135.5,0,0,0
USR-14777,Control,0,0.0,9.1,0,1,0
USR-14778,Control,0,0.0,153.1,0,0,0
USR-14779,Control,0,0.0,74.5,0,0,0
USR-14780,Control,0,0.0,126.8,0,0,0
USR-14781,Control,0,0.0,93.6,0,0,0
USR-14782,Treatment,0,0.0,15.2,0,1,0
USR-14783,Control,0,0.0,8.0,0,1,0
USR-14784,Control,0,0.0,18.7,0,1,0
USR-14785,Control,0,0.0,131.2,0,0,0
USR-14786,Treatment,0,0.0,8.0,0,1,0
USR-14787,Treatment,0,0.0,101.2,0,0,0
USR-14788,Control,0,0.0,129.4,0,0,0
USR-14789,Control,0,0.0,11.1,0,1,0
USR-14790,Control,0,0.0,174.1,0,0,0
USR-14791,Treatment,0,0.0,7.8,0,1,0
USR-14792,Control,0,0.0,100.5,0,0,0
USR-14793,Control,0,0.0,157.0,0,0,0
USR-14794,Control,0,0.0,157.5,0,0,0
USR-14795,Control,0,0.0,112.5,0,0,0
USR-14796,Control,1,42.83,165.4,1,0,0
USR-14797,Treatment,0,0.0,157.4,0,0,0
USR-14798,Control,0,0.0,22.0,0,1,0
USR-14799,Treatment,0,0.0,42.2,0,0,0
USR-14800,Control,0,0.0,91.4,0,0,0
USR-14801,Control,0,0.0,16.6,0,1,0
USR-14802,Treatment,1,36.43,279.2,1,0,0
USR-14803,Control,0,0.0,109.6,0,0,0
USR-14804,Treatment,0,0.0,185.4,0,0,0
USR-14805,Treatment,0,0.0,18.2,0,1,0
USR-14806,Control,0,0.0,129.7,0,0,0
USR-14807,Treatment,0,0.0,92.5,0,0,0
USR-14808,Control,0,0.0,10.7,0,1,0
USR-14809,Treatment,0,0.0,5.3,0,1,0
USR-14810,Control,0,0.0,98.8,0,0,0
USR-14811,Treatment,0,0.0,102.0,0,0,0
USR-14812,Control,0,0.0,5.2,0,1,0
USR-14813,Treatment,0,0.0,89.1,0,0,0
USR-14814,Treatment,0,0.0,15.0,0,1,0
USR-14815,Treatment,0,0.0,8.1,0,1,0
USR-14816,Treatment,0,0.0,24.8,0,1,0
USR-14817,Treatment,0,0.0,116.0,0,0,0
USR-14818,Treatment,0,0.0,115.1,0,0,0
USR-14819,Control,0,0.0,117.7,0,0,0
USR-14820,Control,0,0.0,86.9,0,0,0
USR-14821,Control,0,0.0,81.4,0,0,0
USR-14822,Control,0,0.0,14.6,0,1,0
USR-14823,Control,0,0.0,15.8,0,1,0
USR-14824,Treatment,0,0.0,105.3,0,0,0
USR-14825,Control,0,0.0,22.0,0,1,0
USR-14826,Treatment,0,0.0,19.7,0,1,0
USR-14827,Control,0,0.0,159.1,0,0,0
USR-14828,Control,0,0.0,101.3,0,0,0
USR-14829,Treatment,0,0.0,90.3,0,0,0
USR-14830,Treatment,0,0.0,19.8,0,1,0
USR-14831,Treatment,0,0.0,13.3,0,1,0
USR-14832,Treatment,0,0.0,77.5,0,0,0
USR-14833,Control,0,0.0,88.8,0,0,0
USR-14834,Treatment,1,83.94,233.8,1,0,0
USR-14835,Control,0,0.0,15.4,0,1,0
USR-14836,Control,0,0.0,20.9,0,1,0
USR-14837,Control,0,0.0,135.4,0,0,0
USR-14838,Control,0,0.0,24.2,0,1,0
USR-14839,Control,0,0.0,79.1,0,0,0
USR-14840,Treatment,0,0.0,60.0,0,0,0
USR-14841,Treatment,0,0.0,19.0,0,1,0
USR-14842,Control,0,0.0,6.2,0,1,0
USR-14843,Control,0,0.0,74.1,0,0,0
USR-14844,Control,0,0.0,56.8,0,0,0
USR-14845,Control,0,0.0,105.9,0,0,0
USR-14846,Treatment,0,0.0,95.2,0,0,0
USR-14847,Control,0,0.0,9.6,0,1,0
USR-14848,Treatment,0,0.0,15.2,0,1,0
USR-14849,Control,0,0.0,16.8,0,1,0
USR-14850,Treatment,0,0.0,105.5,0,0,0
USR-14851,Control,0,0.0,17.2,0,1,0
USR-14852,Treatment,0,0.0,65.2,0,0,0
USR-14853,Control,0,0.0,95.8,0,0,0
USR-14854,Treatment,0,0.0,130.0,0,0,0
USR-14855,Control,0,0.0,98.1,0,0,0
USR-14856,Control,0,0.0,92.6,0,0,0
USR-14857,Treatment,0,0.0,66.8,0,0,0
USR-14858,Treatment,0,0.0,124.4,0,0,0
USR-14859,Treatment,0,0.0,97.8,0,0,0
USR-14860,Treatment,0,0.0,92.6,0,0,0
USR-14861,Treatment,0,0.0,12.1,0,1,0
USR-14862,Control,0,0.0,18.0,0,1,0
USR-14863,Control,1,116.16,179.8,2,0,0
USR-14864,Control,0,0.0,7.0,0,1,0
USR-14865,Treatment,0,0.0,12.6,0,1,0
USR-14866,Control,0,0.0,122.1,0,0,0
USR-14867,Control,0,0.0,115.4,0,0,0
USR-14868,Treatment,0,0.0,19.5,0,1,0
USR-14869,Treatment,0,0.0,131.0,0,0,0
USR-14870,Control,0,0.0,125.7,0,0,0
USR-14871,Control,0,0.0,109.3,0,0,0
USR-14872,Control,0,0.0,128.0,0,0,0
USR-14873,Control,0,0.0,88.4,0,0,0
USR-14874,Control,0,0.0,76.4,0,0,0
USR-14875,Treatment,0,0.0,137.0,0,0,0
USR-14876,Treatment,0,0.0,23.5,0,1,0
USR-14877,Treatment,0,0.0,6.5,0,1,0
USR-14878,Control,0,0.0,64.1,0,0,0
USR-14879,Treatment,0,0.0,142.7,0,0,0
USR-14880,Control,0,0.0,70.1,0,0,0
USR-14881,Control,0,0.0,114.6,0,0,0
USR-14882,Treatment,0,0.0,97.8,0,0,0
USR-14883,Control,0,0.0,9.5,0,1,0
USR-14884,Control,0,0.0,144.4,0,0,0
USR-14885,Treatment,0,0.0,165.5,0,0,0
USR-14886,Control,0,0.0,125.3,0,0,0
USR-14887,Treatment,0,0.0,125.6,0,0,0
USR-14888,Control,0,0.0,122.7,0,0,0
USR-14889,Treatment,1,18.44,234.3,1,0,0
USR-14890,Control,0,0.0,6.2,0,1,0
USR-14891,Control,1,36.03,145.5,1,0,0
USR-14892,Treatment,0,0.0,134.6,0,0,0
USR-14893,Control,0,0.0,10.8,0,1,0
USR-14894,Control,0,0.0,127.7,0,0,0
USR-14895,Control,0,0.0,19.2,0,1,0
USR-14896,Control,0,0.0,81.6,0,0,0
USR-14897,Control,0,0.0,17.0,0,1,0
USR-14898,Control,0,0.0,82.3,0,0,0
USR-14899,Treatment,0,0.0,143.2,0,0,0
USR-14900,Control,0,0.0,145.2,0,0,0
USR-14901,Control,0,0.0,8.0,0,1,0
USR-14902,Control,0,0.0,17.2,0,1,0
USR-14903,Control,0,0.0,127.1,0,0,0
USR-14904,Treatment,0,0.0,104.9,0,0,0
USR-14905,Control,0,0.0,158.0,0,0,0
USR-14906,Treatment,0,0.0,8.6,0,1,0
USR-14907,Control,0,0.0,13.9,0,1,0
USR-14908,Treatment,0,0.0,96.6,0,0,0
USR-14909,Treatment,0,0.0,146.8,0,0,0
USR-14910,Treatment,0,0.0,20.4,0,1,0
USR-14911,Treatment,0,0.0,19.4,0,1,0
USR-14912,Treatment,0,0.0,124.3,0,0,0
USR-14913,Control,0,0.0,130.8,0,0,0
USR-14914,Control,0,0.0,132.6,0,0,0
USR-14915,Treatment,0,0.0,7.2,0,1,0
USR-14916,Control,0,0.0,18.9,0,1,0
USR-14917,Control,0,0.0,64.8,0,0,0
USR-14918,Treatment,0,0.0,24.4,0,1,0
USR-14919,Control,0,0.0,113.5,0,0,0
USR-14920,Treatment,0,0.0,113.9,0,0,0
USR-14921,Treatment,0,0.0,22.3,0,1,0
USR-14922,Treatment,0,0.0,16.0,0,1,0
USR-14923,Treatment,0,0.0,79.1,0,0,0
USR-14924,Control,0,0.0,114.0,0,0,0
USR-14925,Control,0,0.0,108.0,0,0,0
USR-14926,Control,0,0.0,24.1,0,1,0
USR-14927,Control,0,0.0,79.0,0,0,0
USR-14928,Treatment,0,0.0,38.5,0,0,0
USR-14929,Treatment,0,0.0,11.6,0,1,0
USR-14930,Control,0,0.0,84.8,0,0,0
USR-14931,Control,0,0.0,10.9,0,1,0
USR-14932,Treatment,0,0.0,16.3,0,1,0
USR-14933,Control,0,0.0,117.2,0,0,0
USR-14934,Control,0,0.0,92.2,0,0,0
USR-14935,Control,0,0.0,94.2,0,0,0
USR-14936,Treatment,0,0.0,104.6,0,0,0
USR-14937,Treatment,1,31.3,275.3,1,0,0
USR-14938,Treatment,1,20.91,295.3,1,0,0
USR-14939,Treatment,0,0.0,57.4,0,0,0
USR-14940,Control,0,0.0,13.4,0,1,0
USR-14941,Control,0,0.0,9.4,0,1,0
USR-14942,Treatment,0,0.0,99.9,0,0,0
USR-14943,Control,0,0.0,110.9,0,0,0
USR-14944,Treatment,0,0.0,9.7,0,1,0
USR-14945,Treatment,0,0.0,13.2,0,1,0
USR-14946,Treatment,0,0.0,9.2,0,1,0
USR-14947,Treatment,0,0.0,94.8,0,0,0
USR-14948,Treatment,0,0.0,23.6,0,1,0
USR-14949,Treatment,0,0.0,54.4,0,0,0
USR-14950,Control,0,0.0,8.4,0,1,0
USR-14951,Control,0,0.0,145.6,0,0,0
USR-14952,Control,0,0.0,114.0,0,0,0
USR-14953,Treatment,0,0.0,30.7,0,0,0
USR-14954,Control,0,0.0,22.0,0,1,0
USR-14955,Treatment,0,0.0,97.8,0,0,0
USR-14956,Control,0,0.0,52.1,0,0,0
USR-14957,Treatment,0,0.0,21.8,0,1,0
USR-14958,Control,1,61.13,205.4,1,0,0
USR-14959,Treatment,0,0.0,98.8,0,0,0
USR-14960,Treatment,0,0.0,7.2,0,1,0
USR-14961,Control,1,42.08,311.0,2,0,0
USR-14962,Control,0,0.0,94.8,0,0,0
USR-14963,Treatment,0,0.0,15.9,0,1,0
USR-14964,Control,0,0.0,24.5,0,0,0
USR-14965,Control,0,0.0,17.7,0,1,0
USR-14966,Treatment,0,0.0,112.7,0,0,0
USR-14967,Treatment,0,0.0,112.2,0,0,0
USR-14968,Treatment,0,0.0,102.6,0,0,0
USR-14969,Control,0,0.0,90.8,0,0,0
USR-14970,Control,0,0.0,135.4,0,0,0
USR-14971,Treatment,0,0.0,14.0,0,1,0
USR-14972,Treatment,0,0.0,7.3,0,1,0
USR-14973,Treatment,0,0.0,106.8,0,0,0
USR-14974,Control,0,0.0,17.2,0,1,0
USR-14975,Control,0,0.0,95.8,0,0,0
USR-14976,Control,0,0.0,23.2,0,1,0
USR-14977,Control,0,0.0,103.0,0,0,0
USR-14978,Control,0,0.0,104.3,0,0,0
USR-14979,Control,0,0.0,7.1,0,1,0
USR-14980,Treatment,0,0.0,6.8,0,1,0
USR-14981,Control,0,0.0,94.1,0,0,0
USR-14982,Treatment,0,0.0,12.0,0,1,0
USR-14983,Treatment,0,0.0,187.8,0,0,0
USR-14984,Treatment,0,0.0,10.9,0,1,0
USR-14985,Control,0,0.0,17.8,0,1,0
USR-14986,Treatment,0,0.0,20.0,0,1,0
USR-14987,Treatment,0,0.0,23.4,0,1,0
USR-14988,Treatment,0,0.0,24.4,0,1,0
USR-14989,Treatment,0,0.0,131.3,0,0,0
USR-14990,Treatment,0,0.0,13.1,0,1,0
USR-14991,Treatment,0,0.0,15.5,0,1,0
USR-14992,Control,0,0.0,66.2,0,0,0
USR-14993,Treatment,0,0.0,18.7,0,1,0
USR-14994,Control,0,0.0,154.3,0,0,0
USR-14995,Treatment,0,0.0,93.4,0,0,0
USR-14996,Control,0,0.0,65.5,0,0,0
USR-14997,Control,0,0.0,5.5,0,1,0
USR-14998,Treatment,0,0.0,119.7,0,0,0
USR-14999,Treatment,0,0.0,139.2,0,0,0
USR-15000,Control,1,160.99,289.4,2,0,0
USR-15001,Control,0,0.0,159.7,0,0,0
USR-15002,Treatment,0,0.0,8.0,0,1,0
USR-15003,Control,0,0.0,158.9,0,0,0
USR-15004,Treatment,0,0.0,109.1,0,0,0
USR-15005,Control,0,0.0,144.0,0,0,0
USR-15006,Treatment,0,0.0,12.8,0,1,0
USR-15007,Treatment,0,0.0,90.2,0,0,0
USR-15008,Control,0,0.0,21.6,0,1,0
USR-15009,Control,0,0.0,13.7,0,1,0
USR-15010,Control,0,0.0,78.2,0,0,0
USR-15011,Treatment,0,0.0,5.4,0,1,0
USR-15012,Treatment,0,0.0,159.2,0,0,0
USR-15013,Treatment,0,0.0,22.5,0,1,0
USR-15014,Control,0,0.0,20.7,0,1,0
USR-15015,Control,0,0.0,117.7,0,0,0
USR-15016,Control,0,0.0,8.6,0,1,0
USR-15017,Control,0,0.0,121.2,0,0,0
USR-15018,Treatment,0,0.0,94.0,0,0,0
USR-15019,Treatment,0,0.0,129.4,0,0,0
USR-15020,Treatment,0,0.0,142.6,0,0,0
USR-15021,Control,0,0.0,126.7,0,0,0
USR-15022,Treatment,0,0.0,141.9,0,0,0
USR-15023,Treatment,0,0.0,142.9,0,0,0
USR-15024,Treatment,0,0.0,108.3,0,0,0
USR-15025,Treatment,0,0.0,135.1,0,0,0
USR-15026,Control,1,27.51,251.7,1,0,0
USR-15027,Control,0,0.0,5.8,0,1,0
USR-15028,Treatment,0,0.0,115.0,0,0,0
USR-15029,Control,0,0.0,85.1,0,0,0
USR-15030,Control,0,0.0,95.7,0,0,0
USR-15031,Treatment,0,0.0,131.9,0,0,0
USR-15032,Treatment,0,0.0,126.3,0,0,0
USR-15033,Treatment,0,0.0,135.7,0,0,0
USR-15034,Control,0,0.0,153.8,0,0,0
USR-15035,Control,0,0.0,18.2,0,1,0
USR-15036,Treatment,0,0.0,149.9,0,0,0
USR-15037,Treatment,0,0.0,129.1,0,0,0
USR-15038,Treatment,0,0.0,118.2,0,0,0
USR-15039,Treatment,0,0.0,21.5,0,1,0
USR-15040,Treatment,0,0.0,18.4,0,1,0
USR-15041,Treatment,0,0.0,124.9,0,0,0
USR-15042,Control,0,0.0,19.8,0,1,0
USR-15043,Treatment,0,0.0,136.6,0,0,0
USR-15044,Treatment,1,94.85,308.2,1,0,0
USR-15045,Treatment,0,0.0,17.9,0,1,0
USR-15046,Control,0,0.0,102.1,0,0,0
USR-15047,Treatment,0,0.0,118.1,0,0,0
USR-15048,Control,0,0.0,137.5,0,0,0
USR-15049,Treatment,0,0.0,24.8,0,1,0
USR-15050,Control,0,0.0,72.1,0,0,0
USR-15051,Treatment,0,0.0,66.9,0,0,0
USR-15052,Control,0,0.0,9.5,0,1,0
USR-15053,Control,0,0.0,98.8,0,0,0
USR-15054,Control,0,0.0,168.1,0,0,0
USR-15055,Treatment,0,0.0,15.4,0,1,0
USR-15056,Control,0,0.0,91.2,0,0,0
USR-15057,Control,0,0.0,29.1,0,0,0
USR-15058,Treatment,0,0.0,23.9,0,1,0
USR-15059,Control,0,0.0,100.9,0,0,0
USR-15060,Treatment,0,0.0,168.7,0,0,0
USR-15061,Treatment,0,0.0,16.7,0,1,0
USR-15062,Treatment,0,0.0,103.0,0,0,0
USR-15063,Control,0,0.0,17.9,0,1,0
USR-15064,Treatment,1,88.27,217.4,1,0,0
USR-15065,Control,0,0.0,109.8,0,0,0
USR-15066,Control,0,0.0,161.0,0,0,0
USR-15067,Control,1,41.84,201.4,1,0,0
USR-15068,Treatment,0,0.0,82.6,0,0,0
USR-15069,Control,0,0.0,20.2,0,1,0
USR-15070,Treatment,0,0.0,160.3,0,0,0
USR-15071,Treatment,0,0.0,22.6,0,1,0
USR-15072,Control,0,0.0,97.1,0,0,0
USR-15073,Control,0,0.0,11.6,0,1,0
USR-15074,Treatment,0,0.0,18.0,0,1,0
USR-15075,Treatment,0,0.0,82.8,0,0,0
USR-15076,Treatment,0,0.0,12.0,0,1,0
USR-15077,Control,0,0.0,15.5,0,1,0
USR-15078,Control,0,0.0,79.5,0,0,0
USR-15079,Control,0,0.0,8.1,0,1,0
USR-15080,Control,0,0.0,18.0,0,1,0
USR-15081,Control,0,0.0,115.1,0,0,0
USR-15082,Treatment,0,0.0,85.7,0,0,0
USR-15083,Control,1,42.7,265.9,1,0,1
USR-15084,Control,0,0.0,24.2,0,1,0
USR-15085,Treatment,0,0.0,129.7,0,0,0
USR-15086,Treatment,0,0.0,16.6,0,1,0
USR-15087,Control,0,0.0,5.7,0,1,0
USR-15088,Treatment,0,0.0,96.6,0,0,0
USR-15089,Control,0,0.0,10.6,0,1,0
USR-15090,Control,0,0.0,6.0,0,1,0
USR-15091,Control,0,0.0,116.8,0,0,0
USR-15092,Treatment,0,0.0,161.0,0,0,0
USR-15093,Control,0,0.0,69.2,0,0,0
USR-15094,Control,0,0.0,131.4,0,0,0
USR-15095,Control,0,0.0,130.7,0,0,0
USR-15096,Treatment,0,0.0,101.9,0,0,0
USR-15097,Control,0,0.0,103.8,0,0,0
USR-15098,Control,0,0.0,9.2,0,1,0
USR-15099,Control,0,0.0,17.9,0,1,0
USR-15100,Control,0,0.0,20.3,0,1,0
USR-15101,Treatment,0,0.0,131.5,0,0,0
USR-15102,Treatment,0,0.0,142.0,0,0,0
USR-15103,Control,0,0.0,121.4,0,0,0
USR-15104,Control,0,0.0,70.8,0,0,0
USR-15105,Control,0,0.0,17.0,0,1,0
USR-15106,Control,0,0.0,7.6,0,1,0
USR-15107,Control,0,0.0,5.4,0,1,0
USR-15108,Treatment,0,0.0,9.8,0,1,0
USR-15109,Treatment,0,0.0,107.2,0,0,0
USR-15110,Treatment,0,0.0,64.5,0,0,0
USR-15111,Treatment,0,0.0,95.7,0,0,0
USR-15112,Treatment,0,0.0,8.4,0,1,0
USR-15113,Treatment,0,0.0,150.8,0,0,0
USR-15114,Control,0,0.0,77.9,0,0,0
USR-15115,Treatment,0,0.0,21.6,0,1,0
USR-15116,Control,0,0.0,61.3,0,0,0
USR-15117,Control,0,0.0,117.8,0,0,0
USR-15118,Treatment,0,0.0,20.2,0,1,0
USR-15119,Control,0,0.0,153.6,0,0,0
USR-15120,Control,0,0.0,76.5,0,0,0
USR-15121,Treatment,0,0.0,115.7,0,0,0
USR-15122,Control,0,0.0,22.1,0,1,0
USR-15123,Control,0,0.0,141.0,0,0,0
USR-15124,Treatment,0,0.0,142.0,0,0,0
USR-15125,Treatment,0,0.0,97.8,0,0,0
USR-15126,Treatment,0,0.0,103.2,0,0,0
USR-15127,Control,0,0.0,6.5,0,1,0
USR-15128,Control,0,0.0,67.6,0,0,0
USR-15129,Treatment,0,0.0,15.0,0,1,0
USR-15130,Treatment,0,0.0,124.1,0,0,0
USR-15131,Treatment,0,0.0,16.3,0,1,0
USR-15132,Control,0,0.0,77.2,0,0,0
USR-15133,Control,0,0.0,9.0,0,1,0
USR-15134,Treatment,0,0.0,9.2,0,1,0
USR-15135,Control,0,0.0,18.1,0,1,0
USR-15136,Treatment,0,0.0,24.3,0,1,0
USR-15137,Control,0,0.0,5.4,0,1,0
USR-15138,Treatment,0,0.0,95.4,0,0,0
USR-15139,Treatment,0,0.0,127.5,0,0,0
USR-15140,Treatment,0,0.0,22.2,0,1,0
USR-15141,Control,0,0.0,139.6,0,0,0
USR-15142,Treatment,0,0.0,12.6,0,1,0
USR-15143,Treatment,0,0.0,103.3,0,0,0
USR-15144,Control,0,0.0,5.5,0,1,0
USR-15145,Treatment,0,0.0,132.3,0,0,0
USR-15146,Treatment,0,0.0,122.4,0,0,0
USR-15147,Treatment,0,0.0,8.7,0,1,0
USR-15148,Treatment,0,0.0,126.9,0,0,0
USR-15149,Control,0,0.0,12.7,0,1,0
USR-15150,Control,0,0.0,8.0,0,1,0
USR-15151,Control,0,0.0,82.5,0,0,0
USR-15152,Treatment,0,0.0,145.9,0,0,0
USR-15153,Treatment,1,143.84,274.1,2,0,0
USR-15154,Treatment,0,0.0,7.1,0,1,0
USR-15155,Control,0,0.0,89.2,0,0,0
USR-15156,Control,1,28.66,248.4,1,0,0
USR-15157,Treatment,0,0.0,5.7,0,1,0
USR-15158,Control,0,0.0,23.1,0,1,0
USR-15159,Control,0,0.0,65.9,0,0,0
USR-15160,Treatment,0,0.0,104.9,0,0,0
USR-15161,Control,0,0.0,71.9,0,0,0
USR-15162,Control,0,0.0,12.4,0,1,0
USR-15163,Control,0,0.0,146.7,0,0,0
USR-15164,Control,0,0.0,16.2,0,1,0
USR-15165,Treatment,0,0.0,67.8,0,0,0
USR-15166,Control,0,0.0,9.4,0,1,0
USR-15167,Control,0,0.0,5.6,0,1,0
USR-15168,Control,0,0.0,24.3,0,1,0
USR-15169,Treatment,0,0.0,94.3,0,0,0
USR-15170,Control,0,0.0,7.5,0,1,0
USR-15171,Treatment,0,0.0,21.5,0,1,0
USR-15172,Control,0,0.0,20.0,0,1,0
USR-15173,Control,0,0.0,110.3,0,0,0
USR-15174,Control,0,0.0,106.0,0,0,0
USR-15175,Treatment,0,0.0,152.6,0,0,0
USR-15176,Treatment,0,0.0,17.9,0,1,0
USR-15177,Control,0,0.0,147.5,0,0,0
USR-15178,Treatment,0,0.0,24.5,0,1,0
USR-15179,Treatment,1,62.24,253.3,1,0,0
USR-15180,Control,0,0.0,21.6,0,1,0
USR-15181,Treatment,0,0.0,135.4,0,0,0
USR-15182,Control,0,0.0,9.7,0,1,0
USR-15183,Treatment,0,0.0,134.4,0,0,0
USR-15184,Treatment,0,0.0,16.6,0,1,0
USR-15185,Treatment,0,0.0,119.6,0,0,0
USR-15186,Treatment,0,0.0,18.9,0,1,0
USR-15187,Control,0,0.0,138.2,0,0,0
USR-15188,Treatment,0,0.0,52.5,0,0,0
USR-15189,Control,0,0.0,122.6,0,0,0
USR-15190,Control,0,0.0,16.1,0,1,0
USR-15191,Treatment,0,0.0,118.7,0,0,0
USR-15192,Treatment,0,0.0,153.3,0,0,0
USR-15193,Treatment,0,0.0,24.4,0,1,0
USR-15194,Control,0,0.0,96.6,0,0,0
USR-15195,Treatment,0,0.0,138.9,0,0,0
USR-15196,Treatment,1,68.5,139.8,2,0,0
USR-15197,Control,0,0.0,143.0,0,0,0
USR-15198,Control,0,0.0,20.1,0,1,0
USR-15199,Control,0,0.0,10.7,0,1,0
USR-15200,Control,0,0.0,25.0,0,1,0
USR-15201,Treatment,0,0.0,62.4,0,0,0
USR-15202,Treatment,0,0.0,124.5,0,0,0
USR-15203,Treatment,0,0.0,131.6,0,0,0
USR-15204,Treatment,0,0.0,110.8,0,0,0
USR-15205,Control,0,0.0,7.6,0,1,0
USR-15206,Treatment,0,0.0,13.1,0,1,0
USR-15207,Control,0,0.0,15.1,0,1,0
USR-15208,Treatment,0,0.0,162.0,0,0,0
USR-15209,Control,0,0.0,128.6,0,0,0
USR-15210,Treatment,0,0.0,8.2,0,1,0
USR-15211,Control,0,0.0,11.6,0,1,0
USR-15212,Control,0,0.0,9.3,0,1,0
USR-15213,Treatment,0,0.0,7.8,0,1,0
USR-15214,Control,0,0.0,94.1,0,0,0
USR-15215,Treatment,0,0.0,6.2,0,1,0
USR-15216,Control,0,0.0,103.5,0,0,0
USR-15217,Treatment,0,0.0,133.4,0,0,0
USR-15218,Control,0,0.0,105.5,0,0,0
USR-15219,Control,0,0.0,103.2,0,0,0
USR-15220,Control,0,0.0,77.7,0,0,0
USR-15221,Control,0,0.0,91.6,0,0,0
USR-15222,Control,0,0.0,95.7,0,0,0
USR-15223,Control,0,0.0,78.3,0,0,0
USR-15224,Control,0,0.0,17.0,0,1,0
USR-15225,Control,0,0.0,58.4,0,0,0
USR-15226,Treatment,0,0.0,11.2,0,1,0
USR-15227,Treatment,0,0.0,109.7,0,0,0
USR-15228,Control,0,0.0,6.6,0,1,0
USR-15229,Treatment,0,0.0,102.4,0,0,0
USR-15230,Treatment,0,0.0,120.4,0,0,0
USR-15231,Control,0,0.0,87.1,0,0,0
USR-15232,Treatment,0,0.0,24.7,0,1,0
USR-15233,Control,0,0.0,142.1,0,0,0
USR-15234,Treatment,0,0.0,6.7,0,1,0
USR-15235,Control,0,0.0,24.1,0,1,0
USR-15236,Treatment,0,0.0,23.8,0,1,0
USR-15237,Treatment,0,0.0,23.0,0,1,0
USR-15238,Control,0,0.0,5.5,0,1,0
USR-15239,Control,0,0.0,141.2,0,0,0
USR-15240,Treatment,0,0.0,122.0,0,0,0
USR-15241,Control,0,0.0,14.8,0,1,0
USR-15242,Treatment,0,0.0,11.8,0,1,0
USR-15243,Treatment,0,0.0,133.0,0,0,0
USR-15244,Treatment,0,0.0,8.1,0,1,0
USR-15245,Treatment,1,65.44,263.1,1,0,0
USR-15246,Treatment,0,0.0,158.3,0,0,0
USR-15247,Treatment,0,0.0,112.8,0,0,0
USR-15248,Control,0,0.0,17.3,0,1,0
USR-15249,Control,0,0.0,92.1,0,0,0
USR-15250,Control,0,0.0,87.2,0,0,0
USR-15251,Treatment,0,0.0,19.7,0,1,0
USR-15252,Treatment,0,0.0,18.5,0,1,0
USR-15253,Control,0,0.0,73.0,0,0,0
USR-15254,Treatment,0,0.0,161.6,0,0,0
USR-15255,Control,0,0.0,19.6,0,1,0
USR-15256,Control,0,0.0,17.4,0,1,0
USR-15257,Treatment,0,0.0,82.7,0,0,0
USR-15258,Control,0,0.0,118.1,0,0,0
USR-15259,Treatment,0,0.0,147.6,0,0,0
USR-15260,Control,0,0.0,18.1,0,1,0
USR-15261,Treatment,0,0.0,104.3,0,0,0
USR-15262,Treatment,0,0.0,144.0,0,0,0
USR-15263,Control,0,0.0,155.2,0,0,0
USR-15264,Treatment,0,0.0,21.7,0,1,0
USR-15265,Treatment,0,0.0,108.8,0,0,0
USR-15266,Control,0,0.0,108.5,0,0,0
USR-15267,Control,0,0.0,15.5,0,1,0
USR-15268,Treatment,0,0.0,140.4,0,0,0
USR-15269,Control,0,0.0,109.9,0,0,0
USR-15270,Control,0,0.0,93.6,0,0,0
USR-15271,Control,0,0.0,112.6,0,0,0
USR-15272,Control,0,0.0,113.4,0,0,0
USR-15273,Treatment,0,0.0,8.2,0,1,0
USR-15274,Control,0,0.0,155.3,0,0,0
USR-15275,Control,0,0.0,117.8,0,0,0
USR-15276,Control,0,0.0,6.8,0,1,0
USR-15277,Control,0,0.0,7.7,0,1,0
USR-15278,Treatment,0,0.0,95.2,0,0,0
USR-15279,Control,0,0.0,20.5,0,1,0
USR-15280,Treatment,0,0.0,19.2,0,1,0
USR-15281,Control,0,0.0,18.9,0,1,0
USR-15282,Control,0,0.0,101.3,0,0,0
USR-15283,Treatment,0,0.0,132.1,0,0,0
USR-15284,Control,0,0.0,124.5,0,0,0
USR-15285,Treatment,0,0.0,15.1,0,1,0
USR-15286,Treatment,0,0.0,146.3,0,0,0
USR-15287,Control,0,0.0,101.6,0,0,0
USR-15288,Control,0,0.0,8.8,0,1,0
USR-15289,Treatment,0,0.0,18.5,0,1,0
USR-15290,Control,0,0.0,24.6,0,1,0
USR-15291,Control,0,0.0,92.7,0,0,0
USR-15292,Control,0,0.0,13.3,0,1,0
USR-15293,Control,0,0.0,21.2,0,1,0
USR-15294,Treatment,0,0.0,149.0,0,0,0
USR-15295,Control,0,0.0,65.3,0,0,0
USR-15296,Control,0,0.0,15.6,0,1,0
USR-15297,Treatment,0,0.0,105.6,0,0,0
USR-15298,Control,0,0.0,123.6,0,0,0
USR-15299,Control,0,0.0,116.2,0,0,0
USR-15300,Treatment,0,0.0,41.2,0,0,0
USR-15301,Control,0,0.0,69.7,0,0,0
USR-15302,Treatment,0,0.0,78.2,0,0,0
USR-15303,Treatment,0,0.0,64.3,0,0,0
USR-15304,Control,0,0.0,61.8,0,0,0
USR-15305,Treatment,0,0.0,118.3,0,0,0
USR-15306,Control,0,0.0,126.2,0,0,0
USR-15307,Control,0,0.0,125.4,0,0,0
USR-15308,Treatment,0,0.0,8.0,0,1,0
USR-15309,Treatment,0,0.0,118.5,0,0,0
USR-15310,Control,0,0.0,139.5,0,0,0
USR-15311,Treatment,0,0.0,144.3,0,0,0
USR-15312,Treatment,0,0.0,137.5,0,0,0
USR-15313,Treatment,0,0.0,19.3,0,1,0
USR-15314,Treatment,0,0.0,5.4,0,1,0
USR-15315,Control,0,0.0,50.9,0,0,0
USR-15316,Control,0,0.0,164.4,0,0,0
USR-15317,Treatment,0,0.0,97.1,0,0,0
USR-15318,Control,0,0.0,12.6,0,1,0
USR-15319,Treatment,0,0.0,78.6,0,0,0
USR-15320,Control,0,0.0,165.7,0,0,0
USR-15321,Control,0,0.0,165.2,0,0,0
USR-15322,Control,0,0.0,11.4,0,1,0
USR-15323,Treatment,0,0.0,101.2,0,0,0
USR-15324,Control,0,0.0,8.9,0,1,0
USR-15325,Treatment,0,0.0,142.9,0,0,0
USR-15326,Control,0,0.0,22.3,0,1,0
USR-15327,Control,1,57.52,284.4,1,0,0
USR-15328,Control,0,0.0,67.6,0,0,0
USR-15329,Treatment,0,0.0,13.1,0,1,0
USR-15330,Control,0,0.0,133.4,0,0,0
USR-15331,Control,0,0.0,79.2,0,0,0
USR-15332,Control,0,0.0,10.5,0,1,0
USR-15333,Control,0,0.0,21.8,0,1,0
USR-15334,Treatment,0,0.0,11.0,0,1,0
USR-15335,Treatment,0,0.0,105.0,0,0,0
USR-15336,Control,0,0.0,18.0,0,1,0
USR-15337,Treatment,0,0.0,112.0,0,0,0
USR-15338,Treatment,0,0.0,164.6,0,0,0
USR-15339,Control,0,0.0,90.9,0,0,0
USR-15340,Treatment,0,0.0,111.5,0,0,0
USR-15341,Treatment,0,0.0,5.9,0,1,0
USR-15342,Control,0,0.0,22.2,0,1,0
USR-15343,Control,0,0.0,123.0,0,0,0
USR-15344,Treatment,0,0.0,104.9,0,0,0
USR-15345,Treatment,0,0.0,99.1,0,0,0
USR-15346,Control,0,0.0,15.3,0,1,0
USR-15347,Control,0,0.0,101.8,0,0,0
USR-15348,Control,0,0.0,113.9,0,0,0
USR-15349,Treatment,0,0.0,16.6,0,1,0
USR-15350,Treatment,0,0.0,12.5,0,1,0
USR-15351,Treatment,0,0.0,100.9,0,0,0
USR-15352,Control,0,0.0,114.5,0,0,0
USR-15353,Treatment,0,0.0,21.5,0,1,0
USR-15354,Treatment,0,0.0,23.3,0,1,0
USR-15355,Control,0,0.0,55.9,0,0,0
USR-15356,Control,0,0.0,73.7,0,0,0
USR-15357,Treatment,0,0.0,109.8,0,0,0
USR-15358,Treatment,0,0.0,10.8,0,1,0
USR-15359,Control,0,0.0,130.5,0,0,0
USR-15360,Treatment,0,0.0,16.8,0,1,0
USR-15361,Control,0,0.0,103.1,0,0,0
USR-15362,Treatment,0,0.0,117.0,0,0,0
USR-15363,Treatment,1,113.92,223.8,2,0,0
USR-15364,Treatment,0,0.0,15.9,0,1,0
USR-15365,Treatment,0,0.0,17.7,0,1,0
USR-15366,Treatment,0,0.0,83.2,0,0,0
USR-15367,Control,0,0.0,117.6,0,0,0
USR-15368,Treatment,0,0.0,184.1,0,0,0
USR-15369,Control,0,0.0,126.2,0,0,0
USR-15370,Control,0,0.0,91.3,0,0,0
USR-15371,Control,0,0.0,85.3,0,0,0
USR-15372,Control,0,0.0,11.5,0,1,0
USR-15373,Treatment,0,0.0,144.9,0,0,0
USR-15374,Control,0,0.0,115.5,0,0,0
USR-15375,Treatment,0,0.0,121.1,0,0,0
USR-15376,Treatment,0,0.0,120.5,0,0,0
USR-15377,Control,0,0.0,23.6,0,1,0
USR-15378,Treatment,0,0.0,112.5,0,0,0
USR-15379,Control,0,0.0,109.1,0,0,0
USR-15380,Control,0,0.0,74.7,0,0,0
USR-15381,Treatment,0,0.0,12.2,0,1,0
USR-15382,Control,0,0.0,90.4,0,0,0
USR-15383,Control,0,0.0,15.3,0,1,0
USR-15384,Treatment,0,0.0,15.1,0,1,0
USR-15385,Treatment,0,0.0,124.0,0,0,0
USR-15386,Control,0,0.0,13.5,0,1,0
USR-15387,Treatment,0,0.0,17.0,0,1,0
USR-15388,Treatment,0,0.0,152.7,0,0,0
USR-15389,Treatment,0,0.0,14.9,0,1,0
USR-15390,Control,0,0.0,9.0,0,1,0
USR-15391,Treatment,0,0.0,21.5,0,1,0
USR-15392,Treatment,0,0.0,21.7,0,1,0
USR-15393,Treatment,0,0.0,94.8,0,0,0
USR-15394,Treatment,0,0.0,131.5,0,0,0
USR-15395,Control,0,0.0,94.2,0,0,0
USR-15396,Control,0,0.0,84.6,0,0,0
USR-15397,Control,0,0.0,21.4,0,1,0
USR-15398,Control,0,0.0,10.8,0,1,0
USR-15399,Treatment,0,0.0,18.0,0,1,0
USR-15400,Control,0,0.0,8.1,0,1,0
USR-15401,Treatment,0,0.0,21.2,0,1,0
USR-15402,Treatment,0,0.0,108.7,0,0,0
USR-15403,Control,0,0.0,22.4,0,1,0
USR-15404,Control,0,0.0,100.1,0,0,0
USR-15405,Treatment,0,0.0,7.6,0,1,0
USR-15406,Treatment,0,0.0,12.1,0,1,0
USR-15407,Control,0,0.0,124.0,0,0,0
USR-15408,Control,0,0.0,14.5,0,1,0
USR-15409,Treatment,0,0.0,24.3,0,1,0
USR-15410,Treatment,0,0.0,18.9,0,1,0
USR-15411,Control,0,0.0,86.7,0,0,0
USR-15412,Treatment,0,0.0,21.1,0,1,0
USR-15413,Control,0,0.0,95.7,0,0,0
USR-15414,Control,0,0.0,30.2,0,0,0
USR-15415,Control,0,0.0,71.8,0,0,0
USR-15416,Control,0,0.0,111.6,0,0,0
USR-15417,Control,0,0.0,20.7,0,1,0
USR-15418,Control,0,0.0,104.7,0,0,0
USR-15419,Control,0,0.0,99.4,0,0,0
USR-15420,Control,0,0.0,6.2,0,1,0
USR-15421,Control,0,0.0,101.7,0,0,0
USR-15422,Treatment,0,0.0,22.7,0,1,0
USR-15423,Control,0,0.0,7.9,0,1,0
USR-15424,Control,0,0.0,86.2,0,0,0
USR-15425,Treatment,0,0.0,130.4,0,0,0
USR-15426,Treatment,1,38.73,314.2,2,0,0
USR-15427,Control,0,0.0,16.4,0,1,0
USR-15428,Treatment,0,0.0,7.7,0,1,0
USR-15429,Treatment,0,0.0,22.0,0,1,0
USR-15430,Treatment,0,0.0,9.3,0,1,0
USR-15431,Control,0,0.0,53.1,0,0,0
USR-15432,Treatment,0,0.0,74.3,0,0,0
USR-15433,Control,0,0.0,11.1,0,1,0
USR-15434,Treatment,0,0.0,6.5,0,1,0
USR-15435,Treatment,0,0.0,111.2,0,0,0
USR-15436,Control,0,0.0,19.1,0,1,0
USR-15437,Treatment,0,0.0,122.4,0,0,0
USR-15438,Control,0,0.0,123.1,0,0,0
USR-15439,Treatment,0,0.0,176.7,0,0,0
USR-15440,Control,0,0.0,11.0,0,1,0
USR-15441,Control,0,0.0,190.8,0,0,0
USR-15442,Control,0,0.0,78.1,0,0,0
USR-15443,Treatment,0,0.0,172.1,0,0,0
USR-15444,Control,0,0.0,58.2,0,0,0
USR-15445,Control,0,0.0,15.6,0,1,0
USR-15446,Control,0,0.0,23.4,0,1,0
USR-15447,Treatment,0,0.0,23.1,0,1,0
USR-15448,Treatment,0,0.0,163.0,0,0,0
USR-15449,Control,1,78.71,216.9,1,0,0
USR-15450,Control,0,0.0,147.6,0,0,0
USR-15451,Control,0,0.0,11.2,0,1,0
USR-15452,Control,0,0.0,117.6,0,0,0
USR-15453,Control,0,0.0,9.3,0,1,0
USR-15454,Treatment,0,0.0,89.3,0,0,0
USR-15455,Control,0,0.0,11.9,0,1,0
USR-15456,Control,0,0.0,136.6,0,0,0
USR-15457,Control,0,0.0,95.7,0,0,0
USR-15458,Treatment,0,0.0,23.5,0,1,0
USR-15459,Treatment,0,0.0,81.2,0,0,0
USR-15460,Treatment,0,0.0,23.3,0,1,0
USR-15461,Control,0,0.0,101.9,0,0,0
USR-15462,Control,0,0.0,21.0,0,1,0
USR-15463,Control,0,0.0,133.0,0,0,0
USR-15464,Control,0,0.0,25.0,0,1,0
USR-15465,Treatment,0,0.0,162.5,0,0,0
USR-15466,Treatment,0,0.0,75.5,0,0,0
USR-15467,Treatment,1,32.79,332.9,1,0,0
USR-15468,Treatment,0,0.0,88.9,0,0,0
USR-15469,Control,0,0.0,9.8,0,1,0
USR-15470,Treatment,0,0.0,97.0,0,0,0
USR-15471,Control,0,0.0,11.6,0,1,0
USR-15472,Control,0,0.0,6.9,0,1,0
USR-15473,Treatment,0,0.0,118.8,0,0,0
USR-15474,Control,0,0.0,5.9,0,1,0
USR-15475,Control,0,0.0,78.8,0,0,0
USR-15476,Control,0,0.0,10.2,0,1,0
USR-15477,Treatment,0,0.0,15.0,0,1,0
USR-15478,Treatment,0,0.0,108.9,0,0,0
USR-15479,Control,0,0.0,9.6,0,1,0
USR-15480,Treatment,0,0.0,99.9,0,0,0
USR-15481,Control,0,0.0,100.9,0,0,0
USR-15482,Control,0,0.0,18.6,0,1,0
USR-15483,Treatment,0,0.0,121.7,0,0,0
USR-15484,Treatment,0,0.0,119.6,0,0,0
USR-15485,Treatment,0,0.0,79.0,0,0,0
USR-15486,Control,0,0.0,113.3,0,0,0
USR-15487,Treatment,0,0.0,7.1,0,1,0
USR-15488,Treatment,0,0.0,80.9,0,0,0
USR-15489,Treatment,0,0.0,151.0,0,0,0
USR-15490,Control,0,0.0,75.5,0,0,0
USR-15491,Treatment,0,0.0,120.7,0,0,0
USR-15492,Treatment,0,0.0,128.6,0,0,0
USR-15493,Control,0,0.0,10.7,0,1,0
USR-15494,Control,0,0.0,110.8,0,0,0
USR-15495,Control,0,0.0,78.2,0,0,0
USR-15496,Treatment,0,0.0,13.2,0,1,0
USR-15497,Treatment,0,0.0,103.6,0,0,0
USR-15498,Treatment,0,0.0,107.4,0,0,0
USR-15499,Treatment,0,0.0,131.4,0,0,0
USR-15500,Treatment,0,0.0,16.8,0,1,0
USR-15501,Control,0,0.0,11.2,0,1,0
USR-15502,Control,0,0.0,91.9,0,0,0
USR-15503,Control,0,0.0,82.4,0,0,0
USR-15504,Control,0,0.0,133.7,0,0,0
USR-15505,Control,0,0.0,133.3,0,0,0
USR-15506,Treatment,0,0.0,99.4,0,0,0
USR-15507,Control,1,82.57,220.7,2,0,0
USR-15508,Control,1,248.78,188.4,4,0,0
USR-15509,Control,0,0.0,109.1,0,0,0
USR-15510,Control,0,0.0,7.6,0,1,0
USR-15511,Treatment,0,0.0,110.2,0,0,0
USR-15512,Treatment,0,0.0,192.0,0,0,0
USR-15513,Treatment,0,0.0,126.6,0,0,0
USR-15514,Control,1,19.19,248.0,1,0,0
USR-15515,Treatment,0,0.0,105.1,0,0,0
USR-15516,Treatment,0,0.0,146.6,0,0,0
USR-15517,Treatment,0,0.0,97.6,0,0,0
USR-15518,Control,0,0.0,133.6,0,0,0
USR-15519,Treatment,1,43.86,259.2,1,0,0
USR-15520,Treatment,0,0.0,108.6,0,0,0
USR-15521,Treatment,0,0.0,82.1,0,0,0
USR-15522,Treatment,0,0.0,132.1,0,0,0
USR-15523,Control,0,0.0,8.2,0,1,0
USR-15524,Treatment,0,0.0,72.6,0,0,0
USR-15525,Control,0,0.0,142.9,0,0,0
USR-15526,Treatment,0,0.0,7.3,0,1,0
USR-15527,Control,0,0.0,90.4,0,0,0
USR-15528,Control,0,0.0,65.1,0,0,0
USR-15529,Control,1,107.13,261.9,4,0,0
USR-15530,Treatment,0,0.0,80.2,0,0,0
USR-15531,Control,1,39.07,222.3,1,0,0
USR-15532,Treatment,0,0.0,77.6,0,0,0
USR-15533,Treatment,0,0.0,110.0,0,0,0
USR-15534,Control,0,0.0,88.2,0,0,0
USR-15535,Control,0,0.0,147.3,0,0,0
USR-15536,Control,0,0.0,10.7,0,1,0
USR-15537,Treatment,0,0.0,8.9,0,1,0
USR-15538,Treatment,0,0.0,122.9,0,0,0
USR-15539,Control,0,0.0,13.9,0,1,0
USR-15540,Control,0,0.0,181.1,0,0,0
USR-15541,Treatment,0,0.0,118.4,0,0,0
USR-15542,Treatment,0,0.0,11.5,0,1,0
USR-15543,Treatment,0,0.0,124.3,0,0,0
USR-15544,Treatment,0,0.0,16.0,0,1,0
USR-15545,Control,0,0.0,79.3,0,0,0
USR-15546,Control,0,0.0,21.6,0,1,0
USR-15547,Control,0,0.0,99.9,0,0,0
USR-15548,Control,0,0.0,13.2,0,1,0
USR-15549,Control,0,0.0,20.7,0,1,0
USR-15550,Control,0,0.0,16.8,0,1,0
USR-15551,Control,0,0.0,13.6,0,1,0
USR-15552,Treatment,0,0.0,133.2,0,0,0
USR-15553,Treatment,0,0.0,12.6,0,1,0
USR-15554,Treatment,0,0.0,17.5,0,1,0
USR-15555,Treatment,1,23.47,220.7,1,0,0
USR-15556,Control,0,0.0,98.7,0,0,0
USR-15557,Treatment,0,0.0,120.7,0,0,0
USR-15558,Control,0,0.0,188.8,0,0,0
USR-15559,Treatment,0,0.0,75.6,0,0,0
USR-15560,Control,0,0.0,13.0,0,1,0
USR-15561,Treatment,0,0.0,5.3,0,1,0
USR-15562,Control,0,0.0,18.1,0,1,0
USR-15563,Control,0,0.0,166.4,0,0,0
USR-15564,Treatment,0,0.0,92.8,0,0,0
USR-15565,Control,0,0.0,17.0,0,1,0
USR-15566,Treatment,0,0.0,9.6,0,1,0
USR-15567,Treatment,0,0.0,96.9,0,0,0
USR-15568,Treatment,0,0.0,112.8,0,0,0
USR-15569,Treatment,0,0.0,93.8,0,0,0
USR-15570,Treatment,0,0.0,74.4,0,0,0
USR-15571,Control,1,83.97,254.6,3,0,1
USR-15572,Treatment,0,0.0,116.5,0,0,0
USR-15573,Treatment,1,60.53,214.0,1,0,0
USR-15574,Treatment,0,0.0,104.2,0,0,0
USR-15575,Control,0,0.0,130.2,0,0,0
USR-15576,Treatment,0,0.0,7.9,0,1,0
USR-15577,Treatment,0,0.0,62.3,0,0,0
USR-15578,Treatment,0,0.0,131.2,0,0,0
USR-15579,Control,0,0.0,5.8,0,1,0
USR-15580,Control,0,0.0,21.7,0,1,0
USR-15581,Control,0,0.0,18.9,0,1,0
USR-15582,Treatment,0,0.0,91.1,0,0,0
USR-15583,Treatment,0,0.0,101.1,0,0,0
USR-15584,Control,0,0.0,96.6,0,0,0
USR-15585,Control,0,0.0,11.5,0,1,0
USR-15586,Control,0,0.0,46.5,0,0,0
USR-15587,Control,0,0.0,95.6,0,0,0
USR-15588,Treatment,0,0.0,67.8,0,0,0
USR-15589,Treatment,1,15.54,208.0,1,0,0
USR-15590,Control,0,0.0,18.4,0,1,0
USR-15591,Treatment,0,0.0,12.7,0,1,0
USR-15592,Control,0,0.0,14.8,0,1,0
USR-15593,Treatment,0,0.0,123.7,0,0,0
USR-15594,Control,0,0.0,75.5,0,0,0
USR-15595,Control,0,0.0,112.6,0,0,0
USR-15596,Control,0,0.0,98.6,0,0,0
USR-15597,Treatment,0,0.0,103.8,0,0,0
USR-15598,Treatment,1,47.19,261.0,2,0,0
USR-15599,Treatment,0,0.0,14.1,0,1,0
USR-15600,Control,0,0.0,80.4,0,0,0
USR-15601,Control,0,0.0,6.4,0,1,0
USR-15602,Control,0,0.0,8.0,0,1,0
USR-15603,Treatment,0,0.0,13.2,0,1,0
USR-15604,Control,0,0.0,64.6,0,0,0
USR-15605,Treatment,0,0.0,181.2,0,0,0
USR-15606,Treatment,0,0.0,158.8,0,0,0
USR-15607,Treatment,0,0.0,95.4,0,0,0
USR-15608,Control,0,0.0,170.7,0,0,0
USR-15609,Control,0,0.0,9.5,0,1,0
USR-15610,Control,0,0.0,118.1,0,0,0
USR-15611,Treatment,0,0.0,114.4,0,0,0
USR-15612,Treatment,0,0.0,12.4,0,1,0
USR-15613,Control,0,0.0,153.2,0,0,0
USR-15614,Control,0,0.0,114.3,0,0,0
USR-15615,Treatment,0,0.0,19.2,0,1,0
USR-15616,Treatment,0,0.0,59.1,0,0,0
USR-15617,Control,0,0.0,111.7,0,0,0
USR-15618,Treatment,0,0.0,11.3,0,1,0
USR-15619,Control,1,60.82,240.6,2,0,0
USR-15620,Control,0,0.0,89.0,0,0,0
USR-15621,Treatment,0,0.0,102.0,0,0,0
USR-15622,Treatment,0,0.0,16.7,0,1,0
USR-15623,Treatment,0,0.0,21.5,0,1,0
USR-15624,Control,0,0.0,104.6,0,0,0
USR-15625,Treatment,0,0.0,141.6,0,0,0
USR-15626,Control,0,0.0,5.6,0,1,0
USR-15627,Control,0,0.0,8.9,0,1,0
USR-15628,Treatment,0,0.0,53.9,0,0,0
USR-15629,Control,1,199.36,180.2,2,0,0
USR-15630,Treatment,0,0.0,17.5,0,1,0
USR-15631,Treatment,0,0.0,96.0,0,0,0
USR-15632,Control,0,0.0,12.5,0,1,0
USR-15633,Control,0,0.0,135.3,0,0,0
USR-15634,Control,0,0.0,16.5,0,1,0
USR-15635,Control,0,0.0,14.3,0,1,0
USR-15636,Treatment,0,0.0,130.0,0,0,0
USR-15637,Treatment,0,0.0,14.7,0,1,0
USR-15638,Control,0,0.0,135.1,0,0,0
USR-15639,Control,0,0.0,21.1,0,1,0
USR-15640,Treatment,0,0.0,107.0,0,0,0
USR-15641,Treatment,0,0.0,9.8,0,1,0
USR-15642,Control,0,0.0,89.0,0,0,0
USR-15643,Control,0,0.0,91.4,0,0,0
USR-15644,Treatment,0,0.0,140.5,0,0,0
USR-15645,Control,0,0.0,101.4,0,0,0
USR-15646,Control,0,0.0,145.2,0,0,0
USR-15647,Treatment,0,0.0,13.5,0,1,0
USR-15648,Treatment,0,0.0,157.1,0,0,0
USR-15649,Treatment,0,0.0,143.4,0,0,0
USR-15650,Treatment,0,0.0,89.4,0,0,0
USR-15651,Treatment,0,0.0,20.0,0,1,0
USR-15652,Control,0,0.0,6.6,0,1,0
USR-15653,Control,0,0.0,21.8,0,1,0
USR-15654,Control,0,0.0,13.5,0,1,0
USR-15655,Control,0,0.0,102.4,0,0,0
USR-15656,Treatment,0,0.0,151.8,0,0,0
USR-15657,Treatment,0,0.0,23.4,0,1,0
USR-15658,Treatment,0,0.0,180.8,0,0,0
USR-15659,Treatment,0,0.0,141.7,0,0,0
USR-15660,Control,0,0.0,21.0,0,1,0
USR-15661,Control,0,0.0,118.5,0,0,0
USR-15662,Treatment,0,0.0,9.0,0,1,0
USR-15663,Treatment,0,0.0,135.8,0,0,0
USR-15664,Treatment,0,0.0,15.0,0,1,0
USR-15665,Treatment,0,0.0,92.7,0,0,0
USR-15666,Treatment,1,15.86,298.1,1,0,0
USR-15667,Treatment,0,0.0,8.1,0,1,0
USR-15668,Control,0,0.0,13.9,0,1,0
USR-15669,Treatment,0,0.0,103.6,0,0,0
USR-15670,Treatment,0,0.0,106.2,0,0,0
USR-15671,Control,0,0.0,24.9,0,1,0
USR-15672,Treatment,1,98.49,195.9,2,0,0
USR-15673,Control,0,0.0,20.1,0,1,0
USR-15674,Treatment,0,0.0,89.9,0,0,0
USR-15675,Control,0,0.0,149.7,0,0,0
USR-15676,Treatment,0,0.0,5.9,0,1,0
USR-15677,Control,0,0.0,58.5,0,0,0
USR-15678,Treatment,0,0.0,97.9,0,0,0
USR-15679,Control,0,0.0,12.2,0,1,0
USR-15680,Control,0,0.0,20.6,0,1,0
USR-15681,Control,0,0.0,91.8,0,0,0
USR-15682,Treatment,0,0.0,21.6,0,1,0
USR-15683,Control,0,0.0,74.8,0,0,0
USR-15684,Control,0,0.0,135.3,0,0,0
USR-15685,Treatment,0,0.0,122.8,0,0,0
USR-15686,Treatment,0,0.0,61.1,0,0,0
USR-15687,Treatment,1,56.75,285.0,1,0,0
USR-15688,Control,0,0.0,72.8,0,0,0
USR-15689,Treatment,0,0.0,9.3,0,1,0
USR-15690,Control,0,0.0,11.7,0,1,0
USR-15691,Control,0,0.0,129.7,0,0,0
USR-15692,Treatment,0,0.0,7.0,0,1,0
USR-15693,Treatment,0,0.0,57.1,0,0,0
USR-15694,Treatment,0,0.0,17.3,0,1,0
USR-15695,Control,0,0.0,21.0,0,1,0
USR-15696,Control,0,0.0,17.4,0,1,0
USR-15697,Control,0,0.0,119.2,0,0,0
USR-15698,Treatment,0,0.0,70.6,0,0,0
USR-15699,Control,0,0.0,140.7,0,0,0
USR-15700,Control,0,0.0,9.4,0,1,0
USR-15701,Control,0,0.0,5.9,0,1,0
USR-15702,Treatment,0,0.0,155.3,0,0,0
USR-15703,Control,0,0.0,19.9,0,1,0
USR-15704,Treatment,0,0.0,143.4,0,0,0
USR-15705,Control,1,143.77,207.5,3,0,0
USR-15706,Treatment,0,0.0,19.9,0,1,0
USR-15707,Control,0,0.0,11.3,0,1,0
USR-15708,Treatment,0,0.0,128.2,0,0,0
USR-15709,Treatment,0,0.0,59.0,0,0,0
USR-15710,Control,0,0.0,141.3,0,0,0
USR-15711,Treatment,0,0.0,136.1,0,0,0
USR-15712,Control,0,0.0,87.9,0,0,0
USR-15713,Treatment,0,0.0,5.9,0,1,0
USR-15714,Treatment,0,0.0,15.4,0,1,0
USR-15715,Control,0,0.0,75.1,0,0,0
USR-15716,Control,0,0.0,14.4,0,1,0
USR-15717,Control,0,0.0,126.2,0,0,0
USR-15718,Control,0,0.0,16.5,0,1,0
USR-15719,Control,0,0.0,62.8,0,0,0
USR-15720,Control,0,0.0,13.8,0,1,0
USR-15721,Control,0,0.0,87.0,0,0,0
USR-15722,Treatment,0,0.0,88.2,0,0,0
USR-15723,Control,0,0.0,12.9,0,1,0
USR-15724,Control,0,0.0,24.7,0,1,0
USR-15725,Treatment,0,0.0,80.2,0,0,0
USR-15726,Control,0,0.0,130.9,0,0,0
USR-15727,Control,0,0.0,13.9,0,1,0
USR-15728,Control,0,0.0,156.3,0,0,0
USR-15729,Treatment,0,0.0,21.8,0,1,0
USR-15730,Treatment,0,0.0,107.8,0,0,0
USR-15731,Control,0,0.0,123.2,0,0,0
USR-15732,Treatment,0,0.0,17.8,0,1,0
USR-15733,Treatment,0,0.0,16.0,0,1,0
USR-15734,Treatment,0,0.0,9.1,0,1,0
USR-15735,Treatment,0,0.0,48.8,0,0,0
USR-15736,Treatment,0,0.0,147.6,0,0,0
USR-15737,Control,0,0.0,21.7,0,1,0
USR-15738,Control,0,0.0,98.1,0,0,0
USR-15739,Control,0,0.0,12.7,0,1,0
USR-15740,Treatment,0,0.0,112.3,0,0,0
USR-15741,Treatment,0,0.0,85.7,0,0,0
USR-15742,Treatment,0,0.0,179.3,0,0,0
USR-15743,Treatment,0,0.0,20.4,0,1,0
USR-15744,Control,0,0.0,102.1,0,0,0
USR-15745,Treatment,0,0.0,81.0,0,0,0
USR-15746,Treatment,0,0.0,34.8,0,0,0
USR-15747,Treatment,0,0.0,99.0,0,0,0
USR-15748,Treatment,0,0.0,135.7,0,0,0
USR-15749,Treatment,0,0.0,164.1,0,0,0
USR-15750,Control,0,0.0,158.3,0,0,0
USR-15751,Treatment,0,0.0,16.7,0,1,0
USR-15752,Control,0,0.0,11.1,0,1,0
USR-15753,Treatment,0,0.0,139.4,0,0,0
USR-15754,Treatment,0,0.0,19.0,0,1,0
USR-15755,Control,0,0.0,171.3,0,0,0
USR-15756,Treatment,1,71.53,289.3,1,0,0
USR-15757,Control,0,0.0,148.9,0,0,0
USR-15758,Control,0,0.0,17.1,0,1,0
USR-15759,Control,0,0.0,101.1,0,0,0
USR-15760,Treatment,0,0.0,113.4,0,0,0
USR-15761,Treatment,1,52.77,228.9,1,0,0
USR-15762,Treatment,0,0.0,7.6,0,1,0
USR-15763,Control,0,0.0,102.9,0,0,0
USR-15764,Treatment,0,0.0,96.5,0,0,0
USR-15765,Treatment,0,0.0,79.0,0,0,0
USR-15766,Control,0,0.0,21.4,0,1,0
USR-15767,Control,0,0.0,152.8,0,0,0
USR-15768,Control,0,0.0,141.6,0,0,0
USR-15769,Treatment,0,0.0,188.3,0,0,0
USR-15770,Treatment,0,0.0,139.4,0,0,0
USR-15771,Treatment,0,0.0,88.7,0,0,0
USR-15772,Control,0,0.0,11.9,0,1,0
USR-15773,Treatment,0,0.0,9.2,0,1,0
USR-15774,Control,0,0.0,15.8,0,1,0
USR-15775,Control,0,0.0,98.3,0,0,0
USR-15776,Treatment,0,0.0,18.1,0,1,0
USR-15777,Control,0,0.0,7.2,0,1,0
USR-15778,Treatment,0,0.0,75.8,0,0,0
USR-15779,Control,0,0.0,5.8,0,1,0
USR-15780,Treatment,0,0.0,137.8,0,0,0
USR-15781,Control,0,0.0,121.1,0,0,0
USR-15782,Treatment,0,0.0,144.3,0,0,0
USR-15783,Control,0,0.0,91.9,0,0,0
USR-15784,Control,0,0.0,101.6,0,0,0
USR-15785,Treatment,0,0.0,16.3,0,1,0
USR-15786,Control,0,0.0,18.2,0,1,0
USR-15787,Treatment,0,0.0,41.1,0,0,0
USR-15788,Treatment,0,0.0,110.6,0,0,0
USR-15789,Control,0,0.0,12.5,0,1,0
USR-15790,Control,0,0.0,11.7,0,1,0
USR-15791,Treatment,0,0.0,84.8,0,0,0
USR-15792,Treatment,0,0.0,102.5,0,0,0
USR-15793,Treatment,0,0.0,13.5,0,1,0
USR-15794,Treatment,0,0.0,54.7,0,0,0
USR-15795,Treatment,0,0.0,15.2,0,1,0
USR-15796,Control,0,0.0,127.3,0,0,0
USR-15797,Treatment,0,0.0,130.0,0,0,0
USR-15798,Treatment,0,0.0,157.2,0,0,0
USR-15799,Control,0,0.0,127.5,0,0,0
USR-15800,Control,0,0.0,8.8,0,1,0
USR-15801,Control,0,0.0,93.0,0,0,0
USR-15802,Control,0,0.0,5.4,0,1,0
USR-15803,Treatment,0,0.0,12.7,0,1,0
USR-15804,Control,0,0.0,99.1,0,0,0
USR-15805,Control,0,0.0,114.5,0,0,0
USR-15806,Control,0,0.0,9.2,0,1,0
USR-15807,Treatment,0,0.0,22.5,0,1,0
USR-15808,Treatment,0,0.0,14.5,0,1,0
USR-15809,Control,0,0.0,8.1,0,1,0
USR-15810,Control,0,0.0,114.6,0,0,0
USR-15811,Treatment,0,0.0,13.2,0,1,0
USR-15812,Treatment,0,0.0,114.9,0,0,0
USR-15813,Control,0,0.0,6.8,0,1,0
USR-15814,Control,0,0.0,23.0,0,1,0
USR-15815,Control,0,0.0,98.2,0,0,0
USR-15816,Control,0,0.0,110.6,0,0,0
USR-15817,Treatment,0,0.0,12.2,0,1,0
USR-15818,Treatment,0,0.0,114.1,0,0,0
USR-15819,Control,0,0.0,80.2,0,0,0
USR-15820,Treatment,0,0.0,106.8,0,0,0
USR-15821,Control,0,0.0,112.5,0,0,0
USR-15822,Treatment,0,0.0,143.5,0,0,0
USR-15823,Treatment,0,0.0,149.9,0,0,0
USR-15824,Control,0,0.0,13.1,0,1,0
USR-15825,Control,0,0.0,11.6,0,1,0
USR-15826,Treatment,0,0.0,9.2,0,1,0
USR-15827,Control,0,0.0,18.7,0,1,0
USR-15828,Control,0,0.0,151.7,0,0,0
USR-15829,Treatment,0,0.0,60.4,0,0,0
USR-15830,Treatment,0,0.0,125.8,0,0,0
USR-15831,Control,0,0.0,107.2,0,0,0
USR-15832,Treatment,0,0.0,108.5,0,0,0
USR-15833,Control,0,0.0,66.2,0,0,0
USR-15834,Treatment,0,0.0,111.2,0,0,0
USR-15835,Treatment,0,0.0,100.5,0,0,0
USR-15836,Treatment,0,0.0,124.3,0,0,0
USR-15837,Control,0,0.0,112.7,0,0,0
USR-15838,Treatment,0,0.0,131.4,0,0,0
USR-15839,Treatment,0,0.0,115.1,0,0,0
USR-15840,Control,0,0.0,16.9,0,1,0
USR-15841,Control,0,0.0,17.3,0,1,0
USR-15842,Control,0,0.0,67.5,0,0,0
USR-15843,Control,0,0.0,82.0,0,0,0
USR-15844,Treatment,0,0.0,7.0,0,1,0
USR-15845,Control,0,0.0,131.7,0,0,0
USR-15846,Control,0,0.0,91.0,0,0,0
USR-15847,Treatment,0,0.0,14.9,0,1,0
USR-15848,Control,0,0.0,138.3,0,0,0
USR-15849,Treatment,0,0.0,91.7,0,0,0
USR-15850,Control,0,0.0,17.3,0,1,0
USR-15851,Treatment,0,0.0,140.5,0,0,0
USR-15852,Treatment,0,0.0,127.3,0,0,0
USR-15853,Treatment,0,0.0,79.4,0,0,0
USR-15854,Control,0,0.0,115.1,0,0,0
USR-15855,Treatment,0,0.0,5.6,0,1,0
USR-15856,Control,0,0.0,91.7,0,0,0
USR-15857,Control,0,0.0,7.4,0,1,0
USR-15858,Control,0,0.0,106.4,0,0,0
USR-15859,Treatment,0,0.0,47.2,0,0,0
USR-15860,Control,0,0.0,22.1,0,1,0
USR-15861,Treatment,0,0.0,140.4,0,0,0
USR-15862,Control,0,0.0,5.6,0,1,0
USR-15863,Control,0,0.0,168.4,0,0,0
USR-15864,Treatment,0,0.0,151.7,0,0,0
USR-15865,Control,0,0.0,17.1,0,1,0
USR-15866,Treatment,0,0.0,136.8,0,0,0
USR-15867,Control,0,0.0,15.4,0,1,0
USR-15868,Treatment,0,0.0,69.6,0,0,0
USR-15869,Treatment,0,0.0,91.3,0,0,0
USR-15870,Control,0,0.0,123.4,0,0,0
USR-15871,Control,0,0.0,6.5,0,1,0
USR-15872,Treatment,0,0.0,134.8,0,0,0
USR-15873,Treatment,0,0.0,146.3,0,0,0
USR-15874,Control,0,0.0,20.1,0,1,0
USR-15875,Control,0,0.0,16.6,0,1,0
USR-15876,Treatment,1,94.65,267.7,1,0,0
USR-15877,Treatment,0,0.0,100.2,0,0,0
USR-15878,Control,0,0.0,7.2,0,1,0
USR-15879,Control,0,0.0,83.6,0,0,0
USR-15880,Control,0,0.0,10.2,0,1,0
USR-15881,Treatment,0,0.0,110.2,0,0,0
USR-15882,Control,0,0.0,129.7,0,0,0
USR-15883,Treatment,0,0.0,18.3,0,1,0
USR-15884,Control,0,0.0,23.8,0,1,0
USR-15885,Control,0,0.0,73.1,0,0,0
USR-15886,Treatment,0,0.0,15.8,0,1,0
USR-15887,Treatment,0,0.0,81.7,0,0,0
USR-15888,Treatment,0,0.0,80.6,0,0,0
USR-15889,Control,0,0.0,105.5,0,0,0
USR-15890,Treatment,0,0.0,93.3,0,0,0
USR-15891,Treatment,0,0.0,24.6,0,1,0
USR-15892,Control,0,0.0,99.2,0,0,0
USR-15893,Control,0,0.0,58.3,0,0,0
USR-15894,Control,0,0.0,16.2,0,1,0
USR-15895,Control,0,0.0,146.5,0,0,0
USR-15896,Treatment,0,0.0,76.9,0,0,0
USR-15897,Control,0,0.0,71.9,0,0,0
USR-15898,Treatment,0,0.0,105.9,0,0,0
USR-15899,Treatment,1,48.9,285.0,1,0,0
USR-15900,Treatment,0,0.0,83.4,0,0,0
USR-15901,Treatment,0,0.0,20.4,0,1,0
USR-15902,Control,0,0.0,23.8,0,1,0
USR-15903,Control,0,0.0,48.2,0,0,0
USR-15904,Control,0,0.0,10.6,0,1,0
USR-15905,Treatment,0,0.0,17.0,0,1,0
USR-15906,Control,0,0.0,18.6,0,1,0
USR-15907,Treatment,0,0.0,7.3,0,1,0
USR-15908,Control,0,0.0,106.7,0,0,0
USR-15909,Control,0,0.0,18.5,0,1,0
USR-15910,Control,0,0.0,100.5,0,0,0
USR-15911,Treatment,0,0.0,112.8,0,0,0
USR-15912,Treatment,0,0.0,19.5,0,1,0
USR-15913,Control,0,0.0,9.9,0,1,0
USR-15914,Treatment,0,0.0,50.3,0,0,0
USR-15915,Control,0,0.0,119.0,0,0,0
USR-15916,Treatment,0,0.0,19.6,0,1,0
USR-15917,Treatment,0,0.0,146.0,0,0,0
USR-15918,Control,0,0.0,81.4,0,0,0
USR-15919,Treatment,0,0.0,77.1,0,0,0
USR-15920,Control,0,0.0,160.3,0,0,0
USR-15921,Treatment,0,0.0,111.1,0,0,0
USR-15922,Control,0,0.0,24.8,0,1,0
USR-15923,Treatment,0,0.0,5.3,0,1,0
USR-15924,Control,0,0.0,16.5,0,1,0
USR-15925,Treatment,0,0.0,137.6,0,0,0
USR-15926,Treatment,0,0.0,101.3,0,0,0
USR-15927,Treatment,0,0.0,19.6,0,1,0
USR-15928,Treatment,0,0.0,116.2,0,0,0
USR-15929,Treatment,0,0.0,18.3,0,1,0
USR-15930,Control,0,0.0,121.0,0,0,0
USR-15931,Control,0,0.0,129.0,0,0,0
USR-15932,Control,0,0.0,14.9,0,1,0
USR-15933,Treatment,0,0.0,136.8,0,0,0
USR-15934,Control,0,0.0,82.2,0,0,0
USR-15935,Treatment,0,0.0,75.1,0,0,0
USR-15936,Treatment,0,0.0,9.5,0,1,0
USR-15937,Control,0,0.0,108.9,0,0,0
USR-15938,Control,0,0.0,19.3,0,1,0
USR-15939,Control,0,0.0,121.9,0,0,0
USR-15940,Control,0,0.0,67.2,0,0,0
USR-15941,Control,0,0.0,68.9,0,0,0
USR-15942,Control,0,0.0,16.4,0,1,0
USR-15943,Treatment,0,0.0,125.0,0,0,0
USR-15944,Treatment,0,0.0,118.5,0,0,0
USR-15945,Control,0,0.0,12.7,0,1,0
USR-15946,Control,0,0.0,78.0,0,0,0
USR-15947,Control,0,0.0,6.7,0,1,0
USR-15948,Treatment,0,0.0,82.2,0,0,0
USR-15949,Treatment,0,0.0,12.0,0,1,0
USR-15950,Control,0,0.0,92.6,0,0,0
USR-15951,Control,0,0.0,122.7,0,0,0
USR-15952,Treatment,0,0.0,168.2,0,0,0
USR-15953,Treatment,0,0.0,15.4,0,1,0
USR-15954,Control,0,0.0,19.1,0,1,0
USR-15955,Treatment,0,0.0,73.7,0,0,0
USR-15956,Control,0,0.0,128.5,0,0,0
USR-15957,Control,0,0.0,6.5,0,1,0
USR-15958,Treatment,0,0.0,51.0,0,0,0
USR-15959,Treatment,0,0.0,95.7,0,0,0
USR-15960,Control,0,0.0,18.0,0,1,0
USR-15961,Treatment,0,0.0,141.4,0,0,0
USR-15962,Control,0,0.0,10.7,0,1,0
USR-15963,Treatment,0,0.0,79.3,0,0,0
USR-15964,Control,0,0.0,123.0,0,0,0
USR-15965,Treatment,0,0.0,103.5,0,0,0
USR-15966,Treatment,0,0.0,110.1,0,0,0
USR-15967,Control,0,0.0,80.4,0,0,0
USR-15968,Treatment,0,0.0,172.3,0,0,0
USR-15969,Treatment,0,0.0,20.1,0,1,0
USR-15970,Treatment,0,0.0,7.2,0,1,0
USR-15971,Control,0,0.0,21.4,0,1,0
USR-15972,Treatment,0,0.0,130.3,0,0,0
USR-15973,Treatment,0,0.0,115.7,0,0,0
USR-15974,Control,0,0.0,10.2,0,1,0
USR-15975,Treatment,0,0.0,81.9,0,0,0
USR-15976,Control,0,0.0,15.6,0,1,0
USR-15977,Control,0,0.0,92.8,0,0,0
USR-15978,Treatment,0,0.0,92.1,0,0,0
USR-15979,Treatment,0,0.0,15.2,0,1,0
USR-15980,Treatment,0,0.0,17.9,0,1,0
USR-15981,Control,0,0.0,10.2,0,1,0
USR-15982,Treatment,0,0.0,10.9,0,1,0
USR-15983,Control,0,0.0,13.5,0,1,0
USR-15984,Control,0,0.0,114.2,0,0,0
USR-15985,Control,0,0.0,110.7,0,0,0
USR-15986,Treatment,0,0.0,7.9,0,1,0
USR-15987,Treatment,0,0.0,143.1,0,0,0
USR-15988,Treatment,0,0.0,128.4,0,0,0
USR-15989,Treatment,0,0.0,189.3,0,0,0
USR-15990,Control,0,0.0,116.9,0,0,0
USR-15991,Treatment,0,0.0,123.4,0,0,0
USR-15992,Control,0,0.0,83.6,0,0,0
USR-15993,Control,0,0.0,7.0,0,1,0
USR-15994,Control,0,0.0,14.9,0,1,0
USR-15995,Treatment,0,0.0,18.7,0,1,0
USR-15996,Treatment,0,0.0,23.0,0,1,0
USR-15997,Treatment,0,0.0,103.7,0,0,0
USR-15998,Control,0,0.0,114.8,0,0,0
USR-15999,Control,0,0.0,132.7,0,0,0
USR-16000,Treatment,1,43.33,291.3,1,0,0
USR-16001,Control,0,0.0,18.3,0,1,0
USR-16002,Treatment,0,0.0,20.0,0,1,0
USR-16003,Treatment,0,0.0,109.1,0,0,0
USR-16004,Control,0,0.0,24.2,0,1,0
USR-16005,Treatment,0,0.0,15.6,0,1,0
USR-16006,Treatment,0,0.0,95.1,0,0,0
USR-16007,Control,1,33.22,240.5,1,0,0
USR-16008,Treatment,0,0.0,19.6,0,1,0
USR-16009,Control,0,0.0,11.1,0,1,0
USR-16010,Treatment,0,0.0,117.6,0,0,0
USR-16011,Treatment,0,0.0,118.5,0,0,0
USR-16012,Treatment,0,0.0,19.8,0,1,0
USR-16013,Treatment,0,0.0,89.2,0,0,0
USR-16014,Control,0,0.0,7.1,0,1,0
USR-16015,Treatment,1,26.52,197.9,1,0,0
USR-16016,Control,0,0.0,97.5,0,0,0
USR-16017,Treatment,0,0.0,70.0,0,0,0
USR-16018,Treatment,0,0.0,18.6,0,1,0
USR-16019,Control,0,0.0,66.9,0,0,0
USR-16020,Control,0,0.0,56.6,0,0,0
USR-16021,Treatment,0,0.0,121.4,0,0,0
USR-16022,Treatment,0,0.0,10.3,0,1,0
USR-16023,Control,0,0.0,87.2,0,0,0
USR-16024,Control,0,0.0,20.3,0,1,0
USR-16025,Control,0,0.0,89.1,0,0,0
USR-16026,Treatment,0,0.0,108.4,0,0,0
USR-16027,Control,0,0.0,93.5,0,0,0
USR-16028,Treatment,0,0.0,76.0,0,0,0
USR-16029,Control,0,0.0,61.5,0,0,0
USR-16030,Treatment,0,0.0,99.3,0,0,0
USR-16031,Control,0,0.0,103.6,0,0,0
USR-16032,Treatment,0,0.0,93.3,0,0,0
USR-16033,Control,1,64.06,241.1,2,0,0
USR-16034,Treatment,0,0.0,7.6,0,1,0
USR-16035,Control,0,0.0,16.1,0,1,0
USR-16036,Treatment,1,85.38,231.0,2,0,0
USR-16037,Treatment,0,0.0,13.1,0,1,0
USR-16038,Control,1,77.54,201.3,1,0,0
USR-16039,Treatment,0,0.0,99.0,0,0,0
USR-16040,Treatment,0,0.0,159.1,0,0,0
USR-16041,Control,0,0.0,9.9,0,1,0
USR-16042,Control,0,0.0,23.0,0,1,0
USR-16043,Control,0,0.0,20.5,0,1,0
USR-16044,Treatment,0,0.0,13.4,0,1,0
USR-16045,Treatment,0,0.0,109.7,0,0,0
USR-16046,Control,0,0.0,84.8,0,0,0
USR-16047,Treatment,0,0.0,97.8,0,0,0
USR-16048,Treatment,0,0.0,100.7,0,0,0
USR-16049,Treatment,0,0.0,125.4,0,0,0
USR-16050,Treatment,0,0.0,122.7,0,0,0
USR-16051,Treatment,0,0.0,120.7,0,0,0
USR-16052,Treatment,0,0.0,13.7,0,1,0
USR-16053,Control,0,0.0,133.8,0,0,0
USR-16054,Treatment,0,0.0,109.2,0,0,0
USR-16055,Control,0,0.0,16.6,0,1,0
USR-16056,Control,0,0.0,23.1,0,1,0
USR-16057,Control,0,0.0,87.9,0,0,0
USR-16058,Treatment,0,0.0,113.7,0,0,0
USR-16059,Treatment,0,0.0,18.8,0,1,0
USR-16060,Control,0,0.0,9.3,0,1,0
USR-16061,Control,0,0.0,169.4,0,0,0
USR-16062,Control,0,0.0,140.3,0,0,0
USR-16063,Treatment,0,0.0,103.7,0,0,0
USR-16064,Control,0,0.0,67.7,0,0,0
USR-16065,Treatment,1,29.39,247.4,1,0,0
USR-16066,Control,0,0.0,9.5,0,1,0
USR-16067,Control,0,0.0,19.8,0,1,0
USR-16068,Control,0,0.0,17.6,0,1,0
USR-16069,Control,0,0.0,103.0,0,0,0
USR-16070,Treatment,0,0.0,64.3,0,0,0
USR-16071,Control,0,0.0,108.3,0,0,0
USR-16072,Control,0,0.0,14.2,0,1,0
USR-16073,Control,1,39.6,315.0,1,0,0
USR-16074,Control,0,0.0,11.1,0,1,0
USR-16075,Control,0,0.0,24.0,0,1,0
USR-16076,Control,0,0.0,131.9,0,0,0
USR-16077,Treatment,0,0.0,123.9,0,0,0
USR-16078,Treatment,0,0.0,13.7,0,1,0
USR-16079,Control,0,0.0,20.4,0,1,0
USR-16080,Control,0,0.0,88.2,0,0,0
USR-16081,Treatment,0,0.0,128.4,0,0,0
USR-16082,Control,0,0.0,17.6,0,1,0
USR-16083,Control,1,27.19,202.2,1,0,0
USR-16084,Control,0,0.0,107.9,0,0,0
USR-16085,Control,0,0.0,123.5,0,0,0
USR-16086,Treatment,0,0.0,158.8,0,0,0
USR-16087,Control,1,64.31,266.2,1,0,0
USR-16088,Treatment,0,0.0,16.2,0,1,0
USR-16089,Control,0,0.0,6.2,0,1,0
USR-16090,Control,0,0.0,97.4,0,0,0
USR-16091,Treatment,0,0.0,7.4,0,1,0
USR-16092,Control,0,0.0,89.7,0,0,0
USR-16093,Treatment,0,0.0,134.2,0,0,0
USR-16094,Control,0,0.0,54.0,0,0,0
USR-16095,Treatment,0,0.0,23.5,0,1,0
USR-16096,Control,0,0.0,77.8,0,0,0
USR-16097,Treatment,0,0.0,115.4,0,0,0
USR-16098,Control,0,0.0,133.3,0,0,0
USR-16099,Treatment,0,0.0,23.5,0,1,0
USR-16100,Control,0,0.0,6.0,0,1,0
USR-16101,Treatment,0,0.0,11.2,0,1,0
USR-16102,Control,0,0.0,142.8,0,0,0
USR-16103,Treatment,0,0.0,9.7,0,1,0
USR-16104,Control,0,0.0,71.5,0,0,0
USR-16105,Control,0,0.0,108.0,0,0,0
USR-16106,Control,0,0.0,75.7,0,0,0
USR-16107,Control,0,0.0,115.3,0,0,0
USR-16108,Control,0,0.0,70.2,0,0,0
USR-16109,Treatment,0,0.0,79.7,0,0,0
USR-16110,Treatment,0,0.0,20.3,0,1,0
USR-16111,Control,0,0.0,8.7,0,1,0
USR-16112,Treatment,0,0.0,110.1,0,0,0
USR-16113,Treatment,0,0.0,126.3,0,0,0
USR-16114,Control,0,0.0,23.5,0,1,0
USR-16115,Treatment,0,0.0,24.0,0,1,0
USR-16116,Treatment,0,0.0,85.8,0,0,0
USR-16117,Treatment,0,0.0,147.1,0,0,0
USR-16118,Control,0,0.0,79.3,0,0,0
USR-16119,Treatment,0,0.0,88.7,0,0,0
USR-16120,Control,0,0.0,15.0,0,1,0
USR-16121,Control,0,0.0,102.6,0,0,0
USR-16122,Control,0,0.0,8.1,0,1,0
USR-16123,Treatment,0,0.0,22.2,0,1,0
USR-16124,Treatment,0,0.0,11.2,0,1,0
USR-16125,Treatment,0,0.0,14.9,0,1,0
USR-16126,Treatment,0,0.0,114.5,0,0,0
USR-16127,Control,0,0.0,142.2,0,0,0
USR-16128,Control,0,0.0,170.9,0,0,0
USR-16129,Control,0,0.0,118.4,0,0,0
USR-16130,Control,0,0.0,83.7,0,0,0
USR-16131,Treatment,0,0.0,17.3,0,1,0
USR-16132,Treatment,0,0.0,140.4,0,0,0
USR-16133,Control,0,0.0,15.4,0,1,0
USR-16134,Control,0,0.0,20.5,0,1,0
USR-16135,Control,0,0.0,118.6,0,0,0
USR-16136,Control,0,0.0,22.4,0,1,0
USR-16137,Treatment,0,0.0,22.0,0,1,0
USR-16138,Treatment,0,0.0,21.5,0,1,0
USR-16139,Treatment,0,0.0,137.2,0,0,0
USR-16140,Control,0,0.0,190.5,0,0,0
USR-16141,Control,0,0.0,134.6,0,0,0
USR-16142,Control,0,0.0,6.4,0,1,0
USR-16143,Treatment,0,0.0,89.2,0,0,0
USR-16144,Treatment,0,0.0,22.4,0,1,0
USR-16145,Control,0,0.0,15.8,0,1,0
USR-16146,Treatment,0,0.0,95.6,0,0,0
USR-16147,Control,0,0.0,111.7,0,0,0
USR-16148,Treatment,0,0.0,111.4,0,0,0
USR-16149,Treatment,0,0.0,23.9,0,1,0
USR-16150,Treatment,0,0.0,10.8,0,1,0
USR-16151,Treatment,0,0.0,14.8,0,1,0
USR-16152,Control,0,0.0,16.3,0,1,0
USR-16153,Control,0,0.0,16.5,0,1,0
USR-16154,Control,0,0.0,120.7,0,0,0
USR-16155,Control,1,109.53,209.1,1,0,0
USR-16156,Treatment,0,0.0,93.9,0,0,0
USR-16157,Treatment,0,0.0,79.1,0,0,0
USR-16158,Control,0,0.0,118.8,0,0,0
USR-16159,Treatment,0,0.0,10.1,0,1,0
USR-16160,Control,0,0.0,108.3,0,0,0
USR-16161,Control,0,0.0,149.0,0,0,0
USR-16162,Control,0,0.0,103.1,0,0,0
USR-16163,Control,0,0.0,97.2,0,0,0
USR-16164,Control,0,0.0,143.3,0,0,0
USR-16165,Control,0,0.0,24.7,0,1,0
USR-16166,Control,0,0.0,13.3,0,1,0
USR-16167,Treatment,0,0.0,8.5,0,1,0
USR-16168,Control,0,0.0,93.5,0,0,0
USR-16169,Control,0,0.0,12.7,0,1,0
USR-16170,Control,0,0.0,21.0,0,1,0
USR-16171,Treatment,0,0.0,152.3,0,0,0
USR-16172,Control,0,0.0,84.2,0,0,0
USR-16173,Treatment,0,0.0,19.2,0,1,0
USR-16174,Treatment,0,0.0,5.1,0,1,0
USR-16175,Treatment,0,0.0,17.9,0,1,0
USR-16176,Treatment,1,27.49,217.4,1,0,0
USR-16177,Control,0,0.0,68.1,0,0,0
USR-16178,Control,0,0.0,116.7,0,0,0
USR-16179,Control,0,0.0,96.4,0,0,0
USR-16180,Treatment,0,0.0,16.2,0,1,0
USR-16181,Control,0,0.0,81.7,0,0,0
USR-16182,Control,0,0.0,69.4,0,0,0
USR-16183,Treatment,0,0.0,149.7,0,0,0
USR-16184,Control,0,0.0,129.8,0,0,0
USR-16185,Treatment,1,60.91,218.2,1,0,0
USR-16186,Treatment,0,0.0,89.8,0,0,0
USR-16187,Control,0,0.0,20.4,0,1,0
USR-16188,Control,0,0.0,13.4,0,1,0
USR-16189,Control,0,0.0,102.1,0,0,0
USR-16190,Treatment,0,0.0,9.3,0,1,0
USR-16191,Treatment,0,0.0,86.1,0,0,0
USR-16192,Treatment,0,0.0,93.7,0,0,0
USR-16193,Treatment,0,0.0,22.9,0,1,0
USR-16194,Treatment,0,0.0,17.4,0,1,0
USR-16195,Control,0,0.0,16.8,0,1,0
USR-16196,Control,0,0.0,23.6,0,1,0
USR-16197,Treatment,0,0.0,130.6,0,0,0
USR-16198,Control,0,0.0,68.2,0,0,0
USR-16199,Control,0,0.0,23.7,0,1,0
USR-16200,Treatment,0,0.0,149.3,0,0,0
USR-16201,Control,0,0.0,22.7,0,1,0
USR-16202,Treatment,0,0.0,131.0,0,0,0
USR-16203,Treatment,0,0.0,16.6,0,1,0
USR-16204,Control,1,76.92,246.9,2,0,0
USR-16205,Treatment,0,0.0,108.2,0,0,0
USR-16206,Control,0,0.0,119.4,0,0,0
USR-16207,Control,0,0.0,20.3,0,1,0
USR-16208,Control,0,0.0,81.9,0,0,0
USR-16209,Control,0,0.0,17.8,0,1,0
USR-16210,Control,0,0.0,160.9,0,0,0
USR-16211,Control,1,28.75,180.6,1,0,0
USR-16212,Control,0,0.0,16.5,0,1,0
USR-16213,Control,0,0.0,163.1,0,0,0
USR-16214,Treatment,0,0.0,115.5,0,0,0
USR-16215,Treatment,0,0.0,117.7,0,0,0
USR-16216,Control,0,0.0,134.8,0,0,0
USR-16217,Control,0,0.0,71.7,0,0,0
USR-16218,Control,0,0.0,6.4,0,1,0
USR-16219,Control,0,0.0,14.5,0,1,0
USR-16220,Treatment,0,0.0,18.5,0,1,0
USR-16221,Treatment,0,0.0,115.2,0,0,0
USR-16222,Control,0,0.0,13.8,0,1,0
USR-16223,Control,0,0.0,11.8,0,1,0
USR-16224,Control,0,0.0,64.6,0,0,0
USR-16225,Treatment,1,54.2,236.1,2,0,0
USR-16226,Control,0,0.0,17.3,0,1,0
USR-16227,Treatment,0,0.0,127.5,0,0,0
USR-16228,Treatment,0,0.0,50.3,0,0,0
USR-16229,Control,0,0.0,7.9,0,1,0
USR-16230,Treatment,0,0.0,122.2,0,0,0
USR-16231,Treatment,0,0.0,16.6,0,1,0
USR-16232,Treatment,0,0.0,85.9,0,0,0
USR-16233,Control,0,0.0,65.3,0,0,0
USR-16234,Control,0,0.0,110.3,0,0,0
USR-16235,Treatment,1,20.26,249.3,1,0,0
USR-16236,Treatment,0,0.0,17.9,0,1,0
USR-16237,Treatment,0,0.0,73.4,0,0,0
USR-16238,Treatment,0,0.0,125.3,0,0,0
USR-16239,Treatment,0,0.0,14.2,0,1,0
USR-16240,Treatment,1,40.73,337.7,1,0,0
USR-16241,Control,0,0.0,109.3,0,0,0
USR-16242,Treatment,0,0.0,155.5,0,0,0
USR-16243,Treatment,0,0.0,107.5,0,0,0
USR-16244,Treatment,1,88.33,285.6,1,0,0
USR-16245,Treatment,0,0.0,6.2,0,1,0
USR-16246,Control,0,0.0,6.9,0,1,0
USR-16247,Treatment,0,0.0,19.2,0,1,0
USR-16248,Treatment,0,0.0,20.3,0,1,0
USR-16249,Control,1,186.58,234.6,2,0,0
USR-16250,Control,0,0.0,8.1,0,1,0
USR-16251,Control,0,0.0,124.3,0,0,0
USR-16252,Control,0,0.0,124.7,0,0,0
USR-16253,Control,0,0.0,109.2,0,0,0
USR-16254,Control,0,0.0,12.3,0,1,0
USR-16255,Treatment,0,0.0,21.7,0,1,0
USR-16256,Treatment,0,0.0,95.6,0,0,0
USR-16257,Treatment,0,0.0,10.5,0,1,0
USR-16258,Treatment,0,0.0,24.6,0,1,0
USR-16259,Control,0,0.0,11.4,0,1,0
USR-16260,Control,0,0.0,76.4,0,0,0
USR-16261,Treatment,0,0.0,123.1,0,0,0
USR-16262,Control,0,0.0,61.0,0,0,0
USR-16263,Treatment,0,0.0,144.5,0,0,0
USR-16264,Treatment,0,0.0,7.3,0,1,0
USR-16265,Treatment,0,0.0,163.4,0,0,0
USR-16266,Treatment,0,0.0,150.9,0,0,0
USR-16267,Control,0,0.0,52.6,0,0,0
USR-16268,Control,0,0.0,151.0,0,0,0
USR-16269,Treatment,0,0.0,134.3,0,0,0
USR-16270,Control,0,0.0,6.8,0,1,0
USR-16271,Treatment,1,57.88,286.7,2,0,0
USR-16272,Control,0,0.0,117.8,0,0,0
USR-16273,Treatment,0,0.0,102.4,0,0,0
USR-16274,Treatment,0,0.0,117.0,0,0,0
USR-16275,Treatment,0,0.0,15.4,0,1,0
USR-16276,Control,0,0.0,107.2,0,0,0
USR-16277,Control,0,0.0,23.7,0,1,0
USR-16278,Treatment,0,0.0,130.4,0,0,0
USR-16279,Control,0,0.0,77.2,0,0,0
USR-16280,Treatment,0,0.0,10.5,0,1,0
USR-16281,Treatment,0,0.0,104.3,0,0,0
USR-16282,Treatment,0,0.0,22.0,0,1,0
USR-16283,Treatment,1,205.87,348.3,2,0,0
USR-16284,Control,1,25.79,263.7,1,0,0
USR-16285,Treatment,0,0.0,131.1,0,0,0
USR-16286,Treatment,0,0.0,111.2,0,0,0
USR-16287,Control,0,0.0,128.8,0,0,0
USR-16288,Treatment,0,0.0,6.9,0,1,0
USR-16289,Control,0,0.0,126.1,0,0,0
USR-16290,Control,0,0.0,109.5,0,0,0
USR-16291,Control,0,0.0,19.6,0,1,0
USR-16292,Treatment,0,0.0,167.9,0,0,0
USR-16293,Control,0,0.0,112.9,0,0,0
USR-16294,Treatment,0,0.0,23.9,0,1,0
USR-16295,Treatment,0,0.0,155.5,0,0,0
USR-16296,Control,0,0.0,106.7,0,0,0
USR-16297,Control,0,0.0,100.1,0,0,0
USR-16298,Treatment,0,0.0,20.4,0,1,0
USR-16299,Control,1,41.67,267.8,1,0,0
USR-16300,Treatment,0,0.0,130.2,0,0,0
USR-16301,Control,0,0.0,81.1,0,0,0
USR-16302,Control,0,0.0,123.1,0,0,0
USR-16303,Treatment,0,0.0,92.5,0,0,0
USR-16304,Control,0,0.0,8.7,0,1,0
USR-16305,Control,0,0.0,9.8,0,1,0
USR-16306,Control,0,0.0,10.8,0,1,0
USR-16307,Control,0,0.0,110.3,0,0,0
USR-16308,Treatment,0,0.0,22.8,0,1,0
USR-16309,Treatment,0,0.0,13.9,0,1,0
USR-16310,Control,0,0.0,5.5,0,1,0
USR-16311,Treatment,0,0.0,155.2,0,0,0
USR-16312,Treatment,0,0.0,137.9,0,0,0
USR-16313,Control,0,0.0,7.9,0,1,0
USR-16314,Control,0,0.0,8.1,0,1,0
USR-16315,Treatment,0,0.0,18.7,0,1,0
USR-16316,Treatment,0,0.0,161.9,0,0,0
USR-16317,Treatment,0,0.0,112.1,0,0,0
USR-16318,Treatment,0,0.0,178.7,0,0,0
USR-16319,Control,0,0.0,128.6,0,0,0
USR-16320,Treatment,0,0.0,7.1,0,1,0
USR-16321,Treatment,0,0.0,117.5,0,0,0
USR-16322,Treatment,0,0.0,10.4,0,1,0
USR-16323,Control,0,0.0,7.0,0,1,0
USR-16324,Control,0,0.0,103.0,0,0,0
USR-16325,Control,0,0.0,122.9,0,0,0
USR-16326,Treatment,0,0.0,110.0,0,0,0
USR-16327,Control,0,0.0,156.1,0,0,0
USR-16328,Control,0,0.0,95.2,0,0,0
USR-16329,Control,0,0.0,91.0,0,0,0
USR-16330,Control,0,0.0,75.0,0,0,0
USR-16331,Treatment,0,0.0,149.2,0,0,0
USR-16332,Treatment,0,0.0,149.7,0,0,0
USR-16333,Treatment,0,0.0,140.4,0,0,0
USR-16334,Control,0,0.0,116.2,0,0,0
USR-16335,Treatment,0,0.0,15.9,0,1,0
USR-16336,Control,0,0.0,119.3,0,0,0
USR-16337,Control,0,0.0,22.3,0,1,0
USR-16338,Control,0,0.0,146.9,0,0,0
USR-16339,Control,0,0.0,131.2,0,0,0
USR-16340,Control,0,0.0,20.8,0,1,0
USR-16341,Treatment,0,0.0,122.0,0,0,0
USR-16342,Treatment,0,0.0,122.4,0,0,0
USR-16343,Treatment,0,0.0,20.7,0,1,0
USR-16344,Control,0,0.0,7.0,0,1,0
USR-16345,Control,0,0.0,142.6,0,0,0
USR-16346,Control,0,0.0,158.0,0,0,0
USR-16347,Treatment,0,0.0,12.7,0,1,0
USR-16348,Treatment,0,0.0,16.8,0,1,0
USR-16349,Treatment,0,0.0,137.5,0,0,0
USR-16350,Control,0,0.0,14.2,0,1,0
USR-16351,Treatment,0,0.0,12.5,0,1,0
USR-16352,Control,0,0.0,5.6,0,1,0
USR-16353,Treatment,0,0.0,139.1,0,0,0
USR-16354,Treatment,0,0.0,10.7,0,1,0
USR-16355,Treatment,0,0.0,10.6,0,1,0
USR-16356,Treatment,0,0.0,20.8,0,1,0
USR-16357,Control,0,0.0,103.0,0,0,0
USR-16358,Treatment,0,0.0,99.8,0,0,0
USR-16359,Treatment,0,0.0,111.0,0,0,0
USR-16360,Control,0,0.0,53.0,0,0,0
USR-16361,Control,0,0.0,21.6,0,1,0
USR-16362,Control,0,0.0,18.7,0,1,0
USR-16363,Control,0,0.0,92.8,0,0,0
USR-16364,Control,0,0.0,130.2,0,0,0
USR-16365,Treatment,0,0.0,10.2,0,1,0
USR-16366,Control,0,0.0,145.0,0,0,0
USR-16367,Control,0,0.0,9.8,0,1,0
USR-16368,Treatment,0,0.0,24.4,0,1,0
USR-16369,Treatment,0,0.0,142.3,0,0,0
USR-16370,Treatment,0,0.0,100.2,0,0,0
USR-16371,Control,0,0.0,8.9,0,1,0
USR-16372,Treatment,1,57.46,294.8,2,0,0
USR-16373,Treatment,0,0.0,12.6,0,1,0
USR-16374,Control,0,0.0,16.5,0,1,0
USR-16375,Control,0,0.0,130.3,0,0,0
USR-16376,Treatment,0,0.0,148.8,0,0,0
USR-16377,Treatment,0,0.0,70.4,0,0,0
USR-16378,Treatment,0,0.0,5.9,0,1,0
USR-16379,Treatment,0,0.0,23.3,0,1,0
USR-16380,Treatment,0,0.0,6.3,0,1,0
USR-16381,Treatment,0,0.0,23.0,0,1,0
USR-16382,Control,0,0.0,13.1,0,1,0
USR-16383,Control,0,0.0,153.1,0,0,0
USR-16384,Control,0,0.0,17.7,0,1,0
USR-16385,Treatment,0,0.0,48.1,0,0,0
USR-16386,Treatment,1,59.24,226.0,1,0,0
USR-16387,Treatment,0,0.0,74.9,0,0,0
USR-16388,Control,0,0.0,10.7,0,1,0
USR-16389,Treatment,0,0.0,11.0,0,1,0
USR-16390,Control,0,0.0,116.9,0,0,0
USR-16391,Control,0,0.0,107.7,0,0,0
USR-16392,Treatment,0,0.0,24.8,0,1,0
USR-16393,Treatment,0,0.0,12.6,0,1,0
USR-16394,Treatment,0,0.0,130.6,0,0,0
USR-16395,Control,0,0.0,152.9,0,0,0
USR-16396,Control,0,0.0,176.9,0,0,0
USR-16397,Control,1,65.65,238.2,1,0,0
USR-16398,Control,0,0.0,126.5,0,0,0
USR-16399,Treatment,1,33.28,172.6,1,0,0
USR-16400,Treatment,0,0.0,66.7,0,0,0
USR-16401,Treatment,0,0.0,8.7,0,1,0
USR-16402,Control,1,32.6,248.7,1,0,0
USR-16403,Treatment,0,0.0,119.8,0,0,0
USR-16404,Control,0,0.0,14.1,0,1,0
USR-16405,Treatment,0,0.0,9.4,0,1,0
USR-16406,Control,0,0.0,19.5,0,1,0
USR-16407,Control,0,0.0,11.2,0,1,0
USR-16408,Treatment,0,0.0,141.0,0,0,0
USR-16409,Treatment,0,0.0,20.3,0,1,0
USR-16410,Control,1,76.36,311.6,1,0,0
USR-16411,Control,0,0.0,105.3,0,0,0
USR-16412,Treatment,1,65.27,237.1,1,0,0
USR-16413,Control,0,0.0,6.9,0,1,0
USR-16414,Control,0,0.0,8.6,0,1,0
USR-16415,Control,0,0.0,150.8,0,0,0
USR-16416,Control,0,0.0,12.1,0,1,0
USR-16417,Treatment,0,0.0,5.6,0,1,0
USR-16418,Treatment,0,0.0,103.7,0,0,0
USR-16419,Treatment,0,0.0,114.4,0,0,0
USR-16420,Treatment,0,0.0,135.4,0,0,0
USR-16421,Control,0,0.0,73.0,0,0,0
USR-16422,Control,0,0.0,5.7,0,1,0
USR-16423,Control,0,0.0,82.4,0,0,0
USR-16424,Control,1,70.18,204.8,1,0,0
USR-16425,Control,0,0.0,102.6,0,0,0
USR-16426,Treatment,0,0.0,9.0,0,1,0
USR-16427,Treatment,0,0.0,157.3,0,0,0
USR-16428,Control,0,0.0,24.5,0,1,0
USR-16429,Treatment,0,0.0,98.8,0,0,0
USR-16430,Treatment,0,0.0,150.8,0,0,0
USR-16431,Treatment,0,0.0,21.0,0,1,0
USR-16432,Treatment,0,0.0,126.4,0,0,0
USR-16433,Treatment,0,0.0,10.8,0,1,0
USR-16434,Treatment,1,226.19,271.3,3,0,0
USR-16435,Treatment,0,0.0,94.1,0,0,0
USR-16436,Treatment,0,0.0,7.4,0,1,0
USR-16437,Control,0,0.0,215.2,0,0,0
USR-16438,Control,0,0.0,85.5,0,0,0
USR-16439,Treatment,0,0.0,78.2,0,0,0
USR-16440,Control,0,0.0,85.2,0,0,0
USR-16441,Control,0,0.0,122.8,0,0,0
USR-16442,Treatment,0,0.0,141.0,0,0,0
USR-16443,Control,0,0.0,11.9,0,1,0
USR-16444,Treatment,0,0.0,163.4,0,0,0
USR-16445,Treatment,0,0.0,69.1,0,0,0
USR-16446,Treatment,0,0.0,150.9,0,0,0
USR-16447,Control,1,79.15,282.2,1,0,0
USR-16448,Control,0,0.0,89.7,0,0,0
USR-16449,Treatment,0,0.0,99.5,0,0,0
USR-16450,Treatment,0,0.0,108.9,0,0,0
USR-16451,Treatment,0,0.0,121.6,0,0,0
USR-16452,Control,0,0.0,18.9,0,1,0
USR-16453,Control,0,0.0,110.3,0,0,0
USR-16454,Treatment,0,0.0,133.9,0,0,0
USR-16455,Control,0,0.0,117.7,0,0,0
USR-16456,Treatment,0,0.0,25.0,0,1,0
USR-16457,Control,0,0.0,22.5,0,1,0
USR-16458,Control,1,18.43,204.6,1,0,0
USR-16459,Control,0,0.0,9.1,0,1,0
USR-16460,Control,0,0.0,132.3,0,0,0
USR-16461,Treatment,0,0.0,107.7,0,0,0
USR-16462,Treatment,0,0.0,90.2,0,0,0
USR-16463,Control,0,0.0,20.9,0,1,0
USR-16464,Treatment,0,0.0,96.2,0,0,0
USR-16465,Control,0,0.0,54.5,0,0,0
USR-16466,Treatment,0,0.0,14.4,0,1,0
USR-16467,Control,0,0.0,19.7,0,1,0
USR-16468,Treatment,0,0.0,6.5,0,1,0
USR-16469,Treatment,0,0.0,107.5,0,0,0
USR-16470,Treatment,0,0.0,16.6,0,1,0
USR-16471,Treatment,0,0.0,81.6,0,0,0
USR-16472,Treatment,0,0.0,138.5,0,0,0
USR-16473,Treatment,0,0.0,133.9,0,0,0
USR-16474,Treatment,0,0.0,110.2,0,0,0
USR-16475,Treatment,0,0.0,69.4,0,0,0
USR-16476,Treatment,0,0.0,122.3,0,0,0
USR-16477,Control,0,0.0,94.6,0,0,0
USR-16478,Treatment,0,0.0,144.1,0,0,0
USR-16479,Control,0,0.0,19.5,0,1,0
USR-16480,Treatment,0,0.0,22.7,0,1,0
USR-16481,Control,0,0.0,83.0,0,0,0
USR-16482,Treatment,0,0.0,117.2,0,0,0
USR-16483,Control,0,0.0,11.2,0,1,0
USR-16484,Control,1,264.33,205.7,4,0,0
USR-16485,Control,0,0.0,8.7,0,1,0
USR-16486,Treatment,0,0.0,124.9,0,0,0
USR-16487,Control,0,0.0,5.8,0,1,0
USR-16488,Control,0,0.0,21.5,0,1,0
USR-16489,Treatment,0,0.0,7.6,0,1,0
USR-16490,Treatment,0,0.0,24.8,0,1,0
USR-16491,Control,0,0.0,24.0,0,1,0
USR-16492,Control,0,0.0,117.9,0,0,0
USR-16493,Control,0,0.0,13.5,0,1,0
USR-16494,Treatment,0,0.0,117.9,0,0,0
USR-16495,Control,1,78.79,239.6,1,0,0
USR-16496,Control,0,0.0,24.9,0,1,0
USR-16497,Control,0,0.0,9.7,0,1,0
USR-16498,Control,0,0.0,110.3,0,0,0
USR-16499,Treatment,0,0.0,6.0,0,1,0
USR-16500,Control,0,0.0,138.5,0,0,0
USR-16501,Control,0,0.0,109.9,0,0,0
USR-16502,Control,0,0.0,10.9,0,1,0
USR-16503,Control,0,0.0,142.0,0,0,0
USR-16504,Control,0,0.0,65.0,0,0,0
USR-16505,Treatment,0,0.0,114.4,0,0,0
USR-16506,Treatment,0,0.0,121.9,0,0,0
USR-16507,Treatment,0,0.0,12.9,0,1,0
USR-16508,Treatment,0,0.0,83.3,0,0,0
USR-16509,Treatment,0,0.0,81.0,0,0,0
USR-16510,Control,0,0.0,78.9,0,0,0
USR-16511,Treatment,0,0.0,12.9,0,1,0
USR-16512,Treatment,0,0.0,116.6,0,0,0
USR-16513,Treatment,0,0.0,142.9,0,0,0
USR-16514,Treatment,1,36.37,251.5,2,0,0
USR-16515,Control,0,0.0,96.6,0,0,0
USR-16516,Treatment,0,0.0,9.9,0,1,0
USR-16517,Treatment,0,0.0,17.5,0,1,0
USR-16518,Treatment,1,54.84,289.0,1,0,0
USR-16519,Control,0,0.0,157.2,0,0,0
USR-16520,Control,1,58.67,180.9,1,0,0
USR-16521,Control,0,0.0,107.8,0,0,0
USR-16522,Treatment,0,0.0,156.2,0,0,0
USR-16523,Control,0,0.0,106.3,0,0,0
USR-16524,Control,0,0.0,20.9,0,1,0
USR-16525,Treatment,0,0.0,127.2,0,0,0
USR-16526,Control,0,0.0,147.8,0,0,0
USR-16527,Treatment,0,0.0,14.5,0,1,0
USR-16528,Control,0,0.0,7.3,0,1,0
USR-16529,Treatment,0,0.0,188.2,0,0,0
USR-16530,Treatment,0,0.0,96.5,0,0,0
USR-16531,Treatment,0,0.0,22.8,0,1,0
USR-16532,Treatment,0,0.0,126.8,0,0,0
USR-16533,Control,0,0.0,68.4,0,0,0
USR-16534,Control,1,97.06,242.9,2,0,0
USR-16535,Control,0,0.0,95.5,0,0,0
USR-16536,Treatment,0,0.0,139.2,0,0,0
USR-16537,Treatment,0,0.0,22.3,0,1,0
USR-16538,Control,0,0.0,8.0,0,1,0
USR-16539,Treatment,0,0.0,12.7,0,1,0
USR-16540,Control,0,0.0,6.1,0,1,0
USR-16541,Treatment,0,0.0,52.7,0,0,0
USR-16542,Treatment,0,0.0,137.7,0,0,0
USR-16543,Control,1,25.49,240.9,1,0,0
USR-16544,Control,0,0.0,13.8,0,1,0
USR-16545,Control,1,75.65,302.7,1,0,0
USR-16546,Treatment,0,0.0,119.1,0,0,0
USR-16547,Treatment,0,0.0,5.2,0,1,0
USR-16548,Control,0,0.0,18.1,0,1,0
USR-16549,Control,0,0.0,20.0,0,1,0
USR-16550,Control,0,0.0,22.3,0,1,0
USR-16551,Treatment,0,0.0,125.1,0,0,0
USR-16552,Treatment,0,0.0,68.6,0,0,0
USR-16553,Control,0,0.0,123.2,0,0,0
USR-16554,Treatment,0,0.0,124.5,0,0,0
USR-16555,Treatment,0,0.0,160.1,0,0,0
USR-16556,Control,0,0.0,76.3,0,0,0
USR-16557,Control,0,0.0,109.1,0,0,0
USR-16558,Treatment,0,0.0,100.6,0,0,0
USR-16559,Treatment,0,0.0,115.7,0,0,0
USR-16560,Control,0,0.0,12.5,0,1,0
USR-16561,Control,0,0.0,117.0,0,0,0
USR-16562,Control,0,0.0,5.1,0,1,0
USR-16563,Treatment,0,0.0,128.1,0,0,0
USR-16564,Control,0,0.0,11.3,0,1,0
USR-16565,Control,0,0.0,5.3,0,1,0
USR-16566,Treatment,0,0.0,92.3,0,0,0
USR-16567,Treatment,0,0.0,18.4,0,1,0
USR-16568,Control,0,0.0,163.1,0,0,0
USR-16569,Control,0,0.0,115.2,0,0,0
USR-16570,Treatment,0,0.0,105.0,0,0,0
USR-16571,Control,0,0.0,85.6,0,0,0
USR-16572,Control,0,0.0,22.4,0,1,0
USR-16573,Treatment,0,0.0,116.4,0,0,0
USR-16574,Control,1,58.9,239.6,1,0,0
USR-16575,Treatment,1,223.53,282.1,3,0,0
USR-16576,Treatment,0,0.0,111.2,0,0,0
USR-16577,Control,0,0.0,12.5,0,1,0
USR-16578,Control,0,0.0,131.8,0,0,0
USR-16579,Treatment,0,0.0,10.3,0,1,0
USR-16580,Treatment,0,0.0,82.7,0,0,0
USR-16581,Treatment,0,0.0,52.7,0,0,0
USR-16582,Treatment,0,0.0,106.8,0,0,0
USR-16583,Control,0,0.0,111.5,0,0,0
USR-16584,Treatment,1,29.09,158.4,1,0,0
USR-16585,Control,0,0.0,5.4,0,1,0
USR-16586,Control,0,0.0,86.9,0,0,0
USR-16587,Control,0,0.0,92.6,0,0,0
USR-16588,Control,0,0.0,101.6,0,0,0
USR-16589,Treatment,0,0.0,88.8,0,0,0
USR-16590,Control,0,0.0,140.1,0,0,0
USR-16591,Control,0,0.0,8.5,0,1,0
USR-16592,Control,0,0.0,124.6,0,0,0
USR-16593,Treatment,0,0.0,24.5,0,1,0
USR-16594,Treatment,0,0.0,110.9,0,0,0
USR-16595,Control,0,0.0,107.8,0,0,0
USR-16596,Control,0,0.0,68.6,0,0,0
USR-16597,Control,0,0.0,83.9,0,0,0
USR-16598,Treatment,0,0.0,68.1,0,0,0
USR-16599,Treatment,0,0.0,13.1,0,1,0
USR-16600,Treatment,0,0.0,23.3,0,1,0
USR-16601,Treatment,1,49.4,277.4,1,0,0
USR-16602,Control,0,0.0,140.6,0,0,0
USR-16603,Treatment,0,0.0,142.3,0,0,0
USR-16604,Treatment,0,0.0,119.5,0,0,0
USR-16605,Control,0,0.0,121.4,0,0,0
USR-16606,Control,0,0.0,83.0,0,0,0
USR-16607,Treatment,0,0.0,144.1,0,0,0
USR-16608,Treatment,0,0.0,17.6,0,1,0
USR-16609,Control,0,0.0,8.1,0,1,0
USR-16610,Treatment,0,0.0,88.8,0,0,0
USR-16611,Treatment,0,0.0,22.5,0,1,0
USR-16612,Control,0,0.0,93.3,0,0,0
USR-16613,Control,0,0.0,48.6,0,0,0
USR-16614,Control,0,0.0,69.4,0,0,0
USR-16615,Treatment,0,0.0,105.8,0,0,0
USR-16616,Control,0,0.0,130.1,0,0,0
USR-16617,Control,0,0.0,125.8,0,0,0
USR-16618,Treatment,0,0.0,24.4,0,1,0
USR-16619,Treatment,0,0.0,98.7,0,0,0
USR-16620,Control,0,0.0,12.0,0,1,0
USR-16621,Control,0,0.0,15.0,0,1,0
USR-16622,Control,0,0.0,169.2,0,0,0
USR-16623,Treatment,0,0.0,120.1,0,0,0
USR-16624,Treatment,0,0.0,14.9,0,1,0
USR-16625,Control,0,0.0,120.4,0,0,0
USR-16626,Treatment,0,0.0,131.8,0,0,0
USR-16627,Treatment,0,0.0,8.6,0,1,0
USR-16628,Treatment,0,0.0,143.7,0,0,0
USR-16629,Treatment,0,0.0,23.0,0,1,0
USR-16630,Control,1,26.84,248.8,1,0,0
USR-16631,Control,0,0.0,9.1,0,1,0
USR-16632,Treatment,0,0.0,118.4,0,0,0
USR-16633,Treatment,0,0.0,79.1,0,0,0
USR-16634,Treatment,0,0.0,86.4,0,0,0
USR-16635,Control,0,0.0,107.4,0,0,0
USR-16636,Treatment,0,0.0,11.3,0,1,0
USR-16637,Treatment,0,0.0,20.2,0,1,0
USR-16638,Control,0,0.0,5.4,0,1,0
USR-16639,Control,0,0.0,152.4,0,0,0
USR-16640,Treatment,0,0.0,22.9,0,1,0
USR-16641,Treatment,0,0.0,82.6,0,0,0
USR-16642,Control,0,0.0,65.8,0,0,0
USR-16643,Treatment,0,0.0,173.6,0,0,0
USR-16644,Control,0,0.0,136.6,0,0,0
USR-16645,Control,0,0.0,8.8,0,1,0
USR-16646,Treatment,0,0.0,11.9,0,1,0
USR-16647,Treatment,0,0.0,14.2,0,1,0
USR-16648,Treatment,0,0.0,102.9,0,0,0
USR-16649,Treatment,0,0.0,112.5,0,0,0
USR-16650,Control,0,0.0,106.5,0,0,0
USR-16651,Treatment,0,0.0,6.6,0,1,0
USR-16652,Control,0,0.0,24.0,0,1,0
USR-16653,Control,0,0.0,93.8,0,0,0
USR-16654,Control,0,0.0,9.3,0,1,0
USR-16655,Control,0,0.0,21.4,0,1,0
USR-16656,Control,0,0.0,17.4,0,1,0
USR-16657,Control,0,0.0,61.9,0,0,0
USR-16658,Control,0,0.0,129.9,0,0,0
USR-16659,Control,0,0.0,158.8,0,0,0
USR-16660,Treatment,0,0.0,182.7,0,0,0
USR-16661,Control,0,0.0,100.3,0,0,0
USR-16662,Control,0,0.0,7.0,0,1,0
USR-16663,Treatment,0,0.0,20.1,0,1,0
USR-16664,Treatment,0,0.0,14.6,0,1,0
USR-16665,Treatment,0,0.0,22.8,0,1,0
USR-16666,Control,0,0.0,7.0,0,1,0
USR-16667,Treatment,0,0.0,26.9,0,0,0
USR-16668,Control,0,0.0,82.8,0,0,0
USR-16669,Control,0,0.0,19.8,0,1,0
USR-16670,Control,0,0.0,18.3,0,1,0
USR-16671,Treatment,0,0.0,24.8,0,1,0
USR-16672,Control,0,0.0,108.1,0,0,0
USR-16673,Control,0,0.0,16.8,0,1,0
USR-16674,Control,0,0.0,159.3,0,0,0
USR-16675,Treatment,0,0.0,7.4,0,1,0
USR-16676,Treatment,0,0.0,54.5,0,0,0
USR-16677,Control,0,0.0,145.6,0,0,0
USR-16678,Treatment,0,0.0,23.3,0,1,0
USR-16679,Treatment,0,0.0,54.1,0,0,0
USR-16680,Treatment,0,0.0,84.7,0,0,0
USR-16681,Control,0,0.0,143.3,0,0,0
USR-16682,Treatment,1,38.54,230.8,1,0,0
USR-16683,Control,0,0.0,130.1,0,0,0
USR-16684,Treatment,1,35.93,263.8,1,0,0
USR-16685,Control,0,0.0,119.5,0,0,0
USR-16686,Control,0,0.0,12.8,0,1,0
USR-16687,Control,0,0.0,129.6,0,0,0
USR-16688,Treatment,0,0.0,13.2,0,1,0
USR-16689,Control,0,0.0,21.8,0,1,0
USR-16690,Treatment,0,0.0,13.3,0,1,0
USR-16691,Control,0,0.0,142.1,0,0,0
USR-16692,Treatment,0,0.0,117.8,0,0,0
USR-16693,Treatment,0,0.0,100.4,0,0,0
USR-16694,Treatment,0,0.0,85.4,0,0,0
USR-16695,Treatment,0,0.0,129.9,0,0,0
USR-16696,Treatment,0,0.0,154.7,0,0,0
USR-16697,Control,0,0.0,73.4,0,0,0
USR-16698,Treatment,0,0.0,10.7,0,1,0
USR-16699,Control,0,0.0,144.9,0,0,0
USR-16700,Treatment,1,49.4,201.4,1,0,0
USR-16701,Treatment,0,0.0,21.4,0,1,0
USR-16702,Control,0,0.0,23.3,0,1,0
USR-16703,Control,0,0.0,17.7,0,1,0
USR-16704,Control,0,0.0,56.8,0,0,0
USR-16705,Treatment,0,0.0,122.9,0,0,0
USR-16706,Treatment,0,0.0,79.9,0,0,0
USR-16707,Treatment,0,0.0,108.9,0,0,0
USR-16708,Treatment,0,0.0,8.5,0,1,0
USR-16709,Treatment,0,0.0,9.6,0,1,0
USR-16710,Control,0,0.0,107.2,0,0,0
USR-16711,Control,0,0.0,7.2,0,1,0
USR-16712,Treatment,0,0.0,148.9,0,0,0
USR-16713,Treatment,0,0.0,112.1,0,0,0
USR-16714,Treatment,0,0.0,111.1,0,0,0
USR-16715,Control,0,0.0,87.3,0,0,0
USR-16716,Control,0,0.0,97.0,0,0,0
USR-16717,Control,1,45.82,282.4,1,0,0
USR-16718,Control,0,0.0,9.8,0,1,0
USR-16719,Control,1,58.37,270.2,1,0,0
USR-16720,Treatment,0,0.0,24.2,0,1,0
USR-16721,Control,0,0.0,13.2,0,1,0
USR-16722,Treatment,0,0.0,94.6,0,0,0
USR-16723,Control,0,0.0,51.9,0,0,0
USR-16724,Treatment,0,0.0,15.0,0,1,0
USR-16725,Control,0,0.0,11.8,0,1,0
USR-16726,Control,0,0.0,156.6,0,0,0
USR-16727,Control,0,0.0,117.4,0,0,0
USR-16728,Treatment,0,0.0,15.3,0,1,0
USR-16729,Treatment,0,0.0,17.5,0,1,0
USR-16730,Control,0,0.0,8.3,0,1,0
USR-16731,Control,0,0.0,90.7,0,0,0
USR-16732,Treatment,0,0.0,12.2,0,1,0
USR-16733,Control,0,0.0,106.9,0,0,0
USR-16734,Control,0,0.0,83.1,0,0,0
USR-16735,Treatment,0,0.0,5.6,0,1,0
USR-16736,Treatment,0,0.0,23.4,0,1,0
USR-16737,Control,0,0.0,9.0,0,1,0
USR-16738,Control,0,0.0,23.1,0,1,0
USR-16739,Treatment,0,0.0,108.0,0,0,0
USR-16740,Control,0,0.0,98.0,0,0,0
USR-16741,Control,0,0.0,123.8,0,0,0
USR-16742,Treatment,0,0.0,19.0,0,1,0
USR-16743,Treatment,0,0.0,121.3,0,0,0
USR-16744,Control,0,0.0,63.1,0,0,0
USR-16745,Treatment,0,0.0,119.9,0,0,0
USR-16746,Treatment,0,0.0,96.0,0,0,0
USR-16747,Control,0,0.0,118.0,0,0,0
USR-16748,Treatment,0,0.0,159.6,0,0,0
USR-16749,Control,0,0.0,130.6,0,0,0
USR-16750,Control,0,0.0,8.4,0,1,0
USR-16751,Treatment,0,0.0,19.0,0,1,0
USR-16752,Control,0,0.0,112.6,0,0,0
USR-16753,Control,0,0.0,5.2,0,1,0
USR-16754,Control,0,0.0,7.8,0,1,0
USR-16755,Control,0,0.0,14.9,0,1,0
USR-16756,Treatment,0,0.0,104.2,0,0,0
USR-16757,Treatment,0,0.0,126.3,0,0,0
USR-16758,Treatment,0,0.0,103.8,0,0,0
USR-16759,Control,0,0.0,122.2,0,0,0
USR-16760,Control,0,0.0,112.7,0,0,0
USR-16761,Control,0,0.0,16.0,0,1,0
USR-16762,Control,0,0.0,94.2,0,0,0
USR-16763,Control,1,28.47,249.0,1,0,0
USR-16764,Treatment,0,0.0,19.1,0,1,0
USR-16765,Treatment,0,0.0,114.6,0,0,0
USR-16766,Treatment,0,0.0,99.0,0,0,0
USR-16767,Control,0,0.0,91.5,0,0,0
USR-16768,Treatment,0,0.0,18.8,0,1,0
USR-16769,Control,0,0.0,24.6,0,1,0
USR-16770,Control,0,0.0,12.2,0,1,0
USR-16771,Treatment,0,0.0,23.0,0,1,0
USR-16772,Treatment,0,0.0,110.9,0,0,0
USR-16773,Control,0,0.0,77.2,0,0,0
USR-16774,Control,0,0.0,101.6,0,0,0
USR-16775,Control,0,0.0,17.1,0,1,0
USR-16776,Treatment,0,0.0,17.0,0,1,0
USR-16777,Control,0,0.0,15.9,0,1,0
USR-16778,Treatment,0,0.0,24.2,0,1,0
USR-16779,Control,0,0.0,14.4,0,1,0
USR-16780,Control,0,0.0,19.5,0,1,0
USR-16781,Control,0,0.0,119.3,0,0,0
USR-16782,Treatment,0,0.0,90.4,0,0,0
USR-16783,Control,0,0.0,20.0,0,1,0
USR-16784,Treatment,0,0.0,150.2,0,0,0
USR-16785,Treatment,0,0.0,8.0,0,1,0
USR-16786,Treatment,0,0.0,23.9,0,1,0
USR-16787,Treatment,0,0.0,89.6,0,0,0
USR-16788,Treatment,0,0.0,91.9,0,0,0
USR-16789,Treatment,0,0.0,123.0,0,0,0
USR-16790,Treatment,0,0.0,17.6,0,1,0
USR-16791,Control,0,0.0,135.9,0,0,0
USR-16792,Control,0,0.0,63.4,0,0,0
USR-16793,Control,0,0.0,111.5,0,0,0
USR-16794,Control,0,0.0,102.9,0,0,0
USR-16795,Control,1,107.55,218.6,1,0,0
USR-16796,Treatment,0,0.0,6.9,0,1,0
USR-16797,Control,0,0.0,167.4,0,0,0
USR-16798,Control,0,0.0,160.8,0,0,0
USR-16799,Treatment,0,0.0,110.7,0,0,0
USR-16800,Control,0,0.0,17.0,0,1,0
USR-16801,Control,0,0.0,41.5,0,0,0
USR-16802,Control,0,0.0,7.6,0,1,0
USR-16803,Control,0,0.0,15.7,0,1,0
USR-16804,Control,0,0.0,10.4,0,1,0
USR-16805,Treatment,0,0.0,17.7,0,1,0
USR-16806,Treatment,0,0.0,18.0,0,1,0
USR-16807,Control,0,0.0,146.3,0,0,0
USR-16808,Control,0,0.0,17.4,0,1,0
USR-16809,Control,0,0.0,132.4,0,0,0
USR-16810,Treatment,1,66.41,226.9,3,0,0
USR-16811,Control,0,0.0,23.3,0,1,0
USR-16812,Control,0,0.0,79.2,0,0,0
USR-16813,Treatment,0,0.0,131.3,0,0,0
USR-16814,Control,0,0.0,143.8,0,0,0
USR-16815,Control,0,0.0,123.3,0,0,0
USR-16816,Control,0,0.0,5.9,0,1,0
USR-16817,Treatment,0,0.0,132.2,0,0,0
USR-16818,Treatment,0,0.0,18.6,0,1,0
USR-16819,Treatment,0,0.0,95.2,0,0,0
USR-16820,Control,0,0.0,9.8,0,1,0
USR-16821,Treatment,0,0.0,103.7,0,0,0
USR-16822,Treatment,0,0.0,119.5,0,0,0
USR-16823,Treatment,0,0.0,6.3,0,1,0
USR-16824,Control,0,0.0,165.7,0,0,0
USR-16825,Treatment,0,0.0,91.2,0,0,0
USR-16826,Control,0,0.0,22.8,0,1,0
USR-16827,Control,0,0.0,110.3,0,0,0
USR-16828,Treatment,0,0.0,10.6,0,1,0
USR-16829,Control,0,0.0,14.7,0,1,0
USR-16830,Treatment,0,0.0,103.9,0,0,0
USR-16831,Control,0,0.0,115.1,0,0,0
USR-16832,Treatment,0,0.0,15.5,0,1,0
USR-16833,Treatment,0,0.0,157.0,0,0,0
USR-16834,Treatment,0,0.0,20.9,0,1,0
USR-16835,Control,0,0.0,83.7,0,0,0
USR-16836,Control,0,0.0,131.2,0,0,0
USR-16837,Treatment,0,0.0,16.8,0,1,0
USR-16838,Control,0,0.0,132.7,0,0,0
USR-16839,Treatment,0,0.0,6.8,0,1,0
USR-16840,Treatment,0,0.0,19.3,0,1,0
USR-16841,Control,0,0.0,116.3,0,0,0
USR-16842,Control,0,0.0,124.8,0,0,0
USR-16843,Control,0,0.0,129.8,0,0,0
USR-16844,Treatment,0,0.0,85.4,0,0,0
USR-16845,Control,0,0.0,95.7,0,0,0
USR-16846,Control,0,0.0,142.0,0,0,0
USR-16847,Control,1,30.2,232.5,1,0,0
USR-16848,Treatment,0,0.0,24.0,0,1,0
USR-16849,Control,0,0.0,7.1,0,1,0
USR-16850,Control,0,0.0,91.7,0,0,0
USR-16851,Treatment,0,0.0,154.5,0,0,0
USR-16852,Treatment,0,0.0,184.3,0,0,0
USR-16853,Treatment,0,0.0,80.8,0,0,0
USR-16854,Control,0,0.0,11.7,0,1,0
USR-16855,Control,0,0.0,23.7,0,1,0
USR-16856,Treatment,0,0.0,87.8,0,0,0
USR-16857,Control,1,44.84,248.6,1,0,0
USR-16858,Treatment,0,0.0,110.5,0,0,0
USR-16859,Treatment,0,0.0,16.4,0,1,0
USR-16860,Control,0,0.0,112.5,0,0,0
USR-16861,Treatment,0,0.0,148.5,0,0,0
USR-16862,Treatment,0,0.0,11.6,0,1,0
USR-16863,Control,0,0.0,118.5,0,0,0
USR-16864,Treatment,0,0.0,8.2,0,1,0
USR-16865,Control,0,0.0,10.8,0,1,0
USR-16866,Control,0,0.0,98.6,0,0,0
USR-16867,Control,0,0.0,5.9,0,1,0
USR-16868,Treatment,0,0.0,108.8,0,0,0
USR-16869,Treatment,0,0.0,70.8,0,0,0
USR-16870,Treatment,0,0.0,116.6,0,0,0
USR-16871,Control,0,0.0,18.0,0,1,0
USR-16872,Treatment,0,0.0,103.9,0,0,0
USR-16873,Control,0,0.0,18.5,0,1,0
USR-16874,Treatment,0,0.0,11.5,0,1,0
USR-16875,Control,0,0.0,9.9,0,1,0
USR-16876,Control,0,0.0,183.9,0,0,0
USR-16877,Control,0,0.0,19.3,0,1,0
USR-16878,Treatment,0,0.0,97.9,0,0,0
USR-16879,Control,0,0.0,11.3,0,1,0
USR-16880,Treatment,0,0.0,166.2,0,0,0
USR-16881,Control,0,0.0,9.4,0,1,0
USR-16882,Control,0,0.0,137.7,0,0,0
USR-16883,Control,0,0.0,94.9,0,0,0
USR-16884,Treatment,0,0.0,75.4,0,0,0
USR-16885,Treatment,0,0.0,15.1,0,1,0
USR-16886,Control,0,0.0,9.1,0,1,0
USR-16887,Control,0,0.0,20.1,0,1,0
USR-16888,Control,0,0.0,145.0,0,0,0
USR-16889,Treatment,0,0.0,24.9,0,1,0
USR-16890,Control,0,0.0,12.8,0,1,0
USR-16891,Treatment,0,0.0,104.2,0,0,0
USR-16892,Treatment,0,0.0,103.8,0,0,0
USR-16893,Control,0,0.0,167.8,0,0,0
USR-16894,Control,0,0.0,95.8,0,0,0
USR-16895,Treatment,0,0.0,76.6,0,0,0
USR-16896,Treatment,0,0.0,57.9,0,0,0
USR-16897,Control,0,0.0,7.0,0,1,0
USR-16898,Control,0,0.0,155.4,0,0,0
USR-16899,Control,0,0.0,81.3,0,0,0
USR-16900,Control,0,0.0,17.1,0,1,0
USR-16901,Control,0,0.0,168.2,0,0,0
USR-16902,Control,0,0.0,16.5,0,1,0
USR-16903,Treatment,0,0.0,22.1,0,1,0
USR-16904,Control,0,0.0,94.7,0,0,0
USR-16905,Control,0,0.0,129.3,0,0,0
USR-16906,Control,0,0.0,130.2,0,0,0
USR-16907,Treatment,0,0.0,12.4,0,1,0
USR-16908,Treatment,0,0.0,84.7,0,0,0
USR-16909,Control,0,0.0,20.8,0,1,0
USR-16910,Control,0,0.0,115.9,0,0,0
USR-16911,Treatment,0,0.0,9.0,0,1,0
USR-16912,Control,0,0.0,130.2,0,0,0
USR-16913,Control,0,0.0,130.1,0,0,0
USR-16914,Control,0,0.0,140.2,0,0,0
USR-16915,Control,0,0.0,20.0,0,1,0
USR-16916,Control,0,0.0,124.6,0,0,0
USR-16917,Treatment,0,0.0,12.5,0,1,0
USR-16918,Treatment,0,0.0,17.5,0,1,0
USR-16919,Control,0,0.0,108.4,0,0,0
USR-16920,Treatment,0,0.0,5.1,0,1,0
USR-16921,Control,0,0.0,116.7,0,0,0
USR-16922,Control,1,58.13,304.9,1,0,0
USR-16923,Treatment,0,0.0,109.3,0,0,0
USR-16924,Treatment,0,0.0,147.7,0,0,0
USR-16925,Control,0,0.0,91.8,0,0,0
USR-16926,Control,0,0.0,139.8,0,0,0
USR-16927,Treatment,0,0.0,124.1,0,0,0
USR-16928,Treatment,0,0.0,115.2,0,0,0
USR-16929,Treatment,0,0.0,115.6,0,0,0
USR-16930,Control,0,0.0,119.6,0,0,0
USR-16931,Control,0,0.0,150.0,0,0,0
USR-16932,Control,0,0.0,84.6,0,0,0
USR-16933,Control,0,0.0,8.0,0,1,0
USR-16934,Treatment,0,0.0,157.6,0,0,0
USR-16935,Control,0,0.0,88.9,0,0,0
USR-16936,Control,0,0.0,17.8,0,1,0
USR-16937,Treatment,0,0.0,124.0,0,0,0
USR-16938,Control,0,0.0,11.5,0,1,0
USR-16939,Control,0,0.0,87.9,0,0,0
USR-16940,Treatment,1,52.7,193.6,2,0,0
USR-16941,Treatment,0,0.0,104.3,0,0,0
USR-16942,Treatment,0,0.0,59.4,0,0,0
USR-16943,Control,0,0.0,6.2,0,1,0
USR-16944,Treatment,1,24.84,263.2,1,0,0
USR-16945,Treatment,0,0.0,22.6,0,1,0
USR-16946,Control,0,0.0,129.7,0,0,0
USR-16947,Control,0,0.0,119.8,0,0,0
USR-16948,Treatment,0,0.0,22.2,0,1,0
USR-16949,Control,0,0.0,88.5,0,0,0
USR-16950,Treatment,0,0.0,76.1,0,0,0
USR-16951,Control,0,0.0,7.7,0,1,0
USR-16952,Control,0,0.0,76.4,0,0,0
USR-16953,Control,1,81.5,179.2,3,0,0
USR-16954,Treatment,0,0.0,77.1,0,0,0
USR-16955,Control,0,0.0,146.7,0,0,0
USR-16956,Treatment,0,0.0,15.2,0,1,0
USR-16957,Treatment,0,0.0,112.8,0,0,0
USR-16958,Treatment,0,0.0,112.4,0,0,0
USR-16959,Treatment,0,0.0,100.1,0,0,0
USR-16960,Treatment,0,0.0,172.2,0,0,0
USR-16961,Control,0,0.0,8.8,0,1,0
USR-16962,Treatment,0,0.0,17.7,0,1,0
USR-16963,Treatment,0,0.0,21.5,0,1,0
USR-16964,Control,0,0.0,15.3,0,1,0
USR-16965,Control,0,0.0,15.0,0,1,0
USR-16966,Treatment,0,0.0,132.8,0,0,0
USR-16967,Control,0,0.0,20.7,0,1,0
USR-16968,Treatment,0,0.0,5.8,0,1,0
USR-16969,Control,0,0.0,23.7,0,1,0
USR-16970,Control,0,0.0,125.5,0,0,0
USR-16971,Treatment,0,0.0,17.4,0,1,0
USR-16972,Control,0,0.0,20.5,0,1,0
USR-16973,Control,0,0.0,13.6,0,1,0
USR-16974,Treatment,1,122.27,265.7,2,0,0
USR-16975,Control,0,0.0,49.0,0,0,0
USR-16976,Treatment,0,0.0,124.6,0,0,0
USR-16977,Treatment,0,0.0,118.2,0,0,0
USR-16978,Treatment,0,0.0,138.7,0,0,0
USR-16979,Control,0,0.0,11.3,0,1,0
USR-16980,Control,0,0.0,16.7,0,1,0
USR-16981,Treatment,0,0.0,120.9,0,0,0
USR-16982,Treatment,0,0.0,61.1,0,0,0
USR-16983,Treatment,0,0.0,89.2,0,0,0
USR-16984,Treatment,0,0.0,9.2,0,1,0
USR-16985,Control,0,0.0,164.9,0,0,0
USR-16986,Control,0,0.0,125.6,0,0,0
USR-16987,Control,0,0.0,11.3,0,1,0
USR-16988,Control,0,0.0,23.3,0,1,0
USR-16989,Control,0,0.0,17.2,0,1,0
USR-16990,Treatment,0,0.0,112.3,0,0,0
USR-16991,Control,0,0.0,142.7,0,0,0
USR-16992,Control,0,0.0,9.3,0,1,0
USR-16993,Control,0,0.0,20.2,0,1,0
USR-16994,Treatment,0,0.0,109.8,0,0,0
USR-16995,Treatment,0,0.0,143.8,0,0,0
USR-16996,Treatment,0,0.0,19.6,0,1,0
USR-16997,Treatment,0,0.0,148.4,0,0,0
USR-16998,Control,0,0.0,141.9,0,0,0
USR-16999,Treatment,0,0.0,142.7,0,0,0
USR-17000,Control,0,0.0,86.3,0,0,0
USR-17001,Control,0,0.0,147.2,0,0,0
USR-17002,Treatment,0,0.0,136.9,0,0,0
USR-17003,Treatment,0,0.0,139.3,0,0,0
USR-17004,Control,0,0.0,39.1,0,0,0
USR-17005,Control,0,0.0,149.0,0,0,0
USR-17006,Treatment,1,82.82,330.5,1,0,0
USR-17007,Control,0,0.0,107.3,0,0,0
USR-17008,Control,0,0.0,71.2,0,0,0
USR-17009,Control,0,0.0,150.2,0,0,0
USR-17010,Control,0,0.0,138.7,0,0,0
USR-17011,Treatment,0,0.0,183.0,0,0,0
USR-17012,Control,0,0.0,18.7,0,1,0
USR-17013,Control,1,58.42,236.2,1,0,0
USR-17014,Treatment,0,0.0,110.1,0,0,0
USR-17015,Treatment,0,0.0,96.3,0,0,0
USR-17016,Control,0,0.0,24.4,0,1,0
USR-17017,Control,0,0.0,96.3,0,0,0
USR-17018,Control,0,0.0,5.9,0,1,0
USR-17019,Treatment,0,0.0,109.5,0,0,0
USR-17020,Treatment,1,25.44,234.0,1,0,0
USR-17021,Treatment,0,0.0,23.4,0,1,0
USR-17022,Treatment,0,0.0,104.5,0,0,0
USR-17023,Treatment,0,0.0,153.6,0,0,0
USR-17024,Treatment,0,0.0,21.0,0,1,0
USR-17025,Control,0,0.0,5.1,0,1,0
USR-17026,Control,0,0.0,118.8,0,0,0
USR-17027,Treatment,0,0.0,153.2,0,0,0
USR-17028,Control,0,0.0,10.8,0,1,0
USR-17029,Control,0,0.0,135.4,0,0,0
USR-17030,Treatment,0,0.0,120.8,0,0,0
USR-17031,Control,0,0.0,106.7,0,0,0
USR-17032,Treatment,0,0.0,122.9,0,0,0
USR-17033,Treatment,0,0.0,72.3,0,0,0
USR-17034,Control,0,0.0,131.2,0,0,0
USR-17035,Treatment,0,0.0,107.6,0,0,0
USR-17036,Control,0,0.0,16.3,0,1,0
USR-17037,Control,0,0.0,125.9,0,0,0
USR-17038,Treatment,0,0.0,9.0,0,1,0
USR-17039,Treatment,0,0.0,191.3,0,0,0
USR-17040,Treatment,0,0.0,91.5,0,0,0
USR-17041,Control,0,0.0,83.2,0,0,0
USR-17042,Treatment,0,0.0,16.6,0,1,0
USR-17043,Control,0,0.0,80.5,0,0,0
USR-17044,Treatment,0,0.0,107.8,0,0,0
USR-17045,Control,0,0.0,114.1,0,0,0
USR-17046,Treatment,0,0.0,127.6,0,0,0
USR-17047,Control,0,0.0,122.2,0,0,0
USR-17048,Control,0,0.0,24.8,0,1,0
USR-17049,Control,0,0.0,97.1,0,0,0
USR-17050,Treatment,0,0.0,20.9,0,1,0
USR-17051,Treatment,0,0.0,111.3,0,0,0
USR-17052,Treatment,0,0.0,102.6,0,0,0
USR-17053,Control,0,0.0,110.1,0,0,0
USR-17054,Control,0,0.0,101.5,0,0,0
USR-17055,Control,0,0.0,85.5,0,0,0
USR-17056,Treatment,0,0.0,160.2,0,0,0
USR-17057,Control,0,0.0,117.7,0,0,0
USR-17058,Treatment,0,0.0,9.0,0,1,0
USR-17059,Treatment,0,0.0,84.6,0,0,0
USR-17060,Treatment,0,0.0,117.9,0,0,0
USR-17061,Treatment,0,0.0,123.6,0,0,0
USR-17062,Treatment,0,0.0,130.8,0,0,0
USR-17063,Treatment,0,0.0,24.8,0,1,0
USR-17064,Control,0,0.0,18.1,0,1,0
USR-17065,Treatment,0,0.0,9.0,0,1,0
USR-17066,Control,0,0.0,63.7,0,0,0
USR-17067,Control,0,0.0,106.1,0,0,0
USR-17068,Control,0,0.0,20.2,0,1,0
USR-17069,Control,0,0.0,23.3,0,1,0
USR-17070,Control,0,0.0,8.9,0,1,0
USR-17071,Control,0,0.0,18.6,0,1,0
USR-17072,Treatment,0,0.0,97.2,0,0,0
USR-17073,Control,0,0.0,8.4,0,1,0
USR-17074,Treatment,0,0.0,122.4,0,0,0
USR-17075,Control,0,0.0,128.3,0,0,0
USR-17076,Treatment,0,0.0,101.3,0,0,0
USR-17077,Treatment,1,37.55,287.1,1,0,0
USR-17078,Treatment,0,0.0,15.3,0,1,0
USR-17079,Treatment,0,0.0,105.0,0,0,0
USR-17080,Control,1,66.88,296.4,1,0,0
USR-17081,Treatment,0,0.0,120.3,0,0,0
USR-17082,Control,1,30.51,214.8,1,0,0
USR-17083,Control,0,0.0,22.5,0,1,0
USR-17084,Treatment,0,0.0,116.7,0,0,0
USR-17085,Control,0,0.0,18.8,0,1,0
USR-17086,Treatment,0,0.0,140.0,0,0,0
USR-17087,Treatment,0,0.0,113.6,0,0,0
USR-17088,Control,0,0.0,105.4,0,0,0
USR-17089,Control,0,0.0,7.2,0,1,0
USR-17090,Control,0,0.0,85.2,0,0,0
USR-17091,Treatment,0,0.0,162.8,0,0,0
USR-17092,Treatment,0,0.0,22.2,0,1,0
USR-17093,Control,0,0.0,16.9,0,1,0
USR-17094,Control,0,0.0,140.2,0,0,0
USR-17095,Treatment,1,48.8,281.6,1,0,0
USR-17096,Treatment,0,0.0,16.1,0,1,0
USR-17097,Control,0,0.0,21.2,0,1,0
USR-17098,Control,0,0.0,99.9,0,0,0
USR-17099,Treatment,0,0.0,136.4,0,0,0
USR-17100,Control,0,0.0,63.0,0,0,0
USR-17101,Control,0,0.0,7.0,0,1,0
USR-17102,Treatment,0,0.0,19.3,0,1,0
USR-17103,Treatment,0,0.0,130.4,0,0,0
USR-17104,Control,0,0.0,23.0,0,1,0
USR-17105,Control,0,0.0,99.8,0,0,0
USR-17106,Control,0,0.0,139.7,0,0,0
USR-17107,Control,0,0.0,86.3,0,0,0
USR-17108,Treatment,1,141.83,208.2,3,0,0
USR-17109,Control,0,0.0,129.9,0,0,0
USR-17110,Treatment,0,0.0,13.7,0,1,0
USR-17111,Treatment,0,0.0,8.6,0,1,0
USR-17112,Control,0,0.0,117.9,0,0,0
USR-17113,Control,0,0.0,106.0,0,0,0
USR-17114,Treatment,0,0.0,8.1,0,1,0
USR-17115,Treatment,0,0.0,16.3,0,1,0
USR-17116,Treatment,0,0.0,12.5,0,1,0
USR-17117,Control,1,100.21,205.4,1,0,0
USR-17118,Treatment,0,0.0,16.3,0,1,0
USR-17119,Treatment,0,0.0,161.7,0,0,0
USR-17120,Treatment,1,98.88,242.2,2,0,0
USR-17121,Control,0,0.0,127.1,0,0,0
USR-17122,Treatment,0,0.0,7.2,0,1,0
USR-17123,Treatment,0,0.0,144.8,0,0,0
USR-17124,Control,0,0.0,115.7,0,0,0
USR-17125,Control,0,0.0,102.4,0,0,0
USR-17126,Control,0,0.0,79.0,0,0,0
USR-17127,Control,0,0.0,7.4,0,1,0
USR-17128,Control,0,0.0,8.8,0,1,0
USR-17129,Treatment,0,0.0,122.2,0,0,0
USR-17130,Control,0,0.0,129.0,0,0,0
USR-17131,Control,0,0.0,147.5,0,0,0
USR-17132,Treatment,0,0.0,113.3,0,0,0
USR-17133,Control,0,0.0,89.3,0,0,0
USR-17134,Control,0,0.0,7.0,0,1,0
USR-17135,Treatment,0,0.0,103.2,0,0,0
USR-17136,Treatment,0,0.0,19.0,0,1,0
USR-17137,Treatment,0,0.0,13.2,0,1,0
USR-17138,Treatment,0,0.0,15.4,0,1,0
USR-17139,Control,0,0.0,105.7,0,0,0
USR-17140,Treatment,0,0.0,89.2,0,0,0
USR-17141,Control,0,0.0,11.8,0,1,0
USR-17142,Treatment,0,0.0,18.8,0,1,0
USR-17143,Control,0,0.0,133.2,0,0,0
USR-17144,Treatment,0,0.0,169.4,0,0,0
USR-17145,Treatment,0,0.0,153.7,0,0,0
USR-17146,Treatment,0,0.0,100.4,0,0,0
USR-17147,Control,0,0.0,107.3,0,0,0
USR-17148,Control,0,0.0,8.9,0,1,0
USR-17149,Treatment,0,0.0,69.8,0,0,0
USR-17150,Treatment,0,0.0,146.7,0,0,0
USR-17151,Control,0,0.0,6.8,0,1,0
USR-17152,Treatment,0,0.0,10.6,0,1,0
USR-17153,Treatment,0,0.0,181.1,0,0,0
USR-17154,Control,0,0.0,135.6,0,0,0
USR-17155,Treatment,0,0.0,123.4,0,0,0
USR-17156,Treatment,0,0.0,121.4,0,0,0
USR-17157,Control,0,0.0,138.5,0,0,0
USR-17158,Control,0,0.0,91.7,0,0,0
USR-17159,Treatment,0,0.0,8.3,0,1,0
USR-17160,Treatment,0,0.0,163.6,0,0,0
USR-17161,Control,0,0.0,6.6,0,1,0
USR-17162,Treatment,0,0.0,119.2,0,0,0
USR-17163,Treatment,0,0.0,113.1,0,0,0
USR-17164,Treatment,0,0.0,79.4,0,0,0
USR-17165,Control,0,0.0,95.6,0,0,0
USR-17166,Treatment,0,0.0,131.2,0,0,0
USR-17167,Control,1,94.42,214.7,2,0,0
USR-17168,Control,0,0.0,22.0,0,1,0
USR-17169,Control,0,0.0,127.8,0,0,0
USR-17170,Control,0,0.0,64.7,0,0,0
USR-17171,Treatment,1,39.92,192.6,1,0,0
USR-17172,Control,0,0.0,115.2,0,0,0
USR-17173,Treatment,0,0.0,56.3,0,0,0
USR-17174,Control,0,0.0,146.6,0,0,0
USR-17175,Control,0,0.0,7.5,0,1,0
USR-17176,Treatment,0,0.0,129.2,0,0,0
USR-17177,Treatment,0,0.0,15.1,0,1,0
USR-17178,Control,0,0.0,125.2,0,0,0
USR-17179,Treatment,0,0.0,78.1,0,0,0
USR-17180,Control,0,0.0,16.0,0,1,0
USR-17181,Control,0,0.0,20.5,0,1,0
USR-17182,Treatment,0,0.0,102.0,0,0,0
USR-17183,Treatment,0,0.0,146.6,0,0,0
USR-17184,Control,0,0.0,143.3,0,0,0
USR-17185,Treatment,0,0.0,110.2,0,0,0
USR-17186,Treatment,0,0.0,23.1,0,1,0
USR-17187,Control,0,0.0,123.8,0,0,0
USR-17188,Treatment,0,0.0,131.5,0,0,0
USR-17189,Treatment,0,0.0,120.9,0,0,0
USR-17190,Treatment,0,0.0,148.6,0,0,0
USR-17191,Control,0,0.0,109.4,0,0,0
USR-17192,Treatment,0,0.0,85.3,0,0,0
USR-17193,Control,0,0.0,20.0,0,1,0
USR-17194,Treatment,0,0.0,121.9,0,0,0
USR-17195,Treatment,0,0.0,19.4,0,1,0
USR-17196,Control,0,0.0,22.3,0,1,0
USR-17197,Treatment,0,0.0,173.0,0,0,0
USR-17198,Treatment,0,0.0,6.9,0,1,0
USR-17199,Treatment,0,0.0,144.2,0,0,0
USR-17200,Control,0,0.0,6.7,0,1,0
USR-17201,Control,0,0.0,86.6,0,0,0
USR-17202,Treatment,0,0.0,132.6,0,0,0
USR-17203,Control,0,0.0,9.5,0,1,0
USR-17204,Treatment,0,0.0,129.5,0,0,0
USR-17205,Control,0,0.0,6.3,0,1,0
USR-17206,Control,1,30.45,293.7,1,0,0
USR-17207,Control,0,0.0,75.2,0,0,0
USR-17208,Control,0,0.0,16.1,0,1,0
USR-17209,Treatment,0,0.0,125.8,0,0,0
USR-17210,Control,0,0.0,12.0,0,1,0
USR-17211,Control,0,0.0,114.2,0,0,0
USR-17212,Control,0,0.0,85.9,0,0,0
USR-17213,Treatment,1,19.89,309.0,1,0,0
USR-17214,Control,0,0.0,96.7,0,0,0
USR-17215,Treatment,0,0.0,70.4,0,0,0
USR-17216,Treatment,0,0.0,10.8,0,1,0
USR-17217,Treatment,0,0.0,78.5,0,0,0
USR-17218,Treatment,0,0.0,161.0,0,0,0
USR-17219,Treatment,0,0.0,146.7,0,0,0
USR-17220,Treatment,1,98.03,256.8,1,0,0
USR-17221,Control,0,0.0,6.8,0,1,0
USR-17222,Control,0,0.0,109.3,0,0,0
USR-17223,Control,0,0.0,75.0,0,0,0
USR-17224,Treatment,0,0.0,14.8,0,1,0
USR-17225,Treatment,0,0.0,81.8,0,0,0
USR-17226,Treatment,0,0.0,100.5,0,0,0
USR-17227,Control,0,0.0,125.9,0,0,0
USR-17228,Treatment,0,0.0,13.3,0,1,0
USR-17229,Control,0,0.0,15.8,0,1,0
USR-17230,Control,0,0.0,15.6,0,1,0
USR-17231,Control,0,0.0,171.7,0,0,0
USR-17232,Control,0,0.0,149.6,0,0,0
USR-17233,Treatment,0,0.0,7.2,0,1,0
USR-17234,Control,0,0.0,13.2,0,1,0
USR-17235,Control,0,0.0,150.2,0,0,0
USR-17236,Treatment,0,0.0,62.7,0,0,0
USR-17237,Treatment,0,0.0,115.2,0,0,0
USR-17238,Treatment,0,0.0,147.0,0,0,0
USR-17239,Control,0,0.0,116.7,0,0,0
USR-17240,Treatment,0,0.0,7.8,0,1,0
USR-17241,Treatment,0,0.0,123.8,0,0,0
USR-17242,Control,1,31.49,238.2,1,0,0
USR-17243,Treatment,0,0.0,123.8,0,0,0
USR-17244,Control,0,0.0,144.2,0,0,0
USR-17245,Control,0,0.0,73.6,0,0,0
USR-17246,Treatment,0,0.0,11.2,0,1,0
USR-17247,Treatment,0,0.0,130.5,0,0,0
USR-17248,Control,0,0.0,147.6,0,0,0
USR-17249,Treatment,0,0.0,63.5,0,0,0
USR-17250,Treatment,0,0.0,5.9,0,1,0
USR-17251,Treatment,0,0.0,126.0,0,0,0
USR-17252,Control,0,0.0,167.7,0,0,0
USR-17253,Treatment,0,0.0,142.4,0,0,0
USR-17254,Control,0,0.0,8.9,0,1,0
USR-17255,Treatment,0,0.0,21.6,0,1,0
USR-17256,Control,0,0.0,126.6,0,0,0
USR-17257,Control,0,0.0,132.2,0,0,0
USR-17258,Treatment,0,0.0,23.9,0,1,0
USR-17259,Control,0,0.0,15.9,0,1,0
USR-17260,Control,0,0.0,19.2,0,1,0
USR-17261,Control,0,0.0,12.3,0,1,0
USR-17262,Treatment,0,0.0,8.2,0,1,0
USR-17263,Control,0,0.0,11.2,0,1,0
USR-17264,Treatment,0,0.0,154.1,0,0,0
USR-17265,Control,0,0.0,23.5,0,1,0
USR-17266,Control,0,0.0,14.0,0,1,0
USR-17267,Control,0,0.0,144.3,0,0,0
USR-17268,Control,1,24.05,196.7,1,0,0
USR-17269,Control,0,0.0,105.6,0,0,0
USR-17270,Control,0,0.0,134.0,0,0,0
USR-17271,Treatment,0,0.0,67.6,0,0,0
USR-17272,Treatment,0,0.0,100.1,0,0,0
USR-17273,Control,0,0.0,12.7,0,1,0
USR-17274,Control,0,0.0,12.5,0,1,0
USR-17275,Treatment,0,0.0,160.0,0,0,0
USR-17276,Control,0,0.0,88.6,0,0,0
USR-17277,Control,0,0.0,17.5,0,1,0
USR-17278,Treatment,1,113.83,149.6,2,0,0
USR-17279,Treatment,0,0.0,88.5,0,0,0
USR-17280,Treatment,0,0.0,82.9,0,0,0
USR-17281,Control,0,0.0,92.0,0,0,0
USR-17282,Control,0,0.0,23.6,0,1,0
USR-17283,Treatment,0,0.0,20.0,0,1,0
USR-17284,Control,0,0.0,20.7,0,1,0
USR-17285,Treatment,0,0.0,147.4,0,0,0
USR-17286,Treatment,0,0.0,11.7,0,1,0
USR-17287,Control,0,0.0,9.7,0,1,0
USR-17288,Treatment,0,0.0,119.7,0,0,0
USR-17289,Treatment,0,0.0,89.3,0,0,0
USR-17290,Treatment,0,0.0,117.5,0,0,0
USR-17291,Control,0,0.0,21.9,0,1,0
USR-17292,Control,0,0.0,112.6,0,0,0
USR-17293,Control,0,0.0,8.1,0,1,0
USR-17294,Control,0,0.0,19.1,0,1,0
USR-17295,Treatment,0,0.0,68.3,0,0,0
USR-17296,Control,0,0.0,88.2,0,0,0
USR-17297,Control,0,0.0,50.2,0,0,0
USR-17298,Control,0,0.0,19.6,0,1,0
USR-17299,Treatment,0,0.0,149.0,0,0,0
USR-17300,Control,1,36.15,324.5,2,0,0
USR-17301,Control,0,0.0,114.2,0,0,0
USR-17302,Control,1,119.82,234.5,2,0,0
USR-17303,Treatment,0,0.0,9.2,0,1,0
USR-17304,Control,0,0.0,119.7,0,0,0
USR-17305,Treatment,0,0.0,115.3,0,0,0
USR-17306,Treatment,0,0.0,138.1,0,0,0
USR-17307,Control,0,0.0,15.0,0,1,0
USR-17308,Treatment,0,0.0,23.3,0,1,0
USR-17309,Control,0,0.0,109.6,0,0,0
USR-17310,Treatment,0,0.0,13.3,0,1,0
USR-17311,Treatment,0,0.0,11.4,0,1,0
USR-17312,Control,0,0.0,11.6,0,1,0
USR-17313,Control,0,0.0,73.3,0,0,0
USR-17314,Control,0,0.0,110.1,0,0,0
USR-17315,Treatment,0,0.0,129.0,0,0,0
USR-17316,Control,0,0.0,21.2,0,1,0
USR-17317,Treatment,0,0.0,155.2,0,0,0
USR-17318,Control,0,0.0,123.0,0,0,0
USR-17319,Treatment,0,0.0,16.9,0,1,0
USR-17320,Control,0,0.0,16.0,0,1,0
USR-17321,Treatment,0,0.0,6.7,0,1,0
USR-17322,Control,0,0.0,106.5,0,0,0
USR-17323,Treatment,0,0.0,8.0,0,1,0
USR-17324,Control,0,0.0,117.6,0,0,0
USR-17325,Control,0,0.0,13.3,0,1,0
USR-17326,Control,1,25.4,151.8,1,0,0
USR-17327,Treatment,0,0.0,111.6,0,0,0
USR-17328,Control,0,0.0,128.1,0,0,0
USR-17329,Treatment,0,0.0,107.6,0,0,0
USR-17330,Control,0,0.0,102.2,0,0,0
USR-17331,Treatment,0,0.0,5.0,0,1,0
USR-17332,Treatment,0,0.0,24.3,0,1,0
USR-17333,Treatment,0,0.0,8.4,0,1,0
USR-17334,Control,0,0.0,106.8,0,0,0
USR-17335,Control,0,0.0,48.5,0,0,0
USR-17336,Control,0,0.0,155.2,0,0,0
USR-17337,Control,0,0.0,166.7,0,0,0
USR-17338,Treatment,0,0.0,106.3,0,0,0
USR-17339,Treatment,0,0.0,166.4,0,0,0
USR-17340,Treatment,0,0.0,8.3,0,1,0
USR-17341,Control,0,0.0,9.6,0,1,0
USR-17342,Treatment,0,0.0,118.6,0,0,0
USR-17343,Control,0,0.0,91.8,0,0,0
USR-17344,Treatment,0,0.0,14.4,0,1,0
USR-17345,Control,1,68.78,299.0,1,0,0
USR-17346,Control,0,0.0,135.2,0,0,0
USR-17347,Control,0,0.0,105.5,0,0,0
USR-17348,Treatment,0,0.0,104.3,0,0,0
USR-17349,Treatment,0,0.0,147.1,0,0,0
USR-17350,Control,0,0.0,10.5,0,1,0
USR-17351,Control,0,0.0,82.4,0,0,0
USR-17352,Control,0,0.0,16.2,0,1,0
USR-17353,Treatment,0,0.0,13.2,0,1,0
USR-17354,Control,0,0.0,14.1,0,1,0
USR-17355,Treatment,0,0.0,139.1,0,0,0
USR-17356,Treatment,0,0.0,129.4,0,0,0
USR-17357,Treatment,0,0.0,162.0,0,0,0
USR-17358,Control,0,0.0,65.8,0,0,0
USR-17359,Treatment,0,0.0,89.0,0,0,0
USR-17360,Treatment,0,0.0,70.0,0,0,0
USR-17361,Control,1,31.16,191.9,1,0,0
USR-17362,Treatment,0,0.0,129.1,0,0,0
USR-17363,Treatment,0,0.0,102.4,0,0,0
USR-17364,Control,0,0.0,85.4,0,0,0
USR-17365,Control,0,0.0,80.2,0,0,0
USR-17366,Control,0,0.0,134.6,0,0,0
USR-17367,Treatment,0,0.0,115.9,0,0,0
USR-17368,Control,0,0.0,8.5,0,1,0
USR-17369,Treatment,0,0.0,81.5,0,0,0
USR-17370,Treatment,1,23.22,256.6,1,0,0
USR-17371,Treatment,0,0.0,149.4,0,0,0
USR-17372,Control,0,0.0,7.4,0,1,0
USR-17373,Treatment,0,0.0,21.5,0,1,0
USR-17374,Control,0,0.0,18.6,0,1,0
USR-17375,Control,0,0.0,15.2,0,1,0
USR-17376,Treatment,0,0.0,123.6,0,0,0
USR-17377,Control,0,0.0,10.9,0,1,0
USR-17378,Treatment,0,0.0,21.5,0,1,0
USR-17379,Control,0,0.0,93.3,0,0,0
USR-17380,Control,0,0.0,117.0,0,0,0
USR-17381,Control,0,0.0,154.0,0,0,0
USR-17382,Treatment,0,0.0,147.9,0,0,0
USR-17383,Treatment,0,0.0,179.6,0,0,0
USR-17384,Treatment,0,0.0,19.3,0,1,0
USR-17385,Control,0,0.0,94.2,0,0,0
USR-17386,Control,0,0.0,24.7,0,1,0
USR-17387,Treatment,0,0.0,6.7,0,1,0
USR-17388,Control,0,0.0,171.5,0,0,0
USR-17389,Control,0,0.0,16.0,0,1,0
USR-17390,Treatment,0,0.0,85.9,0,0,0
USR-17391,Control,0,0.0,160.8,0,0,0
USR-17392,Treatment,0,0.0,116.1,0,0,0
USR-17393,Treatment,0,0.0,112.2,0,0,0
USR-17394,Control,0,0.0,5.1,0,1,0
USR-17395,Control,0,0.0,19.9,0,1,0
USR-17396,Control,0,0.0,62.5,0,0,0
USR-17397,Treatment,0,0.0,99.1,0,0,0
USR-17398,Treatment,0,0.0,13.3,0,1,0
USR-17399,Control,0,0.0,104.0,0,0,0
USR-17400,Control,0,0.0,10.3,0,1,0
USR-17401,Treatment,0,0.0,81.2,0,0,0
USR-17402,Treatment,0,0.0,122.5,0,0,0
USR-17403,Control,0,0.0,9.1,0,1,0
USR-17404,Control,0,0.0,76.7,0,0,0
USR-17405,Control,0,0.0,90.0,0,0,0
USR-17406,Treatment,0,0.0,18.8,0,1,0
USR-17407,Treatment,0,0.0,69.1,0,0,0
USR-17408,Control,0,0.0,21.3,0,1,0
USR-17409,Treatment,0,0.0,107.5,0,0,0
USR-17410,Control,0,0.0,103.8,0,0,0
USR-17411,Control,0,0.0,98.3,0,0,0
USR-17412,Control,0,0.0,7.8,0,1,0
USR-17413,Treatment,0,0.0,16.4,0,1,0
USR-17414,Control,0,0.0,11.6,0,1,0
USR-17415,Treatment,0,0.0,133.4,0,0,0
USR-17416,Control,0,0.0,53.3,0,0,0
USR-17417,Control,0,0.0,79.6,0,0,0
USR-17418,Control,0,0.0,149.5,0,0,0
USR-17419,Treatment,0,0.0,5.4,0,1,0
USR-17420,Control,0,0.0,22.8,0,1,0
USR-17421,Treatment,0,0.0,105.3,0,0,0
USR-17422,Control,0,0.0,118.4,0,0,0
USR-17423,Control,0,0.0,148.7,0,0,0
USR-17424,Control,0,0.0,22.6,0,1,0
USR-17425,Control,0,0.0,173.2,0,0,0
USR-17426,Control,0,0.0,22.5,0,1,0
USR-17427,Control,0,0.0,145.0,0,0,0
USR-17428,Treatment,0,0.0,6.6,0,1,0
USR-17429,Treatment,0,0.0,15.1,0,1,0
USR-17430,Control,0,0.0,22.9,0,1,0
USR-17431,Control,0,0.0,10.6,0,1,0
USR-17432,Control,0,0.0,17.3,0,1,0
USR-17433,Control,0,0.0,144.5,0,0,0
USR-17434,Control,0,0.0,99.5,0,0,0
USR-17435,Treatment,0,0.0,8.0,0,1,0
USR-17436,Control,0,0.0,18.5,0,1,0
USR-17437,Control,0,0.0,113.5,0,0,0
USR-17438,Control,0,0.0,108.1,0,0,0
USR-17439,Control,0,0.0,73.5,0,0,0
USR-17440,Treatment,0,0.0,156.8,0,0,0
USR-17441,Control,0,0.0,99.3,0,0,0
USR-17442,Control,0,0.0,155.3,0,0,0
USR-17443,Treatment,0,0.0,22.1,0,1,0
USR-17444,Control,0,0.0,11.7,0,1,0
USR-17445,Treatment,0,0.0,169.3,0,0,0
USR-17446,Treatment,0,0.0,72.2,0,0,0
USR-17447,Control,0,0.0,178.4,0,0,0
USR-17448,Treatment,0,0.0,19.6,0,1,0
USR-17449,Control,0,0.0,12.0,0,1,0
USR-17450,Treatment,0,0.0,8.7,0,1,0
USR-17451,Control,0,0.0,8.7,0,1,0
USR-17452,Control,0,0.0,117.2,0,0,0
USR-17453,Treatment,0,0.0,16.8,0,1,0
USR-17454,Treatment,0,0.0,6.3,0,1,0
USR-17455,Treatment,0,0.0,18.8,0,1,0
USR-17456,Treatment,0,0.0,90.4,0,0,0
USR-17457,Control,0,0.0,72.7,0,0,0
USR-17458,Control,0,0.0,80.5,0,0,0
USR-17459,Control,0,0.0,22.3,0,1,0
USR-17460,Control,0,0.0,20.3,0,1,0
USR-17461,Control,0,0.0,72.7,0,0,0
USR-17462,Treatment,0,0.0,16.6,0,1,0
USR-17463,Control,0,0.0,81.8,0,0,0
USR-17464,Control,0,0.0,17.6,0,1,0
USR-17465,Control,0,0.0,87.3,0,0,0
USR-17466,Treatment,0,0.0,6.4,0,1,0
USR-17467,Treatment,0,0.0,7.3,0,1,0
USR-17468,Treatment,0,0.0,94.3,0,0,0
USR-17469,Control,0,0.0,99.8,0,0,0
USR-17470,Treatment,0,0.0,19.1,0,1,0
USR-17471,Control,0,0.0,22.6,0,1,0
USR-17472,Treatment,1,39.47,274.8,1,0,0
USR-17473,Treatment,0,0.0,7.7,0,1,0
USR-17474,Control,0,0.0,124.2,0,0,0
USR-17475,Control,0,0.0,16.9,0,1,0
USR-17476,Treatment,0,0.0,96.8,0,0,0
USR-17477,Control,0,0.0,164.9,0,0,0
USR-17478,Treatment,0,0.0,106.2,0,0,0
USR-17479,Control,0,0.0,14.9,0,1,0
USR-17480,Control,0,0.0,49.1,0,0,0
USR-17481,Control,0,0.0,117.2,0,0,0
USR-17482,Control,0,0.0,126.4,0,0,0
USR-17483,Control,0,0.0,113.2,0,0,0
USR-17484,Control,0,0.0,9.3,0,1,0
USR-17485,Treatment,0,0.0,148.9,0,0,0
USR-17486,Control,0,0.0,126.9,0,0,0
USR-17487,Treatment,0,0.0,90.4,0,0,0
USR-17488,Treatment,0,0.0,10.4,0,1,0
USR-17489,Treatment,0,0.0,16.6,0,1,0
USR-17490,Control,0,0.0,69.1,0,0,0
USR-17491,Control,0,0.0,87.0,0,0,0
USR-17492,Control,0,0.0,17.0,0,1,0
USR-17493,Treatment,0,0.0,116.7,0,0,0
USR-17494,Treatment,0,0.0,15.1,0,1,0
USR-17495,Control,0,0.0,88.9,0,0,0
USR-17496,Control,0,0.0,74.2,0,0,0
USR-17497,Treatment,0,0.0,115.5,0,0,0
USR-17498,Control,0,0.0,100.4,0,0,0
USR-17499,Treatment,0,0.0,112.0,0,0,0
USR-17500,Treatment,0,0.0,21.9,0,1,0
USR-17501,Treatment,0,0.0,150.0,0,0,0
USR-17502,Control,1,56.34,310.4,1,0,0
USR-17503,Control,0,0.0,10.8,0,1,0
USR-17504,Treatment,0,0.0,97.7,0,0,0
USR-17505,Treatment,0,0.0,19.8,0,1,0
USR-17506,Control,0,0.0,167.2,0,0,0
USR-17507,Control,0,0.0,100.5,0,0,0
USR-17508,Treatment,0,0.0,84.8,0,0,0
USR-17509,Treatment,0,0.0,7.2,0,1,0
USR-17510,Treatment,0,0.0,6.7,0,1,0
USR-17511,Treatment,0,0.0,176.2,0,0,0
USR-17512,Control,0,0.0,16.4,0,1,0
USR-17513,Control,0,0.0,116.8,0,0,0
USR-17514,Treatment,0,0.0,83.5,0,0,0
USR-17515,Treatment,0,0.0,186.9,0,0,0
USR-17516,Control,0,0.0,148.9,0,0,0
USR-17517,Control,0,0.0,14.0,0,1,0
USR-17518,Treatment,0,0.0,6.4,0,1,0
USR-17519,Control,0,0.0,145.4,0,0,0
USR-17520,Control,0,0.0,130.5,0,0,0
USR-17521,Treatment,0,0.0,93.1,0,0,0
USR-17522,Treatment,0,0.0,123.8,0,0,0
USR-17523,Treatment,0,0.0,71.3,0,0,0
USR-17524,Control,0,0.0,141.1,0,0,0
USR-17525,Treatment,0,0.0,86.1,0,0,0
USR-17526,Treatment,1,38.94,219.0,1,0,0
USR-17527,Treatment,0,0.0,11.8,0,1,0
USR-17528,Treatment,0,0.0,136.6,0,0,0
USR-17529,Control,0,0.0,132.1,0,0,0
USR-17530,Control,0,0.0,89.4,0,0,0
USR-17531,Control,0,0.0,5.7,0,1,0
USR-17532,Control,0,0.0,109.9,0,0,0
USR-17533,Treatment,0,0.0,62.8,0,0,0
USR-17534,Treatment,0,0.0,12.5,0,1,0
USR-17535,Treatment,0,0.0,24.7,0,1,0
USR-17536,Treatment,0,0.0,50.4,0,0,0
USR-17537,Control,0,0.0,19.7,0,1,0
USR-17538,Control,0,0.0,14.8,0,1,0
USR-17539,Control,0,0.0,84.8,0,0,0
USR-17540,Control,0,0.0,55.4,0,0,0
USR-17541,Control,0,0.0,23.0,0,1,0
USR-17542,Treatment,0,0.0,23.7,0,1,0
USR-17543,Treatment,0,0.0,125.1,0,0,0
USR-17544,Control,0,0.0,100.3,0,0,0
USR-17545,Control,0,0.0,18.2,0,1,0
USR-17546,Treatment,0,0.0,11.2,0,1,0
USR-17547,Control,0,0.0,82.7,0,0,0
USR-17548,Treatment,0,0.0,17.2,0,1,0
USR-17549,Treatment,0,0.0,91.9,0,0,0
USR-17550,Treatment,0,0.0,134.4,0,0,0
USR-17551,Control,0,0.0,152.1,0,0,0
USR-17552,Treatment,0,0.0,80.0,0,0,0
USR-17553,Control,0,0.0,23.7,0,1,0
USR-17554,Treatment,0,0.0,88.2,0,0,0
USR-17555,Control,0,0.0,113.6,0,0,0
USR-17556,Control,0,0.0,12.7,0,1,0
USR-17557,Treatment,0,0.0,22.5,0,1,0
USR-17558,Treatment,0,0.0,88.0,0,0,0
USR-17559,Treatment,0,0.0,21.3,0,1,0
USR-17560,Treatment,0,0.0,93.4,0,0,0
USR-17561,Treatment,0,0.0,17.0,0,1,0
USR-17562,Control,0,0.0,56.8,0,0,0
USR-17563,Treatment,0,0.0,141.8,0,0,0
USR-17564,Treatment,0,0.0,30.5,0,0,0
USR-17565,Treatment,0,0.0,113.6,0,0,0
USR-17566,Treatment,1,58.93,270.5,1,0,1
USR-17567,Control,0,0.0,8.2,0,1,0
USR-17568,Treatment,0,0.0,97.6,0,0,0
USR-17569,Control,0,0.0,17.4,0,1,0
USR-17570,Control,0,0.0,16.0,0,1,0
USR-17571,Treatment,0,0.0,10.7,0,1,0
USR-17572,Control,0,0.0,7.5,0,1,0
USR-17573,Treatment,0,0.0,9.7,0,1,0
USR-17574,Control,0,0.0,18.4,0,1,0
USR-17575,Control,0,0.0,12.9,0,1,0
USR-17576,Treatment,0,0.0,11.0,0,1,0
USR-17577,Treatment,1,247.91,304.7,2,0,0
USR-17578,Treatment,0,0.0,18.8,0,1,0
USR-17579,Treatment,0,0.0,79.2,0,0,0
USR-17580,Treatment,0,0.0,136.8,0,0,0
USR-17581,Control,0,0.0,153.0,0,0,0
USR-17582,Control,0,0.0,19.9,0,1,0
USR-17583,Control,0,0.0,79.5,0,0,0
USR-17584,Treatment,0,0.0,89.2,0,0,0
USR-17585,Treatment,0,0.0,24.3,0,1,0
USR-17586,Control,1,207.31,278.6,3,0,0
USR-17587,Treatment,0,0.0,13.9,0,1,0
USR-17588,Treatment,0,0.0,149.9,0,0,0
USR-17589,Control,0,0.0,130.2,0,0,0
USR-17590,Control,0,0.0,9.6,0,1,0
USR-17591,Treatment,0,0.0,8.6,0,1,0
USR-17592,Treatment,0,0.0,123.7,0,0,0
USR-17593,Treatment,0,0.0,78.9,0,0,0
USR-17594,Control,0,0.0,11.3,0,1,0
USR-17595,Treatment,0,0.0,74.9,0,0,0
USR-17596,Control,0,0.0,23.1,0,1,0
USR-17597,Control,0,0.0,37.8,0,0,0
USR-17598,Treatment,0,0.0,91.0,0,0,0
USR-17599,Control,0,0.0,13.3,0,1,0
USR-17600,Treatment,0,0.0,160.9,0,0,0
USR-17601,Control,0,0.0,13.7,0,1,0
USR-17602,Treatment,0,0.0,9.4,0,1,0
USR-17603,Treatment,0,0.0,137.5,0,0,0
USR-17604,Control,0,0.0,165.4,0,0,0
USR-17605,Treatment,0,0.0,124.3,0,0,0
USR-17606,Control,1,83.89,245.1,2,0,0
USR-17607,Treatment,0,0.0,91.7,0,0,0
USR-17608,Control,0,0.0,124.5,0,0,0
USR-17609,Control,0,0.0,13.8,0,1,0
USR-17610,Control,0,0.0,84.3,0,0,0
USR-17611,Control,0,0.0,127.8,0,0,0
USR-17612,Treatment,0,0.0,110.9,0,0,0
USR-17613,Control,0,0.0,72.4,0,0,0
USR-17614,Control,0,0.0,16.6,0,1,0
USR-17615,Control,0,0.0,20.5,0,1,0
USR-17616,Control,0,0.0,94.1,0,0,0
USR-17617,Treatment,0,0.0,9.9,0,1,0
USR-17618,Treatment,0,0.0,102.1,0,0,0
USR-17619,Control,0,0.0,17.3,0,1,0
USR-17620,Treatment,0,0.0,181.9,0,0,0
USR-17621,Treatment,0,0.0,141.2,0,0,0
USR-17622,Control,0,0.0,20.5,0,1,0
USR-17623,Treatment,0,0.0,24.2,0,1,0
USR-17624,Treatment,0,0.0,17.1,0,1,0
USR-17625,Treatment,0,0.0,76.1,0,0,0
USR-17626,Treatment,0,0.0,140.5,0,0,0
USR-17627,Control,0,0.0,128.3,0,0,0
USR-17628,Treatment,0,0.0,68.1,0,0,0
USR-17629,Treatment,0,0.0,82.4,0,0,0
USR-17630,Control,1,34.27,222.0,1,0,0
USR-17631,Treatment,0,0.0,124.0,0,0,0
USR-17632,Control,0,0.0,81.0,0,0,0
USR-17633,Treatment,0,0.0,15.8,0,1,0
USR-17634,Treatment,0,0.0,141.1,0,0,0
USR-17635,Control,0,0.0,90.9,0,0,0
USR-17636,Control,0,0.0,122.1,0,0,0
USR-17637,Treatment,0,0.0,8.4,0,1,0
USR-17638,Control,0,0.0,11.2,0,1,0
USR-17639,Control,0,0.0,5.1,0,1,0
USR-17640,Control,0,0.0,126.0,0,0,0
USR-17641,Control,0,0.0,114.0,0,0,0
USR-17642,Control,0,0.0,107.0,0,0,0
USR-17643,Control,0,0.0,21.7,0,1,0
USR-17644,Control,0,0.0,9.6,0,1,0
USR-17645,Treatment,0,0.0,15.3,0,1,0
USR-17646,Treatment,0,0.0,131.1,0,0,0
USR-17647,Control,0,0.0,131.8,0,0,0
USR-17648,Control,0,0.0,9.6,0,1,0
USR-17649,Treatment,0,0.0,23.3,0,1,0
USR-17650,Control,0,0.0,87.9,0,0,0
USR-17651,Control,0,0.0,22.7,0,1,0
USR-17652,Control,0,0.0,76.1,0,0,0
USR-17653,Treatment,0,0.0,9.4,0,1,0
USR-17654,Treatment,0,0.0,19.8,0,1,0
USR-17655,Treatment,0,0.0,96.5,0,0,0
USR-17656,Treatment,0,0.0,10.3,0,1,0
USR-17657,Treatment,0,0.0,144.1,0,0,0
USR-17658,Control,0,0.0,152.1,0,0,0
USR-17659,Treatment,0,0.0,21.3,0,1,0
USR-17660,Control,0,0.0,159.9,0,0,0
USR-17661,Treatment,0,0.0,125.1,0,0,0
USR-17662,Treatment,0,0.0,13.5,0,1,0
USR-17663,Treatment,0,0.0,6.7,0,1,0
USR-17664,Control,0,0.0,85.2,0,0,0
USR-17665,Control,1,90.66,240.4,1,0,0
USR-17666,Treatment,0,0.0,65.0,0,0,0
USR-17667,Treatment,0,0.0,17.4,0,1,0
USR-17668,Treatment,0,0.0,73.4,0,0,0
USR-17669,Control,0,0.0,99.7,0,0,0
USR-17670,Treatment,0,0.0,8.3,0,1,0
USR-17671,Treatment,0,0.0,17.3,0,1,0
USR-17672,Treatment,0,0.0,18.2,0,1,0
USR-17673,Treatment,0,0.0,116.2,0,0,0
USR-17674,Treatment,0,0.0,15.2,0,1,0
USR-17675,Treatment,0,0.0,5.3,0,1,0
USR-17676,Treatment,0,0.0,116.7,0,0,0
USR-17677,Treatment,0,0.0,109.8,0,0,0
USR-17678,Control,0,0.0,112.8,0,0,0
USR-17679,Control,0,0.0,116.6,0,0,0
USR-17680,Treatment,0,0.0,153.6,0,0,0
USR-17681,Treatment,0,0.0,168.4,0,0,0
USR-17682,Treatment,0,0.0,139.1,0,0,0
USR-17683,Control,0,0.0,113.5,0,0,0
USR-17684,Control,0,0.0,122.4,0,0,0
USR-17685,Treatment,0,0.0,140.1,0,0,0
USR-17686,Treatment,0,0.0,101.9,0,0,0
USR-17687,Control,0,0.0,116.6,0,0,0
USR-17688,Control,0,0.0,8.9,0,1,0
USR-17689,Treatment,0,0.0,115.7,0,0,0
USR-17690,Control,0,0.0,156.4,0,0,0
USR-17691,Treatment,0,0.0,18.3,0,1,0
USR-17692,Control,0,0.0,73.4,0,0,0
USR-17693,Treatment,0,0.0,89.2,0,0,0
USR-17694,Treatment,0,0.0,97.9,0,0,0
USR-17695,Treatment,0,0.0,12.1,0,1,0
USR-17696,Control,0,0.0,71.9,0,0,0
USR-17697,Treatment,0,0.0,20.8,0,1,0
USR-17698,Control,0,0.0,127.5,0,0,0
USR-17699,Control,0,0.0,74.5,0,0,0
USR-17700,Treatment,0,0.0,5.9,0,1,0
USR-17701,Treatment,1,42.05,244.3,1,0,0
USR-17702,Treatment,0,0.0,77.8,0,0,0
USR-17703,Control,0,0.0,22.0,0,1,0
USR-17704,Control,0,0.0,123.2,0,0,0
USR-17705,Control,0,0.0,7.3,0,1,0
USR-17706,Treatment,0,0.0,13.8,0,1,0
USR-17707,Treatment,0,0.0,123.9,0,0,0
USR-17708,Treatment,0,0.0,12.7,0,1,0
USR-17709,Treatment,0,0.0,15.3,0,1,0
USR-17710,Control,0,0.0,12.7,0,1,0
USR-17711,Control,0,0.0,9.7,0,1,0
USR-17712,Control,0,0.0,13.5,0,1,0
USR-17713,Control,0,0.0,133.2,0,0,0
USR-17714,Control,0,0.0,23.9,0,1,0
USR-17715,Treatment,0,0.0,5.6,0,1,0
USR-17716,Control,0,0.0,125.7,0,0,0
USR-17717,Treatment,0,0.0,5.8,0,1,0
USR-17718,Control,0,0.0,93.6,0,0,0
USR-17719,Treatment,0,0.0,105.2,0,0,0
USR-17720,Treatment,0,0.0,10.8,0,1,0
USR-17721,Treatment,0,0.0,40.8,0,0,0
USR-17722,Control,0,0.0,10.3,0,1,0
USR-17723,Treatment,0,0.0,176.2,0,0,0
USR-17724,Treatment,0,0.0,17.3,0,1,0
USR-17725,Control,0,0.0,140.0,0,0,0
USR-17726,Control,0,0.0,12.6,0,1,0
USR-17727,Control,0,0.0,136.1,0,0,0
USR-17728,Treatment,0,0.0,108.9,0,0,0
USR-17729,Treatment,1,62.94,267.7,1,0,0
USR-17730,Treatment,0,0.0,18.0,0,1,0
USR-17731,Control,0,0.0,24.6,0,1,0
USR-17732,Control,0,0.0,163.0,0,0,0
USR-17733,Treatment,0,0.0,16.7,0,1,0
USR-17734,Control,0,0.0,130.4,0,0,0
USR-17735,Treatment,0,0.0,16.7,0,1,0
USR-17736,Treatment,0,0.0,110.7,0,0,0
USR-17737,Control,1,33.65,240.9,2,0,0
USR-17738,Treatment,0,0.0,13.4,0,1,0
USR-17739,Control,0,0.0,145.6,0,0,0
USR-17740,Treatment,0,0.0,97.1,0,0,0
USR-17741,Control,0,0.0,18.2,0,1,0
USR-17742,Treatment,0,0.0,138.1,0,0,0
USR-17743,Control,0,0.0,20.1,0,1,0
USR-17744,Control,0,0.0,7.2,0,1,0
USR-17745,Treatment,0,0.0,7.7,0,1,0
USR-17746,Control,0,0.0,6.5,0,1,0
USR-17747,Treatment,0,0.0,111.1,0,0,0
USR-17748,Control,0,0.0,131.2,0,0,0
USR-17749,Treatment,0,0.0,94.9,0,0,0
USR-17750,Control,0,0.0,6.3,0,1,0
USR-17751,Treatment,0,0.0,102.1,0,0,0
USR-17752,Control,0,0.0,16.8,0,1,0
USR-17753,Control,0,0.0,115.8,0,0,0
USR-17754,Control,0,0.0,149.5,0,0,0
USR-17755,Treatment,0,0.0,149.5,0,0,0
USR-17756,Control,0,0.0,103.6,0,0,0
USR-17757,Treatment,0,0.0,16.8,0,1,0
USR-17758,Treatment,0,0.0,107.9,0,0,0
USR-17759,Control,0,0.0,132.3,0,0,0
USR-17760,Treatment,0,0.0,78.7,0,0,0
USR-17761,Control,0,0.0,144.5,0,0,0
USR-17762,Control,0,0.0,129.0,0,0,0
USR-17763,Treatment,0,0.0,94.0,0,0,0
USR-17764,Treatment,1,40.81,279.4,1,0,0
USR-17765,Treatment,0,0.0,69.7,0,0,0
USR-17766,Control,0,0.0,125.1,0,0,0
USR-17767,Control,0,0.0,21.0,0,1,0
USR-17768,Control,0,0.0,125.8,0,0,0
USR-17769,Treatment,0,0.0,20.7,0,1,0
USR-17770,Treatment,0,0.0,110.0,0,0,0
USR-17771,Treatment,0,0.0,133.1,0,0,0
USR-17772,Control,0,0.0,108.5,0,0,0
USR-17773,Control,0,0.0,8.9,0,1,0
USR-17774,Control,0,0.0,21.2,0,1,0
USR-17775,Control,0,0.0,14.2,0,1,0
USR-17776,Control,0,0.0,103.2,0,0,0
USR-17777,Treatment,0,0.0,89.7,0,0,0
USR-17778,Treatment,0,0.0,156.7,0,0,0
USR-17779,Treatment,0,0.0,6.8,0,1,0
USR-17780,Control,0,0.0,24.0,0,1,0
USR-17781,Control,0,0.0,81.9,0,0,0
USR-17782,Treatment,0,0.0,152.6,0,0,0
USR-17783,Control,0,0.0,110.2,0,0,0
USR-17784,Treatment,0,0.0,82.7,0,0,0
USR-17785,Control,0,0.0,85.6,0,0,0
USR-17786,Control,0,0.0,15.2,0,1,0
USR-17787,Treatment,0,0.0,154.2,0,0,0
USR-17788,Control,0,0.0,95.8,0,0,0
USR-17789,Treatment,0,0.0,88.2,0,0,0
USR-17790,Treatment,0,0.0,89.1,0,0,0
USR-17791,Control,0,0.0,166.6,0,0,0
USR-17792,Control,0,0.0,17.5,0,1,0
USR-17793,Treatment,0,0.0,112.5,0,0,0
USR-17794,Treatment,0,0.0,109.9,0,0,0
USR-17795,Control,0,0.0,99.1,0,0,0
USR-17796,Treatment,0,0.0,14.5,0,1,0
USR-17797,Control,0,0.0,105.7,0,0,0
USR-17798,Control,0,0.0,11.7,0,1,0
USR-17799,Control,0,0.0,110.2,0,0,0
USR-17800,Control,0,0.0,82.8,0,0,0
USR-17801,Control,0,0.0,13.9,0,1,0
USR-17802,Treatment,0,0.0,19.9,0,1,0
USR-17803,Control,0,0.0,64.4,0,0,0
USR-17804,Control,0,0.0,116.1,0,0,0
USR-17805,Control,0,0.0,19.8,0,1,0
USR-17806,Treatment,0,0.0,155.8,0,0,0
USR-17807,Treatment,0,0.0,88.0,0,0,0
USR-17808,Control,0,0.0,16.4,0,1,0
USR-17809,Control,0,0.0,51.6,0,0,0
USR-17810,Control,0,0.0,20.4,0,1,0
USR-17811,Control,1,49.2,172.2,1,0,0
USR-17812,Control,0,0.0,79.9,0,0,0
USR-17813,Control,1,29.81,267.8,1,0,0
USR-17814,Control,0,0.0,10.5,0,1,0
USR-17815,Treatment,1,66.47,276.1,1,0,0
USR-17816,Control,0,0.0,100.8,0,0,0
USR-17817,Treatment,0,0.0,104.5,0,0,0
USR-17818,Treatment,0,0.0,112.3,0,0,0
USR-17819,Treatment,0,0.0,142.0,0,0,0
USR-17820,Control,0,0.0,14.3,0,1,0
USR-17821,Control,0,0.0,16.0,0,1,0
USR-17822,Control,0,0.0,16.2,0,1,0
USR-17823,Treatment,0,0.0,10.7,0,1,0
USR-17824,Control,0,0.0,127.7,0,0,0
USR-17825,Treatment,0,0.0,13.6,0,1,0
USR-17826,Treatment,0,0.0,11.8,0,1,0
USR-17827,Control,0,0.0,19.3,0,1,0
USR-17828,Treatment,0,0.0,72.3,0,0,0
USR-17829,Control,0,0.0,7.5,0,1,0
USR-17830,Control,1,36.84,285.3,2,0,0
USR-17831,Control,0,0.0,137.3,0,0,0
USR-17832,Control,0,0.0,103.2,0,0,0
USR-17833,Treatment,0,0.0,118.4,0,0,0
USR-17834,Control,0,0.0,98.6,0,0,0
USR-17835,Control,0,0.0,15.7,0,1,0
USR-17836,Treatment,0,0.0,109.5,0,0,0
USR-17837,Treatment,0,0.0,147.0,0,0,0
USR-17838,Control,0,0.0,10.6,0,1,0
USR-17839,Treatment,0,0.0,129.5,0,0,0
USR-17840,Treatment,0,0.0,22.0,0,1,0
USR-17841,Control,0,0.0,66.8,0,0,0
USR-17842,Control,0,0.0,120.1,0,0,0
USR-17843,Control,0,0.0,122.4,0,0,0
USR-17844,Treatment,0,0.0,139.3,0,0,0
USR-17845,Treatment,0,0.0,112.1,0,0,0
USR-17846,Treatment,0,0.0,150.2,0,0,0
USR-17847,Control,0,0.0,105.4,0,0,0
USR-17848,Control,0,0.0,118.6,0,0,0
USR-17849,Control,0,0.0,16.8,0,1,0
USR-17850,Control,0,0.0,103.7,0,0,0
USR-17851,Treatment,0,0.0,130.9,0,0,0
USR-17852,Treatment,0,0.0,95.4,0,0,0
USR-17853,Control,0,0.0,103.4,0,0,0
USR-17854,Control,0,0.0,19.7,0,1,0
USR-17855,Control,1,26.67,182.2,1,0,0
USR-17856,Control,0,0.0,23.9,0,1,0
USR-17857,Control,0,0.0,12.5,0,1,0
USR-17858,Control,1,120.51,209.4,2,0,0
USR-17859,Control,0,0.0,7.8,0,1,0
USR-17860,Control,0,0.0,24.5,0,1,0
USR-17861,Control,0,0.0,11.8,0,1,0
USR-17862,Control,0,0.0,131.2,0,0,0
USR-17863,Treatment,0,0.0,120.0,0,0,0
USR-17864,Control,0,0.0,159.5,0,0,0
USR-17865,Treatment,0,0.0,110.8,0,0,0
USR-17866,Control,0,0.0,24.6,0,1,0
USR-17867,Control,0,0.0,69.1,0,0,0
USR-17868,Control,0,0.0,126.8,0,0,0
USR-17869,Control,0,0.0,119.7,0,0,0
USR-17870,Treatment,0,0.0,117.3,0,0,0
USR-17871,Control,0,0.0,21.5,0,1,0
USR-17872,Treatment,0,0.0,87.6,0,0,0
USR-17873,Treatment,0,0.0,119.7,0,0,0
USR-17874,Treatment,0,0.0,138.5,0,0,0
USR-17875,Treatment,0,0.0,21.7,0,1,0
USR-17876,Treatment,0,0.0,115.0,0,0,0
USR-17877,Control,0,0.0,16.0,0,1,0
USR-17878,Treatment,0,0.0,19.7,0,1,0
USR-17879,Control,0,0.0,9.9,0,1,0
USR-17880,Control,0,0.0,78.2,0,0,0
USR-17881,Control,0,0.0,133.4,0,0,0
USR-17882,Treatment,0,0.0,103.1,0,0,0
USR-17883,Treatment,0,0.0,24.6,0,1,0
USR-17884,Control,0,0.0,5.1,0,1,0
USR-17885,Treatment,0,0.0,102.4,0,0,0
USR-17886,Control,1,28.4,223.9,1,0,0
USR-17887,Control,0,0.0,5.6,0,1,0
USR-17888,Control,0,0.0,22.8,0,1,0
USR-17889,Control,0,0.0,108.6,0,0,0
USR-17890,Control,0,0.0,115.1,0,0,0
USR-17891,Treatment,0,0.0,118.9,0,0,0
USR-17892,Treatment,0,0.0,11.8,0,1,0
USR-17893,Control,0,0.0,151.0,0,0,0
USR-17894,Control,0,0.0,14.4,0,1,0
USR-17895,Treatment,0,0.0,23.1,0,1,0
USR-17896,Treatment,1,25.88,227.2,1,0,0
USR-17897,Control,0,0.0,132.6,0,0,0
USR-17898,Control,1,48.75,280.7,1,0,0
USR-17899,Treatment,0,0.0,13.9,0,1,0
USR-17900,Treatment,0,0.0,100.3,0,0,0
USR-17901,Control,0,0.0,117.5,0,0,0
USR-17902,Control,0,0.0,17.5,0,1,0
USR-17903,Treatment,0,0.0,120.1,0,0,0
USR-17904,Control,0,0.0,83.4,0,0,0
USR-17905,Treatment,0,0.0,99.0,0,0,0
USR-17906,Control,1,47.64,189.8,1,0,1
USR-17907,Treatment,0,0.0,119.7,0,0,0
USR-17908,Control,0,0.0,169.0,0,0,0
USR-17909,Control,0,0.0,15.3,0,1,0
USR-17910,Treatment,0,0.0,117.4,0,0,0
USR-17911,Control,0,0.0,73.4,0,0,0
USR-17912,Treatment,0,0.0,22.8,0,1,0
USR-17913,Control,0,0.0,12.3,0,1,0
USR-17914,Control,0,0.0,19.6,0,1,0
USR-17915,Control,0,0.0,116.2,0,0,0
USR-17916,Treatment,0,0.0,7.3,0,1,0
USR-17917,Control,0,0.0,12.2,0,1,0
USR-17918,Control,0,0.0,9.4,0,1,0
USR-17919,Control,0,0.0,129.8,0,0,0
USR-17920,Treatment,0,0.0,59.9,0,0,0
USR-17921,Treatment,0,0.0,76.6,0,0,0
USR-17922,Control,0,0.0,131.2,0,0,0
USR-17923,Control,0,0.0,138.6,0,0,0
USR-17924,Treatment,0,0.0,125.7,0,0,0
USR-17925,Control,0,0.0,7.9,0,1,0
USR-17926,Treatment,0,0.0,111.7,0,0,0
USR-17927,Treatment,1,16.04,220.7,1,0,0
USR-17928,Treatment,0,0.0,114.7,0,0,0
USR-17929,Control,0,0.0,113.0,0,0,0
USR-17930,Treatment,0,0.0,130.7,0,0,0
USR-17931,Treatment,0,0.0,17.9,0,1,0
USR-17932,Treatment,0,0.0,94.6,0,0,0
USR-17933,Control,0,0.0,17.8,0,1,0
USR-17934,Control,0,0.0,11.4,0,1,0
USR-17935,Control,0,0.0,19.9,0,1,0
USR-17936,Treatment,0,0.0,6.8,0,1,0
USR-17937,Treatment,0,0.0,8.6,0,1,0
USR-17938,Control,0,0.0,11.1,0,1,0
USR-17939,Control,0,0.0,131.6,0,0,0
USR-17940,Control,0,0.0,112.4,0,0,0
USR-17941,Treatment,0,0.0,190.8,0,0,0
USR-17942,Treatment,0,0.0,126.4,0,0,0
USR-17943,Control,0,0.0,134.9,0,0,0
USR-17944,Control,0,0.0,90.5,0,0,0
USR-17945,Control,0,0.0,63.8,0,0,0
USR-17946,Treatment,0,0.0,117.8,0,0,0
USR-17947,Treatment,0,0.0,22.3,0,1,0
USR-17948,Treatment,0,0.0,8.2,0,1,0
USR-17949,Control,0,0.0,5.8,0,1,0
USR-17950,Treatment,0,0.0,99.0,0,0,0
USR-17951,Control,1,25.33,277.3,1,0,0
USR-17952,Treatment,0,0.0,16.1,0,1,0
USR-17953,Control,0,0.0,62.7,0,0,0
USR-17954,Treatment,0,0.0,21.2,0,1,0
USR-17955,Treatment,0,0.0,21.4,0,1,0
USR-17956,Treatment,0,0.0,10.6,0,1,0
USR-17957,Treatment,0,0.0,150.7,0,0,0
USR-17958,Control,0,0.0,106.1,0,0,0
USR-17959,Control,0,0.0,90.2,0,0,0
USR-17960,Treatment,0,0.0,78.7,0,0,0
USR-17961,Control,1,37.52,270.0,1,0,0
USR-17962,Control,0,0.0,63.3,0,0,0
USR-17963,Control,0,0.0,12.7,0,1,0
USR-17964,Treatment,1,51.0,261.1,2,0,0
USR-17965,Control,0,0.0,17.5,0,1,0
USR-17966,Control,0,0.0,67.9,0,0,0
USR-17967,Control,0,0.0,22.4,0,1,0
USR-17968,Control,0,0.0,158.0,0,0,0
USR-17969,Treatment,0,0.0,122.3,0,0,0
USR-17970,Treatment,0,0.0,154.4,0,0,0
USR-17971,Treatment,0,0.0,74.8,0,0,0
USR-17972,Control,0,0.0,16.0,0,1,0
USR-17973,Treatment,0,0.0,131.6,0,0,0
USR-17974,Treatment,0,0.0,107.7,0,0,0
USR-17975,Control,0,0.0,23.6,0,1,0
USR-17976,Treatment,0,0.0,17.2,0,1,0
USR-17977,Treatment,0,0.0,91.8,0,0,0
USR-17978,Treatment,0,0.0,9.2,0,1,0
USR-17979,Treatment,0,0.0,16.0,0,1,0
USR-17980,Control,0,0.0,22.1,0,1,0
USR-17981,Control,0,0.0,160.1,0,0,0
USR-17982,Treatment,0,0.0,10.7,0,1,0
USR-17983,Control,0,0.0,108.3,0,0,0
USR-17984,Control,0,0.0,130.0,0,0,0
USR-17985,Treatment,0,0.0,16.8,0,1,0
USR-17986,Treatment,0,0.0,148.0,0,0,0
USR-17987,Control,0,0.0,7.4,0,1,0
USR-17988,Treatment,0,0.0,99.4,0,0,0
USR-17989,Treatment,1,69.62,339.1,1,0,0
USR-17990,Treatment,0,0.0,8.7,0,1,0
USR-17991,Control,0,0.0,7.4,0,1,0
USR-17992,Control,0,0.0,98.4,0,0,0
USR-17993,Control,0,0.0,18.5,0,1,0
USR-17994,Control,0,0.0,101.5,0,0,0
USR-17995,Control,0,0.0,93.9,0,0,0
USR-17996,Control,0,0.0,24.1,0,1,0
USR-17997,Control,0,0.0,21.5,0,1,0
USR-17998,Treatment,0,0.0,103.0,0,0,0
USR-17999,Control,1,44.44,257.0,1,0,0
USR-18000,Treatment,0,0.0,10.1,0,1,0
USR-18001,Treatment,0,0.0,72.9,0,0,0
USR-18002,Control,0,0.0,88.3,0,0,0
USR-18003,Treatment,0,0.0,85.6,0,0,0
USR-18004,Treatment,0,0.0,11.3,0,1,0
USR-18005,Control,0,0.0,116.9,0,0,0
USR-18006,Treatment,0,0.0,157.2,0,0,0
USR-18007,Control,0,0.0,131.3,0,0,0
USR-18008,Treatment,0,0.0,8.9,0,1,0
USR-18009,Control,0,0.0,13.2,0,1,0
USR-18010,Treatment,0,0.0,135.7,0,0,0
USR-18011,Control,0,0.0,7.1,0,1,0
USR-18012,Treatment,0,0.0,105.9,0,0,0
USR-18013,Control,0,0.0,22.5,0,1,0
USR-18014,Treatment,0,0.0,16.9,0,1,0
USR-18015,Treatment,0,0.0,82.0,0,0,0
USR-18016,Control,0,0.0,7.6,0,1,0
USR-18017,Treatment,0,0.0,131.4,0,0,0
USR-18018,Control,0,0.0,52.3,0,0,0
USR-18019,Treatment,0,0.0,115.9,0,0,0
USR-18020,Control,1,65.89,287.1,1,0,0
USR-18021,Treatment,0,0.0,102.1,0,0,0
USR-18022,Treatment,0,0.0,173.4,0,0,0
USR-18023,Control,0,0.0,156.4,0,0,0
USR-18024,Control,0,0.0,86.9,0,0,0
USR-18025,Control,0,0.0,54.7,0,0,0
USR-18026,Treatment,0,0.0,81.9,0,0,0
USR-18027,Control,0,0.0,120.7,0,0,0
USR-18028,Treatment,0,0.0,113.7,0,0,0
USR-18029,Treatment,0,0.0,5.3,0,1,0
USR-18030,Control,0,0.0,5.5,0,1,0
USR-18031,Treatment,0,0.0,17.8,0,1,0
USR-18032,Control,0,0.0,16.1,0,1,0
USR-18033,Control,0,0.0,108.7,0,0,0
USR-18034,Treatment,0,0.0,20.0,0,1,0
USR-18035,Control,0,0.0,102.0,0,0,0
USR-18036,Control,0,0.0,146.4,0,0,0
USR-18037,Treatment,0,0.0,19.9,0,1,0
USR-18038,Control,0,0.0,128.2,0,0,0
USR-18039,Treatment,0,0.0,36.2,0,0,0
USR-18040,Treatment,0,0.0,66.4,0,0,0
USR-18041,Control,0,0.0,83.5,0,0,0
USR-18042,Control,0,0.0,21.4,0,1,0
USR-18043,Treatment,0,0.0,90.4,0,0,0
USR-18044,Control,0,0.0,10.9,0,1,0
USR-18045,Control,0,0.0,122.6,0,0,0
USR-18046,Treatment,0,0.0,109.2,0,0,0
USR-18047,Control,0,0.0,6.2,0,1,0
USR-18048,Treatment,0,0.0,14.4,0,1,0
USR-18049,Control,0,0.0,130.5,0,0,0
USR-18050,Control,0,0.0,119.3,0,0,0
USR-18051,Control,0,0.0,146.9,0,0,0
USR-18052,Treatment,1,49.98,274.8,2,0,0
USR-18053,Treatment,0,0.0,75.8,0,0,0
USR-18054,Treatment,0,0.0,15.0,0,1,0
USR-18055,Control,0,0.0,67.2,0,0,0
USR-18056,Control,0,0.0,12.7,0,1,0
USR-18057,Control,0,0.0,75.9,0,0,0
USR-18058,Control,0,0.0,107.5,0,0,0
USR-18059,Treatment,0,0.0,129.3,0,0,0
USR-18060,Treatment,0,0.0,106.5,0,0,0
USR-18061,Control,0,0.0,146.8,0,0,0
USR-18062,Treatment,0,0.0,162.7,0,0,0
USR-18063,Control,0,0.0,7.3,0,1,0
USR-18064,Treatment,0,0.0,116.1,0,0,0
USR-18065,Control,0,0.0,7.8,0,1,0
USR-18066,Control,0,0.0,22.1,0,1,0
USR-18067,Control,0,0.0,154.7,0,0,0
USR-18068,Control,0,0.0,124.5,0,0,0
USR-18069,Treatment,0,0.0,82.0,0,0,0
USR-18070,Control,0,0.0,105.1,0,0,0
USR-18071,Control,0,0.0,82.3,0,0,0
USR-18072,Treatment,0,0.0,117.1,0,0,0
USR-18073,Treatment,0,0.0,19.7,0,1,0
USR-18074,Treatment,0,0.0,119.7,0,0,0
USR-18075,Control,0,0.0,112.6,0,0,0
USR-18076,Treatment,0,0.0,131.6,0,0,0
USR-18077,Treatment,0,0.0,111.5,0,0,0
USR-18078,Control,1,19.51,215.9,1,0,0
USR-18079,Control,0,0.0,11.1,0,1,0
USR-18080,Control,0,0.0,115.1,0,0,0
USR-18081,Control,1,79.93,214.9,1,0,0
USR-18082,Control,0,0.0,6.5,0,1,0
USR-18083,Control,0,0.0,7.2,0,1,0
USR-18084,Treatment,0,0.0,11.3,0,1,0
USR-18085,Treatment,0,0.0,81.9,0,0,0
USR-18086,Treatment,1,53.18,298.8,2,0,0
USR-18087,Treatment,0,0.0,107.5,0,0,0
USR-18088,Control,0,0.0,153.1,0,0,0
USR-18089,Treatment,0,0.0,19.0,0,1,0
USR-18090,Treatment,0,0.0,22.5,0,1,0
USR-18091,Control,0,0.0,130.9,0,0,0
USR-18092,Treatment,0,0.0,20.7,0,1,0
USR-18093,Treatment,0,0.0,20.0,0,1,0
USR-18094,Treatment,0,0.0,104.8,0,0,0
USR-18095,Treatment,0,0.0,115.1,0,0,0
USR-18096,Control,0,0.0,88.3,0,0,0
USR-18097,Control,0,0.0,23.9,0,1,0
USR-18098,Control,0,0.0,107.9,0,0,0
USR-18099,Treatment,0,0.0,54.6,0,0,0
USR-18100,Treatment,0,0.0,20.5,0,1,0
USR-18101,Treatment,0,0.0,89.8,0,0,0
USR-18102,Control,1,81.8,174.3,2,0,0
USR-18103,Control,0,0.0,123.3,0,0,0
USR-18104,Treatment,0,0.0,13.5,0,1,0
USR-18105,Treatment,0,0.0,127.6,0,0,0
USR-18106,Control,0,0.0,84.3,0,0,0
USR-18107,Control,0,0.0,81.5,0,0,0
USR-18108,Treatment,0,0.0,144.7,0,0,0
USR-18109,Treatment,0,0.0,18.2,0,1,0
USR-18110,Control,0,0.0,100.4,0,0,0
USR-18111,Control,0,0.0,63.6,0,0,0
USR-18112,Treatment,0,0.0,75.8,0,0,0
USR-18113,Treatment,0,0.0,110.7,0,0,0
USR-18114,Control,0,0.0,13.3,0,1,0
USR-18115,Control,0,0.0,143.0,0,0,0
USR-18116,Treatment,1,45.02,320.3,1,0,0
USR-18117,Control,0,0.0,79.0,0,0,0
USR-18118,Control,0,0.0,165.7,0,0,0
USR-18119,Treatment,0,0.0,24.8,0,1,0
USR-18120,Control,0,0.0,72.4,0,0,0
USR-18121,Treatment,0,0.0,10.3,0,1,0
USR-18122,Control,0,0.0,138.7,0,0,0
USR-18123,Treatment,0,0.0,107.0,0,0,0
USR-18124,Control,0,0.0,121.3,0,0,0
USR-18125,Control,0,0.0,7.7,0,1,0
USR-18126,Control,0,0.0,100.6,0,0,0
USR-18127,Treatment,0,0.0,86.8,0,0,0
USR-18128,Treatment,0,0.0,103.4,0,0,0
USR-18129,Control,0,0.0,74.7,0,0,0
USR-18130,Treatment,0,0.0,6.4,0,1,0
USR-18131,Treatment,0,0.0,103.1,0,0,0
USR-18132,Treatment,1,23.01,220.6,1,0,0
USR-18133,Control,0,0.0,21.6,0,1,0
USR-18134,Treatment,0,0.0,7.7,0,1,0
USR-18135,Control,0,0.0,8.2,0,1,0
USR-18136,Control,0,0.0,138.4,0,0,0
USR-18137,Treatment,0,0.0,8.5,0,1,0
USR-18138,Treatment,0,0.0,109.2,0,0,0
USR-18139,Control,0,0.0,104.3,0,0,0
USR-18140,Control,0,0.0,139.6,0,0,0
USR-18141,Treatment,0,0.0,111.0,0,0,0
USR-18142,Treatment,0,0.0,172.4,0,0,0
USR-18143,Control,0,0.0,147.7,0,0,0
USR-18144,Treatment,0,0.0,9.0,0,1,0
USR-18145,Control,0,0.0,13.8,0,1,0
USR-18146,Control,0,0.0,129.8,0,0,0
USR-18147,Treatment,0,0.0,104.0,0,0,0
USR-18148,Control,0,0.0,18.3,0,1,0
USR-18149,Control,0,0.0,23.6,0,1,0
USR-18150,Treatment,0,0.0,118.6,0,0,0
USR-18151,Treatment,0,0.0,9.5,0,1,0
USR-18152,Control,0,0.0,24.1,0,1,0
USR-18153,Treatment,0,0.0,17.1,0,1,0
USR-18154,Treatment,0,0.0,23.2,0,1,0
USR-18155,Control,0,0.0,8.9,0,1,0
USR-18156,Treatment,0,0.0,107.6,0,0,0
USR-18157,Control,1,42.77,175.0,1,0,0
USR-18158,Control,0,0.0,14.4,0,1,0
USR-18159,Treatment,0,0.0,95.9,0,0,0
USR-18160,Treatment,0,0.0,90.6,0,0,0
USR-18161,Control,0,0.0,102.7,0,0,0
USR-18162,Control,0,0.0,135.2,0,0,0
USR-18163,Control,0,0.0,81.3,0,0,0
USR-18164,Control,0,0.0,167.2,0,0,0
USR-18165,Control,0,0.0,17.7,0,1,0
USR-18166,Control,0,0.0,9.1,0,1,0
USR-18167,Treatment,1,19.64,222.3,1,0,0
USR-18168,Control,0,0.0,20.7,0,1,0
USR-18169,Control,0,0.0,114.3,0,0,0
USR-18170,Treatment,0,0.0,8.2,0,1,0
USR-18171,Treatment,0,0.0,17.7,0,1,0
USR-18172,Control,0,0.0,11.9,0,1,0
USR-18173,Control,0,0.0,115.4,0,0,0
USR-18174,Treatment,0,0.0,11.0,0,1,0
USR-18175,Control,0,0.0,129.7,0,0,0
USR-18176,Control,0,0.0,15.6,0,1,0
USR-18177,Treatment,0,0.0,127.9,0,0,0
USR-18178,Control,0,0.0,14.9,0,1,0
USR-18179,Control,0,0.0,157.4,0,0,0
USR-18180,Control,0,0.0,20.2,0,1,0
USR-18181,Control,0,0.0,14.7,0,1,0
USR-18182,Control,0,0.0,64.3,0,0,0
USR-18183,Treatment,0,0.0,7.2,0,1,0
USR-18184,Control,0,0.0,140.3,0,0,0
USR-18185,Control,0,0.0,113.2,0,0,0
USR-18186,Control,0,0.0,24.5,0,1,0
USR-18187,Treatment,0,0.0,88.2,0,0,0
USR-18188,Treatment,0,0.0,18.0,0,1,0
USR-18189,Control,0,0.0,122.4,0,0,0
USR-18190,Treatment,0,0.0,162.1,0,0,0
USR-18191,Control,0,0.0,22.7,0,1,0
USR-18192,Control,0,0.0,104.7,0,0,0
USR-18193,Control,0,0.0,15.7,0,1,0
USR-18194,Control,0,0.0,24.7,0,1,0
USR-18195,Control,0,0.0,171.4,0,0,0
USR-18196,Treatment,0,0.0,10.8,0,1,0
USR-18197,Control,1,59.1,363.1,1,0,0
USR-18198,Treatment,1,34.49,199.7,1,0,0
USR-18199,Control,0,0.0,8.3,0,1,0
USR-18200,Control,0,0.0,100.6,0,0,0
USR-18201,Control,1,33.83,208.8,1,0,0
USR-18202,Treatment,0,0.0,5.2,0,1,0
USR-18203,Control,0,0.0,15.4,0,1,0
USR-18204,Treatment,0,0.0,11.9,0,1,0
USR-18205,Control,0,0.0,83.9,0,0,0
USR-18206,Control,0,0.0,137.4,0,0,0
USR-18207,Control,0,0.0,117.7,0,0,0
USR-18208,Control,0,0.0,12.3,0,1,0
USR-18209,Control,0,0.0,9.9,0,1,0
USR-18210,Control,0,0.0,107.7,0,0,0
USR-18211,Treatment,0,0.0,76.7,0,0,0
USR-18212,Control,0,0.0,17.8,0,1,0
USR-18213,Treatment,0,0.0,107.7,0,0,0
USR-18214,Control,0,0.0,119.3,0,0,0
USR-18215,Treatment,0,0.0,7.7,0,1,0
USR-18216,Treatment,0,0.0,23.1,0,1,0
USR-18217,Control,0,0.0,16.9,0,1,0
USR-18218,Control,0,0.0,125.5,0,0,0
USR-18219,Treatment,0,0.0,21.8,0,1,0
USR-18220,Treatment,0,0.0,148.9,0,0,0
USR-18221,Control,0,0.0,98.2,0,0,0
USR-18222,Control,0,0.0,91.5,0,0,0
USR-18223,Treatment,0,0.0,85.8,0,0,0
USR-18224,Control,0,0.0,11.2,0,1,0
USR-18225,Treatment,0,0.0,119.2,0,0,0
USR-18226,Control,0,0.0,17.2,0,1,0
USR-18227,Control,0,0.0,49.2,0,0,0
USR-18228,Treatment,0,0.0,139.0,0,0,0
USR-18229,Treatment,0,0.0,10.2,0,1,0
USR-18230,Control,0,0.0,11.3,0,1,0
USR-18231,Control,0,0.0,23.5,0,1,0
USR-18232,Treatment,0,0.0,97.8,0,0,0
USR-18233,Treatment,0,0.0,142.4,0,0,0
USR-18234,Control,0,0.0,95.1,0,0,0
USR-18235,Treatment,0,0.0,104.1,0,0,0
USR-18236,Treatment,0,0.0,157.0,0,0,0
USR-18237,Treatment,0,0.0,142.0,0,0,0
USR-18238,Treatment,0,0.0,129.2,0,0,0
USR-18239,Control,0,0.0,11.0,0,1,0
USR-18240,Treatment,0,0.0,8.3,0,1,0
USR-18241,Treatment,0,0.0,15.7,0,1,0
USR-18242,Control,0,0.0,132.1,0,0,0
USR-18243,Control,0,0.0,91.4,0,0,0
USR-18244,Control,0,0.0,179.6,0,0,0
USR-18245,Treatment,1,19.83,306.8,1,0,0
USR-18246,Control,0,0.0,160.8,0,0,0
USR-18247,Treatment,0,0.0,78.3,0,0,0
USR-18248,Treatment,0,0.0,102.9,0,0,0
USR-18249,Treatment,0,0.0,70.6,0,0,0
USR-18250,Treatment,0,0.0,131.4,0,0,0
USR-18251,Treatment,0,0.0,22.3,0,1,0
USR-18252,Control,0,0.0,17.2,0,1,0
USR-18253,Treatment,0,0.0,91.1,0,0,0
USR-18254,Control,0,0.0,86.7,0,0,0
USR-18255,Treatment,0,0.0,82.1,0,0,0
USR-18256,Control,0,0.0,5.9,0,1,0
USR-18257,Treatment,0,0.0,74.4,0,0,0
USR-18258,Treatment,0,0.0,76.6,0,0,0
USR-18259,Treatment,0,0.0,79.9,0,0,0
USR-18260,Control,0,0.0,11.6,0,1,0
USR-18261,Control,0,0.0,19.2,0,1,0
USR-18262,Treatment,0,0.0,7.1,0,1,0
USR-18263,Control,1,102.31,271.7,2,0,0
USR-18264,Treatment,0,0.0,96.7,0,0,0
USR-18265,Control,0,0.0,61.8,0,0,0
USR-18266,Treatment,0,0.0,22.5,0,1,0
USR-18267,Control,0,0.0,12.8,0,1,0
USR-18268,Treatment,0,0.0,121.8,0,0,0
USR-18269,Treatment,0,0.0,15.2,0,1,0
USR-18270,Control,0,0.0,21.0,0,1,0
USR-18271,Control,0,0.0,123.0,0,0,0
USR-18272,Control,0,0.0,19.9,0,1,0
USR-18273,Treatment,0,0.0,108.1,0,0,0
USR-18274,Treatment,0,0.0,117.7,0,0,0
USR-18275,Treatment,0,0.0,16.9,0,1,0
USR-18276,Treatment,0,0.0,23.4,0,1,0
USR-18277,Control,0,0.0,114.3,0,0,0
USR-18278,Control,0,0.0,147.0,0,0,0
USR-18279,Control,0,0.0,105.6,0,0,0
USR-18280,Control,0,0.0,86.2,0,0,0
USR-18281,Treatment,0,0.0,125.0,0,0,0
USR-18282,Treatment,0,0.0,76.1,0,0,0
USR-18283,Control,0,0.0,71.0,0,0,0
USR-18284,Treatment,0,0.0,89.4,0,0,0
USR-18285,Treatment,0,0.0,22.8,0,1,0
USR-18286,Control,0,0.0,6.7,0,1,0
USR-18287,Control,0,0.0,50.7,0,0,0
USR-18288,Control,0,0.0,22.7,0,1,0
USR-18289,Treatment,0,0.0,7.1,0,1,0
USR-18290,Treatment,0,0.0,75.2,0,0,0
USR-18291,Treatment,0,0.0,149.7,0,0,0
USR-18292,Control,0,0.0,61.1,0,0,0
USR-18293,Control,0,0.0,23.2,0,1,0
USR-18294,Treatment,0,0.0,74.5,0,0,0
USR-18295,Treatment,0,0.0,133.4,0,0,0
USR-18296,Treatment,0,0.0,92.2,0,0,0
USR-18297,Treatment,0,0.0,20.8,0,1,0
USR-18298,Control,0,0.0,19.5,0,1,0
USR-18299,Treatment,0,0.0,16.6,0,1,0
USR-18300,Treatment,0,0.0,18.8,0,1,0
USR-18301,Control,0,0.0,16.0,0,1,0
USR-18302,Treatment,0,0.0,107.2,0,0,0
USR-18303,Control,0,0.0,99.4,0,0,0
USR-18304,Control,0,0.0,9.2,0,1,0
USR-18305,Control,0,0.0,17.0,0,1,0
USR-18306,Control,0,0.0,22.2,0,1,0
USR-18307,Control,0,0.0,146.9,0,0,0
USR-18308,Control,0,0.0,16.9,0,1,0
USR-18309,Treatment,0,0.0,113.1,0,0,0
USR-18310,Control,0,0.0,10.5,0,1,0
USR-18311,Control,0,0.0,6.0,0,1,0
USR-18312,Control,0,0.0,107.8,0,0,0
USR-18313,Treatment,0,0.0,22.9,0,1,0
USR-18314,Control,0,0.0,24.6,0,1,0
USR-18315,Control,0,0.0,10.9,0,1,0
USR-18316,Treatment,0,0.0,136.1,0,0,0
USR-18317,Treatment,0,0.0,99.8,0,0,0
USR-18318,Treatment,0,0.0,16.7,0,1,0
USR-18319,Control,0,0.0,12.8,0,1,0
USR-18320,Control,0,0.0,55.3,0,0,0
USR-18321,Treatment,0,0.0,139.1,0,0,0
USR-18322,Control,0,0.0,93.4,0,0,0
USR-18323,Control,0,0.0,63.1,0,0,0
USR-18324,Control,0,0.0,144.3,0,0,0
USR-18325,Treatment,0,0.0,130.6,0,0,0
USR-18326,Control,0,0.0,113.1,0,0,0
USR-18327,Treatment,0,0.0,125.6,0,0,0
USR-18328,Treatment,1,43.11,262.5,1,0,0
USR-18329,Control,0,0.0,8.7,0,1,0
USR-18330,Treatment,0,0.0,158.7,0,0,0
USR-18331,Treatment,0,0.0,68.1,0,0,0
USR-18332,Treatment,0,0.0,125.9,0,0,0
USR-18333,Control,0,0.0,61.9,0,0,0
USR-18334,Treatment,0,0.0,180.4,0,0,0
USR-18335,Control,0,0.0,98.4,0,0,0
USR-18336,Treatment,0,0.0,105.2,0,0,0
USR-18337,Control,0,0.0,11.5,0,1,0
USR-18338,Control,0,0.0,135.6,0,0,0
USR-18339,Treatment,0,0.0,20.2,0,1,0
USR-18340,Treatment,0,0.0,147.1,0,0,0
USR-18341,Treatment,0,0.0,23.3,0,1,0
USR-18342,Control,0,0.0,98.1,0,0,0
USR-18343,Control,0,0.0,5.9,0,1,0
USR-18344,Treatment,0,0.0,10.9,0,1,0
USR-18345,Treatment,0,0.0,21.3,0,1,0
USR-18346,Treatment,1,64.66,314.1,1,0,0
USR-18347,Control,0,0.0,18.2,0,1,0
USR-18348,Control,0,0.0,19.9,0,1,0
USR-18349,Treatment,0,0.0,122.4,0,0,0
USR-18350,Treatment,0,0.0,5.6,0,1,0
USR-18351,Control,1,95.54,242.4,2,0,0
USR-18352,Treatment,0,0.0,90.3,0,0,0
USR-18353,Treatment,0,0.0,15.1,0,1,0
USR-18354,Control,0,0.0,67.9,0,0,0
USR-18355,Control,0,0.0,136.1,0,0,0
USR-18356,Control,0,0.0,85.7,0,0,0
USR-18357,Treatment,0,0.0,21.3,0,1,0
USR-18358,Control,1,20.42,212.3,1,0,0
USR-18359,Control,0,0.0,76.5,0,0,0
USR-18360,Treatment,0,0.0,137.7,0,0,0
USR-18361,Control,0,0.0,93.5,0,0,0
USR-18362,Control,0,0.0,114.0,0,0,0
USR-18363,Control,0,0.0,71.1,0,0,0
USR-18364,Treatment,0,0.0,76.8,0,0,0
USR-18365,Treatment,0,0.0,81.1,0,0,0
USR-18366,Control,0,0.0,12.0,0,1,0
USR-18367,Treatment,0,0.0,146.0,0,0,0
USR-18368,Treatment,0,0.0,11.0,0,1,0
USR-18369,Control,0,0.0,19.6,0,1,0
USR-18370,Control,0,0.0,19.2,0,1,0
USR-18371,Control,0,0.0,60.3,0,0,0
USR-18372,Control,0,0.0,88.9,0,0,0
USR-18373,Treatment,0,0.0,144.9,0,0,0
USR-18374,Treatment,0,0.0,20.8,0,1,0
USR-18375,Control,1,23.85,274.8,1,0,0
USR-18376,Control,0,0.0,122.8,0,0,0
USR-18377,Control,0,0.0,20.5,0,1,0
USR-18378,Treatment,0,0.0,93.4,0,0,0
USR-18379,Control,0,0.0,10.7,0,1,0
USR-18380,Treatment,0,0.0,61.8,0,0,0
USR-18381,Control,0,0.0,121.6,0,0,0
USR-18382,Treatment,0,0.0,122.9,0,0,0
USR-18383,Treatment,0,0.0,117.2,0,0,0
USR-18384,Control,0,0.0,53.2,0,0,0
USR-18385,Control,0,0.0,117.7,0,0,0
USR-18386,Treatment,1,70.32,280.9,1,0,0
USR-18387,Control,0,0.0,15.4,0,1,0
USR-18388,Treatment,0,0.0,6.9,0,1,0
USR-18389,Control,0,0.0,17.2,0,1,0
USR-18390,Treatment,0,0.0,130.8,0,0,0
USR-18391,Control,0,0.0,76.4,0,0,0
USR-18392,Treatment,0,0.0,140.4,0,0,0
USR-18393,Treatment,1,26.55,240.5,1,0,0
USR-18394,Treatment,0,0.0,22.6,0,1,0
USR-18395,Treatment,0,0.0,105.2,0,0,0
USR-18396,Treatment,0,0.0,141.6,0,0,0
USR-18397,Control,0,0.0,109.6,0,0,0
USR-18398,Treatment,0,0.0,178.0,0,0,0
USR-18399,Treatment,0,0.0,116.1,0,0,0
USR-18400,Control,0,0.0,132.4,0,0,0
USR-18401,Treatment,0,0.0,52.6,0,0,0
USR-18402,Treatment,1,51.88,231.1,1,0,0
USR-18403,Treatment,1,141.82,324.9,2,0,1
USR-18404,Control,0,0.0,138.7,0,0,0
USR-18405,Control,0,0.0,18.2,0,1,0
USR-18406,Control,0,0.0,112.3,0,0,0
USR-18407,Control,0,0.0,129.8,0,0,0
USR-18408,Treatment,1,60.04,264.2,1,0,0
USR-18409,Control,0,0.0,19.7,0,1,0
USR-18410,Control,0,0.0,159.4,0,0,0
USR-18411,Treatment,0,0.0,63.1,0,0,0
USR-18412,Control,0,0.0,17.7,0,1,0
USR-18413,Control,0,0.0,9.4,0,1,0
USR-18414,Control,0,0.0,7.8,0,1,0
USR-18415,Control,1,89.48,245.6,1,0,0
USR-18416,Treatment,0,0.0,154.8,0,0,0
USR-18417,Treatment,0,0.0,145.1,0,0,0
USR-18418,Treatment,0,0.0,107.4,0,0,0
USR-18419,Control,0,0.0,110.4,0,0,0
USR-18420,Treatment,0,0.0,114.5,0,0,0
USR-18421,Control,0,0.0,96.9,0,0,0
USR-18422,Control,0,0.0,5.1,0,1,0
USR-18423,Control,0,0.0,8.4,0,1,0
USR-18424,Control,0,0.0,17.9,0,1,0
USR-18425,Control,0,0.0,152.1,0,0,0
USR-18426,Control,0,0.0,105.6,0,0,0
USR-18427,Treatment,0,0.0,115.2,0,0,0
USR-18428,Control,0,0.0,111.7,0,0,0
USR-18429,Control,0,0.0,107.2,0,0,0
USR-18430,Control,0,0.0,135.9,0,0,0
USR-18431,Treatment,0,0.0,112.6,0,0,0
USR-18432,Control,0,0.0,97.1,0,0,0
USR-18433,Treatment,0,0.0,92.9,0,0,0
USR-18434,Treatment,0,0.0,56.4,0,0,0
USR-18435,Control,0,0.0,8.3,0,1,0
USR-18436,Control,0,0.0,109.0,0,0,0
USR-18437,Control,0,0.0,148.6,0,0,0
USR-18438,Treatment,0,0.0,135.6,0,0,0
USR-18439,Control,0,0.0,103.2,0,0,0
USR-18440,Control,0,0.0,6.7,0,1,0
USR-18441,Control,0,0.0,97.9,0,0,0
USR-18442,Treatment,0,0.0,96.2,0,0,0
USR-18443,Control,0,0.0,157.8,0,0,0
USR-18444,Control,0,0.0,22.3,0,1,0
USR-18445,Treatment,0,0.0,8.1,0,1,0
USR-18446,Treatment,0,0.0,131.5,0,0,0
USR-18447,Treatment,0,0.0,86.1,0,0,0
USR-18448,Control,0,0.0,13.3,0,1,0
USR-18449,Treatment,0,0.0,20.5,0,1,0
USR-18450,Treatment,0,0.0,13.1,0,1,0
USR-18451,Control,0,0.0,55.4,0,0,0
USR-18452,Treatment,0,0.0,108.9,0,0,0
USR-18453,Control,0,0.0,79.3,0,0,0
USR-18454,Treatment,0,0.0,7.0,0,1,0
USR-18455,Control,0,0.0,18.2,0,1,0
USR-18456,Treatment,0,0.0,62.8,0,0,0
USR-18457,Control,0,0.0,83.9,0,0,0
USR-18458,Treatment,0,0.0,11.6,0,1,0
USR-18459,Control,0,0.0,93.3,0,0,0
USR-18460,Treatment,0,0.0,120.1,0,0,0
USR-18461,Treatment,0,0.0,17.0,0,1,0
USR-18462,Control,0,0.0,152.9,0,0,0
USR-18463,Treatment,0,0.0,7.6,0,1,0
USR-18464,Treatment,0,0.0,11.6,0,1,0
USR-18465,Control,0,0.0,122.0,0,0,0
USR-18466,Control,0,0.0,48.5,0,0,0
USR-18467,Treatment,0,0.0,174.3,0,0,0
USR-18468,Control,0,0.0,12.4,0,1,0
USR-18469,Control,0,0.0,89.0,0,0,0
USR-18470,Control,0,0.0,29.8,0,0,0
USR-18471,Control,0,0.0,101.3,0,0,0
USR-18472,Control,0,0.0,104.4,0,0,0
USR-18473,Control,0,0.0,89.8,0,0,0
USR-18474,Treatment,0,0.0,17.4,0,1,0
USR-18475,Treatment,0,0.0,136.8,0,0,0
USR-18476,Control,0,0.0,113.7,0,0,0
USR-18477,Treatment,0,0.0,137.1,0,0,0
USR-18478,Treatment,0,0.0,98.9,0,0,0
USR-18479,Treatment,0,0.0,111.8,0,0,0
USR-18480,Control,0,0.0,154.8,0,0,0
USR-18481,Control,0,0.0,90.8,0,0,0
USR-18482,Treatment,0,0.0,101.8,0,0,0
USR-18483,Treatment,0,0.0,13.3,0,1,0
USR-18484,Treatment,0,0.0,22.6,0,1,0
USR-18485,Treatment,0,0.0,23.3,0,1,0
USR-18486,Control,0,0.0,13.9,0,1,0
USR-18487,Treatment,0,0.0,125.8,0,0,0
USR-18488,Control,0,0.0,5.0,0,1,0
USR-18489,Control,0,0.0,9.4,0,1,0
USR-18490,Treatment,0,0.0,133.8,0,0,0
USR-18491,Control,0,0.0,96.3,0,0,0
USR-18492,Control,0,0.0,183.4,0,0,0
USR-18493,Treatment,0,0.0,88.4,0,0,0
USR-18494,Control,0,0.0,17.6,0,1,0
USR-18495,Treatment,0,0.0,23.3,0,1,0
USR-18496,Treatment,0,0.0,136.0,0,0,0
USR-18497,Treatment,0,0.0,9.0,0,1,0
USR-18498,Control,0,0.0,20.7,0,1,0
USR-18499,Control,0,0.0,19.1,0,1,0
USR-18500,Control,0,0.0,109.6,0,0,0
USR-18501,Control,0,0.0,69.9,0,0,0
USR-18502,Control,0,0.0,161.7,0,0,0
USR-18503,Treatment,0,0.0,111.1,0,0,0
USR-18504,Control,0,0.0,81.7,0,0,0
USR-18505,Treatment,0,0.0,133.8,0,0,0
USR-18506,Control,0,0.0,17.2,0,1,0
USR-18507,Treatment,0,0.0,136.8,0,0,0
USR-18508,Treatment,0,0.0,12.4,0,1,0
USR-18509,Control,0,0.0,105.6,0,0,0
USR-18510,Control,0,0.0,22.6,0,1,0
USR-18511,Treatment,0,0.0,162.7,0,0,0
USR-18512,Treatment,0,0.0,145.7,0,0,0
USR-18513,Treatment,0,0.0,135.8,0,0,0
USR-18514,Control,0,0.0,10.4,0,1,0
USR-18515,Control,0,0.0,111.0,0,0,0
USR-18516,Treatment,0,0.0,10.0,0,1,0
USR-18517,Treatment,0,0.0,19.0,0,1,0
USR-18518,Control,0,0.0,70.7,0,0,0
USR-18519,Treatment,0,0.0,111.4,0,0,0
USR-18520,Control,0,0.0,91.1,0,0,0
USR-18521,Control,0,0.0,22.3,0,1,0
USR-18522,Control,0,0.0,162.2,0,0,0
USR-18523,Control,0,0.0,81.9,0,0,0
USR-18524,Treatment,0,0.0,112.9,0,0,0
USR-18525,Control,0,0.0,14.4,0,1,0
USR-18526,Control,0,0.0,113.7,0,0,0
USR-18527,Treatment,0,0.0,101.2,0,0,0
USR-18528,Treatment,0,0.0,138.0,0,0,0
USR-18529,Treatment,0,0.0,109.0,0,0,0
USR-18530,Treatment,0,0.0,98.1,0,0,0
USR-18531,Control,0,0.0,164.9,0,0,0
USR-18532,Treatment,0,0.0,17.6,0,1,0
USR-18533,Treatment,1,42.17,266.8,1,0,0
USR-18534,Treatment,0,0.0,133.6,0,0,0
USR-18535,Control,0,0.0,74.6,0,0,0
USR-18536,Control,0,0.0,173.9,0,0,0
USR-18537,Treatment,1,125.24,318.2,2,0,0
USR-18538,Control,0,0.0,92.0,0,0,0
USR-18539,Treatment,0,0.0,139.3,0,0,0
USR-18540,Treatment,0,0.0,89.7,0,0,0
USR-18541,Treatment,0,0.0,77.8,0,0,0
USR-18542,Treatment,0,0.0,11.8,0,1,0
USR-18543,Treatment,0,0.0,104.9,0,0,0
USR-18544,Control,0,0.0,157.7,0,0,0
USR-18545,Treatment,0,0.0,21.6,0,1,0
USR-18546,Treatment,0,0.0,120.4,0,0,0
USR-18547,Control,0,0.0,128.7,0,0,0
USR-18548,Control,0,0.0,11.8,0,1,0
USR-18549,Control,0,0.0,8.0,0,1,0
USR-18550,Treatment,0,0.0,174.8,0,0,0
USR-18551,Control,0,0.0,121.8,0,0,0
USR-18552,Treatment,0,0.0,64.0,0,0,0
USR-18553,Control,0,0.0,23.5,0,1,0
USR-18554,Control,0,0.0,16.6,0,1,0
USR-18555,Treatment,0,0.0,9.5,0,1,0
USR-18556,Control,0,0.0,107.8,0,0,0
USR-18557,Treatment,0,0.0,124.4,0,0,0
USR-18558,Treatment,0,0.0,85.2,0,0,0
USR-18559,Treatment,0,0.0,17.5,0,1,0
USR-18560,Control,1,32.21,305.9,1,0,0
USR-18561,Treatment,0,0.0,129.7,0,0,0
USR-18562,Treatment,0,0.0,7.8,0,1,0
USR-18563,Treatment,0,0.0,7.9,0,1,0
USR-18564,Control,0,0.0,118.1,0,0,0
USR-18565,Treatment,0,0.0,18.2,0,1,0
USR-18566,Treatment,1,16.9,342.7,1,0,0
USR-18567,Treatment,0,0.0,14.6,0,1,0
USR-18568,Control,0,0.0,116.0,0,0,0
USR-18569,Control,0,0.0,12.3,0,1,0
USR-18570,Control,0,0.0,10.8,0,1,0
USR-18571,Control,0,0.0,12.1,0,1,0
USR-18572,Control,0,0.0,19.1,0,1,0
USR-18573,Control,0,0.0,144.2,0,0,0
USR-18574,Treatment,1,37.82,281.6,1,0,0
USR-18575,Control,0,0.0,121.8,0,0,0
USR-18576,Treatment,0,0.0,72.9,0,0,0
USR-18577,Control,0,0.0,127.4,0,0,0
USR-18578,Control,0,0.0,24.4,0,1,0
USR-18579,Control,0,0.0,87.6,0,0,0
USR-18580,Control,0,0.0,17.2,0,1,0
USR-18581,Treatment,0,0.0,117.9,0,0,0
USR-18582,Treatment,0,0.0,23.3,0,1,0
USR-18583,Control,0,0.0,102.2,0,0,0
USR-18584,Control,0,0.0,6.2,0,1,0
USR-18585,Control,0,0.0,145.4,0,0,0
USR-18586,Treatment,0,0.0,5.8,0,1,0
USR-18587,Treatment,0,0.0,6.6,0,1,0
USR-18588,Treatment,0,0.0,17.8,0,1,0
USR-18589,Treatment,0,0.0,93.1,0,0,0
USR-18590,Treatment,0,0.0,6.0,0,1,0
USR-18591,Control,0,0.0,95.9,0,0,0
USR-18592,Control,0,0.0,140.4,0,0,0
USR-18593,Treatment,0,0.0,14.4,0,1,0
USR-18594,Treatment,0,0.0,109.7,0,0,0
USR-18595,Treatment,0,0.0,76.4,0,0,0
USR-18596,Treatment,0,0.0,116.1,0,0,0
USR-18597,Control,0,0.0,140.1,0,0,0
USR-18598,Treatment,0,0.0,146.6,0,0,0
USR-18599,Treatment,0,0.0,41.1,0,0,0
USR-18600,Control,0,0.0,21.6,0,1,0
USR-18601,Treatment,0,0.0,130.3,0,0,0
USR-18602,Treatment,0,0.0,102.5,0,0,0
USR-18603,Control,0,0.0,23.0,0,1,0
USR-18604,Control,1,55.8,286.7,2,0,0
USR-18605,Control,0,0.0,86.7,0,0,0
USR-18606,Treatment,1,44.31,223.2,1,0,1
USR-18607,Control,0,0.0,79.9,0,0,0
USR-18608,Treatment,0,0.0,119.8,0,0,0
USR-18609,Treatment,0,0.0,93.1,0,0,0
USR-18610,Control,0,0.0,106.3,0,0,0
USR-18611,Treatment,0,0.0,122.9,0,0,0
USR-18612,Treatment,0,0.0,161.9,0,0,0
USR-18613,Control,0,0.0,93.6,0,0,0
USR-18614,Control,0,0.0,95.5,0,0,0
USR-18615,Treatment,0,0.0,127.5,0,0,0
USR-18616,Treatment,0,0.0,6.0,0,1,0
USR-18617,Control,0,0.0,6.3,0,1,0
USR-18618,Control,0,0.0,134.0,0,0,0
USR-18619,Control,0,0.0,126.4,0,0,0
USR-18620,Treatment,0,0.0,106.8,0,0,0
USR-18621,Control,0,0.0,109.0,0,0,0
USR-18622,Treatment,0,0.0,134.7,0,0,0
USR-18623,Treatment,0,0.0,5.6,0,1,0
USR-18624,Control,0,0.0,118.2,0,0,0
USR-18625,Treatment,0,0.0,20.7,0,1,0
USR-18626,Control,0,0.0,134.1,0,0,0
USR-18627,Treatment,0,0.0,75.4,0,0,0
USR-18628,Control,0,0.0,5.3,0,1,0
USR-18629,Treatment,0,0.0,8.2,0,1,0
USR-18630,Treatment,0,0.0,22.7,0,1,0
USR-18631,Control,0,0.0,119.6,0,0,0
USR-18632,Control,1,83.65,197.8,2,0,0
USR-18633,Control,0,0.0,98.2,0,0,0
USR-18634,Control,0,0.0,20.7,0,1,0
USR-18635,Treatment,0,0.0,5.5,0,1,0
USR-18636,Treatment,0,0.0,101.7,0,0,0
USR-18637,Control,0,0.0,13.3,0,1,0
USR-18638,Treatment,0,0.0,107.5,0,0,0
USR-18639,Treatment,0,0.0,153.8,0,0,0
USR-18640,Treatment,0,0.0,13.6,0,1,0
USR-18641,Control,0,0.0,69.4,0,0,0
USR-18642,Control,0,0.0,12.9,0,1,0
USR-18643,Control,0,0.0,23.9,0,1,0
USR-18644,Treatment,0,0.0,15.9,0,1,0
USR-18645,Control,0,0.0,17.1,0,1,0
USR-18646,Control,0,0.0,134.9,0,0,0
USR-18647,Control,0,0.0,9.0,0,1,0
USR-18648,Treatment,0,0.0,83.0,0,0,0
USR-18649,Control,0,0.0,132.4,0,0,0
USR-18650,Control,0,0.0,23.7,0,1,0
USR-18651,Control,0,0.0,18.3,0,1,0
USR-18652,Control,1,31.5,281.6,1,0,0
USR-18653,Treatment,0,0.0,12.7,0,1,0
USR-18654,Control,0,0.0,20.1,0,1,0
USR-18655,Control,0,0.0,78.7,0,0,0
USR-18656,Treatment,0,0.0,118.1,0,0,0
USR-18657,Control,0,0.0,6.9,0,1,0
USR-18658,Control,0,0.0,11.3,0,1,0
USR-18659,Treatment,0,0.0,16.6,0,1,0
USR-18660,Control,0,0.0,123.5,0,0,0
USR-18661,Control,0,0.0,118.0,0,0,0
USR-18662,Control,0,0.0,102.7,0,0,0
USR-18663,Control,0,0.0,11.7,0,1,0
USR-18664,Treatment,0,0.0,12.0,0,1,0
USR-18665,Treatment,0,0.0,11.4,0,1,0
USR-18666,Treatment,0,0.0,123.7,0,0,0
USR-18667,Control,0,0.0,8.7,0,1,0
USR-18668,Control,0,0.0,11.5,0,1,0
USR-18669,Treatment,0,0.0,20.2,0,1,0
USR-18670,Treatment,0,0.0,14.8,0,1,0
USR-18671,Control,0,0.0,65.2,0,0,0
USR-18672,Control,0,0.0,100.2,0,0,0
USR-18673,Control,0,0.0,110.7,0,0,0
USR-18674,Control,0,0.0,12.0,0,1,0
USR-18675,Control,0,0.0,19.4,0,1,0
USR-18676,Control,0,0.0,101.9,0,0,0
USR-18677,Treatment,0,0.0,12.3,0,1,0
USR-18678,Treatment,0,0.0,117.0,0,0,0
USR-18679,Control,0,0.0,9.1,0,1,0
USR-18680,Control,0,0.0,15.4,0,1,0
USR-18681,Treatment,0,0.0,160.3,0,0,0
USR-18682,Control,0,0.0,104.7,0,0,0
USR-18683,Treatment,1,29.71,232.7,1,0,0
USR-18684,Control,0,0.0,97.9,0,0,0
USR-18685,Treatment,0,0.0,20.9,0,1,0
USR-18686,Control,0,0.0,18.6,0,1,0
USR-18687,Control,0,0.0,79.6,0,0,0
USR-18688,Control,0,0.0,9.7,0,1,0
USR-18689,Control,0,0.0,11.1,0,1,0
USR-18690,Control,0,0.0,171.2,0,0,0
USR-18691,Treatment,0,0.0,144.4,0,0,0
USR-18692,Control,0,0.0,108.3,0,0,0
USR-18693,Control,0,0.0,140.5,0,0,0
USR-18694,Treatment,0,0.0,52.4,0,0,0
USR-18695,Treatment,0,0.0,119.8,0,0,0
USR-18696,Treatment,0,0.0,10.1,0,1,0
USR-18697,Treatment,0,0.0,8.2,0,1,0
USR-18698,Control,0,0.0,149.5,0,0,0
USR-18699,Treatment,0,0.0,90.1,0,0,0
USR-18700,Treatment,0,0.0,149.0,0,0,0
USR-18701,Treatment,0,0.0,9.5,0,1,0
USR-18702,Control,0,0.0,133.0,0,0,0
USR-18703,Control,1,43.31,321.8,1,0,0
USR-18704,Control,0,0.0,101.0,0,0,0
USR-18705,Treatment,0,0.0,12.5,0,1,0
USR-18706,Treatment,0,0.0,7.9,0,1,0
USR-18707,Treatment,0,0.0,16.4,0,1,0
USR-18708,Control,0,0.0,150.7,0,0,0
USR-18709,Treatment,0,0.0,5.4,0,1,0
USR-18710,Treatment,0,0.0,86.7,0,0,0
USR-18711,Control,0,0.0,162.6,0,0,0
USR-18712,Treatment,0,0.0,96.4,0,0,0
USR-18713,Control,0,0.0,133.9,0,0,0
USR-18714,Treatment,0,0.0,120.4,0,0,0
USR-18715,Treatment,0,0.0,17.8,0,1,0
USR-18716,Treatment,0,0.0,111.6,0,0,0
USR-18717,Treatment,0,0.0,117.2,0,0,0
USR-18718,Treatment,0,0.0,67.8,0,0,0
USR-18719,Control,0,0.0,9.6,0,1,0
USR-18720,Control,0,0.0,105.0,0,0,0
USR-18721,Treatment,0,0.0,15.3,0,1,0
USR-18722,Control,0,0.0,130.9,0,0,0
USR-18723,Control,0,0.0,17.9,0,1,0
USR-18724,Treatment,0,0.0,132.2,0,0,0
USR-18725,Treatment,0,0.0,125.6,0,0,0
USR-18726,Control,0,0.0,115.0,0,0,0
USR-18727,Control,1,26.14,297.0,1,0,0
USR-18728,Control,0,0.0,104.1,0,0,0
USR-18729,Control,0,0.0,10.9,0,1,0
USR-18730,Control,0,0.0,9.3,0,1,0
USR-18731,Treatment,0,0.0,116.0,0,0,0
USR-18732,Control,0,0.0,122.9,0,0,0
USR-18733,Control,1,109.14,218.2,2,0,0
USR-18734,Control,0,0.0,13.8,0,1,0
USR-18735,Treatment,0,0.0,7.5,0,1,0
USR-18736,Control,0,0.0,124.3,0,0,0
USR-18737,Control,0,0.0,19.3,0,1,0
USR-18738,Control,0,0.0,137.0,0,0,0
USR-18739,Treatment,0,0.0,9.1,0,1,0
USR-18740,Treatment,0,0.0,114.0,0,0,0
USR-18741,Control,0,0.0,153.7,0,0,0
USR-18742,Control,0,0.0,11.4,0,1,0
USR-18743,Control,0,0.0,136.5,0,0,0
USR-18744,Treatment,1,41.9,239.1,1,0,0
USR-18745,Treatment,0,0.0,89.0,0,0,0
USR-18746,Control,0,0.0,10.0,0,1,0
USR-18747,Control,0,0.0,17.0,0,1,0
USR-18748,Control,0,0.0,16.9,0,1,0
USR-18749,Control,0,0.0,15.4,0,1,0
USR-18750,Treatment,0,0.0,7.5,0,1,0
USR-18751,Control,0,0.0,170.0,0,0,0
USR-18752,Control,0,0.0,131.6,0,0,0
USR-18753,Control,0,0.0,22.2,0,1,0
USR-18754,Treatment,0,0.0,19.3,0,1,0
USR-18755,Treatment,0,0.0,5.1,0,1,0
USR-18756,Control,0,0.0,15.7,0,1,0
USR-18757,Control,0,0.0,76.5,0,0,0
USR-18758,Control,0,0.0,147.6,0,0,0
USR-18759,Control,0,0.0,21.8,0,1,0
USR-18760,Control,0,0.0,169.0,0,0,0
USR-18761,Treatment,0,0.0,111.2,0,0,0
USR-18762,Treatment,0,0.0,102.0,0,0,0
USR-18763,Treatment,0,0.0,104.5,0,0,0
USR-18764,Control,0,0.0,67.3,0,0,0
USR-18765,Treatment,0,0.0,17.7,0,1,0
USR-18766,Treatment,0,0.0,5.6,0,1,0
USR-18767,Control,0,0.0,87.3,0,0,0
USR-18768,Control,0,0.0,79.7,0,0,0
USR-18769,Control,0,0.0,24.4,0,1,0
USR-18770,Control,0,0.0,21.1,0,1,0
USR-18771,Control,0,0.0,112.5,0,0,0
USR-18772,Treatment,0,0.0,115.9,0,0,0
USR-18773,Control,1,74.36,198.3,2,0,0
USR-18774,Treatment,0,0.0,68.5,0,0,0
USR-18775,Control,0,0.0,14.2,0,1,0
USR-18776,Treatment,0,0.0,16.7,0,1,0
USR-18777,Control,0,0.0,15.1,0,1,0
USR-18778,Treatment,0,0.0,17.3,0,1,0
USR-18779,Control,0,0.0,15.6,0,1,0
USR-18780,Control,0,0.0,89.7,0,0,0
USR-18781,Treatment,0,0.0,5.1,0,1,0
USR-18782,Control,0,0.0,162.6,0,0,0
USR-18783,Treatment,0,0.0,99.9,0,0,0
USR-18784,Treatment,0,0.0,85.2,0,0,0
USR-18785,Control,0,0.0,126.6,0,0,0
USR-18786,Control,0,0.0,145.3,0,0,0
USR-18787,Treatment,0,0.0,22.7,0,1,0
USR-18788,Control,0,0.0,61.4,0,0,0
USR-18789,Treatment,0,0.0,20.6,0,1,0
USR-18790,Treatment,0,0.0,113.5,0,0,0
USR-18791,Control,0,0.0,7.8,0,1,0
USR-18792,Control,0,0.0,80.2,0,0,0
USR-18793,Treatment,0,0.0,21.6,0,1,0
USR-18794,Control,0,0.0,18.7,0,1,0
USR-18795,Control,0,0.0,17.0,0,1,0
USR-18796,Control,0,0.0,80.3,0,0,0
USR-18797,Treatment,0,0.0,150.9,0,0,0
USR-18798,Control,0,0.0,7.9,0,1,0
USR-18799,Control,0,0.0,12.3,0,1,0
USR-18800,Treatment,0,0.0,23.9,0,1,0
USR-18801,Control,0,0.0,50.6,0,0,0
USR-18802,Control,0,0.0,23.1,0,1,0
USR-18803,Treatment,1,30.39,195.7,1,0,0
USR-18804,Treatment,0,0.0,109.1,0,0,0
USR-18805,Treatment,0,0.0,19.9,0,1,0
USR-18806,Control,0,0.0,9.1,0,1,0
USR-18807,Treatment,0,0.0,12.4,0,1,0
USR-18808,Control,0,0.0,123.2,0,0,0
USR-18809,Control,0,0.0,6.9,0,1,0
USR-18810,Control,0,0.0,109.0,0,0,0
USR-18811,Control,0,0.0,134.5,0,0,0
USR-18812,Treatment,0,0.0,111.3,0,0,0
USR-18813,Control,0,0.0,19.8,0,1,0
USR-18814,Treatment,0,0.0,87.3,0,0,0
USR-18815,Treatment,0,0.0,23.6,0,1,0
USR-18816,Treatment,0,0.0,74.1,0,0,0
USR-18817,Control,1,68.66,236.2,1,0,0
USR-18818,Treatment,0,0.0,69.9,0,0,0
USR-18819,Control,0,0.0,6.6,0,1,0
USR-18820,Control,0,0.0,14.5,0,1,0
USR-18821,Treatment,1,55.33,269.8,1,0,0
USR-18822,Control,0,0.0,47.5,0,0,0
USR-18823,Control,0,0.0,5.0,0,1,0
USR-18824,Treatment,0,0.0,15.8,0,1,0
USR-18825,Control,0,0.0,7.8,0,1,0
USR-18826,Treatment,0,0.0,103.4,0,0,0
USR-18827,Control,0,0.0,123.5,0,0,0
USR-18828,Control,1,55.92,235.9,1,0,0
USR-18829,Control,0,0.0,16.8,0,1,0
USR-18830,Control,0,0.0,89.1,0,0,0
USR-18831,Control,0,0.0,89.9,0,0,0
USR-18832,Treatment,0,0.0,10.6,0,1,0
USR-18833,Treatment,0,0.0,100.6,0,0,0
USR-18834,Treatment,0,0.0,21.9,0,1,0
USR-18835,Control,0,0.0,14.0,0,1,0
USR-18836,Treatment,0,0.0,24.0,0,1,0
USR-18837,Treatment,0,0.0,9.1,0,1,0
USR-18838,Treatment,0,0.0,15.9,0,1,0
USR-18839,Control,0,0.0,114.4,0,0,0
USR-18840,Treatment,0,0.0,158.9,0,0,0
USR-18841,Treatment,0,0.0,19.6,0,1,0
USR-18842,Control,0,0.0,54.7,0,0,0
USR-18843,Treatment,0,0.0,151.3,0,0,0
USR-18844,Control,0,0.0,76.1,0,0,0
USR-18845,Treatment,0,0.0,85.5,0,0,0
USR-18846,Treatment,0,0.0,125.1,0,0,0
USR-18847,Treatment,0,0.0,9.6,0,1,0
USR-18848,Control,0,0.0,92.3,0,0,0
USR-18849,Control,0,0.0,129.0,0,0,0
USR-18850,Treatment,0,0.0,94.5,0,0,0
USR-18851,Control,0,0.0,157.3,0,0,0
USR-18852,Control,0,0.0,153.1,0,0,0
USR-18853,Treatment,0,0.0,71.8,0,0,0
USR-18854,Control,0,0.0,131.8,0,0,0
USR-18855,Control,0,0.0,60.5,0,0,0
USR-18856,Control,0,0.0,146.7,0,0,0
USR-18857,Control,0,0.0,10.0,0,1,0
USR-18858,Treatment,0,0.0,119.6,0,0,0
USR-18859,Treatment,0,0.0,94.1,0,0,0
USR-18860,Treatment,0,0.0,116.1,0,0,0
USR-18861,Treatment,0,0.0,14.7,0,1,0
USR-18862,Treatment,0,0.0,11.4,0,1,0
USR-18863,Treatment,0,0.0,13.7,0,1,0
USR-18864,Control,0,0.0,17.0,0,1,0
USR-18865,Treatment,0,0.0,169.5,0,0,0
USR-18866,Control,0,0.0,23.7,0,1,0
USR-18867,Treatment,0,0.0,13.8,0,1,0
USR-18868,Treatment,0,0.0,58.8,0,0,0
USR-18869,Control,0,0.0,114.4,0,0,0
USR-18870,Treatment,0,0.0,24.3,0,1,0
USR-18871,Control,0,0.0,52.5,0,0,0
USR-18872,Treatment,0,0.0,59.2,0,0,0
USR-18873,Control,0,0.0,128.6,0,0,0
USR-18874,Treatment,0,0.0,9.7,0,1,0
USR-18875,Control,0,0.0,139.4,0,0,0
USR-18876,Control,0,0.0,68.9,0,0,0
USR-18877,Control,0,0.0,118.6,0,0,0
USR-18878,Control,0,0.0,82.7,0,0,0
USR-18879,Control,0,0.0,7.3,0,1,0
USR-18880,Treatment,0,0.0,136.6,0,0,0
USR-18881,Control,0,0.0,8.7,0,1,0
USR-18882,Control,0,0.0,12.8,0,1,0
USR-18883,Control,0,0.0,17.2,0,1,0
USR-18884,Treatment,0,0.0,14.8,0,1,0
USR-18885,Treatment,0,0.0,123.9,0,0,0
USR-18886,Treatment,0,0.0,65.2,0,0,0
USR-18887,Treatment,0,0.0,91.5,0,0,0
USR-18888,Control,0,0.0,124.2,0,0,0
USR-18889,Control,0,0.0,108.8,0,0,0
USR-18890,Control,0,0.0,22.4,0,1,0
USR-18891,Treatment,0,0.0,101.8,0,0,0
USR-18892,Treatment,0,0.0,53.2,0,0,0
USR-18893,Control,0,0.0,145.0,0,0,0
USR-18894,Control,0,0.0,122.2,0,0,0
USR-18895,Control,0,0.0,116.3,0,0,0
USR-18896,Control,0,0.0,92.1,0,0,0
USR-18897,Treatment,0,0.0,111.9,0,0,0
USR-18898,Control,0,0.0,18.0,0,1,0
USR-18899,Treatment,0,0.0,10.8,0,1,0
USR-18900,Control,0,0.0,158.0,0,0,0
USR-18901,Treatment,0,0.0,112.9,0,0,0
USR-18902,Treatment,0,0.0,149.7,0,0,0
USR-18903,Treatment,0,0.0,18.0,0,1,0
USR-18904,Treatment,0,0.0,89.9,0,0,0
USR-18905,Treatment,0,0.0,77.9,0,0,0
USR-18906,Treatment,1,37.96,185.1,1,0,0
USR-18907,Treatment,0,0.0,90.7,0,0,0
USR-18908,Treatment,0,0.0,21.9,0,1,0
USR-18909,Treatment,0,0.0,6.6,0,1,0
USR-18910,Treatment,1,143.59,343.0,3,0,0
USR-18911,Treatment,0,0.0,18.3,0,1,0
USR-18912,Treatment,0,0.0,155.4,0,0,0
USR-18913,Control,0,0.0,20.3,0,1,0
USR-18914,Control,0,0.0,84.3,0,0,0
USR-18915,Control,0,0.0,153.1,0,0,0
USR-18916,Treatment,0,0.0,15.6,0,1,0
USR-18917,Treatment,0,0.0,16.3,0,1,0
USR-18918,Control,0,0.0,83.1,0,0,0
USR-18919,Treatment,0,0.0,72.3,0,0,0
USR-18920,Treatment,1,25.72,225.2,1,0,0
USR-18921,Control,0,0.0,21.8,0,1,0
USR-18922,Treatment,0,0.0,9.7,0,1,0
USR-18923,Treatment,0,0.0,76.3,0,0,0
USR-18924,Control,0,0.0,13.0,0,1,0
USR-18925,Treatment,0,0.0,83.4,0,0,0
USR-18926,Treatment,0,0.0,74.3,0,0,0
USR-18927,Control,1,43.04,236.0,2,0,0
USR-18928,Control,0,0.0,119.6,0,0,0
USR-18929,Treatment,0,0.0,17.6,0,1,0
USR-18930,Control,0,0.0,64.8,0,0,0
USR-18931,Control,0,0.0,16.9,0,1,0
USR-18932,Control,0,0.0,12.2,0,1,0
USR-18933,Treatment,0,0.0,104.9,0,0,0
USR-18934,Treatment,0,0.0,87.6,0,0,0
USR-18935,Treatment,0,0.0,83.9,0,0,0
USR-18936,Control,0,0.0,76.3,0,0,0
USR-18937,Treatment,0,0.0,88.8,0,0,0
USR-18938,Control,0,0.0,10.5,0,1,0
USR-18939,Control,0,0.0,100.1,0,0,0
USR-18940,Control,0,0.0,7.5,0,1,0
USR-18941,Control,0,0.0,108.9,0,0,0
USR-18942,Treatment,0,0.0,106.8,0,0,0
USR-18943,Treatment,0,0.0,15.3,0,1,0
USR-18944,Control,0,0.0,21.0,0,1,0
USR-18945,Treatment,0,0.0,14.0,0,1,0
USR-18946,Treatment,0,0.0,22.3,0,1,0
USR-18947,Treatment,0,0.0,98.2,0,0,0
USR-18948,Control,0,0.0,117.4,0,0,0
USR-18949,Treatment,0,0.0,97.8,0,0,0
USR-18950,Control,0,0.0,99.3,0,0,0
USR-18951,Treatment,0,0.0,78.5,0,0,0
USR-18952,Control,1,206.26,210.9,2,0,0
USR-18953,Treatment,0,0.0,132.7,0,0,0
USR-18954,Control,0,0.0,121.9,0,0,0
USR-18955,Control,0,0.0,114.2,0,0,0
USR-18956,Treatment,0,0.0,148.3,0,0,0
USR-18957,Treatment,0,0.0,105.2,0,0,0
USR-18958,Treatment,1,73.38,253.9,1,0,0
USR-18959,Treatment,0,0.0,154.2,0,0,0
USR-18960,Control,0,0.0,159.0,0,0,0
USR-18961,Treatment,0,0.0,20.6,0,1,0
USR-18962,Control,0,0.0,107.8,0,0,0
USR-18963,Control,0,0.0,172.8,0,0,0
USR-18964,Treatment,0,0.0,23.7,0,1,0
USR-18965,Treatment,0,0.0,18.8,0,1,0
USR-18966,Treatment,0,0.0,24.1,0,1,0
USR-18967,Treatment,0,0.0,16.1,0,1,0
USR-18968,Treatment,0,0.0,115.6,0,0,0
USR-18969,Control,1,76.15,161.4,1,0,0
USR-18970,Control,0,0.0,5.0,0,1,0
USR-18971,Treatment,0,0.0,87.7,0,0,0
USR-18972,Control,0,0.0,86.4,0,0,0
USR-18973,Control,0,0.0,46.9,0,0,0
USR-18974,Control,0,0.0,24.3,0,1,0
USR-18975,Treatment,0,0.0,128.5,0,0,0
USR-18976,Control,0,0.0,110.6,0,0,0
USR-18977,Treatment,0,0.0,19.4,0,1,0
USR-18978,Treatment,0,0.0,55.1,0,0,0
USR-18979,Control,0,0.0,12.7,0,1,0
USR-18980,Treatment,0,0.0,8.9,0,1,0
USR-18981,Treatment,0,0.0,23.4,0,1,0
USR-18982,Treatment,0,0.0,11.3,0,1,0
USR-18983,Treatment,0,0.0,5.5,0,1,0
USR-18984,Control,0,0.0,134.9,0,0,0
USR-18985,Treatment,0,0.0,116.9,0,0,0
USR-18986,Control,0,0.0,142.8,0,0,0
USR-18987,Treatment,0,0.0,9.7,0,1,0
USR-18988,Treatment,0,0.0,24.6,0,1,0
USR-18989,Treatment,0,0.0,21.9,0,1,0
USR-18990,Control,0,0.0,12.5,0,1,0
USR-18991,Control,0,0.0,7.7,0,1,0
USR-18992,Control,0,0.0,13.4,0,1,0
USR-18993,Control,0,0.0,15.1,0,1,0
USR-18994,Control,0,0.0,14.1,0,1,0
USR-18995,Treatment,0,0.0,19.8,0,1,0
USR-18996,Control,0,0.0,17.3,0,1,0
USR-18997,Treatment,0,0.0,9.7,0,1,0
USR-18998,Control,0,0.0,23.6,0,1,0
USR-18999,Treatment,0,0.0,9.8,0,1,0
USR-19000,Treatment,0,0.0,96.6,0,0,0
USR-19001,Treatment,0,0.0,73.5,0,0,0
USR-19002,Treatment,0,0.0,11.0,0,1,0
USR-19003,Control,0,0.0,128.9,0,0,0
USR-19004,Treatment,0,0.0,90.5,0,0,0
USR-19005,Control,0,0.0,96.8,0,0,0
USR-19006,Control,0,0.0,12.5,0,1,0
USR-19007,Treatment,0,0.0,16.6,0,1,0
USR-19008,Control,0,0.0,168.5,0,0,0
USR-19009,Treatment,0,0.0,132.8,0,0,0
USR-19010,Control,0,0.0,8.9,0,1,0
USR-19011,Control,0,0.0,10.0,0,1,0
USR-19012,Control,0,0.0,82.7,0,0,0
USR-19013,Control,1,164.03,221.0,3,0,0
USR-19014,Control,0,0.0,121.9,0,0,0
USR-19015,Control,0,0.0,11.6,0,1,0
USR-19016,Control,1,28.08,247.4,1,0,0
USR-19017,Treatment,0,0.0,104.3,0,0,0
USR-19018,Control,0,0.0,13.9,0,0,0
USR-19019,Treatment,0,0.0,152.3,0,0,0
USR-19020,Control,0,0.0,10.3,0,1,0
USR-19021,Treatment,0,0.0,123.3,0,0,0
USR-19022,Control,0,0.0,8.0,0,1,0
USR-19023,Control,0,0.0,99.0,0,0,0
USR-19024,Treatment,0,0.0,105.6,0,0,0
USR-19025,Control,0,0.0,92.6,0,0,0
USR-19026,Treatment,1,66.12,271.2,1,0,0
USR-19027,Control,0,0.0,8.7,0,1,0
USR-19028,Treatment,0,0.0,5.0,0,1,0
USR-19029,Control,0,0.0,94.0,0,0,0
USR-19030,Control,1,62.95,224.8,2,0,0
USR-19031,Treatment,0,0.0,24.3,0,1,0
USR-19032,Control,0,0.0,7.8,0,1,0
USR-19033,Treatment,0,0.0,107.4,0,0,0
USR-19034,Control,0,0.0,11.5,0,1,0
USR-19035,Treatment,0,0.0,48.4,0,0,0
USR-19036,Control,0,0.0,15.6,0,1,0
USR-19037,Treatment,0,0.0,101.1,0,0,0
USR-19038,Treatment,0,0.0,128.7,0,0,0
USR-19039,Control,0,0.0,138.6,0,0,0
USR-19040,Control,0,0.0,109.2,0,0,0
USR-19041,Control,0,0.0,89.6,0,0,0
USR-19042,Treatment,0,0.0,7.5,0,1,0
USR-19043,Control,0,0.0,82.5,0,0,0
USR-19044,Control,0,0.0,121.9,0,0,0
USR-19045,Control,0,0.0,97.7,0,0,0
USR-19046,Control,0,0.0,51.2,0,0,0
USR-19047,Treatment,0,0.0,142.0,0,0,0
USR-19048,Treatment,0,0.0,15.1,0,1,0
USR-19049,Treatment,0,0.0,16.4,0,1,0
USR-19050,Treatment,0,0.0,71.2,0,0,0
USR-19051,Treatment,0,0.0,125.4,0,0,0
USR-19052,Control,0,0.0,17.9,0,1,0
USR-19053,Control,0,0.0,24.7,0,1,0
USR-19054,Treatment,0,0.0,74.8,0,0,0
USR-19055,Treatment,0,0.0,107.0,0,0,0
USR-19056,Treatment,0,0.0,24.3,0,1,0
USR-19057,Control,0,0.0,95.9,0,0,0
USR-19058,Control,0,0.0,23.2,0,1,0
USR-19059,Control,0,0.0,106.3,0,0,0
USR-19060,Treatment,0,0.0,106.9,0,0,0
USR-19061,Treatment,0,0.0,137.2,0,0,0
USR-19062,Treatment,0,0.0,9.8,0,1,0
USR-19063,Control,0,0.0,98.9,0,0,0
USR-19064,Treatment,1,57.11,246.0,1,0,0
USR-19065,Control,0,0.0,6.4,0,1,0
USR-19066,Control,0,0.0,10.4,0,1,0
USR-19067,Treatment,0,0.0,9.7,0,1,0
USR-19068,Control,0,0.0,96.8,0,0,0
USR-19069,Control,0,0.0,11.5,0,1,0
USR-19070,Treatment,0,0.0,17.7,0,1,0
USR-19071,Treatment,0,0.0,136.3,0,0,0
USR-19072,Control,0,0.0,100.1,0,0,0
USR-19073,Treatment,0,0.0,154.7,0,0,0
USR-19074,Control,0,0.0,125.8,0,0,0
USR-19075,Treatment,0,0.0,5.1,0,1,0
USR-19076,Treatment,0,0.0,23.7,0,1,0
USR-19077,Treatment,0,0.0,7.1,0,1,0
USR-19078,Treatment,0,0.0,11.9,0,1,0
USR-19079,Control,0,0.0,98.8,0,0,0
USR-19080,Control,0,0.0,141.3,0,0,0
USR-19081,Control,0,0.0,18.0,0,1,0
USR-19082,Control,0,0.0,132.5,0,0,0
USR-19083,Treatment,0,0.0,18.0,0,1,0
USR-19084,Control,0,0.0,158.8,0,0,0
USR-19085,Control,0,0.0,109.3,0,0,0
USR-19086,Control,0,0.0,89.5,0,0,0
USR-19087,Treatment,0,0.0,134.7,0,0,0
USR-19088,Control,0,0.0,116.0,0,0,0
USR-19089,Treatment,0,0.0,17.5,0,1,0
USR-19090,Control,0,0.0,133.7,0,0,0
USR-19091,Control,0,0.0,119.4,0,0,0
USR-19092,Control,0,0.0,87.4,0,0,0
USR-19093,Treatment,0,0.0,161.5,0,0,0
USR-19094,Treatment,0,0.0,113.0,0,0,0
USR-19095,Treatment,0,0.0,14.3,0,1,0
USR-19096,Control,0,0.0,8.7,0,1,0
USR-19097,Control,0,0.0,170.9,0,0,0
USR-19098,Treatment,0,0.0,133.1,0,0,0
USR-19099,Control,0,0.0,142.8,0,0,0
USR-19100,Treatment,0,0.0,123.8,0,0,0
USR-19101,Treatment,0,0.0,80.0,0,0,0
USR-19102,Control,0,0.0,9.7,0,1,0
USR-19103,Treatment,0,0.0,116.3,0,0,0
USR-19104,Control,0,0.0,145.1,0,0,0
USR-19105,Control,0,0.0,70.5,0,0,0
USR-19106,Control,0,0.0,24.4,0,1,0
USR-19107,Treatment,0,0.0,124.4,0,0,0
USR-19108,Control,0,0.0,89.5,0,0,0
USR-19109,Treatment,0,0.0,118.7,0,0,0
USR-19110,Treatment,1,43.66,343.5,1,0,0
USR-19111,Treatment,0,0.0,20.3,0,1,0
USR-19112,Treatment,0,0.0,172.3,0,0,0
USR-19113,Control,0,0.0,94.9,0,0,0
USR-19114,Control,0,0.0,93.7,0,0,0
USR-19115,Control,0,0.0,127.6,0,0,0
USR-19116,Treatment,0,0.0,23.5,0,1,0
USR-19117,Treatment,0,0.0,106.7,0,0,0
USR-19118,Treatment,0,0.0,127.7,0,0,0
USR-19119,Treatment,0,0.0,158.2,0,0,0
USR-19120,Treatment,0,0.0,102.8,0,0,0
USR-19121,Control,0,0.0,6.8,0,1,0
USR-19122,Treatment,0,0.0,148.6,0,0,0
USR-19123,Treatment,0,0.0,23.9,0,1,0
USR-19124,Control,0,0.0,163.9,0,0,0
USR-19125,Treatment,0,0.0,115.5,0,0,0
USR-19126,Control,0,0.0,10.2,0,1,0
USR-19127,Treatment,0,0.0,11.0,0,1,0
USR-19128,Treatment,0,0.0,157.7,0,0,0
USR-19129,Treatment,0,0.0,43.2,0,0,0
USR-19130,Control,0,0.0,141.3,0,0,0
USR-19131,Treatment,0,0.0,21.2,0,1,0
USR-19132,Treatment,0,0.0,11.7,0,1,0
USR-19133,Control,0,0.0,22.6,0,1,0
USR-19134,Treatment,0,0.0,21.5,0,1,0
USR-19135,Treatment,0,0.0,22.2,0,1,0
USR-19136,Treatment,0,0.0,93.9,0,0,0
USR-19137,Control,1,84.28,226.9,1,0,0
USR-19138,Control,0,0.0,99.9,0,0,0
USR-19139,Treatment,0,0.0,11.0,0,1,0
USR-19140,Control,0,0.0,107.3,0,0,0
USR-19141,Control,0,0.0,83.8,0,0,0
USR-19142,Treatment,0,0.0,14.8,0,1,0
USR-19143,Treatment,0,0.0,18.1,0,1,0
USR-19144,Treatment,0,0.0,16.8,0,1,0
USR-19145,Control,0,0.0,154.5,0,0,0
USR-19146,Control,0,0.0,12.2,0,1,0
USR-19147,Control,0,0.0,80.7,0,0,0
USR-19148,Control,0,0.0,24.3,0,1,0
USR-19149,Treatment,0,0.0,19.8,0,1,0
USR-19150,Treatment,0,0.0,130.3,0,0,0
USR-19151,Control,0,0.0,8.3,0,1,0
USR-19152,Control,0,0.0,88.3,0,0,0
USR-19153,Control,0,0.0,24.4,0,1,0
USR-19154,Control,0,0.0,77.4,0,0,0
USR-19155,Control,0,0.0,121.6,0,0,0
USR-19156,Treatment,1,231.33,307.1,3,0,0
USR-19157,Treatment,1,43.83,291.3,1,0,0
USR-19158,Treatment,0,0.0,12.9,0,1,0
USR-19159,Control,0,0.0,77.1,0,0,0
USR-19160,Treatment,0,0.0,14.4,0,1,0
USR-19161,Treatment,0,0.0,25.0,0,1,0
USR-19162,Treatment,0,0.0,113.9,0,0,0
USR-19163,Control,0,0.0,8.4,0,1,0
USR-19164,Treatment,0,0.0,87.3,0,0,0
USR-19165,Treatment,0,0.0,107.1,0,0,0
USR-19166,Treatment,0,0.0,116.4,0,0,0
USR-19167,Control,1,39.54,254.9,1,0,0
USR-19168,Control,0,0.0,133.3,0,0,0
USR-19169,Control,1,126.7,220.6,2,0,0
USR-19170,Control,0,0.0,15.5,0,1,0
USR-19171,Treatment,1,30.35,224.9,1,0,0
USR-19172,Control,0,0.0,13.3,0,1,0
USR-19173,Control,0,0.0,24.2,0,1,0
USR-19174,Control,0,0.0,111.3,0,0,0
USR-19175,Control,0,0.0,109.5,0,0,0
USR-19176,Control,0,0.0,57.3,0,0,0
USR-19177,Treatment,0,0.0,22.6,0,1,0
USR-19178,Treatment,0,0.0,81.4,0,0,0
USR-19179,Control,0,0.0,106.4,0,0,0
USR-19180,Control,0,0.0,110.3,0,0,0
USR-19181,Control,0,0.0,23.5,0,1,0
USR-19182,Control,0,0.0,112.4,0,0,0
USR-19183,Treatment,0,0.0,58.9,0,0,0
USR-19184,Treatment,0,0.0,19.6,0,1,0
USR-19185,Treatment,0,0.0,93.6,0,0,0
USR-19186,Treatment,0,0.0,21.1,0,1,0
USR-19187,Control,0,0.0,80.9,0,0,0
USR-19188,Treatment,0,0.0,162.4,0,0,0
USR-19189,Treatment,0,0.0,10.6,0,1,0
USR-19190,Treatment,0,0.0,122.2,0,0,0
USR-19191,Control,0,0.0,117.1,0,0,0
USR-19192,Treatment,0,0.0,123.1,0,0,0
USR-19193,Treatment,0,0.0,96.6,0,0,0
USR-19194,Treatment,0,0.0,108.6,0,0,0
USR-19195,Control,0,0.0,81.9,0,0,0
USR-19196,Treatment,0,0.0,117.6,0,0,0
USR-19197,Treatment,0,0.0,20.3,0,1,0
USR-19198,Treatment,0,0.0,145.0,0,0,0
USR-19199,Treatment,0,0.0,107.1,0,0,0
USR-19200,Treatment,0,0.0,97.8,0,0,0
USR-19201,Control,0,0.0,139.8,0,0,0
USR-19202,Treatment,0,0.0,161.9,0,0,0
USR-19203,Control,0,0.0,129.7,0,0,0
USR-19204,Treatment,1,45.11,262.8,1,0,0
USR-19205,Control,0,0.0,130.0,0,0,0
USR-19206,Treatment,0,0.0,109.4,0,0,0
USR-19207,Treatment,0,0.0,144.3,0,0,0
USR-19208,Treatment,1,148.44,277.7,2,0,0
USR-19209,Treatment,0,0.0,87.7,0,0,0
USR-19210,Treatment,1,189.09,249.7,4,0,0
USR-19211,Treatment,0,0.0,158.4,0,0,0
USR-19212,Control,0,0.0,109.4,0,0,0
USR-19213,Control,0,0.0,10.8,0,1,0
USR-19214,Control,0,0.0,20.4,0,1,0
USR-19215,Control,0,0.0,114.0,0,0,0
USR-19216,Treatment,0,0.0,136.7,0,0,0
USR-19217,Treatment,0,0.0,89.2,0,0,0
USR-19218,Treatment,1,33.99,245.9,1,0,0
USR-19219,Control,1,142.17,312.3,3,0,0
USR-19220,Control,0,0.0,186.4,0,0,0
USR-19221,Treatment,0,0.0,116.2,0,0,0
USR-19222,Treatment,0,0.0,7.9,0,1,0
USR-19223,Control,0,0.0,143.6,0,0,0
USR-19224,Treatment,0,0.0,99.0,0,0,0
USR-19225,Treatment,0,0.0,115.4,0,0,0
USR-19226,Control,0,0.0,10.7,0,1,0
USR-19227,Treatment,0,0.0,149.5,0,0,0
USR-19228,Control,0,0.0,21.8,0,1,0
USR-19229,Treatment,0,0.0,79.9,0,0,0
USR-19230,Control,0,0.0,5.8,0,1,0
USR-19231,Control,1,122.46,275.0,2,0,0
USR-19232,Treatment,1,144.22,314.3,2,0,0
USR-19233,Control,1,44.05,304.7,2,0,0
USR-19234,Treatment,0,0.0,125.4,0,0,0
USR-19235,Control,0,0.0,12.6,0,1,0
USR-19236,Control,0,0.0,170.4,0,0,0
USR-19237,Control,0,0.0,17.0,0,1,0
USR-19238,Control,0,0.0,121.6,0,0,0
USR-19239,Treatment,0,0.0,107.1,0,0,0
USR-19240,Control,0,0.0,21.8,0,1,0
USR-19241,Treatment,0,0.0,166.3,0,0,0
USR-19242,Treatment,0,0.0,112.1,0,0,0
USR-19243,Treatment,0,0.0,7.4,0,1,0
USR-19244,Control,0,0.0,12.7,0,1,0
USR-19245,Treatment,0,0.0,134.1,0,0,0
USR-19246,Control,0,0.0,84.5,0,0,0
USR-19247,Control,0,0.0,23.3,0,1,0
USR-19248,Control,0,0.0,132.4,0,0,0
USR-19249,Control,0,0.0,22.5,0,1,0
USR-19250,Control,0,0.0,21.2,0,1,0
USR-19251,Treatment,0,0.0,21.3,0,1,0
USR-19252,Control,0,0.0,15.2,0,1,0
USR-19253,Control,0,0.0,81.7,0,0,0
USR-19254,Treatment,1,283.18,333.1,2,0,0
USR-19255,Control,0,0.0,7.6,0,1,0
USR-19256,Control,0,0.0,85.6,0,0,0
USR-19257,Control,0,0.0,24.5,0,1,0
USR-19258,Treatment,0,0.0,111.9,0,0,0
USR-19259,Control,0,0.0,128.7,0,0,0
USR-19260,Control,0,0.0,12.2,0,1,0
USR-19261,Treatment,0,0.0,5.9,0,1,0
USR-19262,Treatment,0,0.0,87.8,0,0,0
USR-19263,Treatment,0,0.0,23.6,0,1,0
USR-19264,Treatment,0,0.0,19.6,0,1,0
USR-19265,Control,0,0.0,46.8,0,0,0
USR-19266,Control,0,0.0,67.6,0,0,0
USR-19267,Control,0,0.0,145.1,0,0,0
USR-19268,Control,0,0.0,99.5,0,0,0
USR-19269,Control,0,0.0,81.9,0,0,0
USR-19270,Control,0,0.0,85.8,0,0,0
USR-19271,Treatment,0,0.0,96.8,0,0,0
USR-19272,Treatment,0,0.0,15.1,0,1,0
USR-19273,Control,0,0.0,88.9,0,0,0
USR-19274,Treatment,0,0.0,99.5,0,0,0
USR-19275,Control,0,0.0,97.5,0,0,0
USR-19276,Control,0,0.0,7.8,0,1,0
USR-19277,Treatment,0,0.0,106.3,0,0,0
USR-19278,Control,0,0.0,14.1,0,1,0
USR-19279,Control,0,0.0,115.2,0,0,0
USR-19280,Control,0,0.0,87.2,0,0,0
USR-19281,Treatment,0,0.0,134.1,0,0,0
USR-19282,Treatment,0,0.0,24.0,0,1,0
USR-19283,Control,0,0.0,90.2,0,0,0
USR-19284,Treatment,0,0.0,74.4,0,0,0
USR-19285,Treatment,0,0.0,165.9,0,0,0
USR-19286,Treatment,0,0.0,129.0,0,0,0
USR-19287,Treatment,0,0.0,135.0,0,0,0
USR-19288,Control,0,0.0,21.2,0,1,0
USR-19289,Control,0,0.0,75.3,0,0,0
USR-19290,Treatment,0,0.0,101.4,0,0,0
USR-19291,Treatment,0,0.0,74.2,0,0,0
USR-19292,Treatment,0,0.0,77.5,0,0,0
USR-19293,Treatment,0,0.0,112.5,0,0,0
USR-19294,Treatment,0,0.0,98.4,0,0,0
USR-19295,Treatment,0,0.0,110.1,0,0,0
USR-19296,Treatment,0,0.0,168.4,0,0,0
USR-19297,Treatment,0,0.0,111.5,0,0,0
USR-19298,Treatment,0,0.0,105.8,0,0,0
USR-19299,Control,1,97.14,247.6,2,0,0
USR-19300,Control,0,0.0,100.2,0,0,0
USR-19301,Control,0,0.0,87.9,0,0,0
USR-19302,Treatment,0,0.0,6.9,0,1,0
USR-19303,Treatment,0,0.0,116.5,0,0,0
USR-19304,Treatment,0,0.0,151.1,0,0,0
USR-19305,Control,0,0.0,111.8,0,0,0
USR-19306,Control,0,0.0,110.8,0,0,0
USR-19307,Treatment,0,0.0,122.3,0,0,0
USR-19308,Control,0,0.0,128.1,0,0,0
USR-19309,Control,0,0.0,85.8,0,0,0
USR-19310,Control,0,0.0,65.1,0,0,0
USR-19311,Control,0,0.0,122.6,0,0,0
USR-19312,Treatment,0,0.0,22.8,0,1,0
USR-19313,Control,0,0.0,16.3,0,1,0
USR-19314,Treatment,0,0.0,164.3,0,0,0
USR-19315,Control,0,0.0,8.3,0,1,0
USR-19316,Treatment,0,0.0,77.3,0,0,0
USR-19317,Control,0,0.0,6.1,0,1,0
USR-19318,Treatment,0,0.0,85.9,0,0,0
USR-19319,Treatment,0,0.0,22.5,0,1,0
USR-19320,Control,0,0.0,97.8,0,0,0
USR-19321,Treatment,0,0.0,64.5,0,0,0
USR-19322,Treatment,0,0.0,14.2,0,1,0
USR-19323,Control,0,0.0,89.4,0,0,0
USR-19324,Control,0,0.0,141.2,0,0,0
USR-19325,Treatment,0,0.0,102.5,0,0,0
USR-19326,Treatment,0,0.0,98.9,0,0,0
USR-19327,Control,0,0.0,153.9,0,0,0
USR-19328,Control,0,0.0,7.0,0,1,0
USR-19329,Treatment,0,0.0,120.5,0,0,0
USR-19330,Treatment,0,0.0,79.4,0,0,0
USR-19331,Treatment,0,0.0,79.5,0,0,0
USR-19332,Control,0,0.0,12.1,0,1,0
USR-19333,Treatment,0,0.0,88.0,0,0,0
USR-19334,Control,1,109.57,215.4,4,0,0
USR-19335,Control,0,0.0,92.1,0,0,0
USR-19336,Treatment,0,0.0,127.3,0,0,0
USR-19337,Treatment,1,53.62,264.3,1,0,0
USR-19338,Control,0,0.0,19.5,0,1,0
USR-19339,Control,0,0.0,139.7,0,0,0
USR-19340,Treatment,0,0.0,18.2,0,1,0
USR-19341,Treatment,0,0.0,119.8,0,0,0
USR-19342,Treatment,0,0.0,90.3,0,0,0
USR-19343,Treatment,0,0.0,6.2,0,1,0
USR-19344,Control,0,0.0,13.4,0,1,0
USR-19345,Treatment,0,0.0,106.6,0,0,0
USR-19346,Treatment,0,0.0,81.6,0,0,0
USR-19347,Treatment,0,0.0,128.0,0,0,0
USR-19348,Treatment,0,0.0,12.8,0,1,0
USR-19349,Treatment,0,0.0,16.4,0,1,0
USR-19350,Control,0,0.0,92.1,0,0,0
USR-19351,Control,0,0.0,110.1,0,0,0
USR-19352,Treatment,0,0.0,5.6,0,1,0
USR-19353,Control,0,0.0,95.2,0,0,0
USR-19354,Control,0,0.0,11.5,0,1,0
USR-19355,Treatment,0,0.0,87.8,0,0,0
USR-19356,Treatment,0,0.0,114.1,0,0,0
USR-19357,Control,0,0.0,109.1,0,0,0
USR-19358,Treatment,0,0.0,6.3,0,1,0
USR-19359,Treatment,0,0.0,155.4,0,0,0
USR-19360,Treatment,0,0.0,83.1,0,0,0
USR-19361,Treatment,1,27.64,284.4,1,0,0
USR-19362,Control,0,0.0,95.2,0,0,0
USR-19363,Control,0,0.0,5.7,0,1,0
USR-19364,Control,0,0.0,84.4,0,0,0
USR-19365,Treatment,0,0.0,98.7,0,0,0
USR-19366,Treatment,0,0.0,7.1,0,1,0
USR-19367,Treatment,0,0.0,85.4,0,0,0
USR-19368,Treatment,0,0.0,11.9,0,1,0
USR-19369,Treatment,0,0.0,5.1,0,1,0
USR-19370,Treatment,0,0.0,95.3,0,0,0
USR-19371,Control,0,0.0,109.4,0,0,0
USR-19372,Control,0,0.0,130.9,0,0,0
USR-19373,Treatment,0,0.0,14.9,0,1,0
USR-19374,Control,0,0.0,105.2,0,0,0
USR-19375,Control,0,0.0,20.9,0,1,0
USR-19376,Treatment,0,0.0,18.9,0,1,0
USR-19377,Control,0,0.0,133.7,0,0,0
USR-19378,Treatment,0,0.0,160.4,0,0,0
USR-19379,Control,0,0.0,109.1,0,0,0
USR-19380,Control,0,0.0,10.4,0,1,0
USR-19381,Control,0,0.0,20.4,0,1,0
USR-19382,Treatment,1,126.48,297.4,3,0,0
USR-19383,Control,0,0.0,106.8,0,0,0
USR-19384,Treatment,0,0.0,75.1,0,0,0
USR-19385,Treatment,0,0.0,23.7,0,1,0
USR-19386,Treatment,0,0.0,125.8,0,0,0
USR-19387,Control,0,0.0,86.4,0,0,0
USR-19388,Control,0,0.0,121.5,0,0,0
USR-19389,Treatment,0,0.0,86.3,0,0,0
USR-19390,Treatment,0,0.0,16.1,0,1,0
USR-19391,Treatment,0,0.0,9.8,0,1,0
USR-19392,Control,0,0.0,110.6,0,0,0
USR-19393,Treatment,0,0.0,20.7,0,1,0
USR-19394,Control,0,0.0,20.0,0,1,0
USR-19395,Control,0,0.0,139.2,0,0,0
USR-19396,Control,0,0.0,130.0,0,0,0
USR-19397,Control,0,0.0,81.3,0,0,0
USR-19398,Control,0,0.0,18.5,0,1,0
USR-19399,Control,1,18.21,278.6,1,0,0
USR-19400,Treatment,0,0.0,22.6,0,1,0
USR-19401,Control,0,0.0,140.4,0,0,0
USR-19402,Treatment,0,0.0,5.8,0,1,0
USR-19403,Control,0,0.0,72.9,0,0,0
USR-19404,Control,0,0.0,23.2,0,1,0
USR-19405,Control,0,0.0,10.6,0,1,0
USR-19406,Control,0,0.0,7.4,0,1,0
USR-19407,Treatment,0,0.0,94.3,0,0,0
USR-19408,Control,0,0.0,104.1,0,0,0
USR-19409,Treatment,0,0.0,162.5,0,0,0
USR-19410,Control,0,0.0,13.5,0,1,0
USR-19411,Treatment,1,46.1,269.2,1,0,0
USR-19412,Treatment,0,0.0,106.2,0,0,0
USR-19413,Control,0,0.0,18.8,0,1,0
USR-19414,Control,0,0.0,115.0,0,0,0
USR-19415,Control,0,0.0,109.8,0,0,0
USR-19416,Treatment,0,0.0,87.6,0,0,0
USR-19417,Control,0,0.0,19.5,0,1,0
USR-19418,Treatment,0,0.0,11.1,0,1,0
USR-19419,Treatment,0,0.0,117.2,0,0,0
USR-19420,Treatment,1,28.72,323.1,1,0,0
USR-19421,Treatment,0,0.0,90.7,0,0,0
USR-19422,Treatment,0,0.0,13.6,0,1,0
USR-19423,Control,0,0.0,21.9,0,1,0
USR-19424,Treatment,0,0.0,20.7,0,1,0
USR-19425,Treatment,0,0.0,138.7,0,0,0
USR-19426,Control,1,183.18,190.4,3,0,0
USR-19427,Treatment,0,0.0,23.4,0,1,0
USR-19428,Control,0,0.0,23.9,0,1,0
USR-19429,Treatment,0,0.0,70.7,0,0,0
USR-19430,Treatment,0,0.0,77.8,0,0,0
USR-19431,Control,1,186.71,150.0,4,0,0
USR-19432,Treatment,0,0.0,103.4,0,0,0
USR-19433,Control,0,0.0,104.0,0,0,0
USR-19434,Control,0,0.0,16.8,0,1,0
USR-19435,Control,0,0.0,157.9,0,0,0
USR-19436,Treatment,0,0.0,49.2,0,0,0
USR-19437,Control,0,0.0,23.5,0,1,0
USR-19438,Control,0,0.0,189.2,0,0,0
USR-19439,Treatment,0,0.0,11.2,0,1,0
USR-19440,Control,0,0.0,166.8,0,0,0
USR-19441,Control,0,0.0,10.3,0,1,0
USR-19442,Control,0,0.0,6.7,0,1,0
USR-19443,Control,0,0.0,59.3,0,0,0
USR-19444,Control,0,0.0,138.0,0,0,0
USR-19445,Control,0,0.0,101.9,0,0,0
USR-19446,Treatment,0,0.0,148.5,0,0,0
USR-19447,Treatment,0,0.0,94.6,0,0,0
USR-19448,Control,0,0.0,136.2,0,0,0
USR-19449,Control,0,0.0,12.5,0,1,0
USR-19450,Control,0,0.0,148.7,0,0,0
USR-19451,Treatment,0,0.0,154.0,0,0,0
USR-19452,Control,0,0.0,6.3,0,1,0
USR-19453,Control,0,0.0,111.3,0,0,0
USR-19454,Treatment,0,0.0,62.9,0,0,0
USR-19455,Control,0,0.0,19.0,0,1,0
USR-19456,Control,0,0.0,15.0,0,1,0
USR-19457,Treatment,0,0.0,82.6,0,0,0
USR-19458,Treatment,0,0.0,10.8,0,1,0
USR-19459,Control,0,0.0,16.3,0,1,0
USR-19460,Treatment,0,0.0,10.1,0,1,0
USR-19461,Control,0,0.0,87.8,0,0,0
USR-19462,Treatment,0,0.0,110.4,0,0,0
USR-19463,Control,0,0.0,13.0,0,1,0
USR-19464,Treatment,0,0.0,111.7,0,0,0
USR-19465,Treatment,0,0.0,117.5,0,0,0
USR-19466,Treatment,0,0.0,61.5,0,0,0
USR-19467,Treatment,0,0.0,179.9,0,0,0
USR-19468,Treatment,0,0.0,93.2,0,0,0
USR-19469,Control,0,0.0,57.9,0,0,0
USR-19470,Control,0,0.0,10.1,0,1,0
USR-19471,Treatment,0,0.0,59.2,0,0,0
USR-19472,Treatment,0,0.0,106.3,0,0,0
USR-19473,Control,0,0.0,15.8,0,1,0
USR-19474,Treatment,0,0.0,10.6,0,1,0
USR-19475,Treatment,1,54.48,214.5,1,0,0
USR-19476,Treatment,0,0.0,105.7,0,0,0
USR-19477,Treatment,1,57.37,334.4,2,0,0
USR-19478,Control,0,0.0,16.9,0,1,0
USR-19479,Control,0,0.0,94.9,0,0,0
USR-19480,Control,0,0.0,105.7,0,0,0
USR-19481,Control,0,0.0,71.4,0,0,0
USR-19482,Treatment,0,0.0,20.3,0,1,0
USR-19483,Treatment,1,119.59,226.3,3,0,0
USR-19484,Treatment,0,0.0,13.3,0,1,0
USR-19485,Treatment,0,0.0,12.7,0,1,0
USR-19486,Control,0,0.0,21.9,0,1,0
USR-19487,Control,0,0.0,18.4,0,1,0
USR-19488,Control,0,0.0,21.7,0,1,0
USR-19489,Control,0,0.0,138.7,0,0,0
USR-19490,Treatment,0,0.0,125.2,0,0,0
USR-19491,Control,0,0.0,70.1,0,0,0
USR-19492,Control,0,0.0,22.0,0,1,0
USR-19493,Control,0,0.0,20.6,0,1,0
USR-19494,Treatment,1,48.21,290.7,1,0,0
USR-19495,Control,0,0.0,23.6,0,1,0
USR-19496,Control,0,0.0,11.4,0,1,0
USR-19497,Control,0,0.0,20.7,0,1,0
USR-19498,Treatment,0,0.0,147.2,0,0,0
USR-19499,Control,0,0.0,10.9,0,1,0
USR-19500,Treatment,0,0.0,14.2,0,1,0
USR-19501,Treatment,0,0.0,186.9,0,0,0
USR-19502,Treatment,0,0.0,70.3,0,0,0
USR-19503,Treatment,0,0.0,24.4,0,1,0
USR-19504,Control,0,0.0,70.3,0,0,0
USR-19505,Control,0,0.0,7.3,0,1,0
USR-19506,Control,1,29.82,248.3,1,0,0
USR-19507,Treatment,0,0.0,6.0,0,1,0
USR-19508,Control,0,0.0,24.8,0,1,0
USR-19509,Control,0,0.0,7.9,0,1,0
USR-19510,Treatment,0,0.0,115.8,0,0,0
USR-19511,Treatment,0,0.0,116.8,0,0,0
USR-19512,Control,0,0.0,22.9,0,1,0
USR-19513,Treatment,0,0.0,20.6,0,1,0
USR-19514,Treatment,1,118.58,231.9,2,0,0
USR-19515,Control,1,28.53,204.3,1,0,0
USR-19516,Control,0,0.0,10.9,0,1,0
USR-19517,Treatment,0,0.0,100.5,0,0,0
USR-19518,Treatment,0,0.0,69.7,0,0,0
USR-19519,Control,0,0.0,100.3,0,0,0
USR-19520,Control,0,0.0,153.9,0,0,0
USR-19521,Treatment,0,0.0,108.6,0,0,0
USR-19522,Treatment,0,0.0,76.2,0,0,0
USR-19523,Treatment,0,0.0,153.9,0,0,0
USR-19524,Control,0,0.0,89.9,0,0,0
USR-19525,Control,0,0.0,160.9,0,0,0
USR-19526,Treatment,0,0.0,120.2,0,0,0
USR-19527,Control,0,0.0,19.1,0,1,0
USR-19528,Treatment,0,0.0,19.2,0,1,0
USR-19529,Treatment,1,41.59,309.1,1,0,0
USR-19530,Control,0,0.0,119.4,0,0,0
USR-19531,Treatment,0,0.0,125.3,0,0,0
USR-19532,Control,0,0.0,62.7,0,0,0
USR-19533,Treatment,0,0.0,7.4,0,1,0
USR-19534,Control,0,0.0,8.3,0,1,0
USR-19535,Control,0,0.0,130.2,0,0,0
USR-19536,Treatment,0,0.0,133.7,0,0,0
USR-19537,Treatment,0,0.0,9.7,0,1,0
USR-19538,Control,0,0.0,112.3,0,0,0
USR-19539,Treatment,0,0.0,7.0,0,1,0
USR-19540,Control,0,0.0,117.5,0,0,0
USR-19541,Control,0,0.0,16.7,0,1,0
USR-19542,Control,0,0.0,98.7,0,0,0
USR-19543,Control,0,0.0,102.3,0,0,0
USR-19544,Control,0,0.0,19.6,0,1,0
USR-19545,Control,0,0.0,132.2,0,0,0
USR-19546,Control,0,0.0,142.7,0,0,0
USR-19547,Control,0,0.0,14.3,0,1,0
USR-19548,Control,0,0.0,105.2,0,0,0
USR-19549,Treatment,0,0.0,151.2,0,0,0
USR-19550,Control,0,0.0,13.1,0,1,0
USR-19551,Treatment,0,0.0,114.2,0,0,0
USR-19552,Treatment,0,0.0,5.2,0,1,0
USR-19553,Treatment,1,45.46,302.1,1,0,0
USR-19554,Treatment,0,0.0,117.8,0,0,0
USR-19555,Treatment,0,0.0,22.6,0,1,0
USR-19556,Control,0,0.0,73.5,0,0,0
USR-19557,Treatment,0,0.0,7.9,0,1,0
USR-19558,Treatment,0,0.0,130.9,0,0,0
USR-19559,Treatment,0,0.0,70.7,0,0,0
USR-19560,Treatment,0,0.0,143.8,0,0,0
USR-19561,Control,0,0.0,75.7,0,0,0
USR-19562,Treatment,0,0.0,6.6,0,1,0
USR-19563,Treatment,0,0.0,123.4,0,0,0
USR-19564,Control,0,0.0,19.8,0,1,0
USR-19565,Control,0,0.0,68.1,0,0,0
USR-19566,Treatment,0,0.0,8.5,0,1,0
USR-19567,Treatment,0,0.0,19.5,0,1,0
USR-19568,Control,0,0.0,10.6,0,1,0
USR-19569,Treatment,0,0.0,157.1,0,0,0
USR-19570,Control,0,0.0,112.8,0,0,0
USR-19571,Control,0,0.0,128.3,0,0,0
USR-19572,Control,0,0.0,129.2,0,0,0
USR-19573,Control,0,0.0,70.5,0,0,0
USR-19574,Control,0,0.0,12.1,0,1,0
USR-19575,Control,0,0.0,72.3,0,0,0
USR-19576,Treatment,0,0.0,14.7,0,1,0
USR-19577,Treatment,0,0.0,105.7,0,0,0
USR-19578,Control,0,0.0,21.2,0,1,0
USR-19579,Control,0,0.0,23.4,0,1,0
USR-19580,Control,0,0.0,18.2,0,1,0
USR-19581,Treatment,0,0.0,136.2,0,0,0
USR-19582,Control,0,0.0,82.4,0,0,0
USR-19583,Control,0,0.0,122.8,0,0,0
USR-19584,Treatment,0,0.0,120.5,0,0,0
USR-19585,Treatment,0,0.0,126.4,0,0,0
USR-19586,Control,0,0.0,14.7,0,1,0
USR-19587,Control,0,0.0,100.7,0,0,0
USR-19588,Control,0,0.0,13.3,0,1,0
USR-19589,Treatment,0,0.0,19.3,0,1,0
USR-19590,Treatment,0,0.0,11.8,0,1,0
USR-19591,Control,0,0.0,14.8,0,1,0
USR-19592,Treatment,0,0.0,13.0,0,1,0
USR-19593,Control,0,0.0,59.2,0,0,0
USR-19594,Control,0,0.0,79.1,0,0,0
USR-19595,Control,0,0.0,113.5,0,0,0
USR-19596,Control,0,0.0,16.6,0,1,0
USR-19597,Control,0,0.0,5.4,0,1,0
USR-19598,Control,0,0.0,72.8,0,0,0
USR-19599,Control,0,0.0,90.2,0,0,0
USR-19600,Control,0,0.0,117.0,0,0,0
USR-19601,Treatment,0,0.0,14.4,0,1,0
USR-19602,Control,0,0.0,177.3,0,0,0
USR-19603,Control,0,0.0,15.1,0,1,0
USR-19604,Treatment,0,0.0,141.2,0,0,0
USR-19605,Treatment,0,0.0,124.4,0,0,0
USR-19606,Treatment,0,0.0,85.1,0,0,0
USR-19607,Control,0,0.0,11.2,0,1,0
USR-19608,Control,0,0.0,123.2,0,0,0
USR-19609,Treatment,0,0.0,18.8,0,1,0
USR-19610,Treatment,0,0.0,19.8,0,1,0
USR-19611,Control,0,0.0,12.6,0,1,0
USR-19612,Treatment,0,0.0,7.6,0,1,0
USR-19613,Control,0,0.0,109.5,0,0,0
USR-19614,Treatment,0,0.0,17.5,0,1,0
USR-19615,Treatment,0,0.0,184.6,0,0,0
USR-19616,Treatment,0,0.0,8.3,0,1,0
USR-19617,Treatment,0,0.0,103.2,0,0,0
USR-19618,Treatment,0,0.0,12.9,0,1,0
USR-19619,Control,0,0.0,97.6,0,0,0
USR-19620,Control,0,0.0,109.3,0,0,0
USR-19621,Control,0,0.0,8.6,0,1,0
USR-19622,Control,0,0.0,123.1,0,0,0
USR-19623,Treatment,1,53.43,280.2,1,0,0
USR-19624,Control,0,0.0,130.1,0,0,0
USR-19625,Control,0,0.0,114.8,0,0,0
USR-19626,Treatment,0,0.0,129.5,0,0,0
USR-19627,Treatment,0,0.0,102.1,0,0,0
USR-19628,Control,0,0.0,20.2,0,1,0
USR-19629,Control,0,0.0,45.6,0,0,0
USR-19630,Control,0,0.0,7.6,0,1,0
USR-19631,Treatment,1,88.62,244.0,1,0,0
USR-19632,Control,0,0.0,12.2,0,1,0
USR-19633,Treatment,0,0.0,23.9,0,1,0
USR-19634,Control,0,0.0,7.4,0,1,0
USR-19635,Control,0,0.0,88.4,0,0,0
USR-19636,Treatment,1,18.62,237.5,1,0,0
USR-19637,Control,0,0.0,86.0,0,0,0
USR-19638,Control,0,0.0,159.2,0,0,0
USR-19639,Control,0,0.0,11.8,0,1,0
USR-19640,Control,0,0.0,13.5,0,1,0
USR-19641,Treatment,0,0.0,5.3,0,1,0
USR-19642,Control,0,0.0,185.3,0,0,0
USR-19643,Control,0,0.0,23.6,0,1,0
USR-19644,Control,0,0.0,7.6,0,1,0
USR-19645,Treatment,0,0.0,14.8,0,1,0
USR-19646,Treatment,0,0.0,67.8,0,0,0
USR-19647,Treatment,0,0.0,143.4,0,0,0
USR-19648,Treatment,0,0.0,124.6,0,0,0
USR-19649,Control,0,0.0,132.2,0,0,0
USR-19650,Control,0,0.0,148.7,0,0,0
USR-19651,Control,0,0.0,106.8,0,0,0
USR-19652,Control,0,0.0,148.0,0,0,0
USR-19653,Control,0,0.0,11.6,0,1,0
USR-19654,Treatment,0,0.0,111.3,0,0,0
USR-19655,Treatment,0,0.0,158.6,0,0,0
USR-19656,Treatment,0,0.0,24.2,0,1,0
USR-19657,Control,0,0.0,92.8,0,0,0
USR-19658,Treatment,0,0.0,174.6,0,0,0
USR-19659,Treatment,0,0.0,21.6,0,1,0
USR-19660,Treatment,0,0.0,16.6,0,1,0
USR-19661,Control,0,0.0,25.0,0,1,0
USR-19662,Control,0,0.0,20.0,0,1,0
USR-19663,Control,0,0.0,14.9,0,1,0
USR-19664,Control,0,0.0,23.4,0,1,0
USR-19665,Treatment,0,0.0,10.5,0,1,0
USR-19666,Control,0,0.0,16.4,0,1,0
USR-19667,Control,0,0.0,22.8,0,1,0
USR-19668,Treatment,0,0.0,117.1,0,0,0
USR-19669,Treatment,1,43.07,321.3,1,0,0
USR-19670,Control,0,0.0,8.1,0,1,0
USR-19671,Treatment,0,0.0,96.6,0,0,0
USR-19672,Control,0,0.0,92.2,0,0,0
USR-19673,Control,0,0.0,59.6,0,0,0
USR-19674,Control,0,0.0,6.1,0,1,0
USR-19675,Treatment,0,0.0,91.3,0,0,0
USR-19676,Treatment,0,0.0,114.3,0,0,0
USR-19677,Control,0,0.0,116.5,0,0,0
USR-19678,Treatment,0,0.0,123.2,0,0,0
USR-19679,Control,0,0.0,105.1,0,0,0
USR-19680,Treatment,0,0.0,124.9,0,0,0
USR-19681,Control,0,0.0,10.9,0,1,0
USR-19682,Control,0,0.0,6.5,0,1,0
USR-19683,Treatment,0,0.0,11.3,0,1,0
USR-19684,Treatment,0,0.0,141.8,0,0,0
USR-19685,Control,0,0.0,118.2,0,0,0
USR-19686,Control,0,0.0,120.9,0,0,0
USR-19687,Control,0,0.0,21.6,0,1,0
USR-19688,Control,0,0.0,92.4,0,0,0
USR-19689,Treatment,0,0.0,133.8,0,0,0
USR-19690,Treatment,0,0.0,103.2,0,0,0
USR-19691,Control,0,0.0,81.5,0,0,0
USR-19692,Control,0,0.0,14.3,0,1,0
USR-19693,Treatment,0,0.0,127.7,0,0,0
USR-19694,Control,0,0.0,21.4,0,1,0
USR-19695,Treatment,0,0.0,178.0,0,0,0
USR-19696,Control,0,0.0,24.3,0,1,0
USR-19697,Treatment,0,0.0,149.3,0,0,0
USR-19698,Treatment,0,0.0,161.3,0,0,0
USR-19699,Treatment,0,0.0,72.8,0,0,0
USR-19700,Treatment,0,0.0,139.9,0,0,0
USR-19701,Control,0,0.0,141.6,0,0,0
USR-19702,Treatment,0,0.0,10.8,0,1,0
USR-19703,Treatment,0,0.0,22.8,0,1,0
USR-19704,Control,0,0.0,60.2,0,0,0
USR-19705,Control,0,0.0,137.2,0,0,0
USR-19706,Control,0,0.0,8.3,0,1,0
USR-19707,Control,0,0.0,108.2,0,0,0
USR-19708,Control,0,0.0,116.5,0,0,0
USR-19709,Treatment,0,0.0,129.3,0,0,0
USR-19710,Control,0,0.0,140.2,0,0,0
USR-19711,Treatment,0,0.0,160.9,0,0,0
USR-19712,Control,0,0.0,137.8,0,0,0
USR-19713,Control,0,0.0,15.2,0,1,0
USR-19714,Control,0,0.0,86.6,0,0,0
USR-19715,Control,1,30.22,246.0,1,0,0
USR-19716,Control,0,0.0,122.2,0,0,0
USR-19717,Control,0,0.0,125.6,0,0,0
USR-19718,Control,0,0.0,103.0,0,0,0
USR-19719,Treatment,0,0.0,108.5,0,0,0
USR-19720,Treatment,0,0.0,92.4,0,0,0
USR-19721,Control,0,0.0,15.9,0,1,0
USR-19722,Treatment,0,0.0,100.5,0,0,0
USR-19723,Treatment,0,0.0,69.5,0,0,0
USR-19724,Control,0,0.0,19.1,0,1,0
USR-19725,Treatment,1,48.07,207.5,1,0,0
USR-19726,Treatment,0,0.0,139.4,0,0,0
USR-19727,Control,0,0.0,22.4,0,1,0
USR-19728,Control,0,0.0,14.4,0,1,0
USR-19729,Control,0,0.0,109.3,0,0,0
USR-19730,Control,0,0.0,110.1,0,0,0
USR-19731,Treatment,1,24.62,194.1,1,0,0
USR-19732,Control,0,0.0,13.0,0,1,0
USR-19733,Treatment,0,0.0,6.2,0,1,0
USR-19734,Treatment,0,0.0,18.7,0,1,0
USR-19735,Treatment,0,0.0,99.4,0,0,0
USR-19736,Treatment,0,0.0,96.8,0,0,0
USR-19737,Control,0,0.0,22.7,0,1,0
USR-19738,Control,0,0.0,22.1,0,1,0
USR-19739,Treatment,0,0.0,22.0,0,1,0
USR-19740,Control,1,60.72,303.0,2,0,0
USR-19741,Control,0,0.0,19.3,0,1,0
USR-19742,Treatment,0,0.0,103.1,0,0,0
USR-19743,Treatment,0,0.0,126.7,0,0,0
USR-19744,Control,0,0.0,81.2,0,0,0
USR-19745,Treatment,0,0.0,138.1,0,0,0
USR-19746,Treatment,0,0.0,10.3,0,1,0
USR-19747,Control,0,0.0,155.5,0,0,0
USR-19748,Control,1,50.81,314.9,1,0,0
USR-19749,Treatment,0,0.0,144.6,0,0,0
USR-19750,Control,0,0.0,149.0,0,0,0
USR-19751,Control,0,0.0,119.9,0,0,0
USR-19752,Control,0,0.0,88.7,0,0,0
USR-19753,Treatment,0,0.0,14.0,0,1,0
USR-19754,Control,1,60.2,229.1,1,0,0
USR-19755,Control,0,0.0,116.6,0,0,0
USR-19756,Control,0,0.0,156.1,0,0,0
USR-19757,Treatment,0,0.0,18.7,0,1,0
USR-19758,Control,0,0.0,138.8,0,0,0
USR-19759,Treatment,0,0.0,162.9,0,0,0
USR-19760,Treatment,1,24.35,311.7,1,0,0
USR-19761,Control,0,0.0,72.8,0,0,0
USR-19762,Treatment,0,0.0,136.9,0,0,0
USR-19763,Treatment,0,0.0,119.7,0,0,0
USR-19764,Treatment,0,0.0,21.1,0,1,0
USR-19765,Control,0,0.0,139.9,0,0,0
USR-19766,Treatment,0,0.0,9.7,0,1,0
USR-19767,Treatment,0,0.0,8.1,0,1,0
USR-19768,Treatment,1,148.74,276.5,2,0,0
USR-19769,Control,0,0.0,5.6,0,1,0
USR-19770,Treatment,1,48.86,241.9,2,0,0
USR-19771,Control,0,0.0,166.8,0,0,0
USR-19772,Control,0,0.0,125.7,0,0,0
USR-19773,Control,0,0.0,24.8,0,1,0
USR-19774,Treatment,0,0.0,161.7,0,0,0
USR-19775,Control,0,0.0,6.1,0,1,0
USR-19776,Treatment,0,0.0,111.1,0,0,0
USR-19777,Treatment,0,0.0,102.3,0,0,0
USR-19778,Control,0,0.0,12.3,0,1,0
USR-19779,Treatment,0,0.0,93.5,0,0,0
USR-19780,Control,0,0.0,167.8,0,0,0
USR-19781,Control,0,0.0,99.9,0,0,0
USR-19782,Treatment,0,0.0,12.5,0,1,0
USR-19783,Treatment,0,0.0,19.0,0,1,0
USR-19784,Treatment,0,0.0,78.6,0,0,0
USR-19785,Treatment,0,0.0,22.7,0,1,0
USR-19786,Control,0,0.0,118.6,0,0,0
USR-19787,Control,0,0.0,132.4,0,0,0
USR-19788,Treatment,0,0.0,17.8,0,1,0
USR-19789,Control,0,0.0,12.3,0,1,0
USR-19790,Control,1,76.33,267.7,1,0,0
USR-19791,Treatment,0,0.0,134.0,0,0,0
USR-19792,Control,0,0.0,18.3,0,1,0
USR-19793,Control,0,0.0,133.5,0,0,0
USR-19794,Treatment,0,0.0,21.0,0,1,0
USR-19795,Treatment,0,0.0,123.1,0,0,0
USR-19796,Treatment,0,0.0,16.1,0,1,0
USR-19797,Treatment,0,0.0,18.1,0,1,0
USR-19798,Control,0,0.0,137.7,0,0,0
USR-19799,Treatment,0,0.0,138.7,0,0,0
USR-19800,Treatment,0,0.0,107.1,0,0,0
USR-19801,Control,0,0.0,171.9,0,0,0
USR-19802,Control,0,0.0,69.1,0,0,0
USR-19803,Treatment,0,0.0,67.2,0,0,0
USR-19804,Treatment,0,0.0,14.9,0,1,0
USR-19805,Treatment,0,0.0,19.8,0,1,0
USR-19806,Treatment,0,0.0,8.5,0,1,0
USR-19807,Treatment,0,0.0,149.0,0,0,0
USR-19808,Treatment,0,0.0,54.0,0,0,0
USR-19809,Treatment,0,0.0,102.1,0,0,0
USR-19810,Control,0,0.0,21.4,0,1,0
USR-19811,Treatment,0,0.0,11.2,0,1,0
USR-19812,Control,0,0.0,5.9,0,1,0
USR-19813,Treatment,0,0.0,96.4,0,0,0
USR-19814,Treatment,0,0.0,118.2,0,0,0
USR-19815,Treatment,0,0.0,135.2,0,0,0
USR-19816,Treatment,0,0.0,14.1,0,1,0
USR-19817,Control,0,0.0,64.8,0,0,0
USR-19818,Control,0,0.0,97.8,0,0,0
USR-19819,Control,0,0.0,120.6,0,0,0
USR-19820,Treatment,0,0.0,136.1,0,0,0
USR-19821,Treatment,0,0.0,23.6,0,1,0
USR-19822,Treatment,0,0.0,81.2,0,0,0
USR-19823,Control,0,0.0,12.4,0,1,0
USR-19824,Control,0,0.0,7.8,0,1,0
USR-19825,Treatment,0,0.0,137.4,0,0,0
USR-19826,Control,1,107.84,193.7,1,0,0
USR-19827,Treatment,0,0.0,235.5,0,0,0
USR-19828,Treatment,0,0.0,68.8,0,0,0
USR-19829,Treatment,0,0.0,144.0,0,0,0
USR-19830,Control,0,0.0,114.5,0,0,0
USR-19831,Treatment,0,0.0,132.6,0,0,0
USR-19832,Control,0,0.0,8.8,0,1,0
USR-19833,Treatment,0,0.0,75.8,0,0,0
USR-19834,Control,0,0.0,10.6,0,1,0
USR-19835,Control,0,0.0,22.6,0,1,0
USR-19836,Treatment,0,0.0,23.4,0,1,0
USR-19837,Control,0,0.0,76.0,0,0,0
USR-19838,Treatment,0,0.0,16.8,0,1,0
USR-19839,Treatment,0,0.0,138.8,0,0,0
USR-19840,Treatment,0,0.0,150.8,0,0,0
USR-19841,Treatment,0,0.0,23.3,0,1,0
USR-19842,Control,0,0.0,131.9,0,0,0
USR-19843,Treatment,0,0.0,93.8,0,0,0
USR-19844,Control,0,0.0,57.0,0,0,0
USR-19845,Control,0,0.0,47.6,0,0,0
USR-19846,Treatment,0,0.0,108.1,0,0,0
USR-19847,Control,0,0.0,68.6,0,0,0
USR-19848,Treatment,0,0.0,134.6,0,0,0
USR-19849,Treatment,1,40.47,188.2,1,0,0
USR-19850,Treatment,1,64.41,301.4,1,0,0
USR-19851,Treatment,0,0.0,158.1,0,0,0
USR-19852,Control,0,0.0,21.7,0,1,0
USR-19853,Treatment,0,0.0,106.2,0,0,0
USR-19854,Treatment,0,0.0,73.4,0,0,0
USR-19855,Control,0,0.0,85.4,0,0,0
USR-19856,Control,0,0.0,97.7,0,0,0
USR-19857,Treatment,0,0.0,24.2,0,1,0
USR-19858,Control,0,0.0,9.5,0,1,0
USR-19859,Control,0,0.0,164.2,0,0,0
USR-19860,Treatment,0,0.0,121.6,0,0,0
USR-19861,Treatment,0,0.0,105.8,0,0,0
USR-19862,Treatment,0,0.0,121.9,0,0,0
USR-19863,Treatment,0,0.0,83.6,0,0,0
USR-19864,Treatment,0,0.0,92.1,0,0,0
USR-19865,Control,0,0.0,24.9,0,1,0
USR-19866,Control,0,0.0,5.3,0,1,0
USR-19867,Control,0,0.0,98.7,0,0,0
USR-19868,Treatment,0,0.0,13.5,0,1,0
USR-19869,Control,0,0.0,106.7,0,0,0
USR-19870,Control,0,0.0,114.1,0,0,0
USR-19871,Treatment,1,205.47,282.5,2,0,0
USR-19872,Control,0,0.0,15.5,0,1,0
USR-19873,Control,0,0.0,59.9,0,0,0
USR-19874,Treatment,0,0.0,20.4,0,1,0
USR-19875,Control,0,0.0,144.6,0,0,0
USR-19876,Control,0,0.0,120.7,0,0,0
USR-19877,Control,0,0.0,104.9,0,0,0
USR-19878,Treatment,0,0.0,24.5,0,1,0
USR-19879,Treatment,0,0.0,15.4,0,1,0
USR-19880,Control,0,0.0,98.9,0,0,0
USR-19881,Treatment,0,0.0,19.3,0,1,0
USR-19882,Control,1,32.81,247.1,1,0,0
USR-19883,Treatment,0,0.0,8.4,0,1,0
USR-19884,Control,0,0.0,25.0,0,1,0
USR-19885,Treatment,0,0.0,19.2,0,1,0
USR-19886,Treatment,1,176.49,283.4,3,0,0
USR-19887,Treatment,0,0.0,134.1,0,0,0
USR-19888,Control,0,0.0,70.7,0,0,0
USR-19889,Control,0,0.0,15.5,0,1,0
USR-19890,Treatment,0,0.0,13.0,0,1,0
USR-19891,Control,0,0.0,78.0,0,0,0
USR-19892,Treatment,0,0.0,112.8,0,0,0
USR-19893,Treatment,0,0.0,15.3,0,1,0
USR-19894,Treatment,0,0.0,112.2,0,0,0
USR-19895,Control,0,0.0,19.5,0,1,0
USR-19896,Treatment,1,56.99,171.9,1,0,0
USR-19897,Treatment,0,0.0,178.5,0,0,0
USR-19898,Treatment,1,50.2,273.1,1,0,1
USR-19899,Control,0,0.0,109.4,0,0,0
USR-19900,Control,0,0.0,11.5,0,1,0
USR-19901,Control,0,0.0,155.0,0,0,0
USR-19902,Control,0,0.0,132.3,0,0,0
USR-19903,Treatment,0,0.0,7.0,0,1,0
USR-19904,Treatment,0,0.0,16.2,0,1,0
USR-19905,Control,0,0.0,17.7,0,1,0
USR-19906,Treatment,0,0.0,7.7,0,1,0
USR-19907,Control,0,0.0,148.3,0,0,0
USR-19908,Control,0,0.0,156.6,0,0,0
USR-19909,Control,0,0.0,105.4,0,0,0
USR-19910,Control,0,0.0,100.4,0,0,0
USR-19911,Treatment,1,35.04,330.2,1,0,0
USR-19912,Control,0,0.0,11.7,0,1,0
USR-19913,Treatment,0,0.0,135.8,0,0,0
USR-19914,Control,0,0.0,22.5,0,0,0
USR-19915,Treatment,0,0.0,24.3,0,1,0
USR-19916,Control,0,0.0,99.0,0,0,0
USR-19917,Control,0,0.0,104.0,0,0,0
USR-19918,Control,0,0.0,87.4,0,0,0
USR-19919,Control,0,0.0,79.5,0,0,0
USR-19920,Control,0,0.0,147.0,0,0,0
USR-19921,Treatment,0,0.0,115.0,0,0,0
USR-19922,Treatment,0,0.0,110.1,0,0,0
USR-19923,Treatment,0,0.0,21.1,0,1,0
USR-19924,Treatment,0,0.0,99.4,0,0,0
USR-19925,Control,0,0.0,176.0,0,0,0
USR-19926,Control,0,0.0,22.3,0,1,0
USR-19927,Treatment,0,0.0,18.2,0,1,0
USR-19928,Treatment,0,0.0,143.6,0,0,0
USR-19929,Treatment,0,0.0,11.9,0,1,0
USR-19930,Treatment,0,0.0,185.5,0,0,0
USR-19931,Control,0,0.0,18.4,0,1,0
USR-19932,Control,0,0.0,11.1,0,1,0
USR-19933,Control,0,0.0,21.4,0,0,0
USR-19934,Control,0,0.0,110.3,0,0,0
USR-19935,Control,0,0.0,85.2,0,0,0
USR-19936,Control,1,48.3,282.9,1,0,0
USR-19937,Treatment,1,43.24,251.9,2,0,0
USR-19938,Treatment,0,0.0,156.3,0,0,0
USR-19939,Treatment,0,0.0,19.1,0,1,0
USR-19940,Treatment,0,0.0,155.7,0,0,0
USR-19941,Control,0,0.0,70.6,0,0,0
USR-19942,Control,0,0.0,15.6,0,1,0
USR-19943,Treatment,0,0.0,17.4,0,1,0
USR-19944,Control,0,0.0,6.4,0,1,0
USR-19945,Control,0,0.0,163.4,0,0,0
USR-19946,Control,0,0.0,18.1,0,1,0
USR-19947,Control,0,0.0,105.0,0,0,0
USR-19948,Treatment,0,0.0,6.7,0,1,0
USR-19949,Control,0,0.0,24.4,0,1,0
USR-19950,Treatment,0,0.0,129.4,0,0,0
USR-19951,Treatment,0,0.0,60.0,0,0,0
USR-19952,Control,0,0.0,56.1,0,0,0
USR-19953,Control,0,0.0,15.3,0,1,0
USR-19954,Control,0,0.0,155.1,0,0,0
USR-19955,Control,0,0.0,53.0,0,0,0
USR-19956,Treatment,0,0.0,121.7,0,0,0
USR-19957,Treatment,0,0.0,138.7,0,0,0
USR-19958,Treatment,0,0.0,22.7,0,1,0
USR-19959,Control,0,0.0,119.3,0,0,0
USR-19960,Treatment,0,0.0,90.9,0,0,0
USR-19961,Treatment,0,0.0,169.1,0,0,0
USR-19962,Control,0,0.0,18.9,0,1,0
USR-19963,Treatment,0,0.0,83.7,0,0,0
USR-19964,Control,0,0.0,123.8,0,0,0
USR-19965,Treatment,0,0.0,20.5,0,1,0
USR-19966,Treatment,0,0.0,10.6,0,1,0
USR-19967,Control,0,0.0,153.4,0,0,0
USR-19968,Treatment,0,0.0,7.8,0,1,0
USR-19969,Control,0,0.0,64.3,0,0,0
USR-19970,Control,0,0.0,83.6,0,0,0
USR-19971,Treatment,0,0.0,17.5,0,1,0
USR-19972,Treatment,0,0.0,21.3,0,1,0
USR-19973,Control,0,0.0,14.5,0,1,0
USR-19974,Control,0,0.0,16.3,0,1,0
USR-19975,Control,1,28.21,230.3,1,0,0
USR-19976,Control,0,0.0,118.5,0,0,0
USR-19977,Treatment,0,0.0,140.0,0,0,0
USR-19978,Treatment,0,0.0,19.2,0,1,0
USR-19979,Treatment,0,0.0,84.9,0,0,0
USR-19980,Control,0,0.0,15.0,0,1,0
USR-19981,Treatment,0,0.0,98.4,0,0,0
USR-19982,Control,0,0.0,6.4,0,1,0
USR-19983,Treatment,0,0.0,104.9,0,0,0
USR-19984,Treatment,0,0.0,47.0,0,0,0
USR-19985,Treatment,0,0.0,75.9,0,0,0
USR-19986,Control,0,0.0,12.0,0,1,0
USR-19987,Control,0,0.0,113.2,0,0,0
USR-19988,Control,0,0.0,18.6,0,1,0
USR-19989,Treatment,0,0.0,149.7,0,0,0
USR-19990,Control,0,0.0,66.2,0,0,0
USR-19991,Control,0,0.0,13.0,0,1,0
USR-19992,Control,0,0.0,106.1,0,0,0
USR-19993,Treatment,0,0.0,164.4,0,0,0
USR-19994,Control,0,0.0,61.3,0,0,0
USR-19995,Treatment,0,0.0,150.9,0,0,0
USR-19996,Treatment,1,180.0,225.4,3,0,0
USR-19997,Treatment,0,0.0,135.0,0,0,0
USR-19998,Control,0,0.0,87.5,0,0,0
USR-19999,Control,0,0.0,130.9,0,0,0
